lemmas,onerilen_konular
"['aycell', 'pismanliktir', 'hesabi', 'bloke', 'koy', 'gün', 'bekle', 'uzak', 'dur']","['gün bekle', 'bekle uzak', 'uzak dur', 'koy gün', 'bekle']"
"['kredi', 'kart', 'kıymet', 'maden', 'alisverisi', 'yaptimherhangi', 'güvenlik', 'ihlal', 'yapmadigim', 'hal', 'güvenlik', 'bahane', 'herhangi', 'aciklama', 'sanal', 'kart', 'bloke', 'kon', 'saat', 'çok', 'astik', 'hal', 'herhangi', 'geri', 'bonus', 'yapilmadi', 'kar', 'dun', 'mağdur', 'para', 'bloke', 'koy', 'sonra', 'saat', 'bonus', 'yapilmadigerekli', 'merci', 'şikayet', 'bulunacagim', 'aycell', 'dolayı', 'yakin', 'zaman', 'tane', 'turkcell', 'hatti', 'superonline', ""i̇nternet'imi"", 'iptal']","['kredi kart', 'kart kıymet', 'yaptimherhangi güvenlik', 'güvenlik ihlal', 'güvenlik bahane']"
"['işlem', 'gerçek', 'hata', 'turkcell', 'hat', 'fatura', 'değil', 'fatura', 'lazım']","['değil fatura', 'fatura değil', 'fatura lazım', 'fatura', 'gerçek hata']"
"['berbat', 'salla', 'topla', 'puan', 'iki', 'gün', 'sonra', 'geri', 'arkadaş', 'davet', 'puan', 'sefer', 'puan', 'kısıtla', 'koy']","['puan kısıtla', 'puan iki', 'sefer puan', 'puan sefer', 'davet puan']"
"['böyle', 'sorum', 'müşteri', 'destek', 'gör', 'şifre', 'unut', 'rağmen', 'şifre', 'sıfırla', 'link', 'iste', 'adam', 'hafta', 'incele', 'beş', 'para', 'sakın']","['şifre sıfırla', 'rağmen şifre', 'şifre unut', 'gör şifre', 'şifre']"
"['paysell', 'uygulamacilari', 'sabah', 'dördün', 'yaptimda', 'kusur', 'fatura', 'yansidi', 'kaldirali', 'gir', 'gaspet', 'giremiyorumda', 'yok', 'yuztanima', 'yok', 'selfie', 'kafa', 'biri', 'resim', 'sahte', 'kimlik', 'verilmiycegini', 'bilic', 'sabah', 'sabah', 'uğraştiğim', 'seyebak', 'lütfen', 'kontrol', 'biz', 'böyle', 'dolambaç', 'yol', 'göster', 'bez']","['sabah uğraştiğim', 'bilic sabah', 'resim sahte', 'sahte kimlik', 'sabah dördün']"
"['berbat', 'kart', 'sadece', 'işlem', 'kart', 'doğrul', 'çalış', 'hata', 'dur', 'yetkili', 'seslen', 'ilgili', 'sorun', 'var', 'bak', 'öner', 'kart', 'düşün', 'hiçbir', 'şekil', 'öner']","['işlem kart', 'kart doğrul', 'kart düşün', 'kart sadece', 'öner kart']"
"['hesap', 'gir', 'güvenlik', 'neden', 'dur', 'sorun', 'çöz', 'gerek']","['güvenlik neden', 'güvenlik', 'gir güvenlik', 'sorun çöz', 'hesap gir']"
"['kardeş', 'şifre', 'unut', 'ara', 'lazım', 'güven', 'kor', 'açı', 'çöp', 'mesela', 'hesap', 'yok', 'kaydol', 'bas', 'bile', 'giriş', 'sok', 'ayrı', 'düzel']","['şifre unut', 'kardeş şifre', 'şifre', 'mesela hesap', 'güven kor']"
"['iyi', 'değil', 'tavsiye', 'doğrul', 'çalış', 'dene', 'kullan']","['tavsiye doğrul', 'çalış dene', 'dene kullan', 'tavsiye', 'doğrul çalış']"
"['normal', 'banka', 'yetki', 'var', 'fakat', 'işle', 'konu', 'hindistan', 'sokak', 'lezzet', 'önce', 'hesap', 'var', 'tekrar', 'yüklem', 'karar', 'kimlik', 'doğrula', 'selfie', 'aşama', 'hata', 'kadar', 'salak', 'düşün', 'merak', 'insan', 'resmen', 'dalga', 'geç', 'kullan', 'abi', 'böyle', 'şirket', 'para', 'kazan', 'kendi', 'ülke', 'bile', 'böyle', 'insan', 'yüz', 'geç', 'sınıf', 'insan', 'yerine', 'kon']","['banka yetki', 'banka', 'normal banka', 'şirket para', 'hesap var']"
"['sene', 'önce', 'futbol', 'lisans', 'çıkar', 'foto', 'kimlik', 'paycele', 'kayıt', 'iste', 'ancak', 'herşey', 'fotoğraf', 'çek', 'kısım', 'kimlik', 'foto', 'eslestiremiyo', 'rezalet']","['foto kimlik', 'kimlik foto', 'kimlik paycele', 'fotoğraf çek', 'fotoğraf']"
"['böyle', 'saçma', 'hat', 'eski', 'sahip', 'isim', 'yaz', 'talep', 'oluş', 'rağmen', 'hafta', 'güncelle', 'hiçbir', 'rezil']","['rağmen hafta', 'hafta güncelle', 'hafta', 'yaz talep', 'güncelle hiçbir']"
"['ilk', 'baş', 'mağaza', 'kart', 'ora', 'işlem', 'kart', 'kaydol', 'sekil', 'çık', 'kart', 'bura', 'kadar', 'problem', 'yok', 'sonra', 'bilgi', 'gir', 'başla', 'fakat', 'asla', 'tamamla', 'işlem', 'başarı', 'düzel', 'bekle', 'bugün', 'giriş', 'böyle', 'acilen', 'düzel', 'iste', 'kart', 'kullan', 'sorun', 'karşılaş']","['işlem kart', 'mağaza kart', 'kart kaydol', 'kart kullan', 'çık kart']"
"['yine', 'turkcell', 'kadar', 'beraat', 'yazma', 'gerek', 'duy']","['kadar beraat', 'beraat yazma', 'turkcell kadar', 'yine turkcell', 'beraat']"
"['şart', 'kız', 'hoş', 'git', 'veri', 'işle', 'çerez', 'yaz', 'defalarca', 'sil', 'ugrasamki', 'ora', 'bura', 'yazma', 'ara', 'şart', 'belirle', 'biz', 'muhtaç', 'siz', 'biz', 'ihtiyaç', 'var', 'kural', 'koy', 'veri', 'topla', 'paylaş', 'yine', 'hoş', 'git', 'kapa', 'hesap', 'kış', 'bile', 'kullan', 'haziran', 'sonra', 'yeterince', 'icra', 'siz', 'bilgi', 'biz', 'sat', 'hayat', 'pay', 'siz', 'isim', 'yaz', 'ses', 'gönder', 'kapa', 'hesap']","['belirle biz', 'kullan haziran', 'ihtiyaç var', 'biz muhtaç', 'siz bilgi']"
"['keşke', 'telefon', 'numara', 'yerine', 'posta', 'iste', 'numara', 'baba', 'üst', 'hesap', 'lütfen', 'düzel']","['telefon numara', 'keşke telefon', 'numara baba', 'telefon', 'yerine posta']"
"['böyle', 'saçma', 'güvenlik', 'prosedür', 'içeri', 'ayrı', 'cihaz', 'giriş', 'aycell', 'kapa', 'giriş', 'kardeş', 'telefon', 'değiş', 'sanat', 'saruca', 'iste', 'değiş', 'telefon', 'şifre', 'var', 'sen', 'müdahale', 'hesap', 'kapa', 'zaten', 'daha', 'kullan', 'ara', 'banka', 'bile', 'yok', 'böyle', 'güvenlik']","['telefon şifre', 'saçma güvenlik', 'cihaz giriş', 'güvenlik prosedür', 'böyle güvenlik']"
"['hesap', 'güvenlik', 'sebep', 'oturum', 'sonladrmistr', 'rezil', 'kendi', 'para', 'rezil', 'böyle', 'yok', 'muhatap', 'bile', 'bul']","['hesap güvenlik', 'güvenlik sebep', 'kendi para', 'hesap', 'güvenlik']"
"['sev', 'kullan', 'fakat', 'puan', 'karşılık', 'gün', 'düşük', 'herşey', 'zam', 'puan', 'karşılık', 'art', 'puan', 'iyi', 'kal', 'olay', 'store', 'sakız', 'para', 'artık', 'anlam', 'puan', 'birik']","['para artık', 'fakat puan', 'sakız para', 'anlam puan', 'karşılık gün']"
"['böyle', 'kimlik', 'oku', 'selfie', 'ekran', 'izin', 'birdaha', 'izin', 'birdaha', 'izin', 'sonra', 'fed', 'onaylıyamiyoruz']","['selfie ekran', 'oku selfie', 'selfie', 'kimlik oku', 'ekran izin']"
"['kimlik', 'doğrula', 'selfie', 'aşama', 'sonra', 'biraz', 'bekle', 'sonra', 'hata', 'yaş', 'küçük', 'veli', 'onay', 'kimlik', 'doğrula', 'gerek']","['onay kimlik', 'kimlik doğrula', 'doğrula selfie', 'selfie aşama', 'selfie']"
"['hesap', 'şifre', 'unut', 'şifre', 'değiş', 'illa', 'müşteri', 'temsilci', 'konuş', 'hallet', 'gerek', 'kadar', 'saçma', 'yok', 'teknoloji', 'çağ', 'şifre', 'değişik', 'ses', 'eposta', 'değiş', 'gerek', 'kullan', 'şifre', 'unut', 'değiş', 'kadar', 'zahmet', 'çek', 'hizmet', 'kötü', 'söyle', 'şifre', 'unut', 'değiş', 'kadar', 'zor', 'alternatif', 'firma', 'konu', 'iyi']","['şifre değişik', 'şifre değiş', 'şifre unut', 'unut şifre', 'kullan şifre']"
"['hesap', 'bakiye', 'var', 'hata', 'kaybakli', 'para', 'kullan', 'müşteri', 'hizmet', 'görüş', 'ikametgah', 'belge', 'birlikte', 'türkcell', 'bayi', 'git', 'kendi', 'paramin', 'kullan', 'i̇çi̇n', 'ikametgah', 'adresi̇mi̇', 'çi̇kari̇p', 'bayi̇yemi̇', 'git', 'gerek']","['kullan müşteri', 'müşteri', 'ikametgah belge', 'müşteri hizmet', 'hesap bakiye']"
"['eskiden', 'kredi', 'kart', 'öde', 'artık', 'oda', 'kullan', 'aycell', 'kart', 'havale', 'var', 'kart', 'borç', 'öde', 'var', 'böyle', 'aycell', 'öde', 'fakat', 'böyle', 'saçmalık', 'gör', 'yıldız', 'bile', 'hak', 'turkcell', 'durum', 'düzel', 'yok', 'komple', 'bırak', 'siz', 'nokta']","['kart borç', 'kredi kart', 'eskiden kredi', 'öde fakat', 'borç öde']"
"['özgür', 'halife', 'ömer', 'orman', 'gencebay', 'hayrünisa', 'unut', 'mümkün', 'alarm', 'zaman', 'i̇nternet', 'site', 'sancak', 'unut', 'sev', 'bil', 'böyle', 'çark', 'zaman', 'açıkla']","['mümkün alarm', 'özgür halife', 'alarm zaman', 'unut mümkün', 'gencebay hayrünisa']"
"['benzin', 'akaryakıt', 'yüz', 'önce', 'kazan', 'akaryakıt', 'şirket', 'kafa', 'göre', 'sil', 'zaman', 'belli', 'firma', 'üye', 'işyeri', 'lazım', 'kurumsalligi', 'açıklayıcıligi', 'öğret', 'gerek', 'san', 'koskoca', 'turkcell', 'şirket']","['akaryakıt şirket', 'lazım kurumsalligi', 'kurumsalligi açıklayıcıligi', 'üye işyeri', 'işyeri lazım']"
"['hiçbir', 'yer', 'para', 'yükle', 'şok', 'turkcell', 'bayi', 'yükle', 'harçlık', 'falan', 'kullan', 'iyi']","['şok turkcell', 'para yükle', 'turkcell', 'yükle harçlık', 'yükle şok']"
"['içeri', 'sürekli', 'güvenlik', 'neden', 'tekrar', 'giriş', 'gerek', 'deyip', 'kapa']","['güvenlik neden', 'sürekli güvenlik', 'güvenlik', 'deyip kapa', 'içeri sürekli']"
"['mail', 'şifre', 'yenile', 'bide', 'nbc', 'iste', 'zaman', 'kim', 'telefon', 'nbc', 'düzel', 'hakaret', 'iste', 'üst', 'vergi', 'düzel', 'bide', 'yıl', 'yukarı', 'dursundiye', 'güncelle', 'günah', 'kardeş', 'biraz', 'zaman', 'geç', 'sil']","['mail şifre', 'şifre yenile', 'dursundiye güncelle', 'telefon nbc', 'güncelle günah']"
"['fatura', 'yansı', 'limit', 'kaç', 'yenile']","['limit kaç', 'fatura yansı', 'yansı limit', 'limit', 'fatura']"
"['sadece', 'puan', 'gerek', 'yükle', 'bile', 'gerek', 'yok', 'arkadaş']","['gerek yok', 'sadece puan', 'yok arkadaş', 'sadece', 'puan gerek']"
"['böyle', 'devam', 'hata', 'bıktır', 'turkcell', 'bağ', 'kopar', 'milyon', 'para', 'kerem', 'bursinne', 'doğru', 'dürüst', 'uzman', 'teslim', 'yazık']","['hata bıktır', 'bıktır turkcell', 'turkcell', 'hata', 'teslim yazık']"
"['böyle', 'fatura', 'para', 'yansı', 'pis', 'herif', 'kabul', 'aysel', 'bil']","['böyle fatura', 'para yansı', 'fatura para', 'fatura', 'pis herif']"
"['yıldız', 'üste', 'gözük', 'böyle', 'bişi', 'gör', 'kart', 'iptal', 'aylık', 'kesin', 'çöz']","['yıldız üste', 'yıldız', 'kart iptal', 'iptal aylık', 'iptal']"
"['berbat', 'ilk', 'yurt', 'dış', 'transfer', 'sistem', 'hata', 'üst', 'para', 'bloke', 'koy']","['dış transfer', 'transfer sistem', 'transfer', 'berbat ilk', 'hata üst']"
"['dünya', 'gerek']","['dünya gerek', 'dünya', 'gerek']"
"['kimlik', 'dogrulamasini', 'gerek', 'goruntuyle', 'uyusturamiyor', 'bile', 'sonra', 'tekrar', 'deneyi̇ni̇z', 'i̇slemi̇ni̇zi̇', 'gerceklesti̇remi̇yoruz', 'yaris', 'cüzdan', 'kullanilabi̇lecrk', 'değil', 'geli̇sti̇ri̇lmesi̇', 'gerek']","['kimlik dogrulamasini', 'cüzdan kullanilabi', 'kimlik', 'gerek goruntuyle', 'yaris cüzdan']"
"['sürekli', 'şifre', 'iste', 'hiçbir', 'yara', 'yukmeye', 'gerek', 'yok']","['sürekli şifre', 'gerek yok', 'hiçbir yara', 'şifre iste', 'iste hiçbir']"
"['i̇nternet', 'paket', 'sadece', 'alın', 'gerçekten', 'berbat', 'sınırsız', 'hediye', 'iyi']","['sınırsız hediye', 'hediye iyi', 'hediye', 'nternet paket', 'paket sadece']"
"['özellik', 'şok', 'market', 'alışveriş', 'sürekli', 'sıkıntı', 'çıkar', 'program']","['şok market', 'özellik şok', 'market alışveriş', 'alışveriş sürekli', 'alışveriş']"
"['ilk', 'gayet', 'kullan', 'belir', 'gerek', 'uzun', 'süre', 'kullan', 'son', 'zaman', 'arayüz', 'kampanya', 'iyi', 'şekil', 'geliş', 'hatta', 'kampanya', 'yüz', 'fazla', 'kullan', 'yıldız', 'sebep', 'hediye', 'kısım', 'sadece', 'hak', 'var', 'puan', 'bazen', ""i̇nternet'in"", 'bit', 'puan', 'var', 'gorki', 'hak', 'bit', 'hak', 'kadar', 'puan', 'süre', 'bit', 'lütfen', 'hak', 'yad', 'iste', 'kadar']","['hatta kampanya', 'kampanya yüz', 'kampanya iyi', 'arayüz kampanya', 'kampanya']"
"['berbat', 'yıldız', 'dahi', 'hak', 'hesap', 'kere', 'miktar', 'para', 'çek', 'calışildı', 'aycell', 'müşteri', 'hizmet', 'numara', 'neyse', 'şikayet', 'ara', 'fakat', 'türlü', 'ulaş', 'üst', 'hesap', 'kendi', 'dahi', 'kapa', 'turkcell', 'şube', 'git', 'gerek', 'yad', 'iletişim', 'geç', 'kapa', 'gerek', 'hizmet']","['aycell müşteri', 'müşteri hizmet', 'para çek', 'müşteri', 'hesap kendi']"
"['böyle', 'rezalet', 'gör', 'gir', 'para', 'transfer', 'tabi', 'puan', 'desen', 'kendiliğinden', 'sil', 'puan', 'artık', 'kim', 'yet', 'artık', 'vodafone', 'geç', 'mantık']","['geç mantık', 'kendiliğinden sil', 'vodafone geç', 'puan artık', 'geç']"
"['turkcell', 'numara', 'zaten', 'kapa', 'aycell', 'şimdi', 'giriş', 'artık', 'numara', 'erişim', 'yok', 'doğrula', 'entegre', 'aycell', 'hesap', 'şimdi', 'hiçbir', 'şekil', 'eriş', 'sadece', 'deneme', 'hak', 'sun', 'aycell', 'hesap', 'don', 'eski', 'numara', 'artık', 'erişim', 'hesap', 'kurtar', 'uğraş', 'kadar', 'yeni', 'aycell', 'hesap', 'fast', 'işlem', 'kimlik', 'doğrula', 'kimlik', 'siz', 'ait', 'doğrula', 'hata', 'kötü']","['numara erişim', 'turkcell numara', 'hesap şimdi', 'erişim hesap', 'aycell hesap']"
"['yeni', 'şifre', 'gir', 'devam', 'seçenek', 'aktif', 'hal', 'saçma', 'wodofonda', 'böyle', 'saçmalık', 'yok']","['wodofonda böyle', 'yeni şifre', 'saçma wodofonda', 'şifre gir', 'wodofonda']"
"['berbat', 'sor', 'cevap', 'yok', 'şey', 'komisyon', 'kes', 'aycell', 'elektronik', 'öde', 'var', 'banka', 'iyi', 'fatura', 'yansı', 'özellik', 'var', 'komisyon', 'kes', 'artı', 'aidat', 'kart', 'ifade', 'yok', 'bunca', 'zaman', 'fatura', 'yansı', 'özellik', 'kullan', 'herşey', 'toplam', 'para', 'kes', 'fazla', 'para', 'öde', 'turkcell', 'keşke', 'aycell', 'turkcell', 'hat', 'kullan', 'kimse', 'tavsiye']","['fatura yansı', 'iyi fatura', 'para öde', 'fazla para', 'banka iyi']"
"['birşekilde', 'para', 'aktarım', 'sağla', 'uğraş', 'mevcut', 'yorum', 'bak', 'eksik', 'mevcut', 'hemen', 'hemen', 'kullan', 'memnun', 'değil', 'dahil', 'yıldız', 'yukarı', 'gözük']","['bak eksik', 'yıldız yukarı', 'eksik mevcut', 'birşekilde para', 'eksik']"
"['kimlik', 'doğrula', 'işlem', 'var', 'türlü', 'hallet', 'bütün', 'şart', 'sağla', 'rağmen', 'üstelik', 'gerçekten', 'kot', 'acilen', 'düzel', 'hal']","['kimlik doğrula', 'kimlik', 'doğrula işlem', 'rağmen üstelik', 'şart sağla']"
"['sakın', 'kullan', 'kullan', 'adam', 'bil', 'insan', 'aptal', 'yerine', 'koy', 'şifre', 'unut', 'gir', 'imkan', 'yazık', 'gerçekten', 'yazık']","['şifre unut', 'koy şifre', 'insan aptal', 'aptal yerine', 'şifre']"
"['beş', 'para', 'şifre', 'süre', 'dol', 'bil', 'kadar', 'rakam', 'var', 'hepsi', 'gir', 'yok', 'art', 'yok', 'birbiri', 'tamamla', 'türlü', 'şifre', 'psikoloji', 'boz', 'banka', 'şifre', 'böyle', 'birşey', 'karşılaş', 'tamamen', 'kaldır', 'daha', 'asla', 'indirmiyecem', 'şifre', 'oluşturamıtosun', 'böyle', 'saçmalık', 'var', 'inan', 'baş', 'ağrı', 'gir', 'profesör', 'değilimki', 'yok', 'ardışık', 'bil', 'başlı', 'baş', 'saçmalık']","['türlü şifre', 'şifre oluşturamıtosun', 'şifre psikoloji', 'para şifre', 'indirmiyecem şifre']"
"['fatura', 'yansı', 'alt', 'haber', 'fatura', 'para', 'yaz', 'yarar', 'yön', 'yok', 'sadece', 'kazık', 'kapa', 'çalış', 'müşteri', 'hizmet', 'ara', 'ara', 'böyle', 'sorum', 'gör']","['fatura yansı', 'haber fatura', 'fatura para', 'fatura', 'çalış müşteri']"
"['kimlik', 'doğrula', 'yapilmiyo', 'yardımcı', 'para', 'içeri', 'kal', 'böyle']","['kimlik doğrula', 'para içeri', 'yardımcı para', 'kimlik', 'doğrula yapilmiyo']"
"['yorum', 'üste', 'çık', 'puan', 'yaklaşık', 'yıl', 'aycell', 'kullan', 'memnun', 'değil', 'değil', 'sor', 'kimlik', 'doğrula', 'nbc', 'iste', 'telefon', 'nbc', 'özellik', 'yok', 'nbc', 'özellik', 'birçok', 'arkadaş', 'yok', 'hep', 'aynı', 'durum', 'yardım', 'iyi', 'iyi', 'gün']","['yok nbc', 'yorum üste', 'yorum', 'doğrula nbc', 'telefon nbc']"
"['kere', 'kimlik', 'doğrula', 'sind', 'hata', 'yükle', 'boşa', 'yerine', 'papara', 'yükle', 'iyi']","['kimlik doğrula', 'kere kimlik', 'kimlik', 'yükle iyi', 'papara yükle']"
"['tane', 'alışveriş', 'hemen', 'limit', 'dol', 'birdaha', 'yenile', 'iste', 'illa', 'para', 'böyle', 'saçmalık', 'gör', 'kötü', 'kullan', 'hadi', 'kullan', 'iyi']","['alışveriş hemen', 'tane alışveriş', 'alışveriş', 'para böyle', 'kötü kullan']"
"['sun', 'hiçbir', 'özellik', 'çalış']","['sun hiçbir', 'hiçbir özellik', 'sun', 'hiçbir', 'özellik çalış']"
"['aycell', 'kadar', 'kötü', 'gör', 'puan', 'var', 'hediye', 'otomatikman', 'zaman', 'puan', 'sıfırla', 'hediye', 'yok', 'gerçekten', 'hata', 'düzel', 'gerek']","['sıfırla hediye', 'puan sıfırla', 'hediye otomatikman', 'hata düzel', 'gerçekten hata']"
"['numara', 'turkcell', 'tesit', 'para', 'koy', 'uzak', 'dur']","['turkcell tesit', 'koy uzak', 'tesit para', 'numara turkcell', 'uzak dur']"
"['wifi', 'kapa', 'iste', 'kapa', 'i̇nternet', 'bağlantı', 'yok', 'affet', 'i̇nternet', 'vahiy', 'çek', 'böyle', 'beklenti', 'var', 'üzgün', 'peygamber', 'değil', 'vahiy', ""i̇nternet'e"", 'eriş']","['wifi kapa', 'wifi', 'vahiy nternet', 'nternet vahiy', 'bağlantı yok']"
"['dur', 'yer', 'kimlik', 'doğrula', 'çık', 'kardeş', 'kaç', 'doğrula', 'adam', 'çalış', 'neyse', 'yarım', 'saat', 'uğraş', 'selfie', 'düzgün', 'çalış', 'nfc', 'aferin', 'böyle', 'kullan', 'kaybet', 'sür', 'siz', 'uğraşı']","['siz uğraşı', 'adam çalış', 'saat uğraş', 'çık kardeş', 'çalış neyse']"
"['veli', 'beyan', 'doğrula', 'ses', 'gönder', 'konu', 'ilgili', 'mail', 'hiçbir', 'şekil', 'düzgün', 'çözüm', 'sun', 'müşteri', 'hizmet', 'sil', 'tekrar', 'yükle', 'dalga', 'geç']","['mail', 'ilgili mail', 'mail hiçbir', 'ses gönder', 'müşteri hizmet']"
"['yıldız', 'bile', 'fazla', 'böyle', 'gerek', 'turkcell', 'özel', 'avantaj', 'yok']","['yıldız bile', 'avantaj yok', 'yıldız', 'turkcell', 'gerek turkcell']"
"['yıldız', 'neden', 'nbc', 'sorun', 'var', 'hesap', 'doğrula', 'nbc', 'kimlik', 'oku', 'düzel', 'lazım']","['yıldız neden', 'yıldız', 'nbc kimlik', 'nbc sorun', 'kimlik oku']"
"['google', 'olay', 'store', 'servis', 'tarih', 'fatura', 'yansitla', 'öde', 'isle', 'gerceklesmistir', 'böyle', 'işlem', 'yük', 'bile', 'degʻil']","['google olay', 'google', 'store servis', 'tarih fatura', 'store']"
"['diğer', 'telefon', 'soru', 'çalış', 'üst', 'model', 'telefon', 'geç', 'sürüm', 'eksik', 'hata', 'telefon', 'yazılım', 'yönlen', 'giriş', 'eski', 'telefon', 'sürüm', 'eski', 'rağmen']","['eski telefon', 'telefon sürüm', 'hata telefon', 'telefon yazılım', 'model telefon']"
"['gerçekten', 'müşteri', 'memnuniyet', 'yok', 'kadar', 'şifre', 'unut', 'altarafi', 'yenile', 'iste', 'müşteri', 'hizmet', 'ulaş', 'çalış', 'oda', 'kadar', 'iğrenç', 'durum']","['şifre unut', 'kadar şifre', 'müşteri hizmet', 'gerçekten müşteri', 'şifre']"
"['gözük', 'i̇ldiz', 'berbat', 'öte', 'para', 'fatura', 'yansı', 'özellik', 'aycell', 'kart', 'para', 'aktar', 'kart', 'bilgi', 'göster', 'kullan', 'tut', 'boşa', 'git', 'kart', 'işlem', 'durum', 'mail', 'ilet', 'herhangi', 'çözüm', 'sun', 'asla', 'kullan']","['kart işlem', 'aktar kart', 'kart bilgi', 'fatura yansı', 'git kart']"
"['eski', 'süre', 'iyi', 'yeni', 'sürüm', 'berbat', 'geri', 'düzel', 'gerek', 'hiçbir', 'normal', 'çalış', 'sıkıntı']","['yeni sürüm', 'iyi yeni', 'sürüm berbat', 'yeni', 'geri düzel']"
"['selam', 'saka', 'yillardir', 'siz', 'kullaniyom', 'başka', 'operatör', 'kullaniyom', 'vodafone', 'vodafonepay', 'limit', 'siz', 'sistem', 'gece', 'şimdi', 'algoritma', 'yapay', 'zeka', 'cozemiyom', 'master', 'hizmet', 'konuş', 'sadece', 'kopyala', 'lapis', 'finansal', 'sektör', 'öde', 'hat', 'kapa', 'öde', 'aliskanliklari', 'bazilari', 'negatif', 'sistem', 'lazım', 'gene']","['şimdi algoritma', 'siz sistem', 'sistem lazım', 'algoritma', 'vodafonepay']"
"['kart', 'para', 'aktar', 'kimlik', 'doğrula', 'hata', 'düzel', 'gerek']","['kimlik doğrula', 'aktar kimlik', 'kart para', 'para aktar', 'kimlik']"
"['iyi', 'değil', 'müşteri', 'hizmet', 'yardımcı', 'ara', 'zaman', 'sadece', 'bekle']","['sadece bekle', 'bekle', 'değil müşteri', 'müşteri hizmet', 'ara zaman']"
"['dene', 'kimlik', 'doğru', 'oku', 'selfie', 'doğru', 'çek', 'bura', 'koy', 'adam', 'dene', 'millet', 'işkence', 'çek', 'kadar', 'zor', 'para', 'eziyet', 'çek', 'tövbe', 'indirim', 'kullan', 'tavsiye', 'gerek', 'yok', 'siz', 'hayır', 'illaki', 'yer', 'gelir', 'rezalet', 'allah', 'aşk', 'yazılım', 'adam', 'sefer', 'çalış', 'sistem', 'gör', 'harca', 'zaman', 'yazık']","['selfie doğru', 'işkence çek', 'koy adam', 'gör harca', 'kimlik doğru']"
"['şifre', 'yenile', 'kadar', 'zor', 'saat', 'uğraş', 'kod', 'rağmen', 'değil', 'müşteri', 'hizmet', 'yönlen', 'gerçekten', 'saçmalık', 'kadar', 'kötü', 'yok', 'yıldız', 'bile', 'hak']","['şifre yenile', 'şifre', 'kod rağmen', 'değil müşteri', 'müşteri hizmet']"
"['gözük', 'yıldız', 'kart', 'para', 'aktarım', 'kimlik', 'tanı', 'işlem', 'başarı', 'çözüm', 'sağla']","['yıldız kart', 'kimlik tanı', 'aktarım kimlik', 'kart para', 'gözük yıldız']"
"['beş', 'para', 'saçma', 'sapan', 'iki', 'saat', 'yüz', 'tanimliyamiyor', 'banka', 'işlem', 'beş', 'dakika', 'hallet', 'yüz', 'taniyamiyor', 'böyle', 'saçma', 'program']","['tanimliyamiyor banka', 'beş para', 'beş dakika', 'saçma program', 'saçma sapan']"
"['böyle', 'gör', 'arkadaş', 'tamamen', 'sahtekar', 'arkadaş', 'davet', 'puan']","['sahtekar arkadaş', 'arkadaş davet', 'gör arkadaş', 'arkadaş tamamen', 'arkadaş']"
"['ogg', 'trumoreda', 'aycell', 'cüzdan', 'doğrula', 'iste', 'aycell', 'profil', 'kimlik', 'doğrula', 'dahi', 'yok', 'doğrula', 'doğrula', 'belli', 'dil', 'menü', 'doğrula', 'seçenek', 'yok', 'bilgi', 'güncel', 'telefon', 'numara', 'ait', 'doğru', 'gör', 'zor', 'çıkar']","['aycell cüzdan', 'cüzdan doğrula', 'güncel telefon', 'cüzdan', 'telefon']"
"['hiç', 'iyi', 'değil', 'tavsiye']","['değil tavsiye', 'iyi değil', 'tavsiye', 'hiç iyi', 'değil']"
"['siz', 'memnun', 'fakat', 'onay', 'hesap', 'artık', 'limit', 'yüksel', 'keşke']","['fakat onay', 'siz memnun', 'hesap artık', 'onay', 'artık limit']"
"['dah', 'fazla', 'özellik', 'daha', 'geliş', 'döviz', 'birikim', 'rica', 'money', 'western', 'union', 'para', 'gönder', 'yok']","['money western', 'western union', 'para gönder', 'union para', 'money']"
"['kadar', 'kötü', 'gör', 'sürekli', 'hata', 'yatır', 'para', 'art', 'kısım', 'geri', 'çek', 'limit', 'koy', 'şifre', 'yenile', 'saat', 'uğraş', 'insan', 'yaaa', 'yıldız', 'bile', 'haket']","['sürekli hata', 'hata yatır', 'bile haket', 'koy şifre', 'hata']"
"['berbat', 'arkadaş', 'şifre', 'yenile', 'giriş', 'saniye', 'sonra', 'tekrar', 'defalarca', 'aynı', 'sil', 'tekrar', 'yükle', 'aynı', 'hepten', 'sil', 'gerçekten', 'beş', 'kuruş', 'yıldız', 'bile', 'hak']","['tekrar defalarca', 'arkadaş şifre', 'şifre yenile', 'defalarca aynı', 'şifre']"
"['iyi', 'değil']","['iyi değil', 'değil', 'iyi']"
"['işlem', 'don', 'kendi', 'kimse', 'öner', 'berbat', 'berbat', 'berbat', 'yıldız', 'bile', 'hak']","['berbat yıldız', 'yıldız bile', 'yıldız', 'öner berbat', 'berbat berbat']"
"['mail', 'ilet', 'değiş', 'hiçbir', 'paye', 'yemek', 'kart', 'yer', 'geçerli', 'getir', 'yemek', 'yemek', 'sepet', 'migros', 'trendyol', 'bil', 'yer', 'geç', 'çoğu', 'restoran', 'yok', 'aksiyon', 'alın', 'gerek']","['yemek kart', 'çoğu restoran', 'mail', 'mail ilet', 'getir yemek']"
"['birik', 'aycell', 'puan', 'artık', 'yara', 'google', 'olay', 'kullanım', 'kapa', 'aylık', 'yar', 'günlük', 'böyle', 'pinti', 'gör', 'söz', 'indirim', 'marka', 'biz', 'sun', 'fiyat', 'piyasa', 'paha', 'indirim', 'para', 'yok', 'kan']","['piyasa paha', 'böyle pinti', 'böyle', 'yok kan', 'yok']"
"['gir', 'hata', 'müşteri', 'hizmet', 'ara', 'yardımcı', 'üst', 'biz', 'suç', 'çıkar']","['hata müşteri', 'biz suç', 'gir hata', 'müşteri hizmet', 'suç çıkar']"
"['abe', 'eskiden', 'iyi', 'hediye', 'şimdi', 'blok', 'berbat']","['iyi hediye', 'hediye şimdi', 'hediye', 'abe eskiden', 'şimdi blok']"
"['kesinlikle', 'kullan', 'tavsiye', 'etmemkart', 'bloke', 'kaldır', 'gerek', 'menü', 'kaldır', 'imkan', 'yok', 'dalga', 'geç', 'müşteri', 'hizmet', 'bağ', 'imkan', 'yokkayip', 'çalıntı', 'birim', 'bağ', 'imkan', 'yoktamamen', 'bütün', 'seçenek', 'ortmuslericinde', 'para', 'var', 'git', 'demekki']","['menü kaldır', 'etmemkart bloke', 'gerek menü', 'geç müşteri', 'müşteri hizmet']"
"['iyi', 'değil', 'saçma', 'yavsetmiyorum']","['saçma yavsetmiyorum', 'yavsetmiyorum', 'değil saçma', 'iyi değil', 'değil']"
"['kullan', 'kullandirtmayin', 'kart', 'tam', 'kabul', 'etmiyiyor', 'kart', 'eski', 'düşün', 'yeni', 'kart', 'kutu', 'dile', 'zaman', 'aktif', 'kart', 'aktif', 'kart', 'hesap', 'kısım', 'görün', 'abone', 'öde', 'gerek', 'fakat', 'kart', 'para', 'yatır']","['kullandirtmayin kart', 'aktif kart', 'fakat kart', 'kart aktif', 'kart hesap']"
"['böyle', 'saçma', 'gör', 'muhatap', 'yok', 'turkcell', 'müşteri', 'hizmet', 'gönder', 'git', 'sefer', 'gir', 'bekle', 'bak', 'hayır', 'bit', 'vakit', 'kesinlikle', 'kullan', 'üzere', 'sil', 'iste']","['turkcell müşteri', 'gir bekle', 'yok turkcell', 'bit vakit', 'sefer gir']"
"['güvenlik', 'neden', 'tekrar', 'giriş', 'gerek', 'bildiri', 'tekrar', 'tekrar', 'giriş', 'çalış', 'rağmen', 'aynı', 'sorun', 'gir', 'kullan']","['güvenlik neden', 'güvenlik', 'neden tekrar', 'bildiri tekrar', 'tekrar giriş']"
"['hesap', 'para', 'yatır', 'tam', 'kart', 'işlem', 'tam', 'bilgi', 'sebep', 'dolayı', 'öde', 'hesap', 'banka', 'yıl', 'bddk', 'incele', 'sıkıntı', 'yok', 'turkcell', 'aycell', 'ısrar', 'banka', 'dün', 'dekont', 'iste', 'tabii', 'pace', 'banka', 'talimat', 'dekont', 'dil', 'getir', 'mağduriyet', 'yasa', 'kart', 'yatır', 'dekont', 'yok', 'aycell', 'hesap', 'para', 'mücadele', 'bide', 'dosya', 'kapa', 'para', 'koy']","['ısrar banka', 'banka yıl', 'banka talimat', 'hesap banka', 'banka dün']"
"['yıldız', 'sebep', 'hesap', 'doğrula', 'daim', 'son', 'evre', 'video', 'kayıt', 'sorun', 'yaşıyorumhicbir', 'şekil', 'son', 'bölüm', 'tamamlanıyori̇vedi', 'şekil', 'yeni', 'güncelle', 'soru', 'çöz', 'gerek']","['son bölüm', 'evre video', 'video kayıt', 'şekil son', 'bölüm tamamlanıyori']"
"['kötü', 'iyi', 'değil', 'sakın']","['iyi değil', 'kötü iyi', 'iyi', 'değil sakın', 'sakın']"
"['bile', 'hak', 'para', 'git', 'ara', 'ilgilenmilolar', 'siz', 'tavsiye', 'kart', 'başka', 'kart', 'iyi', 'gün']","['kart iyi', 'kart başka', 'tavsiye kart', 'başka kart', 'para git']"
"['gerçekten', 'insan', 'ağız', 'boz', 'zor', 'saçma', 'sapan', 'şifre', 'yenile', 'iste', 'çağrı', 'merkez', 'menü', 'yapay', 'zeka', 'sen', 'sürekli', 'aynı', 'iki', 'menü', 'ara', 'kısır', 'döngü', 'sok', 'hiçbir', 'işlem', 'saçma', 'sapan', 'hiçbir', 'işlem', 'yer', 'var', 'çağrı', 'sistem', 'rezalet']","['işlem saçma', 'saçma sapan', 'çağrı sistem', 'sapan şifre', 'zor saçma']"
"['para', 'blok', 'koy', 'bütün', 'engel', 'saçma', 'kesinlikle', 'bulaş', 'müşteri', 'memnuniyet', 'arka', 'plan', 'talep', 'oluş', 'yılan', 'hikaye', 'bugün', 'engel', 'yan', 'yan']","['bulaş müşteri', 'bugün engel', 'engel yan', 'müşteri', 'bütün engel']"
"['işlem', 'devam', 'kimlik', 'doğrula', 'gerek', 'hemen', 'profil', 'menü', 'içeri', 'kimlik', 'doğrula', 'işlem', 'güven', 'devam', 'hata']","['devam kimlik', 'kimlik doğrula', 'içeri kimlik', 'profil menü', 'işlem güven']"
"['düzen', 'kullan', 'ancak', 'cihaz', 'eski', 'yeni', 'sürüm', 'destekle', 'yeni', 'telefon', 'sat', 'gerek', 'yerine', 'eski', 'telefon', 'model', 'çalış', 'fark', 'sürüm', 'alternatif', 'sun', 'bekle']","['yeni telefon', 'telefon model', 'eski telefon', 'telefon sat', 'cihaz eski']"
"['yıldız', 'amaustte', 'çık', 'kimlik', 'doğrula', 'asla', 'geç', 'kullan', 'öner', 'kot', 'kart', 'papara', 'bin', 'bas']","['yıldız amaustte', 'yıldız', 'çık kimlik', 'kimlik doğrula', 'kart papara']"
"['master', 'hizmet', 'berbat', 'kaba', 'saba', 'tip', 'şikayet', 'turkcell', 'yönetim', 'master', 'temsilci', 'hak', 'bul', 'karmakarışık', 'anlaş', 'sistem', 'var', 'taahhüt', 'yerine', 'getir', 'hesap', 'para', 'aktar', 'bile', 'iste', 'göre', 'gerek']","['şikayet turkcell', 'turkcell yönetim', 'hizmet berbat', 'master hizmet', 'master temsilci']"
"['sanal', 'kart', 'atme', 'kod', 'para', 'yatır', 'daha', 'güzel']","['sanal kart', 'para yatır', 'kod para', 'daha güzel', 'atme kod']"
"['şey', 'sınır', 'koy', 'madem', 'iste', 'koy', 'gercek', 'berbat', 'yıldız', 'bile', 'hak', 'cimri', 'turkcell', 'zaman', 'kayıp']","['berbat yıldız', 'yıldız bile', 'gercek berbat', 'şey sınır', 'yıldız']"
"['güzel', 'ancak', 'yıl', 'herşey', 'art', 'hal', 'limit', 'hala', 'acilen', 'bura', 'güncelle', 'lazım', 'iki', 'yıl', 'önce', 'asgari', 'ücret', 'neredeyse', 'varis', 'limit', 'şua', 'herşey', 'art', 'limit']","['ancak yıl', 'iki yıl', 'yıl önce', 'varis limit', 'yıl herşey']"
"['kadar', 'arayüz', 'berbat', 'önce', 'gör', 'kart', 'para', 'gönder', 'yansı', 'kullan', 'öner']","['para gönder', 'yansı kullan', 'kart para', 'gönder', 'kadar arayüz']"
"['şifre', 'yenile', 'gerek', 'giriş', 'şifre', 'yenile', 'müşteri', 'hizmet', 'ara', 'son', 'giriş', 'telefon', 'işletim', 'sistem', 'giriş', 'tarih', 'saat', 'saçma', 'sapan', 'güvenlik', 'soru', 'sor', 'kişisel', 'bilgi', 'sor', 'hal', 'soru', 'cevap', 'yardımcı', 'saçmalık', 'konu', 'yarış', 'başka', 'yok', 'tek', 'geç', 'aycell']","['şifre yenile', 'giriş şifre', 'şifre', 'güvenlik soru', 'giriş telefon']"
"['yükle', 'limit', 'koy', 'işlem', 'ücret', 'koy']","['yükle limit', 'işlem ücret', 'ücret koy', 'ücret', 'yükle']"
"['ilk', 'zaman', 'güzel', 'kampanya', 'var', 'biraz', 'eski', 'müşteri', 'yarar', 'hiçbir', 'kampanya', 'çık', 'müşteri', 'hizmet', 'ara', 'kampanya', 'aycell', 'müşteri', 'açık', 'yaz', 'yok', 'yok', 'efendi', 'kişi', 'özel', 'deyip', 'geçiştir', 'madem', 'öyle', 'oyum', 'böyle']","['çık müşteri', 'kampanya var', 'kampanya çık', 'müşteri yarar', 'güzel kampanya']"
"['hesap', 'doğrula', 'hat', 'yasal', 'sahip', 'siz', 'rakip', 'böyle', 'geç', 'düşün', 'turkcell', 'bağımsız', 'operatör', 'hesap', 'finans', 'değil', 'öyle', 'hala', 'hesap', 'onay', 'değil', 'telefon', 'numara', 'değiş', 'hesap', 'kendi', 'kendi', 'kapa', 'para', 'kart', 'git', 'amaç', 'siz', 'hak', 'ara']","['hesap doğrula', 'hesap kendi', 'hesap onay', 'kart git', 'hesap']"
"['yok', 'konum', 'izin', 'iste', 'böyle', 'saçmalık']","['böyle saçmalık', 'saçmalık', 'yok konum', 'yok', 'izin']"
"['hediye', 'dünya', 'limit', 'kaldır', 'sinir', 'boz', 'insan', 'sil', 'puan', 'iste', 'kadar', 'lazım', 'sadece', 'kere', 'lütfen', 'kaldır', 'yok', 'kaldır']","['lütfen kaldır', 'hediye dünya', 'limit kaldır', 'yok kaldır', 'dünya limit']"
"['puan', 'sebep', 'yorum', 'üste', 'çık', 'indirmeyinindirtmeyinkimlik', 'doğrula', 'kadar', 'saçma', 'yok', 'doğrula', 'anla', 'böyle']","['sebep yorum', 'puan sebep', 'yorum üste', 'saçma yok', 'yorum']"
"['ilk', 'bas', 'iyi', 'sonradan', 'yukledigimiz', 'para', 'komisyon', 'basladi']","['yukledigimiz para', 'sonradan yukledigimiz', 'yukledigimiz', 'para komisyon', 'komisyon basladi']"
"['son', 'zaman', 'sürekli', 'hata', 'dur', 'gerçekten', 'yarın', 'sabah', 'itibari', 'iptal', 'müşteri', 'hizmet', 'bağla', 'tam', 'saat', 'bekle', 'telefon', 'gerçekten', 'gerek', 'kısa', 'süre', 'operatör', 'bile', 'değiş']","['iptal müşteri', 'itibari iptal', 'bekle telefon', 'telefon gerçekten', 'telefon']"
"['berbat', 'hayat', 'böyle', 'para', 'kes', 'para', 'koparan', 'gör', 'kendi', 'kendi', 'site', 'abone', 'fatura', 'iken', 'şua', 'kop', 'abone', 'şey', 'para', 'üst', 'üst', 'lira', 'aynı', 'neden', 'sil', 'sil', 'rağmen', 'aynı', 'para', 'kopar']","['abone fatura', 'para üst', 'böyle para', 'şey para', 'abone şey']"
"['gerçekten', 'sev', 'kullan', 'sürekli', 'kendi', 'kendi', 'açılıyorkapatıyorum', 'pencere', 'tekrar', 'açılıyorgerçektende', 'bil', 'telefon', 'kullanım', 'özgür', 'alın', 'artıksildim', 'daha', 'kullan', 'artık']","['kendi açılıyorkapatıyorum', 'açılıyorkapatıyorum pencere', 'kullan sürekli', 'tekrar açılıyorgerçektende', 'telefon kullanım']"
"['dünya', 'kötü', 'saat', 'asla', 'öner', 'kimse', 'artık', 'online', 'alışveriş', 'gönder', 'para', 'başka', 'kart', 'aktar', 'tam', 'rezil', 'yazık']","['online alışveriş', 'alışveriş gönder', 'kart aktar', 'alışveriş', 'gönder para']"
"['sorun', 'yardım', 'biz', 'ulaş', 'geri', 'dönüş', 'yok', 'para', 'yatır', 'sorun', 'var', 'sorun', 'çöz', 'gerek', 'ciğer', 'iyi', 'gün']","['çöz gerek', 'yok para', 'sorun var', 'biz ulaş', 'sorun çöz']"
"['gerek', 'yok', 'pek', 'fayda', 'gör']","['gerek yok', 'fayda gör', 'yok pek', 'pek fayda', 'yok']"
"['böyle', 'boz', 'sakın', 'yükle', 'hata', 'kart', 'var', 'para', 'yük', ""i̇nternet'ten"", 'alışveriş', 'çalış', 'efendi', 'kimlik', 'doğrula', 'gerek', 'eskiden', 'iyi', 'şimdi', 'boz', 'zaten', 'kimlik', 'doğrula', 'nbc', 'gerekiyormuşta', 'cihaz', 'yok', 'böyle', 'rezil', 'para', 'yükle', 'kart', 'acil', 'düzel', 'lütfen', 'yok', 'aycell', 'sil', 'aycell', 'eski', 'hal', 'getir']","['hata kart', 'yükle kart', 'kimlik doğrula', 'gerekiyormuşta cihaz', 'kart acil']"
"['bugün', 'kart', 'yükle', 'yükle', 'san', 'işlem', 'hallet', 'neden', 'türlü', 'değil', 'böyle', 'çocuk', 'git', 'zor', 'git', 'üstelik', 'kredi', 'kart', 'bak', 'çek']","['kredi kart', 'kart yükle', 'bugün kart', 'üstelik kredi', 'kredi']"
"['fatura', 'öde', 'kart', 'işlem', 'uygun', 'değil', 'böyle', 'kart', 'harca', 'bile']","['kart işlem', 'böyle kart', 'fatura öde', 'fatura', 'uygun değil']"
"['paycelden', 'uzak', 'dur', 'mağdur', 'tel', 'numara', 'yaş', 'altı', 'üye', 'hesap', 'bloke', 'koy', 'hat', 'adım', 'kayıt', 'kendi', 'kullan', 'defalarca', 'yaz', 'hesap', 'sil', 'doğrula', 'veli', 'onay', 'iste', 'bul', 'bil', 'veli', 'anla', 'asla', 'mağdur', 'iste', 'sil', 'siz']","['hesap bloke', 'mağdur tel', 'üye hesap', 'mağdur iste', 'dur mağdur']"
"['uzun', 'zaman', 'kullan', 'ancak', 'ihtiyaç', 'hal', 'maalesef', 'hala', 'ayni', 'eksik', 'devam', 'kampanya', 'var', 'kullandikca', 'puan', 'kazan', 'tamam', 'puan', 'birik', 'sekil', 'kullan', 'kullanım', 'teklif', 'sadece', 'fatura', 'hat', 'yükle', 'hitap', 'aycell', 'ayrıca', 'bura', 'birik', 'puan', 'bura', 'kullan', 'hak', 'hak', 'tanimiyorsunuz', 'onca', 'birik', 'puan', 'boşuna']","['kampanya var', 'devam kampanya', 'kampanya', 'eksik devam', 'puan birik']"
"['şifre', 'yenile', 'sürekli', 'hata']","['şifre yenile', 'şifre', 'sürekli hata', 'hata', 'sürekli']"
"['kesinlikle', 'tavsiye', 'hesap', 'doğrula', 'hal', 'süre', 'sonra', 'hesap', 'doğrula', 'mazeret', 'hesap', 'bakiye', 'bloke', 'koy', 'para', 'işle', 'kesinlikle', 'hesap', 'para', 'tut', 'artı', 'alışveriş', 'iade', 'hesap', 'artı', 'gözük', 'hesap', 'hemen', 'geç', 'takip', 'iade', 'zannet', 'işlem', 'geçmiş', 'gör', 'kampanya', 'kazan', 'hediye', 'limit', 'hesap', 'yansı', 'kadar', 'kazan', 'bilgi', 'ilet', 'gerek']","['hesap yansı', 'sonra hesap', 'hesap doğrula', 'hesap bakiye', 'hesap para']"
"['türk', 'telekom', 'vodafone', 'hak', 'kere', 'puan', 'saçmala', 'düzel', 'gerek', 'terk', 'aynı', 'şart', 'gerek']","['türk telekom', 'türk', 'puan saçmala', 'telekom', 'gerek terk']"
"['lütfen', 'yorum', 'gözde', 'geçir', 'öncelik', 'aycell', 'puan', 'sadece', 'oda', 'sınır', 'sadece', 'iki', 'kere', 'alabiliyoruzbu', 'kötü', 'sadece', 'kötü', 'yüksek', 'rakam', 'yarar', 'olacaktırlütfen', 'düzeltinbunun', 'dış', 'iyi', 'sadece', 'yıldız', 'kır', 'sebep', 'açıkla', 'zaten']","['puan sadece', 'rakam yarar', 'olacaktırlütfen düzeltinbunun', 'yüksek rakam', 'sadece yıldız']"
"['hayat', 'gör', 'kötü', 'kimlik', 'doğrula', 'ara', 'şikayet', 'bil', 'bayi', 'git', 'zaman', 'kimlik', 'doğrula', 'koy', 'berbat', 'tavsiye']","['kötü kimlik', 'berbat tavsiye', 'kimlik doğrula', 'kimlik', 'şikayet bil']"
"['kardeş', 'bak', 'ora', 'mal', 'para', 'çek', 'hak', 'sun', 'eyvallah', 'bak', 'mal', 'harca', 'fatura', 'sadece', 'fatura', 'göster', 'gerek', 'sind', 'göster', 'para', 'katla', 'dolandır', 'başka', 'bil', 'bura', 'güven', 'şey', 'öğrenci', 'adam', 'baba', 'bil', 'böyle', 'kılavuz', 'öyle', 'yaz', 'dava', 'yer', 'değil', 'cidden', 'kır', 'insan']","['şey öğrenci', 'fatura sadece', 'fatura göster', 'göster para', 'sadece fatura']"
"['dolandırıcı', 'bile', 'kadar', 'soy', 'yok', 'böyle', 'soygun', 'alışveriş', 'karekod', 'ücret', 'çıkar', 'ayriyeten', 'karekod', 'işlem', 'ücret', 'çıkar', 'işlem', 'göster', 'fatura', 'ayrıntı', 'göster', 'ücret']","['karekod ücret', 'ücret çıkar', 'ücret', 'işlem ücret', 'göster ücret']"
"['bej', 'saçma', 'sapan', 'turkcell', 'calıstıgı', 'calilmıyor', 'üstelik', 'bile', 'geri', 'odemıyorlar', 'neden', 'değer', 'gıdı', 'salla', 'kazan', 'olay', 'kolay', 'bird', 'asıl', 'hesap', 'onayla', 'zorla', 'papara', 'gıdı', 'geç', 'biraz', 'yeni', 'bırseyler', 'ekle', 'lazım']","['calıstıgı calilmıyor', 'turkcell calıstıgı', 'calilmıyor üstelik', 'turkcell', 'calilmıyor']"
"['kötü', 'herşey', 'kısıt', 'çalış', 'gerek', 'üzerindeinsanı', 'kanser', 'turkcell', 'yakış']","['kanser turkcell', 'çalış gerek', 'turkcell yakış', 'üzerindeinsanı kanser', 'çalış']"
"['kampanya', 'katıl', 'lira', 'iade', 'gerek', 'şart', 'saglamiyorsunuz', 'iade', 'yapilmiyor', 'madem', 'sart', 'saglamiyordum', 'katıl', 'kampanya', 'kısım', 'kampanya', 'var', 'düzel', 'talep', 'bulun', 'ilet', 'ilet', 'ayni', 'şey', 'tekrarlayacaksiniz']","['kampanya katıl', 'kampanya var', 'katıl kampanya', 'kampanya kısım', 'kısım kampanya']"
"['hesap', 'sadece', 'kod', 'hiçbir', 'açıkla', 'kapa', 'oysaki', 'güzel', 'devam', 'iste', 'keşke', 'dinle', 'öyle', 'karar', 'evrak', 'evrak', 'hiçbirşey', 'söyle', 'kapa', 'yazık']","['açıkla kapa', 'söyle kapa', 'sadece kod', 'kod hiçbir', 'hiçbir açıkla']"
"['rezil', 'kar', 'hafta', 'şifre', 'yen', 'çalış', 'müşteri', 'hizmet', 'bağla', 'halt', 'yaramıyolarbloke', 'şifre', 'kabul', 'sadece', 'müşteri', 'hizmet', 'seçenek', 'sun']","['şifre kabul', 'şifre yen', 'hafta şifre', 'şifre', 'sadece müşteri']"
"['acele', 'acil', 'biri', 'para', 'gönder', 'gerek', 'adam', 'sakın', 'kimlik', 'oku', 'nbc', 'iste', 'nbc', 'kap', 'ayar', 'gir', 'sonra', 'karşı', 'baş', 'giriş', 'ekran', 'neyse', 'tekrar', 'kimlik', 'doğrula', 'nbc', 'açık', 'sefer', 'tek', 'oku', 'şimdi', 'san', 'sonra', 'siz', 'ikamet', 'numara', 'devlet', 'yönlen', 'dön', 'bak', 'kimlik', 'doğrula', 'yine', 'baş', 'dön']","['bak kimlik', 'kimlik oku', 'tekrar kimlik', 'kimlik doğrula', 'sakın kimlik']"
"['kart', 'para', 'yükle', 'sanal', 'kart', 'harca', 'sorun', 'başla', 'ilk', 'kullan', 'pişman', 'sanal', 'kart', 'bloke', 'katıl', 'harca', 'sonra', 'güvenlik', 'biri', 'ara', 'ara', 'müşteri', 'hizmet', 'böyle', 'hizmet', 'yok', 'güven', 'değil', 'arkadaş', 'kullan', 'kullan', 'lütfen', 'siz', 'rica']","['kart para', 'sanal kart', 'müşteri hizmet', 'ara müşteri', 'müşteri']"
"['fakat', 'sürekli', 'mikis', 'şifre', 'iste', 'kafa', 'karış', 'önce', 'böyle']","['şifre iste', 'şifre', 'fakat sürekli', 'mikis şifre', 'sürekli mikis']"
"['herhangi', 'fatura', 'öde', 'sorun', 'çöz', 'iyi']","['fatura öde', 'herhangi fatura', 'öde sorun', 'fatura', 'çöz iyi']"
"['dalga', 'geç', 'kardeş', 'gün', 'geç', 'tık', 'yok', 'puan', 'yad', 'kaldır', 'küçük', 'bile', 'hallet', 'üre', 'cevap', 'tenezzül', 'bile', 'gir', 'puan', 'kullan', 'birdaha', 'böyle', 'saçmalık', 'arkadaş', 'davet', 'gerek', 'kanıt', 'ilet', 'taraf', 'herhangi', 'puan', 'geç', 'dair', 'rağmen', 'hala', 'işlem', 'sağla']","['dair rağmen', 'geç tık', 'geç dair', 'puan geç', 'gün geç']"
"['i̇naktif', 'kar', 'aidat', 'kart', 'iptal', 'rağmen', 'haraç', 'kes', 'ömür', 'böyle', 'saçmalık', 'gör', 'şirket', 'dava', 'sakın']","['kart iptal', 'iptal rağmen', 'dava sakın', 'rağmen haraç', 'şirket dava']"
"['böyle', 'mal', 'yok', 'para', 'transfer', 'sıkıntı', 'bol', 'bol', 'işlem', 'ücret', 'tamamen', 'turkcell', 'anlaş', 'yasal', 'dolandırıcı', 'site', 'para', 'yatır', 'kullan', 'bil', 'fatura', 'öde', 'bil', 'ara', 'saçma', 'salak', 'konuş', 'ilgilen', 'yok', 'puan', 'falan', 'boş', 'yara', 'yok', 'hazır', 'limit', 'falan', 'var', 'insan', 'tamamen', 'borç', 'tasarla']","['tamamen borç', 'borç tasarla', 'para yatır', 'fatura öde', 'borç']"
"['tercih', 'bile', 'kadar', 'ilgi', 'gör', 'kullan', 'kart', 'inaktif', 'kart', 'aidat', 'iste', 'kullan', 'kart', 'para', 'işlem', 'müşteri', 'hizmet', 'bağla', 'iste', 'müşteri', 'hizmet', 'hiçbir', 'şekil', 'cevapla', 'kart', 'kaybol', 'iptal', 'icap', 'adam', 'var', 'yok', 'sömür', 'kadar', 'ilgi', 'gerçekten', 'inanılmazkısa', 'süre', 'geri', 'dönüş', 'sağla', 'iste']","['kullan kart', 'inaktif kart', 'cevapla kart', 'kart inaktif', 'kart kaybol']"
"['tamamen', 'dolandırıcı', 'geçen', 'google', 'olay', 'işlem', 'işlem', 'ücret', 'kes', 'iptal', 'sürekli', 'aylık', 'düzen', 'kullanım', 'ücret', 'sırf', 'yüz', 'hat', 'diğer', 'operatör', 'taşı', 'turkcell', 'iyi', 'kalite', 'düşür', 'kesinlikle', 'artık', 'turkcell', 'ürün', 'asla', 'kullan']","['google olay', 'turkcell', 'geçen google', 'artık turkcell', 'google']"
"['şey', 'yara', 'müşteri', 'hizmet', 'bağla', 'saat', 'bekle', 'gerek']","['saat bekle', 'bağla saat', 'yara müşteri', 'müşteri hizmet', 'hizmet bağla']"
"['yet', 'artık', 'mesaj', 'gönder', 'hesap', 'sil', 'koy', 'şaka', 'gibi']","['artık mesaj', 'mesaj gönder', 'şaka gibi', 'gönder', 'koy şaka']"
"['sil', 'yükle', 'sürekli', 'başka', 'yer', 'gir', 'paycel', 'eskiden', 'böyle', 'durum', 'yok', 'şimdi', 'mecbur', 'tekrar', 'sil', 'gerek']","['mecbur tekrar', 'tekrar sil', 'eskiden böyle', 'yok şimdi', 'yer gir']"
"['dünya', 'kötü', 'kart', 'hizmet', 'böyle', 'gör', 'kart', 'kapa', 'iste', 'hal', 'müşteri', 'hizmet', 'cevap', 'kere', 'aktarım', 'haber', 'ses', 'böl', 'artı', 'fazla', 'aidat', 'kart', 'kır']","['kart kır', 'kötü kart', 'kart hizmet', 'hal müşteri', 'müşteri hizmet']"
"['i̇grenc', 'öte', 'fatura', 'yansı', 'üye', 'adi', 'alt', 'fatura', 'ücret', 'yansitiliyo', 'böyle', 'rezil', 'gör', 'kesinlikle', 'uzak', 'dur', 'yar', 'ilk', 'fırsat', 'turkcell', 'fatura', 'başka', 'hatta', 'tasiyacagimm', 'kesinlikle', 'pismanlik', 'cay', 'bedel', 'birk', 'öde', 'birdaha', 'asla', 'turkcell', 'isim', 'uzak', 'dur', 'dur', 'asya', 'yükle']","['fatura yansı', 'öte fatura', 'ücret yansitiliyo', 'fatura başka', 'alt fatura']"
"['kadar', 'donan', 'kasa', 'gör', 'sayfa', 'yükle', 'yenile', 'tekrar', 'tekrar', 'deneme', 'rağmen', 'öyle', 'kal', 'sadece', 'dünya', 'para', 'rağmen', 'hizmet', 'kötü']","['hizmet kötü', 'rağmen hizmet', 'para rağmen', 'dünya para', 'rağmen']"
"['aşırı', 'eksik', 'var', 'dekont', 'kart', 'kaydet', 'loading', 'ekran', 'don', 'kal', 'ayrıca', 'sayfa', 'geç', 'aşırı', 'duration', 'var']","['kart kaydet', 'dekont kart', 'ekran don', 'kaydet loading', 'loading ekran']"
"['saçmalık', 'şifre', 'unut', 'eskiden', 'eposta', 'kod', 'şimdi', 'müşteri', 'hizmet', 'ara', 'gerek', 'ara', 'sapan', 'saçma', 'soru', 'uza', 'var', 'berbat']","['şifre unut', 'saçmalık şifre', 'eskiden eposta', 'şifre', 'unut eskiden']"
"['salla', 'toplam', 'hafta', 'puan', 'başka', 'ikinci', 'kampanya', 'katıl', 'yarar', 'iki', 'üçüncü', 'son', 'aycell', 'kupon', 'yad', 'harca', 'sıkıntı', 'yaşa', 'kullan', 'para', 'bakiye', 'yeterli', 'hiçbir', 'şekil', 'yarar', 'öde', 'sorun', 'yaşa', 'gerçekten', 'kendi', 'nefret', 'buda', 'böyle', 'yapacaktiniz', 'madem', 'kullan', 'var', 'kökten', 'kaldır', 'yeterli']","['ikinci kampanya', 'kampanya katıl', 'kampanya', 'yapacaktiniz madem', 'yapacaktiniz']"
"['iğrenç', 'kart', 'arasi̇', 'para', 'transfer', 'çeliş', 'i̇ki̇debi̇r', 'hata', 'para', 'diger', 'karti̇mda', 'kaldi̇', 'lanet', 'böyle', 'boş']","['iğrenç kart', 'debi hata', 'hata para', 'hata', 'transfer çeliş']"
"['hiçbir', 'şekil', 'borç', 'rağmen', 'bddk', 'referans', 'çalış', 'kurum', 'sil', 'böyle', 'böyle', 'kurtul']","['borç rağmen', 'borç', 'şekil borç', 'rağmen bddk', 'bddk referans']"
"['berbat', 'kalan', 'para', 'yıl', 'hala', 'dur', 'hala', 'zor', 'çıkar']","['hala zor', 'yıl hala', 'berbat kalan', 'hala dur', 'para yıl']"
"['eksik', 'var', 'şifre', 'unut', 'yeniden', 'şifre', 'müşteri', 'temsilci', 'bile', 'bağ', 'kusur']","['şifre unut', 'şifre müşteri', 'yeniden şifre', 'şifre', 'var şifre']"
"['yeni', 'yenilik', 'kendi', 'geliştir', 'san', 'ancak', 'hala', 'kullan', 'para', 'gönder', 'işlem', 'yüksek', 'komisyon', 'kesme', 'yan', 'sıra', 'karekod', 'harca', 'komisyon', 'kes', 'harca', 'komisyon', 'ücret', 'kes', 'ilk', 'gör', 'kampanya', 'fayda', 'zor', 'anlaş', 'üzere', 'koşul', 'belirle', 'harca', 'hediye', 'hiçbir', 'şekil', 'ilgilen', 'muhatap', 'biri', 'yok', 'puan', 'sistem', 'yanlış', 'işle', 'iyi', 'papara']","['kampanya fayda', 'kullan para', 'yenilik kendi', 'yeni yenilik', 'fayda zor']"
"['lanet', 'olası', 'iğrenç', 'ilk', 'baş', 'şifre', 'kurtar', 'dene', 'rezalet', 'başla', 'müşteri', 'hizmet', 'gevrek', 'tarife', 'sor', 'ulan', 'tarife', 'kadar', 'soru', 'var', 'sonra', 'şifre', 'kurtar', 'sürekli', 'sorun', 'çıkart', 'kullan', 'kullan', 'tavsiye', 'silkele', 'böyle']","['şifre kurtar', 'sonra şifre', 'şifre', 'baş şifre', 'başla müşteri']"
"['telefon', 'eski', 'model', 'değil', 'vive', 'mode', 'kimlik', 'doğrul', 'geç', 'vakit', 'nbc', 'iste', 'telefon', 'model', 'yok', 'dolayı', 'geri', 'kaldır', 'zor', 'kal', 'yok', 'hoş', 'git', 'lakin', 'nbc', 'iste', 'mecburen', 'kaldır', 'zor', 'kal', 'nbc', 'iste', 'gayet', 'iyi']","['telefon eski', 'telefon model', 'iste telefon', 'telefon', 'mecburen kaldır']"
"['sırf', 'yorum', 'yaz', 'yükle', 'grizekali', 'program', 'reklam', 'bangır', 'bangır', 'müzik', 'koy', 'yer', 'reklam', 'çık', 'siz', 'yüz', 'kaç', 'bebek', 'uyan', 'zaten', 'gerek', 'program', 'herkes', 'yaz', 'müzik', 'gerek', 'allah', 'ceza']","['yaz müzik', 'müzik gerek', 'müzik koy', 'bangır müzik', 'reklam bangır']"
"['iyi', 'limit', 'düşük']","['iyi limit', 'limit düşük', 'limit', 'düşük', 'iyi']"
"['öde', 'nakit', 'iade', 'nakit', 'iade', 'bırak', 'öde', 'üst', 'işlem', 'ücret', 'kes', 'öde', 'işlem', 'ücret', 'kes', 'böyle']","['öde üst', 'kes öde', 'öde işlem', 'bırak öde', 'öde']"
"['hata', 'var', 'arkadaş', 'davet', 'soru', 'acil', 'lazım']","['arkadaş davet', 'davet soru', 'davet', 'var arkadaş', 'soru acil']"
"['böyle', 'rezil', 'kötü', 'gör', 'şifre', 'unut', 'yeni', 'şifre', 'şifre', 'unut', 'kısım', 'bas', 'şifre', 'iste', 'hesap', 'bloke', 'çağrı', 'merkez', 'ara', 'giriş', 'şifre', 'yazın', 'bil', 'şifre', 'bura', 'var', 'kadar', 'rezalet']","['şifre unut', 'şifre yazın', 'şifre şifre', 'yeni şifre', 'şifre']"
"['yukarı', 'görün', 'yıldız', 'şifre', 'unut', 'şifre', 'yenile', 'şifre', 'değiş', 'zor', 'yardımcı', 'sevin']","['yıldız şifre', 'unut şifre', 'şifre unut', 'yenile şifre', 'şifre yenile']"
"['yatım', 'saat', 'doğru', 'bilgi', 'git', 'rağmen', 'gir', 'hata', 'düzel', 'iyi']","['hata düzel', 'gir hata', 'saat doğru', 'rağmen gir', 'yatım saat']"
"['doğrula', 'imkan', 'şifre', 'para', 'turkcell', 'iletişim', 'merkez', 'git', 'ora', 'siz', 'insan', 'yerine', 'koy', 'cevap', 'bile', 'baş', 'gönder', 'deyip', 'geçiştir', 'mail', 'mantık', 'dönüş', 'yok', 'sakın', 'bulaş']","['geçiştir mail', 'şifre para', 'imkan şifre', 'gönder deyip', 'şifre']"
"['paket', 'eksik']","['paket eksik', 'eksik', 'paket']"
"['keşke', 'düşük', 'yıldız']","['düşük yıldız', 'yıldız', 'keşke düşük', 'keşke', 'düşük']"
"['rezalet', 'öte', 'amaç', 'kullan', 'turkcell', 'başka', 'bekle', 'zaten', 'keşke', 'emek', 'harca', 'para', 'çek', 'dur', 'kart', 'fatura', 'öde']","['para çek', 'kullan turkcell', 'kart fatura', 'fatura öde', 'turkcell']"
"['şifre', 'yenile', 'asla', 'şifre', 'unut', 'telefon', 'ses', 'mahvet', 'sakın', 'beş', 'para', 'asla', 'işlem', 'yazık']","['asla şifre', 'şifre unut', 'şifre', 'şifre yenile', 'unut telefon']"
"['giriş', 'yapilmiyo', 'kod', 'gonderiyo', 'yaziyosun', 'cari', 'merkez', 'ara', 'gerek', 'gozumde', 'erceg', ""i̇nternet'ten"", 'başka', 'değer', 'yok', 'zaten', 'rica', 'kart', 'lira', 'varit', 'ekip', 'ekip', 'bitir']","['gonderiyo yaziyosun', 'kod gonderiyo', 'gozumde', 'gonderiyo', 'gozumde erceg']"
"['emtia', 'kolay', 'sat', 'iste', 'aycell', 'keyif', 'bekle', 'gerek', 'işlem', 'gerçek', 'hata', 'sebep', 'yaz', 'düzel']","['yaz düzel', 'hata sebep', 'gerçek hata', 'yaz', 'sebep yaz']"
"['arkadaş', 'yanlış', 'para', 'gönder', 'numara', 'baş', 'koy', 'para', 'yok', 'orta', 'gün', 'iade', 'yok', 'dekont', 'yok', 'bil', 'iki', 'hafta', 'hala', 'iade', 'bekle']","['para yok', 'iade bekle', 'hafta hala', 'iade yok', 'bil iki']"
"['paycel', 'pişmanliktir', 'adam', 'akıl', 'gir', 'sürekli', 'bilgi', 'ulaş', 'oyala', 'dur', 'bide', 'kadar', 'faiz', 'banka', 'bin', 'kat', 'iyi', 'türkel', 'zaten', 'pişman', 'paycel', 'daha', 'pismanlik']","['pişmanliktir adam', 'paycel pişmanliktir', 'pişman paycel', 'pişmanliktir', 'zaten pişman']"
"['yıldız', 'işaret', 'katalog', 'yaz', 'böyle', 'sahtekar', 'yok', 'bird', 'turkcell', 'yazık', 'almadiğim', 'paket', 'ladin', 'yaz']","['yıldız işaret', 'ladin yaz', 'yıldız', 'yaz böyle', 'bird turkcell']"
"['sakın', 'bulaş', 'öyle', 'böyle', 'dolandırıcı', 'değille']","['dolandırıcı değille', 'sakın bulaş', 'sakın', 'değille', 'böyle dolandırıcı']"
"['salla', 'kazan', 'sürekli', 'hata', 'böyle', 'son', 'kalidiracam']","['sürekli hata', 'son kalidiracam', 'hata böyle', 'kazan sürekli', 'böyle son']"
"['böyle', 'berbat', 'geri', 'zeka', 'gör', 'şifre', 'unut', 'yen', 'kurtar', 'kod', 'iste', 'bil', 'blok', 'koy', 'sonderece', 'boş', 'berbat']","['şifre unut', 'yen kurtar', 'gör şifre', 'şifre', 'unut yen']"
"['trendyol', 'üzeri', 'alışveriş', 'kredi', 'baş', 'vur', 'onayla', 'site', 'yönlen', 'site', 'sürekli', 'hata', 'zaman', 'msjda', 'gönder', 'dalga', 'geç', 'başka', 'alan', 'bulun', 'yorum', 'oku', 'sonra', 'hemen', 'sil', 'gerek', 'hisset', 'gerek', 'var', 'banka', 'ücret', 'işlem', 'bura', 'ücret', 'öde']","['alışveriş kredi', 'site sürekli', 'onayla site', 'üzeri alışveriş', 'banka ücret']"
"['hiçbir', 'şekil', 'şifre', 'yenile']","['şifre yenile', 'şifre', 'şekil şifre', 'hiçbir şekil', 'hiçbir']"
"['gerek', 'aktif', 'hesap', 'rağmen', 'fatura', 'kesinti', 'yansı', 'dolandırıcı', 'cüda', 'ihtiyaç', 'yok']","['rağmen fatura', 'hesap rağmen', 'fatura kesinti', 'fatura', 'ihtiyaç yok']"
"['soru', 'düzel', 'lazım']","['soru düzel', 'düzel lazım', 'soru', 'lazım', 'düzel']"
"['düzgün', 'çalış', 'sil', 'tekrar', 'yükle', 'iste', 'fakat', 'telefon', 'uyum', 'değil', 'hata', 'karşılaştımsorun', 'cihaz', 'kaynak', 'başka', 'telefon', 'yükle', 'iste', 'aynı', 'sorun', 'var', 'sunu', 'belir', 'iste', 'ikinci', 'dene', 'android', 'güncel', 'cihaz', 'böyle', 'sorun']","['dene android', 'fakat telefon', 'başka telefon', 'android', 'telefon yükle']"
"['sürekli', 'puan', 'veri', 'yor', 'sadaka', 'niyet', 'galiba', 'kol', 'yasak', 'iyi', 'aycell', 'insan', 'yarı', 'kan', 'tan', 'vaz', 'geç', 'turkcell']","['puan veri', 'yarı kan', 'veri yor', 'insan yarı', 'geç turkcell']"
"['gerek', 'ses', 'yardımcı', 'yok']","['yardımcı yok', 'gerek ses', 'ses yardımcı', 'yok', 'gerek']"
"['turkcell', 'kullan', 'bile', 'uzak', 'dur', 'tavsiye', 'kart', 'banka', 'havale', 'para', 'dun', 'hesap', 'yansı', 'kesinlikle', 'karşı', 'siz', 'ilgilen', 'kimse', 'yok', 'tamamen', 'baş', 'boş', 'dun', 'defalarca', 'telefon', 'görüş', 'defalarca', 'mail', 'üzeri', 'bildirim', 'gönder', 'aciliyet', 'bildirim', 'herşey', 'biftek', 'geri', 'dönüş', 'bile', 'para', 'akla', 'google', 'platin', 'gözardı', 'gerek', 'derhal', 'önce', 'yay', 'kaldır']","['kart banka', 'defalarca mail', 'mail üzeri', 'defalarca telefon', 'tavsiye kart']"
"['yankesici', 'nakit', 'çekim', 'yok', 'hata', 'zor', 'fayda', 'şey', 'sen', 'engel', 'çıkar', 'kart', 'başvuru', 'iki', 'kart', 'ücret', 'peşin', 'becer', 'gün', 'sonra', 'kontrat', 'bit', 'kesinlikle', 'propaganda', 'fakat', 'vodafone', 'taşın', 'asla', 'ayır']","['çıkar kart', 'kart ücret', 'iki kart', 'kart başvuru', 'sonra kontrat']"
"['puan', 'çalış', 'sürekli', 'uyarı', 'paket', 'arıza', 'düzel', 'gerek']","['uyarı paket', 'sürekli uyarı', 'uyarı', 'arıza düzel', 'puan çalış']"
"['eskiden', 'iyi', 'iyi', 'değil']","['iyi değil', 'eskiden iyi', 'eskiden', 'değil', 'iyi iyi']"
"['kart', 'ekle', 'kart', 'ekli', 'gözük', 'ayrıca', 'kimlik', 'oku', 'saat', 'uğraş', 'gerek', 'heleki', 'yüz', 'ayrıca', 'kimlik', 'arka', 'yüz', 'tarattigimda', 'saat', 'uğraş', 'sonra', 'hata', 'dua', 'aycell', 'papara', 'hesap', 'kapa', 'yok', 'papara', 'tam', 'yol', 'ileri', 'git', 'yazık', 'siz']","['ekle kart', 'kart ekle', 'kart ekli', 'kimlik oku', 'ayrıca kimlik']"
"['aycell', 'şifre', 'yenile', 'siz', 'talimat', 'göre', 'yeni', 'şifre', 'yine', 'giriş', 'siz', 'hizmet', 'dünya', 'üzeri', 'kötü', 'hindistan', 'bile', 'siz', 'hizmet', 'kendi', 'yemek', 'yer', 'dök', 'insan', 'siz', 'hizmet']","['şifre yine', 'siz hizmet', 'şifre yenile', 'aycell şifre', 'yeni şifre']"
"['zaten', 'birçok', 'sorun', 'var', 'şimdi', 'ara', 'sat', 'kart', 'boz', 'çözüm', 'tekrar', 'kart', 'sat', 'öner', 'böyle', 'saçma', 'kurum', 'yok']","['tekrar kart', 'kart boz', 'sat kart', 'sorun var', 'birçok sorun']"
"['yeni', 'yüklem', 'google', 'öde', 'birincil', 'hesap', 'seç', 'google', 'para', 'tahsil', 'zor', 'çıkar', 'şimdi', 'şifre', 'yaz', 'giriş', 'hesap', 'don', 'şifre', 'değiş', 'biçim', 'yer', 'bura', 'anla', 'hesap', 'sil', 'iste', 'yardımcı', 'siz', 'sorun', 'falan', 'çöz', 'baştan', 'bozuk', 'başla', 'çöz', 'sadece', 'hesap', 'kapa', 'yardımcı', 'yet', 'isim', 'kullan', 'ürün', 'tavsiye', 'kötü', 'yer']","['google öde', 'yüklem google', 'google para', 'seç google', 'google']"
"['kampanya', 'alışveriş', 'sonra', 'gerek', 'hediye', 'para', 'yazık', 'alışveriş', 'sonra', 'hemen', 'mail', 'gerek', 'gün', 'bekle', 'zor', 'kal', 'alt', 'kendi', 'otomatik', 'maaş', 'bağlam', 'mail', 'dur', 'siz']","['kampanya alışveriş', 'otomatik maaş', 'alışveriş sonra', 'hemen mail', 'mail dur']"
"['kadar', 'hırsız', 'yok', 'borçlandirmis', 'söz', 'şifre', 'gönder', 'gir', 'böyle', 'birey', 'haber', 'yok', 'tamamen', 'kontrol', 'dış', 'itiraz', 'gerekli', 'merci', 'başvuru']","['şifre gönder', 'söz şifre', 'şifre', 'borçlandirmis söz', 'yok borçlandirmis']"
"['arkadaş', 'kesinlikle', 'bura', 'üye', 'müşteri', 'hizmet', 'iletişim', 'geç', 'kimse', 'yok', 'para', 'yatır', 'hesap', 'hesap', 'gözük', 'diğer', 'hesap', 'aktar', 'tam', 'gün', 'bekle', 'hala', 'herhangi', 'haber', 'yok', 'gün', 'ara', 'yok', 'şura', 'ilet', 'yok', 'böyle', 'yok', 'sistem', 'git', 'yok', 'mağdur', 'kesinlikle', 'para', 'turkcell', 'birlik', 'turkcell', 'firma', 'işbirliği', 'kesinlikle', 'anla', 'yazık']","['üye müşteri', 'müşteri hizmet', 'müşteri', 'turkcell firma', 'yatır hesap']"
"['iki', 'mail', 'müşteri', 'hizmet', 'ara', 'işlem', 'şifre', 'rakam', 'şifre', 'siz', 'taraf', 'şifre', 'sürekli', 'çizi', 'ara', 'dur', 'yad', 'müşteri', 'memnuniyet', 'anla', 'değil', 'var', 'zaman', 'sistem', 'kullan', 'iyi', 'yad', 'kaldır']","['şifre sürekli', 'işlem şifre', 'taraf şifre', 'şifre rakam', 'mail müşteri']"
"['say', 'peycell', 'şifre', 'bloke', 'şifre', 'yenile', 'telesekreter', 'biz', 'işlem', 'şifre', 'iste', 'aksi', 'hal', 'müşteri', 'temsilci', 'yok', 'hesap', 'turkcell', 'aycell', 'hukuki', 'işlem', 'başlatacagim', 'haber', 'saygı', 'arz']","['işlem şifre', 'şifre yenile', 'peycell şifre', 'şifre iste', 'şifre']"
"['yıldız', 'bile', 'haket', 'kere', 'günlük', 'kalan', 'puan', 'eylül', 'son', 'bul', 'puan', 'boşa', 'git', 'günlük', 'instagram', 'iste', 'puan', 'sat', 'iste', 'katalog', 'aylık', 'maksimum', 'limit', 'ulaş', 'işlem', 'gerçek', 'iyi', 'önce', 'günlük', 'instagram', 'paket', 'limit', 'dol', 'saçmalık', 'diğer', 'paket', 'alaka', 'var', 'tamamen', 'berbat']","['limit ulaş', 'puan boşa', 'maksimum limit', 'günlük instagram', 'maksimum']"
"['ilk', 'baş', 'kart', 'yerel', 'market', 'turkcell', 'bayi', 'git', 'merkez', 'bayi', 'git', 'geçiştir', 'başka', 'bayi', 'git', 'böyle', 'birşey', 'gerek', 'yok', 'boş', 'yer', 'kart', 'iptal', 'turkcell', 'bayi', 'yeni', 'kart', 'olay', 'dış', 'kullanım', 'kolay', 'anlam', 'sorun', 'yaşa', 'gerekli', 'gör', 'kullan']","['kart yerel', 'market turkcell', 'kart olay', 'yer kart', 'yeni kart']"
"['nbc', 'kimlik', 'tara', 'kaldır', 'ilan', 'manuel', 'gönder', 'bide', 'sanal', 'kart', 'ana', 'kart', 'geri', 'yükle', 'özellik', 'koy']","['kart geri', 'nbc kimlik', 'ana kart', 'sanal kart', 'kimlik tara']"
"['öncelik', 'fatura', 'öde', 'seçenek', 'gir', 'işle', 'şua', 'devam', 'sorun', 'çık', 'herşey', 'söyle', 'böyle', 'son', 'güncelle', 'kötü', 'hal', 'turkcell', 'soğut', 'insan']","['öde seçenek', 'sorun çık', 'seçenek gir', 'fatura öde', 'güncelle kötü']"
"['şifre', 'yenile', 'bayii', 'git', 'gerek', 'banka', 'işlem', 'bile', 'şekil', 'değil']","['şifre yenile', 'şifre', 'banka işlem', 'banka', 'gerek banka']"
"['kullan', 'hesap', 'don', 'şifre', 'yenile', 'telefon', 'kod', 'biz', 'ara', 'mail', 'iste', 'mail', 'yeni', 'şifre', 'belirle', 'resmen', 'saçmalık', 'yıldız', 'bile', 'hak', 'düşün', 'giriş', 'kadar', 'zor']","['şifre yenile', 'şifre belirle', 'yeni şifre', 'şifre', 'don şifre']"
"['eğlen', 'cep', 'gerek', 'fark', 'bile', 'değil', 'uyarı', 'ara', 'hemen', 'fatura', 'geçmiş', 'müşteri', 'zarar']","['müşteri zarar', 'eğlen cep', 'eğlen', 'hemen fatura', 'fatura geçmiş']"
"['cihaz', 'robot', 'işlem', 'tespit', 'güvenlik', 'sebep', 'oturum', 'diş', 'engelle', 'aşağı', 'tamam', 'hayır', 'var', 'hangi', 'bas', 'direk', 'şimdi', 'gerek', 'türlü', 'çöz']","['cihaz robot', 'robot işlem', 'robot', 'cihaz', 'diş engelle']"
"['şifre', 'unut', 'yanlış', 'deneme', 'sonuç', 'hesap', 'don', 'şifre', 'yenile', 'iste', 'unut', 'şifre', 'gir', 'iste', 'şifre', 'bil', 'yanlış', 'gir']","['şifre unut', 'unut şifre', 'şifre gir', 'şifre yenile', 'iste şifre']"
"['normal', 'iyi', 'gir', 'şifre', 'tam', 'aciliyo', 'ekran', 'dokun', 'tekrar', 'şifre', 'yerine', 'gonderiyo', 'eski', 'boulw', 'parsel', 'gir', 'sil', 'yine', 'yükle', 'veri', 'sil', 'bellek', 'sil', 'yok', 'yoz', 'bulun', 'acilen']","['şifre yerine', 'tekrar şifre', 'şifre', 'şifre tam', 'gir şifre']"
"['kampanya', 'koşul', 'sağla', 'rağmen', 'bazen', 'geri', 'öde', 'sefer', 'iletişim', 'geç', 'söyle', 'gerek']","['kampanya koşul', 'iletişim geç', 'sefer iletişim', 'öde sefer', 'geç söyle']"
"['hergün', 'arkadaş', 'davet', 'sen', 'arkadaş', 'puan', 'kaza', 'mesaj', 'aycell', 'sil', 'tekrar', 'dene', 'iste', 'girdi', 'arkadaş', 'davet', 'arkadaş', 'yan', 'davet', 'kod', 'gir', 'bölüm', 'gir', 'işlem', 'şua', 'gerçek', 'çık', 'aynı', 'dene', 'aynı', 'çık', 'madem', 'sistem', 'çalış', 'hergün', 'saçma', 'salak', 'mesaj', 'gönder', 'ilk', 'baş', 'aycell', 'iyi', 'şua', 'değil', 'yıldız', 'yıldız', 'bile', 'hak']","['salak mesaj', 'girdi arkadaş', 'işlem şua', 'mesaj gönder', 'çık aynı']"
"['önce', 'para', 'çeki', 'var', 'kaldır', 'limit', 'turkcell', 'bayi', 'kimlik', 'doğrula', 'gerek', 'git', 'bayi', 'şey', 'haber', 'yok', 'mecbur', 'kal', 'kullan', 'bakiye', 'havale', 'bankamatik', 'çek', 'geri', 'getir']","['bankamatik çek', 'para çeki', 'havale bankamatik', 'limit turkcell', 'bankamatik']"
"['allah', 'bela', 'böyle', 'sistem', 'nekadar', 'bitik', 'sistem', 'fatura', 'hat', 'kullan', 'limit', 'para', 'yuhla', 'bilgi', 'bara', 'rezil', 'sakın', 'yükle', 'program', 'nalet', 'kimse', 'öner']","['sistem nekadar', 'sistem fatura', 'böyle sistem', 'bitik sistem', 'sakın yükle']"
"['kötü', 'yer', 'fatura', 'para', 'yağ', 'şifre', 'unut', 'bloke', 'şifre', 'yenile', 'numara', 'ara', 'işlem', 'şifre', 'iste', 'unut', 'anla', 'aptal', 'yorum', 'çık', 'yıldız']","['şifre unut', 'şifre yenile', 'şifre iste', 'şifre', 'işlem şifre']"
"['iyi', 'değil']","['iyi değil', 'değil', 'iyi']"
"['kesinlikle', 'kullan', 'gerek', 'dolandırıcı', 'ekmek', 'tekne']","['ekmek tekne', 'dolandırıcı ekmek', 'ekmek', 'tekne', 'kesinlikle kullan']"
"['gayet', 'iyi', 'bazen', 'sorun']","['bazen sorun', 'iyi bazen', 'iyi', 'sorun', 'gayet iyi']"
"['paycelleden', 'bil', 'kadar', 'puan', 'kazan', 'şikayet', 'siz', 'yet', 'artık', 'dünya', 'saçma', 'bari', 'mesaj', 'taciz', 'şifre', 'unut', 'yenile', 'kod', 'doğrula', 'sonra', 'önce', 'hangi', 'şifre', 'doğra', 'giriş', 'eski', 'şifre', 'bil', 'şifre', 'unut', 'giyim', 'hatırla', 'bide', 'sakın', 'yorum', 'alt', 'bil', 'aycell', 'posta', 'adres', 'şikayet', 'yazın', 'yaz', 'cevap']","['şifre unut', 'şifre bil', 'bil şifre', 'şifre doğra', 'hangi şifre']"
"['aycell', 'şifre', 'bloke', 'master', 'hizmet', 'ara', 'karsu', 'sahip', 'yok', 'şifre', 'yenile', 'şifre', 'bil', 'alican', 'şifre', 'yad', 'yenile', 'ekim']","['şifre yenile', 'yenile şifre', 'şifre bloke', 'aycell şifre', 'şifre']"
"['turkcell', 'hizmet', 'avantaj', 'yarar', 'gir', 'hafta', 'gün', 'önce', 'para', 'yükle', 'dijital', 'hesap', 'tanımla', 'inaktif', 'kart', 'bedel', 'kes', 'mecbur', 'harca', 'belirle', 'konuş', 'müşteri', 'temsilci', 'kullan', 'öde', 'konuş', 'hemen', 'papara', 'geri', 'dön', 'lazım', 'değil', 'hizmet', 'boşuna', 'cep', 'tırtıkla', 'lazım', 'değil', 'avantaj', 'kullan']","['kart bedel', 'kullan öde', 'turkcell hizmet', 'müşteri temsilci', 'müşteri']"
"['salla', 'topla', 'puan', 'dusurmussunuz', 'bird', 'yenile', 'reklam', 'vallahi', 'sız', 'bırsey', 'ayı']","['dusurmussunuz bird', 'bird yenile', 'puan dusurmussunuz', 'dusurmussunuz', 'bird']"
"['yıldız', 'bile', 'yıl', 'fazla', 'kullaniyon', 'salla', 'topla', 'puan', 'fazla', 'çık', 'gör', 'düzel', 'gerek', 'acilen']","['yıldız bile', 'yıldız', 'puan fazla', 'yıl fazla', 'fazla']"
"['paye', 'yemek', 'kart', 'kesinlikle', 'kullan', 'hesap', 'bloke', 'turkcell', 'bayi', 'git', 'gerek', 'aycell', 'ekran', 'biz', 'yok', 'diş', 'saat', 'giriş', 'mim', 'hiçbir', 'şekil', 'yönlen', 'şifre', 'gir', 'diş', 'kütahya', 'şok', 'market', 'git', 'sürekli', 'rezil', 'işlem', 'başarı', 'işlem', 'başarı', 'yok', 'öde', 'çık', 'yok', 'sadece', 'gıda', 'poşet', 'alın', 'ürün', 'tek', 'tek', 'bak', 'rağmen', 'gine', 'fark', 'öde', 'tutar', 'cikartio', 'işlem', 'iade']","['yemek kart', 'şifre gir', 'gıda poşet', 'yok diş', 'kullan hesap']"
"['yara', 'pos', 'unut', 'yenile', 'çağrı', 'merkez', 'ara', 'dur', 'yer', 'hesap', 'don', 'ugrastiriyolar', 'yildiza', 'bile', 'değ', 'puan', 'hepsi', 'git', 'zaten']","['pos unut', 'hepsi git', 'unut yenile', 'git zaten', 'dur yer']"
"['hiçbir', 'sorun', 'yaşa', 'iyi', 'hatta', 'harca', 'baş', 'puan', 'puan', 'indirim', 'çeki', 'i̇nternet', 'kazan']","['baş puan', 'puan indirim', 'hiçbir sorun', 'harca baş', 'iyi hatta']"
"['temmuz', 'ayı', 'ıtıbarı', 'aktif', 'durum', 'gerek', 'ilk', 'limit', 'yok', 'numara', 'yansı', 'limit', 'gözük', 'ara', 'konuş', 'temsilci', 'net', 'cevap', 'hangi', 'fatura', 'eksik', 'yad', 'yanlış', 'açıkla', 'hayır', 'öyle', 'önem', 'değil', 'hayat', 'olası', 'durum', 'akil', 'kurtar', 'lütfen', 'dönük']","['fatura eksik', 'ilk limit', 'limit yok', 'yansı limit', 'limit gözük']"
"['hesap', 'para', 'transfer', 'rağmen', 'para', 'hiçbir', 'şekil', 'hesap', 'görün', 'lütfen', 'yardımcı', 'böyle']","['hesap para', 'hesap', 'rağmen para', 'para transfer', 'hesap görün']"
"['berbat', 'yaklaşık', 'bin', 'koy', 'şimdi', 'birden', 'kart', 'iptal', 'var', 'kart', 'şimdi', 'para', 'ulaş', 'aycell', 'ekip', 'sorun', 'çöz', 'bekle']","['kart şimdi', 'kart iptal', 'şimdi para', 'iptal var', 'para ulaş']"
"['kardeş', 'güya', 'posta', 'şifre', 'yenile', 'gönderiyortık', 'diğer', 'posta', 'aycell', 'müşteri', 'hizmet', 'gıdı', 'gıdı', 'saçma', 'sapan', 'uygulamai̇nternette', 'dolaş', 'engel', 'adi', 'kapitalist', 'yıldız', 'bile', 'haket', 'haymantosların', 'reklamlarinin', 'i̇natci', 'sayfa', 'terk', 'etmedi̇ği̇', 'kişi', 'bil', 'yakın', 'bil']","['posta şifre', 'diğer posta', 'reklamlarinin natci', 'aycell müşteri', 'müşteri hizmet']"
"['unut', 'şifre', 'tekrar', 'aynı', 'şifre', 'sor', 'telefon', 'yönlen', 'hala', 'unut', 'şifre', 'işlem', 'çalış', 'sonra', 'tekrar', 'yönlen', 'saçma', 'yöntem', 'yok', 'unut', 'şifre', 'yenile', 'allah', 'aşk', 'yol', 'göster', 'doğru', 'program', 'yaz', 'bez']","['unut şifre', 'şifre tekrar', 'şifre işlem', 'şifre yenile', 'aynı şifre']"
"['dünya', 'kötü', 'banka', 'sistem', 'şifre', 'unut', 'mail', 'bile', 'doğrula', 'gerek', 'müşteri', 'hizmet', 'ara', 'zar', 'zor', 'konuş', 'ara', 'doğru', 'düzgün', 'yanıt', 'hiçbir', 'doğru', 'düzgün', 'onay', 'mesaj', 'gönder', 'hiçbir', 'şekil', 'geri', 'dönüş', 'bile', 'sıfır', 'yıldız', 'sıfır', 'yıldız', 'hak']","['şifre unut', 'sistem şifre', 'kötü banka', 'şifre', 'banka sistem']"
"['defalarca', 'yazı', 'şifre', 'sistem', 'kabl', 'sonra', 'bugün', 'hesap', 'gir', 'parola', 'yenile', 'eski', 'parola', 'kullan', 'iste', 'telefon', 'ilk', 'taksit', 'öde', 'hafta', 'ankara', 'kızılay', 'bulun', 'öde', 'nokta', 'sistem', 'çalış', 'söyle', 'hava', 'faiz', 'işle', 'iki', 'öde', 'öde', 'durum', 'kal', 'asla', 'turkcell', 'aracılığıyla', 'taksit', 'telefon', 'tavsiye', 'muzaffer']","['eski parola', 'şifre sistem', 'şifre', 'yazı şifre', 'parola yenile']"
"['iyi', 'arkadaş', 'davet', 'puan', 'güzel', 'değil']","['arkadaş davet', 'iyi arkadaş', 'arkadaş', 'güzel değil', 'davet puan']"
"['aycell', 'robot', 'kap', 'gerek']","['robot kap', 'robot', 'aycell robot', 'kap gerek', 'gerek']"
"['kart', 'kapattiniz', 'var', 'hak', 'var', 'kapa', 'lanet', 'öner']","['kart kapattiniz', 'kapattiniz var', 'kapattiniz', 'var kapa', 'hak var']"
"['eposta', 'şifre', 'yenile', 'müşteri', 'hizmet', 'yardımcı', 'hafta', 'acamadi']","['eposta şifre', 'şifre yenile', 'şifre', 'müşteri hizmet', 'yenile müşteri']"
"['kredi', 'kart', 'öde', 'alan', 'tam', 'öde', 'çalış', 'birden', 'kapa', 'para', 'aktar', 'sorun', 'çıkar', 'fatura', 'öde', 'boz']","['kredi kart', 'fatura öde', 'kredi', 'çıkar fatura', 'öde boz']"
"['aycell', 'şifre', 'giriş', 'son', 'güncelle', 'sonra', 'böyle', 'sonra', 'kart', 'fatura', 'öde', 'yapmıycam', 'sorun', 'büyük']","['kart fatura', 'öde yapmıycam', 'şifre giriş', 'sonra kart', 'şifre']"
"['berbat', 'yetkili', 'mesaj', 'kısım', 'yok', 'iade', 'işlem', 'para', 'geri', 'gondermuyo', 'öner']","['yetkili mesaj', 'berbat yetkili', 'para geri', 'yok iade', 'yok']"
"['nekadar', 'kötü', 'kart', 'çek', 'puan', 'gerek', 'arz']","['kötü kart', 'kart çek', 'çek puan', 'nekadar kötü', 'puan gerek']"
"['salla', 'kazan', 'ilk', 'puan', 'sonra', 'puan', 'düşür', 'şimdi', 'puan', 'düşür', 'iyi', 'kadar', 'rezil', 'düzenbaz', 'gör', 'turkcell', 'böyle', 'kesinlikle', 'destek']","['puan düşür', 'gör turkcell', 'turkcell böyle', 'sonra puan', 'şimdi puan']"
"['siz', 'birey', 'duzelticeniz', 'yok', 'dur', 'yönlen', 'yapiyo', 'iyi', 'sil', 'kendi', 'cozmus', 'sorun', 'kullanilcak', 'değil', 'artık']","['duzelticeniz yok', 'yok dur', 'birey duzelticeniz', 'kullanilcak değil', 'siz birey']"
"['kadar', 'boş', 'turkcell', 'böyle', 'artık', 'kaldır', 'gerek', 'avantaj', 'yok', 'şua', 'sil']","['avantaj yok', 'kadar boş', 'boş turkcell', 'artık kaldır', 'yok şua']"
"['banka', 'havale', 'basit', 'doğrula', 'gerçek', 'üst', 'üst', 'bird', 'havale', 'sonraseçenekler', 'ara', 'basit', 'doğrula', 'kaldır', 'kimlik', 'doğrula', 'git', 'dakika', 'selfie', 'çekil', 'kamera', 'bak', 'allah', 'bela', 'selfie', 'çek', 'dolandırıcı', 'başka', 'gayet', 'net', 'anlaş', 'kimse', 'tavsiye', 'kesinlikle', 'uzak', 'dur', 'gerek', 'sistem', 'şirket', 'rezillikcell']","['çek dolandırıcı', 'banka havale', 'dolandırıcı başka', 'çekil kamera', 'selfie çekil']"
"['sırf', 'yorum', 'üste', 'kısım', 'dursun', 'yıldız', 'böyle', 'rezalet', 'yok', 'para', 'gönder', 'rezil']","['dursun yıldız', 'yıldız böyle', 'yıldız', 'kısım dursun', 'yorum üste']"
"['tam', 'rezil', 'resmen', 'lira', 'para', 'ora', 'harca', 'bura', 'harca', 'gerek', 'sürekli', 'telefon', 'bildirim', 'söyle', 'rağmen', 'para', 'hala', 'kullan', 'üzeri', 'üzere', 'toplam', 'iki', 'sefer', 'para', 'çek', 'siz', 'yüz', 'fakat', 'karar', 'mert', 'var', 'rezil', 'hiçbir', 'benze']","['rağmen para', 'para çek', 'sefer para', 'söyle rağmen', 'hala kullan']"
"['istek', 'düzenle', 'bilgi', 'organize', 'eksik', 'var']","['organize eksik', 'bilgi organize', 'düzenle bilgi', 'eksik', 'bilgi']"
"['kadar', 'kötü', 'gör', 'tek', 'kelime', 'berbat', 'turkcell', 'çalış', 'kullan', 'şikayet', 'bık', 'müşteri', 'temsilci', 'ara', 'hiçbir', 'işlem', 'kadar', 'gerek', 'gör', 'gerçekten', 'turkcell', 'kök', 'kurum', 'firma', 'ayıp', 'nitelen', 'sadece']","['firma ayıp', 'gerçekten turkcell', 'şikayet bık', 'turkcell çalış', 'turkcell']"
"['cüzdan', 'kısım', 'mayıs', 'beri', 'kart', 'gör', 'halbuki', 'som', 'işlem', 'iade', 'böyle', 'imkan', 'evvela', 'aycell', 'aynen', 'iadeiptal', 'öde', 'kart', 'yeni', 'yüklem', 'say', 'yüz', 'aylık', 'limit', 'takıl', 'düşün', 'nisan', 'yükle', 'geç', 'nihayet', 'sonuncu', 'yer', 'mayıs', 'kart', 'hala', 'göster', 'ayrı', 'acaiblik', 'nisan', 'lifebox', 'ücret', 'kes', 'biz', 'kullan', 'yok']","['mayıs kart', 'kart hala', 'cüzdan kısım', 'kart yeni', 'lifebox ücret']"
"['bukart', 'şok', 'gerek', 'kart', 'hesap', 'çalış', 'sanalkart', 'para', 'yazık', 'birdaha', 'hata', 'kart', 'almina']","['hata kart', 'kart hesap', 'gerek kart', 'şok gerek', 'bukart şok']"
"['hesap', 'giriş', 'böyle', 'sorun', 'çöz', 'ekip']","['çöz ekip', 'hesap giriş', 'ekip', 'hesap', 'sorun çöz']"
"['allah', 'aşk', 'para', 'çek', 'öde', 'önce', 'böyle', 'değil']","['aşk para', 'para çek', 'allah aşk', 'böyle değil', 'çek öde']"
"['aycell', 'kart', 'sanal', 'mastercard', 'oluş', 'fatura', 'ekle', 'kök', 'kuruluş', 'tarafından', 'reddet', 'hata', 'google', 'yardım', 'lazım']","['mastercard oluş', 'mastercard', 'hata google', 'sanal mastercard', 'google yardım']"
"['böyle', 'berbat', 'gör', 'canlı', 'destek', 'temsilci', 'şekil', 'yardımcı', 'baştan', 'sav', 'laf', 'konuş', 'operatör', 'değiş', 'böyle', 'rezil', 'gör']","['operatör değiş', 'konuş operatör', 'temsilci', 'temsilci şekil', 'böyle rezil']"
"['rezalet', 'giriş', 'hesap', 'don', 'şifre', 'yenile', 'mail']","['şifre yenile', 'yenile mail', 'giriş hesap', 'mail', 'şifre']"
"['kampanya', 'salla', 'puan', 'topla', 'yıl', 'hafta', 'puan', 'veri', 'bidahaki', 'hafta', 'puan', 'git', 'zan', 'biraz', 'fazla', 'puan', 'yad', 'bırak', 'puan', 'birik', 'böyle', 'biraz', 'böyle', 'devam', 'kullan', 'bırak', 'haber', 'ayıp', 'madem', 'böyle', 'hapis', 'salla', 'topla', 'kökten', 'kaldır', 'yav']","['kampanya salla', 'biraz fazla', 'kampanya', 'bırak puan', 'hafta puan']"
"['kötü', 'sakın', 'yükle', 'para', 'yatır', 'öde', 'öner']","['para yatır', 'öde öner', 'öde', 'yatır öde', 'kötü sakın']"
"['kadar', 'kar', 'kira', 'adem', 'gerek', 'söyle']","['kar kira', 'adem gerek', 'kadar kar', 'gerek söyle', 'gerek']"
"['düzgün', 'para', 'gönder', 'gönder', 'başar', 'para', 'hesap', 'yansı', 'yarım', 'saat', 'sür', 'alışveriş', 'sistem', 'doğrula', 'ses', 'gönder', 'gözük', 'ses', 'ulaş', 'salla', 'topla', 'kampanya', 'desen', 'hafta', 'var', 'hafta', 'yok', 'puan', 'puan', 'süre', 'hafta', 'dol', 'doğru', 'düzgün', 'birey', 'yarar', 'çağ', 'dış', 'sırf', 'bedava', 'i̇nternet', 'alaca', 'kullan', 'gerek', 'yok', 'böyle', 'sistem', 'başarı', 'mahkum']","['para gönder', 'düzgün para', 'hesap yansı', 'alışveriş sistem', 'başar para']"
"['para', 'gönderim', 'saçma', 'çağ', 'öte', 'sistem', 'çalış', 'saçma', 'sapan', 'hata', 'i̇nternet', 'uğraş', 'değil', 'ruh', 'sinir', 'sağlık', 'boz', 'öner']","['ruh sinir', 'sağlık boz', 'saçma çağ', 'öte sistem', 'sinir sağlık']"
"['kötü', 'keşke', 'yıldız']","['keşke yıldız', 'yıldız', 'kötü keşke', 'keşke', 'kötü']"
"['gerek', 'sadece', 'para', 'yükle', 'puan', 'hafta', 'salla', 'kazan', 'sadece', 'puan', 'oda', 'gün', 'sonra', 'git', 'bedava', 'i̇nternet', 'yüklicekseniz', 'yükle', 'eskiden', 'puan', 'günlük']","['sadece para', 'nternet yüklicekseniz', 'para yükle', 'git bedava', 'puan hafta']"
"['karşı', 'açık', 'olucak', 'kötü', 'kart', 'ekle', 'iste', 'ekle', 'sürü', 'sorun', 'çıkar', 'doğrul', 'gir', 'bile']","['kötü kart', 'olucak kötü', 'sorun çıkar', 'sürü sorun', 'kart ekle']"
"['para', 'kes', 'bil', 'şifre', 'yenile', 'mai', 'yolla', 'gerçekten', 'pes', 'rezil']","['şifre yenile', 'bil şifre', 'şifre', 'yolla gerçekten', 'yenile']"
"['hayat', 'saçma', 'böyle', 'özellik', 'sahip', 'gör', 'kardeş', 'şifre', 'unut', 'bak', 'unut', 'anla', 'hecele', 'yaz', 'şifre', 'unut', 'sonra', 'yardım', 'şifre', 'unut', 'buton', 'tıkla', 'iyi', 'hoş', 'bura', 'kadar', 'mail', 'gönder', 'iyi', 'hoca', 'gönder', 'mail', 'link', 'bas', 'şifre', 'yenile', 'şifre', 'iste', 'unut', 'şifre', 'bil', 'şifre', 'bil', 'unut', 'link', 'iste', 'rezalet']","['unut şifre', 'şifre unut', 'şifre bil', 'bil şifre', 'şifre iste']"
"['herşey', 'iyi', 'fakat', 'şifre', 'unut', 'güvenlik', 'sebep', 'hesap', 'don', 'lütfen', 'yardım']","['şifre unut', 'fakat şifre', 'şifre', 'unut güvenlik', 'güvenlik sebep']"
"['kimlik', 'doğrula', 'kısım', 'problem', 'var', 'kimlik', 'oku', 'irtibat', 'numara', 'yok', 'sorun', 'bil', 'muhatap', 'yok', 'acilen', 'düzel', 'lazım', 'zaman', 'kadar', 'yıldız', 'turkcell', 'yakış']","['numara yok', 'kimlik doğrula', 'yıldız turkcell', 'var kimlik', 'kimlik oku']"
"['dijital', 'kod', 'hesap', 'para', 'fatura', 'yansı', 'fatura', 'hesap', 'para', 'yarar', 'kafa', 'üzeri', 'kimlik', 'doğrula', 'tam', 'para', 'çek', 'yok', 'düzel', 'lazım', 'diğer', 'banka']","['fatura hesap', 'fatura yansı', 'yansı fatura', 'kod hesap', 'diğer banka']"
"['kardeş', 'telefon', 'ekran', 'kırık', 'dokunmatik', 'bozuk', 'telefon', 'arayüz', 'bile', 'gör', 'fark', 'cihaz', 'geç', 'aycell', 'yükle', 'eski', 'cihaz', 'bozuk', 'belir', 'rağmen', 'onay', 'iste', 'kafa', 'onay', 'gerek', 'ilahi', 'güç', 'yol', 'ses', 'var', 'böyle', 'gerek', 'saçma', 'sapan', 'şey', 'kullan']","['bozuk telefon', 'cihaz bozuk', 'cihaz geç', 'telefon ekran', 'eski cihaz']"
"['böyle', 'gör', 'şifre', 'unut', 'tıkla', 'şifre', 'değiş', 'şifre', 'gir', 'böyle']","['şifre gir', 'tıkla şifre', 'gör şifre', 'değiş şifre', 'şifre']"
"['hesap', 'şifre', 'neden', 'don', 'müşteri', 'hizmet', 'ara', 'yardımcı', 'aycell', 'şifre', 'gir', 'yazık', 'koskoca', 'turkcell', 'aycell', 'iyi', 'çöp', 'müşteri', 'değer', 'kısa', 'zaman', 'turkcell', 'cikicam', 'siz', 'yıldız', 'bile', 'neyse']","['şifre neden', 'şifre gir', 'aycell şifre', 'turkcell aycell', 'müşteri değer']"
"['şifre', 'yenile', 'dahil', 'hiçbir', 'mail', 'gönder', 'kutu']","['hiçbir mail', 'mail', 'mail gönder', 'şifre yenile', 'gönder kutu']"
"['aktif', 'kullan', 'fazla', 'problem', 'yaşa', 'mesele', 'şua', 'şifre', 'yenile', 'sürekli', 'şifre', 'yenile', 'ekran', 'giriş', 'müşteri', 'temsilci', 'bağla', 'zaten', 'imkan', 'git', 'kötü', 'lütfen', 'toparla']","['şifre yenile', 'sürekli şifre', 'şifre', 'şua şifre', 'giriş müşteri']"
"['sırf', 'üst', 'gözük', 'beş', 'yıldız', 'veriyorumuygulama', 'rezalet', 'youtube', 'bak', 'normal', 'kart', 'kismina', 'gir', 'kart', 'eklebutonu', 'çık', 'lazım', 'çıkmıyorbaska', 'biryer', 'ekle', 'bak', 'yoksoktan', 'kart', 'ekleyemiyorumyardimci', 'sevin', 'lütfen']","['yoksoktan kart', 'kart ekleyemiyorumyardimci', 'gir kart', 'beş yıldız', 'normal kart']"
"['şifre', 'yenile', 'hane', 'var', 'şifre', 'giriş', 'hane', 'gir', 'iste', 'insan', 'alay', 'zaman', 'i̇nternet', 'kaydi', 'aşağı']","['şifre yenile', 'şifre giriş', 'var şifre', 'şifre', 'kaydi aşağı']"
"['şifre', 'unut', 'şifre', 'sıfırla', 'link', 'gir', 'eski', 'şifre', 'sor', 'böyle', 'saçmalık', 'ilk', 'gör', 'zaten', 'unut', 'sıfırla', 'iste', 'şaka', 'koskoca', 'turkcell', 'bak', 'şifre', 'unut', 'sıfırla', 'rezil']","['şifre sıfırla', 'unut şifre', 'şifre unut', 'unut sıfırla', 'sıfırla iste']"
"['uzun', 'zaman', 'kullan', 'baş', 'iyi', 'kampanya', 'doğru', 'trendyol', 'kampanya', 'katıl', 'vaat', 'gerçek', 'kart', 'para', 'rağmen', 'trendyol', 'sipariş', 'onayla', 'bakiye', 'yetersiz', 'yazık', 'bide', 'terk', 'bağ', 'yazık']","['trendyol kampanya', 'para rağmen', 'rağmen trendyol', 'iyi kampanya', 'kampanya doğru']"
"['yorum', 'siz', 'istek', 'düzenle', 'bela', 'bulun', 'salak', 'herif', 'mesaj', 'gönder', 'artık']","['yorum siz', 'mesaj gönder', 'yorum', 'herif mesaj', 'gönder artık']"
"['emek', 'saygı', 'şey', 'önce', 'insan', 'ahlak', 'aycell', 'fayda', 'gör', 'son', 'zaman', 'kampanya', 'epey', 'azal', 'çoğu', 'oyun', 'geçerli', 'iade', 'oysaki', 'oyun', 'takip', 'bağımlı', 'yok', 'marketeczaneeticaret', 'harca', 'iade', 'lazım', 'ayrıca', 'puan', 'alım', 'stok', 'çoğu', 'dolu', 'puan', 'oldukça', 'sınırsız', 'öneri', 'dikkat', 'düşün']","['insan ahlak', 'marketeczaneeticaret harca', 'azal çoğu', 'çoğu oyun', 'kampanya epey']"
"['puan', 'kas', 'uğraş', 'i̇nternet', 'lazım', 'hafta', 'kal', 'çık', 'sonra', 'hafta', 'tekrar']","['sonra hafta', 'lazım hafta', 'hafta tekrar', 'hafta kal', 'hafta']"
"['anla', 'yan', 'kadar', 'veri', 'harca', 'fazla', 'veri', 'harca', 'iste', 'iyi']","['fazla veri', 'kadar veri', 'veri harca', 'fazla', 'harca fazla']"
"['evet', 'eskiden', 'aycell', 'kullan', 'hat', 'değiş', 'şimdi', 'hesap', 'bloke', 'numara', 'ara', 'hesap', 'söyle', 'numara', 'ara', 'hesap', 'şifre', 'son', 'kullan', 'tarih', 'geç', 'gir', 'yenile', 'fakat', 'gir', 'canlı', 'destek', 'bağla', 'iste', 'yine', 'şifre', 'iste', 'yine', 'aynı', 'muhabbet', 'asla', 'ulaş']","['hesap şifre', 'yine şifre', 'şifre', 'şifre iste', 'şifre son']"
"['aycell', 'ilgili', 'bağlantı', 'hal', 'turkcell', 'fatura', 'yansı', 'işlem', 'müşteri', 'hizmet', 'ara', 'biz', 'yok', 'böyle', 'gör', 'şikayet', 'kim', 'ilet', 'kısa', 'süre', 'dönüş', 'sağla', 'memnun', 'saygı']","['müşteri hizmet', 'işlem müşteri', 'müşteri', 'turkcell fatura', 'gör şikayet']"
"['aycell', 'hesap', 'bin', 'nakit', 'yükle', 'hiçbir', 'sebep', 'yok', 'kart', 'bloke', 'koy', 'müşteri', 'hizmet', 'ara', 'aciliyet', 'dil', 'getir', 'rağmen', 'hala', 'dönüş']","['yok kart', 'koy müşteri', 'müşteri', 'müşteri hizmet', 'yükle hiçbir']"
"['abe', 'asla', 'sakın', 'kart', 'bak', 'kampanya', 'geri', 'iade', 'hediye', 'kart', 'boş', 'tam', 'para', 'kes', 'iyi', 'değil']","['sakın kart', 'kart boş', 'hediye kart', 'iade hediye', 'kampanya geri']"
"['salla', 'topla', 'kazan', 'hediye', 'puan', 'asla', 'tanımla', 'sadece', 'göster', 'kal', 'böyle', 'şey', 'acilen', 'düzel', 'gerek', 'yok', 'salla', 'topla', 'anlam', 'kal', 'boşuna', 'biz', 'kan']","['kazan hediye', 'hediye puan', 'tanımla sadece', 'topla anlam', 'hediye']"
"['böyle', 'rezil', 'gör', 'kart', 'para', 'rağmen', 'işlem', 'sonra', 'dene', 'kafa', 'kal']","['para rağmen', 'sonra dene', 'rağmen işlem', 'işlem sonra', 'dene kafa']"
"['hazır', 'limit', 'koy', 'faiz', 'para', 'satiyoradima', 'kayin', 'başka', 'hatta', 'giriş', 'engelle', 'faiz', 'para', 'kullandirmiyor', 'master', 'hizmet', 'vervat', 'biri', 'obur', 'tut', 'para', 'bubka', 'kal', 'alan', 'kadar', 'mail', 'hergün', 'mesaj', 'sunu', 'getir', 'suka', 'puan', 'yalan', 'dolanpaparadan', 'sasmayin']","['engelle faiz', 'faiz para', 'koy faiz', 'para kullandirmiyor', 'kadar mail']"
"['kesi̇nli̇kle', 'kullan', 'hesap', 'para', 'yükle', 'ancak', 'hesap', 'görün', 'müşteri', 'hizmet', 'görüş', 'düzel', 'gün', 'sür', 'hesap', 'yükle', 'eri', 'hesap', 'geçmiş', 'küsür', 'lira', 'kart', 'aidat', 'kes', 'içeri', 'para', 'turkcell', 'fatura', 'öde', 'iste', 'kendi', 'fatura', 'öde', 'dahi', 'kesinti', 'rezil', 'çöp', 'gerek', 'soyguncu']","['fatura öde', 'öde dahi', 'içeri para', 'öde iste', 'kendi fatura']"
"['kimlik', 'dogruliyamiyorum', 'sinir', 'kaldır', 'kaldirilmiyor', 'rezillikbirde', 'üzeri', 'fatura', 'para', 'sim', 'kart', 'evet', 'değiş', 'telefon', 'kullan', 'yine', 'aynı', 'kişi', 'siz', 'ispat', 'gerek', 'sim', 'kart', 'değişik', 'para', 'şaka', 'hala', 'şifre', 'gondermiyorsunda', 'alarm', 'ediyorsunuzlanet', 'siz', 'hırsız', 'kolay', 'sağla', 'doğru', 'insan', 'ugrastirirsiniz']","['siz hırsız', 'şifre gondermiyorsunda', 'insan ugrastirirsiniz', 'alarm ediyorsunuzlanet', 'hala şifre']"
"['hesap', 'don', 'şifre', 'yenile', 'müşteri', 'hizmet', 'ara', 'yardımcı', 'zaten', 'gmail', 'yenile', 'ara', 'ilgilen', 'müşteri']","['müşteri hizmet', 'zaten gmail', 'yenile müşteri', 'gmail', 'ilgilen müşteri']"
"['aycell', 'cüzdan', 'kullan', 'kredi', 'sakın', 'borç', 'falan', 'çıkart', 'mahkeme', 'hukuki', 'hak', 'kullan', 'göre', 'bird', 'limit', 'koy', 'para', 'tam', 'komediresmen', 'insan', 'alay']","['komediresmen insan', 'tam komediresmen', 'komediresmen', 'çıkart mahkeme', 'mahkeme hukuki']"
"['aycell', 'hediye', 'puan', 'sürekli', 'eksil', 'harca', 'rağmen', 'lazım']","['hediye puan', 'aycell hediye', 'hediye', 'puan sürekli', 'sürekli eksil']"
"['telefon', 'mesaj', 'şifre', 'yenile', 'kadar', 'puan', 'siz', 'kazan', 'siz', 'insan', 'yerine', 'koy', 'inan', 'sonra', 'yok', 'bura', 'ara', 'yok', 'hesap', 'don', 'siz', 'güzel', 'küfür', 'beddua', 'şikayet', 'başka', 'yara', 'sınır']","['sonra yok', 'puan siz', 'yenile kadar', 'siz insan', 'ara yok']"
"['tavsiye', 'yerine', 'papara', 'tos', 'kullan', 'iyi']","['tavsiye yerine', 'tos kullan', 'tavsiye', 'kullan iyi', 'papara tos']"
"['şifre', 'unut', 'tekrar', 'turkcell', 'şube', 'git', 'gerek', 'hayat', 'böyle', 'saçma', 'gör']","['şifre unut', 'unut tekrar', 'tekrar turkcell', 'saçma gör', 'böyle saçma']"
"['böyle', 'yok', 'şifre', 'unut', 'eposta', 'kaybet', 'eposta', 'değiş', 'numara', 'ara', 'ara', 'şifre', 'gir', 'zaten', 'şifre', 'unut', 'gir', 'rezalet']","['şifre unut', 'yok şifre', 'ara şifre', 'zaten şifre', 'şifre gir']"
"['aycell', 'hesap', 'kur', 'posta', 'yanlış', 'gir', 'yüz', 'şifre', 'yenile', 'başka', 'posta', 'git', 'aycell', 'ara', 'şifre', 'iste', 'zaten', 'şifre', 'siz', 'arı', 'yardımcı', 'çözüm', 'bulun', 'gerek', 'güvenlik', 'açı', 'güven', 'değil', 'şifre', 'posta', 'gelecek', 'telefon', 'gerek', 'yardımcı', 'lütfen']","['şifre posta', 'ara şifre', 'şifre', 'şifre yenile', 'şifre iste']"
"['yıldız', 'dahi', 'hak', 'ilk', 'baş', 'iyi', 'fakat', 'sonradan', 'boz', 'hesap', 'giriş', 'yaptğımdada', 'para', 'aktar', 'kısım', 'hesap', 'para', 'aktar', 'sene', 'turkcell', 'müşteri', 'sim', 'kart', 'yeni', 'uyarı', 'dur', 'yanıt', 'karşı', 'cevaben', 'çöz', 'kardeş', 'turkcell', 'kadar', 'rum', 'eposta', 'var', 'hepsi', 'dene', 'söz', 'ülke', 'iyi', 'çek', 'mobil', 'firma', 'kadar', 'basit', 'olay', 'dahi', 'çöz']","['turkcell müşteri', 'para aktar', 'yaptğımdada para', 'turkcell kadar', 'hesap para']"
"['ömür', 'hayat', 'böyle', 'mal', 'görmedimşifremi', 'unut', 'maile', 'sifirlama', 'link', 'geliyogelen', 'link', 'paycel', 'şifre', 'istiyobilsem', 'zaten', 'sifirlamaya', 'calişmambu', 'rezil']","['şifre istiyobilsem', 'istiyobilsem zaten', 'paycel şifre', 'unut maile', 'sifirlamaya calişmambu']"
"['müşteri', 'hizmet', 'baglatmiyor', 'eski', 'posta', 'üzeri', 'hesap', 'sil', 'tekrar', 'gerek', 'kimse', 'yardımcı']","['eski posta', 'posta üzeri', 'hizmet baglatmiyor', 'müşteri hizmet', 'baglatmiyor eski']"
"['ora', 'fatura', 'kredi', 'koy', 'kullan', 'wiki', 'kapa', 'gyo', 'kapa', 'algıla', 'tekrar', 'sor']","['fatura kredi', 'kredi koy', 'kredi', 'ora fatura', 'kullan wiki']"
"['pek', 'yara', 'gerek']","['yara gerek', 'yara', 'pek yara', 'gerek', 'pek']"
"['gör', 'kötü', 'kart', 'herşey', 'çöp', 'git', 'papara', 'iyi']","['kötü kart', 'kart herşey', 'çöp git', 'papara iyi', 'git papara']"
"['son', 'güncelle', 'sonra', 'sürekli', 'kapa', 'kimlik', 'doğrula', 'maalesef', 'son', 'aşama', 'sorun', 'çıkar', 'kimlik', 'doğrula', 'işlem', 'başarı', 'uyarı']","['başarı uyarı', 'kapa kimlik', 'kimlik doğrula', 'çıkar kimlik', 'maalesef son']"
"['doğrula', 'hata', 'kullan', 'haber', 'kart', 'aidat', 'çek', 'gör', 'güncel', 'bakiye', 'gör', 'çık', 'tekrar', 'gir', 'gerek', 'zaten', 'menü', 'gez', 'ayrı', 'işkence', 'yarım', 'saat', 'logos', 'seyret', 'dur', 'para', 'gönder', 'çarşı', 'çık', 'gez', 'dolaş', 'saat', 'sonra', 'hesap', 'geç', 'çocuk', 'yaz', 'düzgün', 'akp', 'kısaç', 'sinir', 'harbi', 'iste', 'kanser', 'iste', 'kullan', 'bakiye', 'kurtar', 'defet', 'gidi', 'çöp', 'hata', 'zaten', 'firma']","['hesap geç', 'gidi çöp', 'sonra hesap', 'çarşı çık', 'çöp hata']"
"['sağla', 'avantaj', 'fazla', 'fakat', 'kimlik', 'doğrula', 'avantaj', 'yok', 'online', 'kimlik', 'doğrula', 'sistem', 'maalesef', 'sorun', 'son', 'video', 'çek', 'aşama', 'türlü', 'geç', 'hata', 'sonra', 'güncelle', 'soru', 'çöz', 'konu', 'destek', 'bekle']","['online kimlik', 'kimlik doğrula', 'fakat kimlik', 'sorun son', 'kimlik']"
"['böyle', 'haram', 'hayat', 'gör', 'puan', 'var', 'hepsi', 'mahsus', 'sil', 'puan', 'acil', 'iste']","['hepsi mahsus', 'böyle haram', 'var hepsi', 'hepsi', 'haram hayat']"
"['şifre', 'hata', 'dolayı', 'hesap', 'askı', 'link', 'şifre', 'yen', 'çalış', 'hata', 'muhatap', 'yok', 'yardımcı', 'şifre', 'yenile', 'mesaj', 'tıkla', 'cep', 'telefon', 'doğrula', 'ekran', 'yönlen', 'doğrula', 'kod']","['şifre hata', 'yardımcı şifre', 'şifre yenile', 'mesaj tıkla', 'şifre']"
"['gerek', 'para', 'i̇nternet', 'bile', 'yükle', 'şikayet', 'edebilcegim', 'herhangi', 'sayfa', 'yok', 'arman', 'dış']","['sayfa yok', 'yok arman', 'bile yükle', 'edebilcegim herhangi', 'herhangi sayfa']"
"['arkadaş', 'davet', 'kod', 'gönder', 'geçersiz', 'yeni', 'kod', 'gönder', 'iste', 'zaten', 'aycell', 'böyle', 'saçma', 'sık', 'gör', 'kimlik', 'doğrula', 'tamamen', 'kan', 'hediye', 'puan', 'bula', 'birik', 'bekle', 'gün', 'sil']","['kan hediye', 'kod gönder', 'gönder geçersiz', 'davet kod', 'yeni kod']"
"['inan', 'kötü', 'böyle', 'hesap', 'doğruluyacagim', 'kart', 'oku', 'düzel', 'para', 'yad']","['doğruluyacagim kart', 'hesap doğruluyacagim', 'düzel para', 'kart oku', 'böyle hesap']"
"['birey', 'eksik', 'muhtemelen', 'sanal', 'aycell', 'kullan', 'herşey', 'normal', 'gayet', 'iyi']","['herşey normal', 'muhtemelen sanal', 'gayet iyi', 'eksik muhtemelen', 'iyi']"
"['paycall', 'son', 'getir', 'güncelle', 'berbat', 'böyle', 'git', 'kimse', 'kullanmıycak', 'hesap', 'giriş', 'ney', 'yardımcı', 'bide', 'yardımcı', 'sevin']","['hesap giriş', 'getir güncelle', 'güncelle berbat', 'kullanmıycak hesap', 'kullanmıycak']"
"['güncelle', 'sonra', 'veli', 'beyan', 'çık', 'paycelden', 'kupon', 'kullan', 'yaş', 'alt', 'veli', 'onay', 'iste', 'fakat', 'hat', 'baba', 'üzeri', 'rağmen', 'yaş', 'altı', 'veli', 'beyan', 'girdi', 'veli', 'bilgi', 'dol', 'ses', 'ses', 'karton', 'yaz', 'sonra', 'mesaj', 'hata', 'türlü', 'lütfen', 'düzel', 'dış', 'iyi']","['kupon kullan', 'paycelden kupon', 'kupon', 'girdi veli', 'yaş altı']"
"['yıldız', 'bile', 'haket', 'şifre', 'birden', 'unut', 'şifre', 'unut', 'bas', 'numara', 'üzeri', 'link', 'gönder', 'link', 'üzeri', 'şifre', 'yenile', 'sonra', 'giriş', 'hay', 'yanlış', 'saçma', 'sapan', 'yalan', 'yer', 'yapiyonuz', 'sonra', 'genç', 'yad', 'hediye', 'havuz', 'aycell', 'puan', 'kuzu', 'teng', 'kuru', 'kahpe', 'önce', 'numara', 'don', 'kesin', 'çatla', 'kazan', 'aycell', 'puan', 'abi', 'öyle', 'bak', 'uygullamayi', 'adam', 'akil', 'rezalet']","['şifre birden', 'haket şifre', 'unut şifre', 'üzeri şifre', 'şifre unut']"
"['paye', 'kart', 'anlaşma', 'rezalet', 'üye', 'yer', 'rezalet', 'para', 'nakit', 'daha', 'rezalet', 'market', 'sadece', 'gıda', 'zorundamıyım', 'arayüz', 'desen', 'berbat', 'zor', 'kısacası', 'git', 'ömür', 'pek', 'uzun', 'değil', 'üye', 'işyeri', 'kaldır', 'söz', 'yok', 'şirket', 'siz', 'vazgeç', 'nakit', 'geç']","['nakit geç', 'vazgeç nakit', 'anlaşma rezalet', 'yok şirket', 'kart anlaşma']"
"['yıldız', 'bile', 'gerek', 'yok', 'bilgi', 'sıfır', 'haber', 'sıfır', 'başka', 'banka', 'transfer', 'iptal', 'haber', 'bile', 'yok']","['sıfır haber', 'haber sıfır', 'bilgi sıfır', 'sıfır başka', 'sıfır']"
"['arkadaş', 'avantaj', 'net', 'kural', 'mevcut', 'aycell', 'kampanya', 'kampanya', 'detay', 'detay', 'incele', 'aaa', 'şöyle', 'iade', 'puan', 'kampanya', 'detay', 'kadar', 'fazla', 'ali', 'cengiz', 'oyun', 'gerek', 'yok', 'devam', 'böyle', 'mağduriyet', 'oluş', 'yorum', 'okuyan', 'kişi', 'direk', 'nas', 'tercih', 'herşey', 'net', 'tık', 'iade']","['puan kampanya', 'kampanya kampanya', 'aycell kampanya', 'kampanya detay', 'kampanya']"
"['neden', 'kötü', 'yaş', 'kart', 'oku', 'aile', 'bayan', 'del', 'var', 'anne', 'kimlik', 'yaz', 'mesaj', 'gerek', 'saat', 'turkcell', 'değil', 'vodafone', 'diğer', 'operatör', 'numara', 'karton', 'kendi', 'telefon', 'numara', 'yaz', 'mesaj', 'yol', 'düzel']","['yaş kart', 'anne kimlik', 'telefon numara', 'aile bayan', 'kendi telefon']"
"['böyle', 'iki', 'reklam', 'çık', 'dur', 'herhangi', 'değil']","['iki reklam', 'reklam çık', 'reklam', 'böyle iki', 'herhangi değil']"
"['siz', 'tavsiye', 'i̇nternet', 'getir', 'iste', 'puan', 'böyle', 'gör']","['puan böyle', 'siz tavsiye', 'böyle gör', 'siz', 'getir iste']"
"['kere', 'tivibu', 'öde', 'kontrol', 'öde', 'fatura', 'öde', 'yansı', 'türk', 'telekom', 'haber', 'yok', 'tivibu', 'kullan', 'üstelik', 'çeki', 'para', 'öde', 'aycell', 'turkcell', 'kapa', 'yol', 'illa', 'müşteri', 'hizmet', 'ara', 'gerek', 'taahhüt', 'bile', 'yara', 'var', 'gavur', 'boykot', 'yerli', 'firma', 'guen']","['tivibu öde', 'türk telekom', 'yok tivibu', 'illa müşteri', 'yansı türk']"
"['sakın', 'kullan', 'alısveris', 'iyi', 'iade', 'asla', 'bakiye', 'geri', 'yansitmiyorlar', 'mail', 'ustunç', 'mail', 'dekont', 'yolla', 'yine', 'iade', 'bddk', 'bil', 'artık', 'kal']","['yansitmiyorlar mail', 'mail dekont', 'mail', 'sakın', 'bddk bil']"
"['hesap', 'şifre', 'unut', 'hayali', 'deneme', 'üzeri', 'hesap', 'bloke', 'numara', 'ara', 'fakat', 'çözüm', 'ulaş', 'aynı', 'şey', 'baş', 'sar', 'dur', 'gmail', 'yenile', 'şifre', 'iste', 'yenile', 'zaten', 'şifre', 'yok', 'bloke', 'giriş', 'gerçekten', 'yardımcı', 'kaç', 'ara', 'müşteri', 'temsilci', 'bile', 'bağ', 'derece', 'ilgi', 'kalın', 'yardımcı', 'dön', 'bekle']","['hesap şifre', 'şifre unut', 'yenile şifre', 'şifre', 'hesap bloke']"
"['sakın', 'hazır', 'limit', 'kullan', 'bugün', 'dolandırıcı', 'adım', 'sanal', 'aycell', 'kart', 'müşteri', 'hizmet', 'ara', 'karşılık', 'kart', 'bayi', 'söyle', 'hazır', 'limit', 'sanal', 'kart', 'aktar', 'sonra', 'görüş', 'sadece', 'sanal', 'kart', 'kullan', 'söyle', 'hemen', 'git', 'savcı', 'şikayet', 'bulun', 'sakın', 'kimse', 'böyle', 'hata', 'düş', 'para', 'kart', 'aktar', 'sonra', 'sadece', 'i̇nternet', 'alışveriş', 'kullan', 'dikkat']","['kart müşteri', 'karşılık kart', 'kart kullan', 'kart aktar', 'para kart']"
"['sorun', 'aplikasyon', 'böyle', 'kurum', 'hizmet', 'yakış', 'geri', 'dön', 'değervermeyen', 'kurum', 'çök', 'mahkum', 'administrator', 'advisor', 'hakantüre']","['administrator advisor', 'advisor hakantüre', 'administrator', 'değervermeyen kurum', 'kurum hizmet']"
"['aycell', 'uygulmasi', 'yatırım', 'eski', 'sürüm', 'iyi', 'güncelle', 'sonra', 'verim', 'değil']","['yatırım eski', 'uygulmasi yatırım', 'yatırım', 'eski sürüm', 'güncelle sonra']"
"['merhaba', 'fatura', 'yansı', 'limit', 'kart', 'aktar', 'fatura', 'bile', 'öde', 'kapa', 'telefon', 'böyle', 'saçmalık', 'hala', 'çöz', 'sistem', 'gözük']","['telefon böyle', 'kapa telefon', 'fatura bile', 'telefon', 'fatura yansı']"
"['gerek', 'terk', 'etalmayim']","['terk etalmayim', 'etalmayim', 'gerek terk', 'terk', 'gerek']"
"['arkadaş', 'kaza', 'kazan', 'sürekli', 'puan', 'salla', 'kazan', 'dan', 'puan', 'dik', 'süreklimilleti', 'enayi', 'yerine', 'koy', 'puan', 'bile', 'birik', 'puan', 'gün', 'dol', 'siliniyorhediye', 'tamamen', 'kandirmacakoskoca', 'şirket', 'millet', 'ali', 'cengiz', 'oyun', 'yapiyoryaziklar', 'siz', 'tez', 'zaman', 'ülke', 'baş', 'yok', 'git', 'tarih', 'göm']","['cengiz oyun', 'kazan sürekli', 'ali cengiz', 'dik süreklimilleti', 'bile birik']"
"['merhaba', 'şifre', 'yenile', 'iste', 'fakat', 'posta', 'kod', 'süre', 'dol']","['şifre yenile', 'merhaba şifre', 'şifre', 'fakat posta', 'posta kod']"
"['önce', 'turkcell', 'ara', 'aycell', 'kapa', 'müşteri', 'temsilci', 'kapa', 'söyle', 'rağmen', 'hala', 'fatma', 'yansı', 'bakiye', 'yetersiz', 'mesaj', 'siz', 'dava', 'edi', 'ses', 'kayıt', 'dinle', 'gerek', 'yaptiricam', 'insan', 'hak', 'hala', 'rahat']","['söyle rağmen', 'kapa müşteri', 'yetersiz mesaj', 'siz dava', 'rağmen hala']"
"['gerçekten', 'berbat', 'hesap', 'don', 'şifre', 'yeni', 'mail', 'adres', 'numara', 'numara', 'ara', 'gerek', 'şifre', 'yenile', 'boz', 'paycel', 'eskiden', 'mail', 'adres', 'şifre', 'gir', 'şifre', 'yenile', 'yıldız', 'bile', 'eski', 'berbatcidden', 'paycel', 'boz']","['şifre yenile', 'şifre yeni', 'şifre gir', 'adres şifre', 'şifre']"
"['gün', 'geç', 'iyi', 'cıvı', 'kampanya', 'harca', 'sonra', 'katıl', 'tekrar', 'katıl', 'buton', 'doğal', 'kazanım', 'sağla', 'turkcell', 'fatura', 'dahil', 'bütün', 'fatura', 'buçuk', 'lira', 'işlem', 'ücret', 'başla', 'ayrı', 'saçmalık', 'kullan', 'üste', 'para', 'gerek', 'biz', 'üst', 'para', 'değil', 'salla', 'toplam', 'kazı', 'kazan', 'puan', 'hafta', 'sil', 'zaten', 'yavaş']","['fatura buçuk', 'ücret başla', 'fatura dahil', 'üste para', 'cıvı kampanya']"
"['kadar', 'gerek', 'yok', 'gerçekten', 'salla', 'kan', 'yıl', 'dene', 'çık', 'puan', 'sıfır', 'faiz', 'kredi', 'sıfır', 'sıfır', 'sil', 'rakam', 'bas']","['sıfır faiz', 'kredi sıfır', 'sıfır sıfır', 'puan sıfır', 'sıfır']"
"['hesap', 'don', 'şifre', 'yenile', 'iste', 'eposta', 'gönder', 'ora', 'yenile', 'numara', 'ara', 'gerek', 'kadar', 'saçma', 'şey', 'gönder', 'eposta', 'yenile', 'zor', 'sırf', 'yüz', 'uzun', 'zaman', 'kullan']","['şifre yenile', 'gönder eposta', 'eposta gönder', 'eposta yenile', 'don şifre']"
"['tos', 'iyi']","['tos iyi', 'iyi', 'tos']"
"['berbat', 'arayuzlu', 'berbat', 'turkcell', 'soğu', 'sun', 'yuzunden', 'iptal', 'başka', 'yapilabiliyo']","['turkcell soğu', 'berbat turkcell', 'berbat arayuzlu', 'arayuzlu berbat', 'yuzunden iptal']"
"['önce', 'iyi', 'şimdi', 'kötü', 'sanal', 'kar', 'yara']","['kar yara', 'şimdi kötü', 'kötü sanal', 'kötü', 'önce iyi']"
"['berbat', 'kullan', 'tavsiye', 'geçen', 'telefon', 'fatura', 'öde', 'fatura', 'fatura', 'yansı', 'üye', 'ekle', 'bilgi', 'uyarı', 'böyle', 'kafa', 'göre', 'para', 'kes']","['telefon fatura', 'fatura yansı', 'öde fatura', 'fatura fatura', 'fatura öde']"
"['kadar', 'dolandırıcı', 'şirket', 'gör', 'kazan', 'kazan', 'puan', 'kazan', 'hiçbiri', 'üstelik', 'fatura', 'yansı', 'zarar', 'şikayet', 'bulun', 'bulun', 'avukat', 'gerek', 'işlem', 'dolandırıcı', 'güven']","['dolandırıcı şirket', 'dolandırıcı güven', 'işlem dolandırıcı', 'güven', 'bulun avukat']"
"['iyi', 'değil']","['iyi değil', 'değil', 'iyi']"
"['iyi', 'değil', 'boş']","['değil boş', 'iyi değil', 'boş', 'değil', 'iyi']"
"['hesap', 'don', 'yenile', 'link', 'posta', 'saçmalık']","['posta saçmalık', 'link posta', 'hesap don', 'posta', 'hesap']"
"['kimlik', 'doğrula', 'sorun', 'tamamiyle', 'alaka', 'sürekli', 'hata', 'kötü', 'arayüz', 'var', 'sürekli', 'çık', 'gir', 'gerek', 'yıldız', 'bile', 'hakket']","['sürekli hata', 'gerek yıldız', 'hata kötü', 'yıldız bile', 'hata']"
"['nekadar', 'saçma', 'şifre', 'yen', 'yeni', 'siren', 'eski', 'siren', 'aynı', 'fark', 'şifre', 'dene', 'hepsi', 'aynı', 'cildiricam', 'inan', 'böyle', 'gör', 'hayat']","['siren aynı', 'eski siren', 'yeni siren', 'siren eski', 'hepsi aynı']"
"['abla', 'abi', 'iyi', 'şifre', 'unut', 'eposta', 'yolla', 'okey', 'hani', 'sıkıntı', 'yok', 'çoğu', 'siteuygulama', 'böyle', 'artık', 'şifre', 'unut', 'güvenlik', 'teyit', 'eski', 'şi̇fremi̇', 'yaz', 'söyle', 'ulan', 'hatırla', 'şi̇fremi̇', 'deği̇şti̇ri̇ri̇m', 'hatirlamiyorum', 'şi̇freyi̇', 'güvenlik', 'i̇çi̇n', 'eski', 'şi̇freni̇', 'yaz', 'hatırla', 'şifre', 'sifirlamak', 'i̇steyi̇m', 'deli̇rtti̇ni̇z', 'sabah', 'kör', 'insani', 'yemin', 'zaten', 'arap', 'si̇ni̇rli̇yi̇m', 'maç', 'yüz']","['şifre unut', 'şifre sifirlamak', 'hatırla şifre', 'artık şifre', 'şifre']"
"['kullan', 'iste', 'önce', 'telefon', 'kır', 'böylelikle', 'posta', 'yem', 'birçok', 'git', 'yeni', 'telefon', 'şifre', 'unut', 'posta', 'üzeri', 'yenile', 'kadar', 'saçma', 'önce', 'dene', 'sil', 'duzelmistir', 'artık', 'numara', 'üzeri', 'yenile', 'düşün', 'tam', 'fiyasko']","['telefon kır', 'telefon şifre', 'yeni telefon', 'önce telefon', 'telefon']"
"['kötü', 'hizmet', 'sun']","['kötü hizmet', 'hizmet', 'hizmet sun', 'kötü', 'sun']"
"['şifre', 'unut', 'hesap', 'don', 'sadece', 'mail', 'yenile', 'mai', 'harf', 'eksik', 'gir', 'mail', 'şifre', 'yenile', 'uzun', 'zaman', 'telefon', 'numara', 'kullan', 'şifre', 'yenile', 'giriş']","['mail şifre', 'şifre yenile', 'şifre unut', 'kullan şifre', 'şifre']"
"['tarih', 'aycell', 'kart', 'alışveriş', 'onay', 'müşteri', 'temsilci', 'görüş', 'yedinci', 'sekizinci', 'hane', 'kart', 'sorun', 'söyle', 'kart', 'iptal', 'bakiye', 'geç', 'saat', 'hat', 'aktar', 'ara', 'gün', 'geç', 'hiçbir', 'geliş', 'yok', 'müşteri', 'temsilci', 'teknik', 'ekip', 'ilgilen', 'baş', 'sav', 'böyle', 'saçmalık', 'gör', 'aycell', 'pişman', 'öğren', 'kesinlikle', 'bulaş']","['kart iptal', 'kart sorun', 'söyle kart', 'onay müşteri', 'iptal bakiye']"
"['yıldız', 'bile', 'eskiden', 'aycell', 'para', 'transfer', 'var', 'şimdi', 'pkk', 'acil', 'çöz', 'lazım']","['yıldız bile', 'yıldız', 'para transfer', 'şimdi pkk', 'transfer var']"
"['böyle', 'rezalet', 'gör', 'hafta', 'askı', 'hesap', 'şifre', 'sıfırla', 'link', 'posta', 'gir', 'hesap', 'askı', 'rezalet']","['şifre sıfırla', 'hesap şifre', 'sıfırla link', 'sıfırla', 'gör hafta']"
"['güncelle', 'bakiye', 'anlık', 'kullan', 'hata', 'böyle', 'git', 'iptal', 'edi']","['iptal edi', 'git iptal', 'iptal', 'güncelle bakiye', 'güncelle']"
"['paket', 'yüklem', 'konu', 'sıkıntı', 'var', 'kısa', 'zaman', 'düzel', 'gerek']","['paket yüklem', 'yüklem konu', 'paket', 'düzel gerek', 'yüklem']"
"['başka', 'operatör', 'geç', 'lazım', 'hiçbir', 'yara']","['operatör geç', 'başka operatör', 'hiçbir yara', 'operatör', 'geç lazım']"
"['tam', 'hediye', 'zaman', 'çök', 'böyle', 'çekiliş']","['hediye zaman', 'tam hediye', 'hediye', 'böyle çekiliş', 'zaman çök']"
"['aralık', 'yıl', 'uzun', 'gece', 'özel', 'düzenle', 'puan', 'hediye', 'kampanya', 'tam', 'rezil', 'şeref', 'dolandırıcı', 'sahtekar', 'hediye', 'giriş', 'iste', 'gir', 'engelle', 'yet', 'hediye', 'dünya', 'tıkla', 'şua', 'arıza', 'var', 'yazı', 'çık', 'kendi', 'iste', 'kişi', 'diğer', 'herkes', 'engelle', 'yazık', 'haram', 'zıkkım', 'hak', 'devlet', 'sahtekar', 'aycell', 'acil', 'yüksek', 'ceza', 'bekle']","['sahtekar hediye', 'hediye kampanya', 'şeref dolandırıcı', 'dolandırıcı sahtekar', 'devlet sahtekar']"
"['etkin', 'gün', 'güzel', 'etkin', 'var', 'siz', 'ödül', 'don', 'düşün', 'zar', 'zor', 'gir', 'phone', 'git', 'tesadüf', 'dava', 'gerek', 'siz']","['git tesadüf', 'siz ödül', 'gerek siz', 'var siz', 'siz']"
"['yıkı', 'salla', 'topla', 'kampana', 'sadece', 'puan', 'verıyo', 'dul', 'ayı', 'kupon', 'i̇nternet', 'kıl', 'ıshdhfhdndndn', 'merhaba', 'iyi', 'gün', 'hoca', 'hak', 'helal', 'hak', 'helal', 'hak', 'helal', 'hak', 'helal', 'hak', 'helal', 'hak', 'helal', 'hak', 'helal', 'hak', 'helal', 'hak', 'helal', 'hak', 'helal', 'hak', 'helal', 'hak', 'helal', 'hak', 'helal', 'hak', 'helal', 'hak', 'helal']","['kampana sadece', 'kampana', 'topla kampana', 'hak helal', 'kıl ıshdhfhdndndn']"
"['turkcell', 'sen', 'böyle', 'müşteri', 'kaybet', 'fatura', 'yansı', 'para', 'yolla', 'kaldır', 'para', 'yolla', 'gerek', 'şekil', 'fatura', 'yansı', 'siz', 'sil', 'birdaha', 'asla', 'kullanmıycan', 'asla', 'tavsiye', 'etmiycem']","['yansı para', 'kaldır para', 'müşteri kaybet', 'fatura yansı', 'kaybet fatura']"
"['herkes', 'deneme', 'lazım', 'ücret', 'ceza', 'ceza', 'yok']","['herkes deneme', 'deneme lazım', 'herkes', 'deneme', 'ceza yok']"
"['şifre', 'yenile', 'pos', 'iste', 'tabi', 'eski', 'pasta', 'kaybol', 'git', 'kod', 'neyse', 'şekil', 'yenile', 'şimdi', 'güncel', 'şifre', 'gir', 'hesap', 'don', 'lütfen', 'hesap', 'don', 'kaldır']","['şifre yenile', 'güncel şifre', 'şifre gir', 'şifre', 'hesap don']"
"['kart', 'aktarım', 'anlık', 'iptal', 'kart', 'aktarım', 'bedel', 'iade', 'i̇nsanlari', 'mağdur', 'çalış', 'böyle', 'devam', 'edinyıldızı', 'mecburiyet']","['iptal kart', 'kart aktarım', 'mağdur çalış', 'aktarım bedel', 'mağdur']"
"['şifre', 'unut', 'posta', 'gönderim', 'tıkla', 'şifre', 'yenile', 'posta', 'gönderim', 'bile']","['şifre unut', 'şifre yenile', 'tıkla şifre', 'şifre', 'posta gönderim']"
"['merhaba', 'hesap', 'don', 'şifre', 'yolla', 'düzenle', 'tlfndan', 'kaldır', 'zor', 'kal', 'iyi', 'akşamlarkolay']","['merhaba hesap', 'merhaba', 'tlfndan kaldır', 'düzenle tlfndan', 'yolla']"
"['aycell', 'artık', 'kapa', 'arkadaş', 'kadar', 'kötü', 'hal', 'bırak', 'başka', 'kart', 'para', 'gönder', 'hazır', 'limit', 'komisyon', 'öde', 'para', 'kendi', 'sanal', 'kart', 'bile', 'aktar', 'aycell', 'var', 'nere', 'öze', 'kendi', 'ağır', 'neden', 'geri', 'çek', 'bahane', 'hazır', 'müşteri', 'iyi', 'çek', 'git', 'banka', 'denetle', 'düzenle', 'kurum', 'bahane', 'sıkın', 'mantık', 'bahane']","['para gönder', 'banka denetle', 'para kendi', 'başka kart', 'kart bile']"
"['para', 'güç', 'müşteri', 'oyala', 'zaten', 'kullan', 'böyle', 'gerek']","['güç müşteri', 'müşteri', 'müşteri oyala', 'zaten kullan', 'kullan böyle']"
"['sev', 'kullan', 'ancak', 'eksik', 'belir', 'bitcoin', 'alım', 'satım', 'banka', 'para', 'transfer', 'kesinti', 'kesinti', 'miktar', 'azal', 'banka', 'aycell', 'para', 'transfer', 'para', 'geç', 'yat', 'türk', 'telekom', 'fatura', 'bura', 'öde', 'imkan', 'sun']","['belir bitcoin', 'bitcoin alım', 'bitcoin', 'satım banka', 'para geç']"
"['hazır', 'tanım', 'limit', 'kullan', 'aktar', 'böyle', 'eski', 'hal', 'iyi', 'sürekli', 'işlem', 'hata', 'dur', 'yok', 'siz', 'müşteri', 'hizmet', 'adam', 'akıl', 'yönlen']","['siz müşteri', 'müşteri', 'müşteri hizmet', 'limit kullan', 'kullan aktar']"
"['şifre', 'doğru', 'hal', 'yanlış', 'hesap', 'don', 'aycell', 'müşteri', 'hizmet', 'ara', 'telesekreter', 'var', 'bun', 'anla', 'vallahi', 'ayıp', 'şifre', 'yenile', 'eposta', 'şifre']","['eposta şifre', 'şifre yenile', 'ayıp şifre', 'şifre', 'şifre doğru']"
"['zaten', 'yarar', 'pek', 'kampanya', 'yok', 'niyet', 'faydalan', 'hafta', 'gün', 'aycell', 'puan', 'kazan', 'yer', 'var', 'toplam', 'şua', 'aycell', 'puan', 'gerek', 'aycell', 'puan', 'görün', 'sebep', 'öğren', 'tam', 'rezalet', 'hediye', 'doğru', 'düzgün', 'puan', 'yüksel']","['puan yüksel', 'pek kampanya', 'puan görün', 'puan kazan', 'puan gerek']"
"['ücret', 'hiçbir', 'hediye', 'yok', 'para', 'etkin', 'gerek', 'salla', 'kazan', 'kampanya', 'puan', 'sadece', 'hafta', 'ilk', 'kayıt', 'özel', 'hediye', 'oda', 'günlük', 'siz', 'tavsiye', 'i̇nterneti̇ni̇zi̇', 'amani', 'harca', 'tamamen', 'boş', 'düzel', 'lazım']","['kampanya puan', 'kazan kampanya', 'puan sadece', 'yok para', 'kampanya']"
"['yıldız', 'bile', 'haket', 'hesap', 'don', 'şifre', 'yenile', 'mail', 'adres', 'şifre', 'gönder', 'aycell', 'turkcell', 'durum', 'düzel']","['şifre gönder', 'şifre yenile', 'şifre', 'don şifre', 'adres şifre']"
"['sim', 'kart', 'operatör', 'değişik', 'yüz', 'bloke', 'müşteri', 'hizmet', 'ara', 'mail', 'gerek', 'mai', 'asla', 'böyle', 'adres', 'yok', 'şaka']","['mail', 'bloke müşteri', 'müşteri hizmet', 'mail gerek', 'müşteri']"
"['müşteri', 'salak', 'yerine', 'koy', 'sev', 'akıl', 'siz', 'değil', 'rezalet']","['müşteri salak', 'akıl siz', 'sev akıl', 'müşteri', 'salak yerine']"
"['yıldız', 'bile', 'hak', 'berbat', 'tasarla', 'sağol', 'giriş', 'çalış', 'hesap', 'don', 'böyle', 'saçmalık', 'güvenlik', 'ilgili', 'gerek', 'yaptırım', 'yüz', 'herkes', 'sinir', 'boz', 'düzel', 'artık']","['saçmalık güvenlik', 'herkes sinir', 'yıldız bile', 'berbat tasarla', 'böyle saçmalık']"
"['boş', 'yer', 'ödül', 'etkin', 'bile', 'adam', 'silk', 'lira', 'öde', 'illa', 'kere', 'öde', 'lazım', 'hak', 'zehir', 'zıkkım', 'kadar', 'heves', 'girdi', 'ödül', 'sen', 'para', 'nefret', 'kazan', 'bravo', 'zaten', 'çoğu', 'kişi', 'gör', 'berbat', 'bil', 'heves', 'girdi', 'kurban', 'anladımkı', 'türkiye', 'kimse', 'kimse', 'cidden', 'kısacası']","['öde illa', 'anladımkı türkiye', 'türkiye kimse', 'girdi ödül', 'ödül etkin']"
"['tam', 'anlam', 'saçma', 'neden', 'ucazabilet', 'üzeri', 'bilet', 'ücret', 'aycell', 'üzeri', 'fatura', 'yansı', 'öde', 'seçenek', 'bulun', 'öde', 'limit', 'yetersiz', 'müşteri', 'hizmet', 'ara', 'limit', 'yüksel', 'müşteri', 'hizmet', 'limit', 'yüksel', 'yeni', 'fatura', 'yeni', 'geç', 'kaç', 'fatura', 'kal', 'gerek', 'kısacası', 'siz', 'güven', 'tek', 'kelime', 'rezalet']","['yetersiz müşteri', 'öde limit', 'fatura yansı', 'üzeri fatura', 'limit yetersiz']"
"['taahhüt', 'bit', 'telefon', 'fatura', 'ayır', 'turkcell', 'finance', 'öde', 'artık', 'telefon', 'taksit', 'yanlış', 'cihaz', 'taksit', 'aycell', 'maaş', 'parti', 'bağla', 'ora', 'öde', 'i̇çi̇n', 'öde', 'çık', 'taş', 'kol', 'yor', 'tabi', 'komedi', 'kuran', 'çarp', 'lira', 'öde', 'geç', 'ders', 'yazık', 'yazık', 'iyi', 'çalış']","['öde çık', 'öde geç', 'öde artık', 'çi öde', 'fatura ayır']"
"['dolandırıcısiniz', 'dolan', 'doyamadiniz', 'kampanya', 'kampanya', 'açıklama', 'basit', 'açıkla', 'alavere', 'dalavere', 'müşteri', 'çek', 'çalış', 'etik', 'değil', 'hani', 'ilk', 'harca', 'iade', 'hangi', 'ilk', 'ilk', 'müşteri', 'harca', 'aralık', 'ayı', 'ilk', 'harca', 'belli', 'değil', 'hani', 'iade', 'git', 'nakit', 'alicengiz', 'oyun', 'böyle', 'bey', 'ancak', 'insan', 'kan', 'söz', 'tut', 'siz', 'kampanya', 'kan', 'suç']","['doyamadiniz kampanya', 'siz kampanya', 'dolandırıcısiniz dolan', 'dolandırıcısiniz', 'kampanya kan']"
"['iğrenç', 'mevcut', 'şifre', 'gir', 'rağmen', 'sürekli', 'hata', 'sonra', 'şifre', 'rock', 'yenile', 'talep', 'eski', 'şifre', 'sor', 'eski', 'şifre', 'gir', 'şifre', 'bloke', 'deyip', 'sistem', 'çağrı', 'merkez', 'kesinlikle', 'yönlen', 'müşteri', 'temsilci', 'yok', 'sadece', 'kayıp', 'çalıntı', 'birim', 'yanıt', 'şifre', 'yönlen', 'sonra', 'telefon', 'kapa', 'tek', 'puan', 'hak', 'dışındada', 'öde', 'nokta', 'bakiye', 'yetersiz', 'hata', 'sistem', 'hata']","['mevcut şifre', 'şifre gir', 'şifre yönlen', 'sonra şifre', 'eski şifre']"
"['paysell', 'hatim', 'kart', 'aktar', 'para', 'aktar', 'buda', 'fatura', 'yansitiliyor', 'böyle', 'iste', 'konu', 'çöz', 'iste']","['fatura yansitiliyor', 'buda fatura', 'para aktar', 'aktar para', 'kart aktar']"
"['sürekli', 'bura', 'puan', 'puan', 'yükle', 'kesin', 'pişman', 'aşırı', 'gerek', 'mir', 'turkcell']","['kesin pişman', 'pişman aşırı', 'pişman', 'mir turkcell', 'turkcell']"
"['i̇ğrençliğirezilliği', 'dolandırıcı', 'hediye', 'puan', 'alın', 'oyun', 'kod', 'bile', 'yansı', 'rezil', 'operatör', 'hediye', 'puan', 'oyun', 'kod', 'kullan', 'pazartesi', 'turkcell', 'aycell', 'illet', 'tamamen', 'kurtulacağımee', 'tabii', 'böyle', 'dünya', 'ülke', 'muhteşem', 'koştur', 'netice', 'karış', 'yok', 'görüş', 'yok', 'cukkala', 'baba', 'cukkala', 'rezil', 'mahlukat', 'siz']","['ğrençliğirezilliği dolandırıcı', 'mahlukat siz', 'yok cukkala', 'dolandırıcı', 'bile yansı']"
"['rezalet', 'böyle', 'yanlış', 'şifre', 'girdi', 'yad', 'oluş', 'şifre', 'sistem', 'kabul', 'yeniden', 'şifre', 'oluş', 'birgün', 'bekle', 'saçmalık', 'böyle', 'kendi', 'banka', 'san', 'banka', 'bile', 'siz', 'çıkar', 'zor', 'biz', 'çıkar', 'hayat', 'zor', 'başka', 'halt', 'yara', 'payselininize', 'kullan', 'türkselinizide', 'kullan', 'yet', 'artık', 'siz', 'başka', 'operatör', 'yok', 'zaten', 'pahalı', 'buda', 'yet', 'zor', 'çıkart', 'bıktır']","['şifre girdi', 'yanlış şifre', 'yeniden şifre', 'şifre oluş', 'şifre sistem']"
"['yara', 'eski', 'üye', 'kapa', 'şimdi', 'yeni', 'üye', 'ses', 'mail', 'dönüş', 'sağla', 'üst', 'fatura', 'paycel', 'üye', 'ücret', 'yansı', 'yat', 'yer', 'yok', 'hat', 'değiş']","['yeni üye', 'mail dönüş', 'eski üye', 'üye ücret', 'üye kapa']"
"['los', 'lig', 'android', 'ibb', 'kart', 'hazır', 'limit', 'gönder', 'rezil', 'aplikasyon', 'güncelle', 'saçma', 'sapan', 'reklam', 'resim', 'zaten', 'ekonomik', 'gelir', 'yüksek', 'birey', 'böyle', 'saçma', 'indirim', 'kovala']","['sapan reklam', 'saçma indirim', 'ibb kart', 'indirim kovala', 'reklam']"
"['saçma', 'sistem', 'para', 'dalga', 'limit', 'bird', 'şifre', 'dorum', 'yadaniyor', 'sil', 'hatta', 'engel', 'koy', 'memnun', 'kal']","['bird şifre', 'saçma sistem', 'limit bird', 'şifre dorum', 'bird']"
"['hane', 'şifre', 'oluş', 'iste', 'hane', 'şifre', 'giriş', 'koy', 'saçma', 'sapan', 'yazılım']","['şifre oluş', 'şifre giriş', 'şifre', 'hane şifre', 'sapan yazılım']"
"['yet', 'yet', 'sürekli', 'şifre', 'sürekli', 'şifre', 'şifre', 'yaramiyo', 'gir', 'şifre', 'iste', 'şifre', 'sıfırla', 'yeni', 'şifre', 'oluş', 'gerek', 'yet', 'yara', 'başka', 'kişi', 'yok', 'şifre', 'gir', 'gerek', 'sürekli', 'yeni', 'şifre', 'oluş', 'gerek', 'buda', 'bunaltı', 'kaldır', 'şifre', 'bozuntu']","['şifre sürekli', 'şifre bozuntu', 'sürekli şifre', 'şifre oluş', 'şifre sıfırla']"
"['merhabapaysell', 'kart', 'iyi', 'tek', 'sorun', 'para', 'yükle', 'bakiye', 'gözük', 'lütfen', 'düzelti']","['merhabapaysell kart', 'kart iyi', 'sorun para', 'yükle bakiye', 'para yükle']"
"['hazır', 'limit', 'aycell', 'kart', 'wifi', 'kapa', 'mobil', 'veri', 'yine', 'aynı', 'uyarı', 'meğer', 'aycell', 'giriş', 'sim', 'kart', 'telefon', 'takı', 'gerek', 'yaz', 'yerine', 'wifi', 'kapa', 'saçma', 'sapan', 'uyarı', 'hiçbir', 'şey', 'anla', 'destek', 'ekip', ""i̇nternet'iniz"", 'yokturdur', 'halt', 'bil', 'ora', 'var', 'çöz', 'kendi', 'sorun', 'hata', 'telafi', 'yerine', 'saçma', 'sapan', 'konuş', 'özür', 'bile', 'yok', 'hafta', 'uğraş']","['yerine wifi', 'kart wifi', 'wifi kapa', 'wifi', 'kart telefon']"
"['yerli', 'aycell', 'ufak', 'sıkıntı', 'sürekli', 'geliş', 'asla', 'pes', 'iyi', 'yer', 'gelecek', 'inan', 'fakat', 'aycell', 'yerli', 'kart', 'sistem', 'yakış', 'lütfen', 'trol', 'kart', 'geç', 'trol', 'kart', 'geç', 'zaman', 'aycell', 'aktif', 'kullan']","['kart geç', 'trol kart', 'yerli kart', 'geç trol', 'kart sistem']"
"['hey', 'aycell', 'kendi', ""i̇zban'ımıza"", 'başka', 'i̇banina', 'para', 'gönderemiceksek', 'i̇zban', 'para', 'gönder', 'seçenek', 'var', 'kadar', 'saçma', 'sapan', 'sistem', 'resmen', 'full', 'komisyon', 'kes', 'para', 'tuzak', 'herşey', 'komisyon', 'zaten', 'haram', 'para', 'alışık', 'zaten', 'fukara', 'yansı', 'kork', 'kadar', 'aycell', 'kendi', 'öde', 'herkes', 'aynı', 'kefe', 'koy']","['para gönderemiceksek', 'kendi öde', 'para alışık', 'para gönder', 'haram para']"
"['kredi', 'kart', 'para', 'aktar', 'hesap', 'aktar', 'artık', 'eee', 'peş', 'böyle', 'müşteri', 'kaybet', 'düzel', 'lazım', 'olay']","['kredi kart', 'müşteri kaybet', 'kredi', 'para aktar', 'böyle müşteri']"
"['saçma', 'sapan', 'önce', 'gayet', 'iyi', 'son', 'zaman', 'iyi', 'berbat', 'hal', 'şifre', 'unut', 'sıfırla', 'posta', 'adres', 'kod', 'gönder', 'lazım', 'kod', 'gün', 'sonra', 'tıkla', 'süre', 'dol', 'uyarı', 'boşuna', 'sinir']","['şifre unut', 'sıfırla posta', 'unut sıfırla', 'hal şifre', 'şifre']"
"['para', 'yükle', 'harca', 'bilgi', 'insan', 'anla', 'gün', 'dene', 'doğrula', 'falan', 'değiş', 'bişi', 'ağliycam', 'help', 'böyle', 'cins', 'kart', 'öner', 'arkadaş', 'göt', 'sok', 'yok', 'kart']","['yok kart', 'kart öner', 'bilgi insan', 'harca bilgi', 'cins kart']"
"['dil', ""i̇ngilizce'ye"", 'değiş', 'sonra', 'çalış', 'düzel', 'gerek']","['dil', 'dil ngilizce', 'değiş sonra', 'ye değiş', 'değiş']"
"['evet', 'turkcell', 'atıl', 'arkadaş', 'bat', 'demekki', 'hazır', 'limit', 'para', 'nakit', 'kullandirmiyor', 'hazır', 'limit', 'dusurmusler', 'oda', 'enyuksegi', 'elektronik', 'mümkün', 'değil', 'git', 'birparca', 'kıyafet', 'biraz', 'hazır', 'limit', 'paycel', 'kart', 'aktarincada', 'komisyon', 'nakit', 'vermiyorsunki', 'komisyon', 'çek', 'inanilirgibi', 'değil', 'vallaha', 'tefeci', 'ayak', 'üst', 'gomuyorlar', 'git', 'kredikarti', 'çıkar', 'insaf']","['nakit kullandirmiyor', 'nakit vermiyorsunki', 'kredikarti çıkar', 'git kredikarti', 'vermiyorsunki komisyon']"
"['müşteri', 'deneyim', 'sun', 'hizmet', 'kötü']","['müşteri deneyim', 'müşteri', 'hizmet kötü', 'sun hizmet', 'deneyim sun']"
"['çöp', 'tuncel', 'kot', 'uygulamsi', 'puan', 'sil', 'puan', 'var', 'i̇nternet', 'girdi', 'puan', 'kal', 'böyle', 'tam', 'oyun', 'orta', 'bitti']","['oyun orta', 'tam oyun', 'çöp tuncel', 'nternet girdi', 'girdi puan']"
"['puakraim', 'boşa', 'git', 'i̇nternet', 'böyle', 'devam', 'hat', 'iptal', 'başka', 'hatta', 'yet']","['hat iptal', 'iptal başka', 'iptal', 'boşa git', 'devam hat']"
"['yeğen', 'kullan', 'hat', 'veli', 'izin', 'gerek', 'ancak', 'sürekli', 'hata', 'komple', 'sil', 'kendi', 'hesap', 'sanal', 'kart', 'can', 'aycell', 'uğraş', 'sorun', 'var', 'öyle', 'düzel', 'sorun', 'var', 'güvenlik', 'açık', 'güven', 'düşün']","['yeğen kullan', 'güvenlik açık', 'hesap sanal', 'güvenlik', 'kendi hesap']"
"['para', 'aktar', 'süre', 'hız', 'birçok', 'indirim', 'var', 'öner']","['birçok indirim', 'indirim var', 'indirim', 'para aktar', 'süre hız']"
"['hiçbir', 'halt', 'yara', 'heleki', 'müşteri', 'hizmet', 'hesap', 'don', 'parola', 'değiş', 'yanlış', 'böyle', 'rezil', 'gör', 'birdaha', 'kimseyede', 'tavsiye']","['hizmet hesap', 'müşteri hizmet', 'hesap don', 'müşteri', 'hesap']"
"['son', 'düzenle', 'hak', 'bilgi', 'hesabi', 'askı', 'saçma', 'sapan', 'durum', 'biz', 'mağdur', 'hak', 'değil']","['biz mağdur', 'saçma sapan', 'durum biz', 'mağdur hak', 'hak değil']"
"['gir', 'posta', 'adres', 'ileti', 'anla', 'böyle', 'saçma', 'sapan', 'olmamiştir']","['sapan olmamiştir', 'böyle saçma', 'saçma sapan', 'olmamiştir', 'saçma']"
"['kadar', 'fatura', 'öde', 'hazır', 'limit', 'kafa', 'göre', 'kural', 'koy', 'iyi', 'sıva', 'eski', 'dönüş', 'kimse', 'kullan', 'öyle', 'kal', 'şua', 'bakiye', 'para', 'var', 'çek', 'rezil', 'diz', 'boy']","['kadar fatura', 'fatura öde', 'öde hazır', 'bakiye para', 'öde']"
"['hiçbirşey', 'iyi', 'değil']","['hiçbirşey iyi', 'iyi değil', 'hiçbirşey', 'değil', 'iyi']"
"['iyi', 'kötü']","['iyi kötü', 'kötü', 'iyi']"
"['baki', 'ulaş', 'sürekli', 'sürekli', 'hata', 'gerek', 'bibuygulama']","['sürekli hata', 'hata gerek', 'ulaş sürekli', 'gerek bibuygulama', 'hata']"
"['eksik', 'var']","['eksik var', 'eksik', 'var']"
"['berbat', 'tane', 'sim', 'kart', 'bloke', 'koy', 'kalk', 'sanal', 'kart', 'sürekli', 'hata', 'kampanya', 'genel', 'saçma', 'sapan', 'şey', 'hediye', 'dünya', 'para', 'kazan', 'imkan', 'başla']","['kart sürekli', 'sim kart', 'hata kampanya', 'dünya para', 'sanal kart']"
"['önce', 'banka', 'hesap', 'aktar', 'para', 'hekim', 'yok', 'artık', 'turkcell', 'kullanniycam', 'başka', 'operetara', 'gece', 'iyi', 'beter']","['kullanniycam başka', 'operetara gece', 'operetara', 'yok artık', 'başka operetara']"
"['üst', 'dursun', 'i̇ldiz', 'para', 'transfer', 'işlem', 'berbat', 'öte', 'ömür', 'böyle', 'kötü', 'gör', 'sürekli', 'karşı', 'banka', 'transfer', 'zaman', 'minimum', 'sonra', 'hesap', 'düş', 'bugün', 'tekrar', 'para', 'transfer', 'saat', 'para', 'hesap', 'düş']","['banka transfer', 'hesap düş', 'transfer zaman', 'tekrar para', 'karşı banka']"
"['böyle', 'hayat', 'saçmalık', 'gör', 'hangi', 'çağ', 'yaşa', 'aycell', 'limit', 'tanımla', 'ilan', 'aktar', 'siz', 'para', 'tane', 'turkcell', 'üzeri', 'başka', 'başka', 'bayi', 'geç']","['çağ yaşa', 'aycell limit', 'böyle hayat', 'limit', 'tane turkcell']"
"['veli', 'beyan', 'forum', 'dol', 'numara', 'hata', 'eksik', 'ses', 'bile', 'müşteri', 'hizmet', 'ara', 'yan', 'turkcell', 'bayi', 'var', 'ora', 'bak', 'yar', 'belli', 'bile', 'değil']","['eksik', 'bile müşteri', 'hata eksik', 'forum dol', 'beyan forum']"
"['giriş', 'iste', 'telefon', 'şifre', 'iyi', 'gerek', 'git', 'alt', 'yapı', 'kötü']","['telefon şifre', 'şifre iyi', 'şifre', 'telefon', 'iste telefon']"
"['rezil', 'para', 'koy', 'söz', 'hesap', 'doğru', 'ancak', 'harca', 'iletişim', 'merkez', 'git', 'gerek', 'para', 'içeri', 'kal', 'para', 'faiz', 'kazan', 'siz', 'mal', 'mal', 'bak', 'böyle', 'gerek', 'varit', 'tavsiye', 'paralizi', 'çek', 'cep', 'dursun', 'gerek', 'harca', 'aycell', 'sen', 'son', 'söz', 'sen', 'dogrulayacagin', 'kimlik', 'taah', 'siz', 'lanet', 'i̇nternet', 'kablo', 'kes', 'yok']","['para içeri', 'gerek para', 'siz lanet', 'para faiz', 'cep dursun']"
"['kart', 'lira', 'var', 'biber', 'harca', 'fatura', 'öde', 'hepsiburada', 'şok', 'harca', 'sil', 'tekrar', 'yükle', 'sefer', 'bildirimgelcek', 'gir', 'kullanmıycam', 'artık', 'transfer', 'kalk', 'boz', 'iyi']","['fatura öde', 'bildirimgelcek gir', 'öde hepsiburada', 'gir kullanmıycam', 'harca fatura']"
"['turkcell', 'birlik', 'insan', 'devam', 'dolandır', 'devam', 'fatura', 'takip', 'saçma', 'sapan', 'ücret', 'fatura', 'yansı', 'biz', 'paşa', 'paşa', 'öde', 'çoğu', 'kişi', 'fatura', 'fark', 'bile', 'insan', 'böyle', 'böyle', 'dolandır', 'ara', 'operatör', 'hat', 'devam', 'bekle', 'kalite', 'sıfır', 'şekil', 'operatör', 'bağla']","['fatura yansı', 'fatura fark', 'kişi fatura', 'ücret fatura', 'paşa öde']"
"['gönder', 'henüz', 'geliş', 'yok', 'güncelle', 'gerek']","['yok güncelle', 'güncelle gerek', 'güncelle', 'gönder henüz', 'gönder']"
"['merkez', 'banka', 'görüş', 'vazgeç', 'hangi', 'çağ', 'eski', 'sistem', 'geri', 'dönünnakit', 'çeki', 'kapa', 'saçma', 'konu', 'turkcell', 'yetkili', 'sorun', 'çöz', 'bekle', 'bakiye', 'hiçbir', 'fatura', 'yet', 'böyle', 'git', 'turkcell', 'hat', 'i̇nternet', 'abone', 'sonlandıracagim', 'binlerce', 'üye', 'var']","['konu turkcell', 'git turkcell', 'turkcell', 'dönünnakit çeki', 'abone sonlandıracagim']"
"['ilk', 'kullan', 'kredi', 'kart', 'ekle', 'nakit', 'işlem', 'devam', 'eksik']","['kredi kart', 'kullan kredi', 'kredi', 'kart ekle', 'nakit işlem']"
"['memnun', 'değil', 'yer', 'mesaj', 'gönder', 'iste', 'engelle', 'hedef', 'ulaş', 'lütfen', 'abone', 'çıkar', 'iste']","['abone çıkar', 'mesaj gönder', 'lütfen abone', 'yer mesaj', 'abone']"
"['sakın', 'üye', 'rezil', 'başka', 'değil', 'atik', 'para', 'dekont', 'bile', 'öner', 'git']","['sakın üye', 'para dekont', 'sakın', 'öner git', 'bile öner']"
"['önce', 'kulaniyorum', 'iyi', 'takip', 'gün', 'hesap', 'para', 'kes', 'problem', 'yaşa', 'muhatap', 'bul', 'yazık', 'kurum']","['hesap para', 'gün hesap', 'hesap', 'takip gün', 'muhatap bul']"
"['müşteri', 'hizmet', 'ulaş', 'kadar', 'zor', 'şifre', 'yenile', 'iste', 'posta', 'link', 'mesaj', 'yarın', 'ilk', 'aycell', 'tamamen', 'kapa']","['şifre yenile', 'şifre', 'zor şifre', 'mesaj yarın', 'mesaj']"
"['merhaba', 'gün', 'önce', 'kadar', 'sorun', 'kullan', 'fakat', 'dün', 'itibaren', 'giriş', 'şifre', 'saat', 'sonra', 'gönder', 'hata', 'dur', 'kendi', 'şifre', 'doğru', 'rağmen', 'kabul', 'acil', 'dönüş', 'öde', 'işlem', 'gerek', 'iyi', 'gün']","['şifre saat', 'giriş şifre', 'şifre', 'şifre doğru', 'kendi şifre']"
"['aycell', 'pişman', 'sadece', 'para', 'yükle', 'kadar', 'uzun', 'sür', 'normal', 'gün', 'normal', 'saat', 'para', 'anla', 'para', 'eksik', 'yükle', 'bilgi', 'kendi', 'kendi', 'para', 'git', 'pokus', 'kullan', 'iyi', 'aycell', 'yetkili', 'git', 'koku', 'kullanım', 'eksik', 'gör']","['para eksik', 'sadece para', 'kendi para', 'aycell pişman', 'eksik yükle']"
"['arkadaş', 'payne', 'yıl', 'kullan', 'siz', 'temin', 'memnun', 'değil', 'heleki', 'merkez', 'banka', 'son', 'düzenle', 'sonra', 'nakit', 'çek', 'durum', 'orta', 'kalk', 'sorun', 'yasadiginizda', 'çözüm', 'süreç', 'siz', 'saat', 'süre', 'iste', 'süreç', 'hafta', 'son', 'süreç', 'oldukça', 'uza', 'uza', 'duru', 'önem', 'ciddi', 'çözüm', 'süreç', 'işle', 'inşallah', 'yaz', 'önce', 'oku', 'sonra', 'kullan', 'iste']","['sorun yasadiginizda', 'yasadiginizda çözüm', 'sonra nakit', 'yıl kullan', 'son süreç']"
"['aycell', 'fatura', 'yansı', 'adam', 'asma', 'oyun', 'kin', 'yuki', 'üstelik', 'ücret', 'fatura', 'yansitildi', 'mail', 'ekran', 'goruntuleri', 'var', 'bird', 'mail', 'tip', 'böyle', 'işlem', 'gemi', 'yok', 'böyle', 'muhteri', 'ilgilen']","['fatura yansı', 'fatura yansitildi', 'aycell fatura', 'yansitildi mail', 'ücret fatura']"
"['güncelle', 'soli', 'sürekli', 'hata', 'dur', 'kart', 'ekli', 'gözük', 'puan', 'topla', 'gün', 'sonra', 'gözük', 'anla', 'eski', 'hal', 'bin', 'kat', 'iyi']","['sürekli hata', 'kart ekli', 'dur kart', 'anla eski', 'hata dur']"
"['veli', 'beyan', 'ekran', 'çık', 'hat', 'genç', 'turkcell', 'kız', 'kullan', 'kendi', 'bilgi', 'gir', 'bilgi', 'kontrol', 'kim', 'bilgi', 'gir', 'anla', 'saçma', 'fatura', 'öde', 'para', 'işlem', 'yardım', 'masa', 'müşteri', 'hizmet', 'hepsi', 'ulaş', 'çare', 'yok', 'puan', 'artık', 'kullan', 'gerek', 'yok']","['turkcell kız', 'kız kullan', 'gir bilgi', 'masa müşteri', 'kendi bilgi']"
"['şifre', 'yenile', 'mail', 'mai', 'numara', 'ara', 'ara', 'işlem', 'şifre', 'gir', 'şifre', 'bil', 'zaten', 'sen', 'ara', 'şüphe', 'işlem', 'müşteri', 'hizmet', 'bağ', 'kadın', 'yüz', 'kapa', 'ağız', 'yaya', 'yaya', 'konuş', 'turkcell', 'mahalle', 'bakkal', 'dön', 'yazık']","['gir şifre', 'şifre gir', 'şifre bil', 'şifre yenile', 'şifre']"
"['herzaman', 'ilan', 'transfer', 'şua', 'hazır', 'limit', 'kullan', 'yükle', 'bakiye', 'para', 'transfer', 'uyarı', 'herzaman', 'oku', 'limit', 'yenile', 'sıfır', 'yok', 'sil', 'git', 'bird', 'yeni', 'reklam', 'çek', 'tabi', 'yükle', 'iste', 'kart', 'iste', 'değil', 'kes', 'düşün']","['transfer uyarı', 'limit yenile', 'limit kullan', 'reklam çek', 'yenile sıfır']"
"['kesinlikle', 'tavsiye', 'mağdur', 'şöyle', 'kart', 'para', 'yükle', 'yarım', 'saat', 'önce', 'hesap', 'geç']","['şöyle kart', 'hesap geç', 'yarım saat', 'yükle yarım', 'tavsiye mağdur']"
"['yeni', 'kurt', 'koy', 'şifre', 'gir', 'şifre', 'sıfırla', 'iste', 'gün', 'bekle', 'val', 'kur', 'kaldır', 'ileri', 'sıkıntı', 'kimbilir', 'yaşa', 'pes', 'doğru']","['şifre sıfırla', 'şifre gir', 'gir şifre', 'koy şifre', 'sıfırla iste']"
"['trendyol', 'öde', 'banka', 'tarafından', 'fed', 'lira', 'para', 'çek', 'para', 'pul', 'son', 'team', 'oyun', 'sadece', 'ora', 'harca', 'hesap', 'kapa', 'gerek', 'yok']","['para çek', 'çek para', 'öde banka', 'hesap kapa', 'harca hesap']"
"['son', 'hafta', 'aysel', 'öde', 'oyun', 'iki', 'iste', 'veli', 'beyan', 'onay', 'iste', 'yasin', 'bugün', 'kadar', 'böyle', 'sorun', 'yok', 'duzeltecegim']","['son hafta', 'öde oyun', 'iki iste', 'oyun iki', 'bugün kadar']"
"['yeni', 'hat', 'telefon', 'numara', 'güncelle', 'çalış', 'koy', 'şifre', 'iste', 'birçok', 'doğru', 'şifre', 'gir', 'rağmen', 'telefon', 'numara', 'güncelle', 'sonunda', 'güncelle', 'ancak', 'hesap', 'don']","['numara güncelle', 'şifre gir', 'şifre', 'doğru şifre', 'şifre iste']"
"['son', 'güncelle', 'sonra', 'boş', 'gerek']","['son güncelle', 'güncelle sonra', 'sonra boş', 'güncelle', 'boş gerek']"
"['gerçekten', 'berbat', 'hal', 'önce', 'böyle', 'değil', 'herşey', 'batır', 'sadece', 'para', 'kopar', 'saçma', 'sapan', 'şey', 'getir', 'gerçekten', 'iğrenç', 'hal', 'dönüş', 'yıldız', 'değil', 'çeyrek', 'yıldız', 'bile', 'değil', 'sırf', 'yorum', 'yayınla']","['kopar saçma', 'gerçekten berbat', 'saçma sapan', 'yıldız değil', 'yıldız bile']"
"['değer', 'müşteri', 'aycell', 'kart', 'hesap', 'işlem', 'detay', 'incele', 'kurum', 'risk', 'politika', 'gerek', 'hesap', 'kullanım', 'kapa', 'saygı', 'aycell', 'bak', 'şikayet', 'hesap', 'kapa', 'haber', 'böyle', 'kurum', 'firma', 'yakış']","['şikayet hesap', 'değer müşteri', 'hesap kullanım', 'kart hesap', 'hesap işlem']"
"['baş', 'takıl', 'aycell', 'puan', 'çık', 'tekrar', 'giriş', 'don', 'takı', 'kal', 'öyle', 'böyle', 'rezalet']","['böyle rezalet', 'puan çık', 'çık tekrar', 'çık', 'tekrar giriş']"
"['iban', 'para', 'transfer', 'fatura', 'öde', 'lira', 'para', 'görün', 'şekil', 'işlem', 'böyle', 'devam', 'fatura', 'öde', 'sonra', 'tarife', 'iptal', 'para', 'kullan', 'sonra', 'şey', 'anlam', 'yok']","['fatura öde', 'transfer fatura', 'iptal para', 'öde sonra', 'devam fatura']"
"['hiçbir', 'yara', 'sabah', 'beri', 'kart', 'insan', 'insan', 'çıkar']","['beri kart', 'sabah beri', 'hiçbir yara', 'yara sabah', 'insan çıkar']"
"['cihaz', 'cihaz', 'roos', 'güvenlik', 'alaka', 'uyar', 'engel', 'böyle', 'gelir', 'kötü', 'yorum']","['cihaz cihaz', 'cihaz roos', 'cihaz', 'güvenlik alaka', 'güvenlik']"
"['kimse', 'öner', 'hazır', 'limit', 'kart', 'aktar', 'tutar', 'artık', 'nakit', 'kullan', 'güncelle', 'sonra', 'berbat', 'hazır', 'limit', 'iste', 'kullan', 'anlam', 'vaki', 'kullan', 'halbuki', 'sürekli', 'kullan', 'öde', 'aksat', 'yıl', 'turkcell', 'müşteri', 'yıl', 'aycell', 'kullan', 'zaten', 'haziran', 'güncelle', 'kötü', 'saye', 'kötü', 'artık', 'kullan', 'kimse', 'öner']","['limit kart', 'kullan öde', 'artık nakit', 'müşteri yıl', 'öde aksat']"
"['müşteri', 'hizmet', 'iyi', 'değil', 'işlem']","['müşteri hizmet', 'müşteri', 'hizmet', 'hizmet iyi', 'iyi değil']"
"[""i̇zban'a"", 'para', 'transfer', 'sırf', 'kullan', 'artık', 'kullan', 'anlam', 'kal', 'turkcell', 'gene', 'müşteri', 'şekil', 'memnun', 'kısa', 'süre', 'eski', 'sistem', 'geri', 'dön', 'zira', 'avantaj', 'kal', 'gerek', 'yer', 'fatura', 'yüz', 'lira', 'yansı', 'vallahi', 'pes']","['fatura yüz', 'zban para', 'yer fatura', 'sistem geri', 'para transfer']"
"['şifre', 'unut', 'hesap', 'eski', 'telefon', 'git', 'şifre', 'yenile', 'düzeltirmisnz', 'artık', 'yet']","['şifre unut', 'şifre yenile', 'git şifre', 'şifre', 'eski telefon']"
"['veli', 'beyan', 'var', 'veli', 'onay', 'mesaj', 'celse', 'mesaj', 'gönder', 'kart', 'kal', 'hesap', 'yara', 'kullan', 'papara', 'tos', 'kullan', 'iyi']","['gönder kart', 'celse mesaj', 'mesaj gönder', 'mesaj celse', 'onay mesaj']"
"['herhangi', 'şifre', 'harf', 'başla', 'google', 'hesap', 'iste', 'biz', 'böyle', 'hesap', 'yoikk', 'şifre']","['google hesap', 'herhangi şifre', 'şifre', 'başla google', 'google']"
"['paycele', 'gir', 'güvenlik', 'neden', 'son', 'hata', 'böyle']","['güvenlik neden', 'gir güvenlik', 'güvenlik', 'neden son', 'son hata']"
"['düzen', 'öde', 'rağmen', 'online', 'ilan', 'aktar', 'yine', 'sıkıntı', 'yaşa', 'lazım', 'olacagi', 'zaman', 'sistem', 'problem', 'limit', 'kullan', 'hayır', 'bedavadan']","['rağmen online', 'problem limit', 'limit kullan', 'öde rağmen', 'düzen öde']"
"['cnet', 'password', 'zor', 'lig', 'aycell', 'application', 'not', 'sare', 'you', 'password', 'with', 'anyon', 'böyle', 'mesaj', 'bilgi', 'dahil', 'değil']","['cnet password', 'password zor', 'password with', 'password', 'you password']"
"['gerizekalı', 'herif', 'madem', 'güncelle', 'hala', 'ilan', 'transfer', 'seçenek', 'var', 'böyle', 'mümkün', 'değil', 'seçenek', 'hala', 'var']","['transfer seçenek', 'ilan transfer', 'seçenek hala', 'transfer', 'madem güncelle']"
"['kadar', 'saçma', 'kadar', 'gerek', 'gordugunu', 'iddia', 'gör', 'gör', 'aycell', 'nakit', 'para', 'ihtiyaç', 'fatura', 'öde', 'kapa', 'para', 'yükle', 'kendi', 'banka', 'hesap', 'gönder', 'rağmen', 'geri', 'gönder', 'deni', 'para', 'aycell', 'kart', 'tam', 'saat', 'sacmalikla', 'ugrasiyorum', 'kadar', 'gerek', 'sacmasin', 'turkcell', 'allah']","['fatura öde', 'öde kapa', 'kendi banka', 'fatura', 'gönder rağmen']"
"['bugün', 'şifre', 'yenile', 'şifre', 'yenile', 'şifre', 'sonra', 'hata', 'hesap', 'askı', 'allah', 'bela', 'siz', 'tek', 'doğru', 'yok', 'akıl', 'yan', 'siz', 'alışveriş', 'siz', 'eşek', 'yük', 'para', 'kazan']","['şifre sonra', 'bugün şifre', 'şifre yenile', 'yenile şifre', 'şifre']"
"['kart', 'bakiye', 'bilgi', 'yükle', 'hata', 'hazır', 'limit', 'aktar', 'iste', 'uygun', 'kart', 'bulun', 'hatasıbirkaç', 'deneme', 'düzel', 'sefer', 'veli', 'onay', 'ekran', 'izin', 'gerek', 'uyarı', 'çık', 'dakika', 'bile', 'sür', 'işle', 'saat', 'uğraş']","['kart bakiye', 'kart bulun', 'uygun kart', 'hazır limit', 'limit aktar']"
"['son', 'yüksek', 'limit', 'bira', 'tein', 'düş', 'böyle', 'anla', 'fatura', 'gecik', 'oysa']","['fatura gecik', 'anla fatura', 'yüksek limit', 'bira tein', 'son yüksek']"
"['arkadaş', 'lütfen', 'uzak', 'dur', 'türk', 'başla', 'güya', 'iyi', 'dolandır', 'şey', 'komisyon', 'alan', 'kadar', 'rezil', 'firma', 'gör', 'dışarı', 'dolandırıcı', 'ara', 'açık', 'açık', 'insan', 'dolandır', 'komisyon', 'işlem', 'iptal', 'iade', 'işlem', 'bile', 'hesap', 'para', 'geri', 'çek', 'gönder', 'harca', 'iste', 'sürekli', 'yer', 'sistem', 'hata', 'dur', 'para', 'hesap', 'kal', 'öyle', 'uzak', 'dur', 'pişman']","['komisyon alan', 'komisyon işlem', 'dolandır komisyon', 'şey komisyon', 'dolandırıcı ara']"
"['para', 'aktarım', 'kimlik', 'doğrula', 'sonra', 'başka', 'biri', 'isim', 'numara', 'profil', 'bilgi', 'oluş', 'yüz', 'para', 'aktarım', 'kampanya', 'katılım', 'zaten', 'turkcell', 'bayii', 'çalış', 'ilgi', 'böyle', 'kullan', 'iyi', 'berbat', 'sistem']","['aktarım kimlik', 'kimlik doğrula', 'para aktarım', 'kimlik', 'isim numara']"
"['halt', 'yara', 'sakın', 'kullan', 'sakin', 'hesakaldıya', 'böyle', 'program', 'allah', 'bil', 'herşey', 'ugrastirirmi', 'insan', 'illa', 'bayii', 'git', 'kimlik', 'doğrula', 'lazım', 'telefon', 'yanlış', 'para', 'cekebiliyom', 'kullan', 'kart', 'dahi', 'illa', 'bayi', 'git', 'kimlik', 'doğrula', 'olcakmis', 'yaa', 'çek', 'san', 'meğer', 'çek', 'tavsiye', 'funda', 'sakın', 'kullan', 'bin', 'pişman']","['kimlik doğrula', 'git kimlik', 'sakın kullan', 'cekebiliyom kullan', 'çek tavsiye']"
"['dolandırıcı', 'siz', 'haber', 'abone', 'sağla', 'fatura', 'para', 'yansı', 'yükle', 'bile', 'hata']","['abone sağla', 'dolandırıcı siz', 'sağla fatura', 'fatura para', 'para yansı']"
"['kötü', 'kendi', 'eksik', 'hata', 'yuzunden', 'özellikle', 'güncelle', 'sonra', 'sorun', 'hat', 'lira', 'banka', 'hesap', 'aktar', 'eri', 'git', 'aycell', 'son', 'kullan', 'sorun', 'hallet', 'hat', 'ait', 'paycellide', 'kapa', 'artık', 'fazla', 'komisyon', 'kap', 'kendi', 'salak', 'yerine', 'koy']","['hata yuzunden', 'eksik hata', 'banka hesap', 'fazla komisyon', 'hesap aktar']"
"['altı', 'üst', 'sanal', 'kart', 'kullan', 'turkcell', 'bayi', 'git', 'kimlik', 'doğrula', 'zor', 'saçma', 'eski', 'hal', 'geri', 'dön', 'keşke', 'yıldız', 'herkes', 'hak']","['kullan turkcell', 'keşke yıldız', 'turkcell', 'yıldız herkes', 'sanal kart']"
"['memnun', 'değil', 'böyle', 'giriş', 'dahi', 'dün', 'beri', 'dene', 'yok', 'kısaç', 'berbatttt']","['kısaç berbatttt', 'memnun değil', 'dene yok', 'dün beri', 'dahi dün']"
"['bağ', 'kart', 'değiş', 'sıkıntı', 'var', 'çöz', 'sanal', 'kart', 'kapa', 'sıkıntı', 'var', 'çöz', 'iyi', 'fakat', 'düzel', 'gerek', 'husus', 'var', 'oda', 'biri', 'ilan', 'üzeri', 'transfer', 'işba', 'yaz', 'karşı', 'kişi', 'soyadı', 'otomotiv', 'sistem', 'algıla', 'diğer', 'husus', 'kendi', 'ait', 'ilan', 'kımız', 'gerek', 'çöz', 'iyi']","['kart değiş', 'bağ kart', 'değiş sıkıntı', 'husus var', 'sanal kart']"
"['arkadaş', 'pişman', 'can', 'iste', 'kart', 'bloke', 'koy', 'kendi', 'yatır', 'para', 'şekil', 'kullan', 'işlem', 'türev', 'var', 'turkcell', 'sağlam', 'düşün', 'sakın', 'kullan', 'sonra']","['kendi yatır', 'pişman can', 'yatır para', 'arkadaş pişman', 'koy kendi']"
"['yer', 'koy', 'allah', 'bela', 'para', 'atık', 'para', 'kondu']","['para atık', 'atık para', 'atık', 'koy allah', 'yer koy']"
"['saçma', 'kart', 'ininal', 'iyi', 'kal', 'şifre', 'unut', 'değiş', 'çalış', 'eposta', 'gönder', 'gün', 'git', 'eposta', 'yok']","['git eposta', 'şifre unut', 'saçma kart', 'eposta yok', 'eposta gönder']"
"['puan', 'bile', 'fazla', 'siz', 'biçim', 'böyle', 'para', 'gönder', 'mesai', 'saat', 'dış', 'saçmalık', 'var', 'dış', 'yok', 'yükle', 'limit', 'hal', 'limit', 'yok', 'kendi', 'para', 'rezil', 'resmen']","['böyle para', 'kendi para', 'para gönder', 'limit yok', 'bile fazla']"
"['kullan', 'kart', 'para', 'yükle', 'iste', 'sıkıntı', 'yükle', 'başka', 'yer', 'öde', 'çalış', 'limit', 'koy', 'henüz', 'kimlik', 'doğrula', 'para', 'bura', 'kal', 'can', 'program', 'para', 'kazan', 'ahlak', 'yöntem', 'sahtekar', 'kap']","['kullan kart', 'doğrula para', 'kimlik doğrula', 'yer öde', 'yöntem sahtekar']"
"['önce', 'güzel', 'limit', 'alışveriş', 'kullan', 'hazır', 'limit', 'yok', 'neyse', 'böyle', 'iyi', 'yeni', 'arayüz', 'iyi', 'değil', 'sil', 'süre', 'sonra', 'yara']","['iyi değil', 'limit yok', 'güzel limit', 'alışveriş kullan', 'sonra yara']"
"['kaotik', 'sorun', 'yumak', 'ibaret', 'hesap', 'para', 'yükle', 'iste', 'limit', 'üzeri', 'yükle', 'alaka', 'ekran', 'uyarı', 'bilgi', 'çağrı', 'merkez', 'ara', 'kimlik', 'doğrula', 'limit', 'sorun', 'bit', 'öre', 'kimlik', 'doğrula', 'ayrı', 'sorun', 'çağrı', 'merkez', 'ses', 'şifre', 'gir', 'rağmen', 'illa', 'kayıt', 'telefon', 'ara', 'gerek', 'yok', 'yardımcı', 'alışveriş', 'iptal', 'sonra', 'iade', 'tutar', 'uzun', 'süre', 'hesap', 'geç']","['kaotik sorun', 'limit sorun', 'sorun çağrı', 'kayıt telefon', 'kaotik']"
"['puan', 'kullan', 'hemen', 'sorun', 'çöz', 'iyi']","['puan kullan', 'hemen sorun', 'kullan hemen', 'çöz iyi', 'hemen']"
"['birey', 'sor', 'paysell', 'hazır', 'limit', 'çek', 'fatura', 'beraber', 'fatura', 'son', 'öde', 'gün', 'geç', 'geçen', 'hazır', 'limit', 'art', 'gerek', 'sürekli', 'düş', 'şikayet']","['öde gün', 'fatura son', 'çek fatura', 'son öde', 'fatura beraber']"
"['para', 'gönder', 'iyi', 'değil']","['para gönder', 'iyi değil', 'değil', 'gönder iyi', 'gönder']"
"['kupon', 'gör', 'konu', 'ilgili', 'mail', 'sorun', 'çöz', 'şekil', 'dönüş', 'ancak', 'düzel', 'hiçbir', 'yok', 'acilen', 'yeni', 'güncelle', 'gerek']","['mail sorun', 'mail', 'ilgili mail', 'kupon', 'kupon gör']"
"['aycell', 'sadece', 'turkcell', 'paket', 'keşke', 'başka', 'hat', 'paket', 'yükle', 'bil', 'güzel']","['turkcell paket', 'sadece turkcell', 'turkcell', 'paket keşke', 'hat paket']"
"['artık', 'iyi', 'sık', 'başla', 'düzen', 'öde', 'rağmen', 'sürekli', 'hazır', 'limit', 'düş', 'ara', 'ikna', 'sebep', 'yokzaten', 'hazır', 'limit', 'yok', 'yokum']","['limit düş', 'limit yok', 'öde rağmen', 'hazır limit', 'rağmen sürekli']"
"['şifre', 'yenile', 'hane', 'şifre', 'oluş', 'gir', 'hane', 'iste', 'devir', 'hata', 'böyle', 'cevap', 'yazın', 'yorum', 'bile', 'oku', 'bak', 'bak', 'gir', 'bas', 'şifre', 'kabul', 'zaten']","['şifre oluş', 'şifre yenile', 'şifre', 'şifre kabul', 'bas şifre']"
"['yeni', 'güncelle', 'boz', 'katıl', 'kampanya', 'gözük', 'eski', 'arayüz', 'iyi', 'hata', 'biz', 'ulaş', 'kısım', 'falan', 'yok', 'nere', 'hata', 'bildiri']","['kampanya gözük', 'hata biz', 'katıl kampanya', 'güncelle boz', 'kampanya']"
"['kötü', 'şifre', 'yenile']","['kötü şifre', 'şifre yenile', 'şifre', 'kötü', 'yenile']"
"['güvenlik', 'hesap', 'don', 'düzel', 'yad', 'türk', 'vaz', 'geç', 'kardeş', 'böyle', 'sacmalikmi', 'olursifre', 'doğru', 'hal', 'iki', 'şifre', 'hayali']","['güvenlik hesap', 'şifre hayali', 'şifre', 'iki şifre', 'sacmalikmi olursifre']"
"['kesinlikle', 'memnun', 'değil', 'öde', 'ayrıca', 'aracı', 'para', 'kes', 'ücret', 'iyi']","['ücret iyi', 'değil öde', 'öde ayrıca', 'öde', 'ücret']"
"['tuhaf', 'fazla', 'hizmet', 'sun', 'çoğu', 'para', 'mesela', 'faiz', 'kredi', 'hikaye', 'gir', 'matah', 'limit', 'kart', 'oluş', 'limit', 'kart', 'aktar', 'deyi', 'işlem', 'para', 'iste', 'para', 'amaç']","['faiz kredi', 'kredi hikaye', 'kredi', 'limit kart', 'mesela faiz']"
"['böyle', 'aptal', 'gör', 'fatura', 'öde', 'rağmen', 'hazır', 'limit', 'kullan', 'yardım', 'ara', 'adet', 'mail', 'hala', 'çözüm', 'kavuş', 'değil']","['öde rağmen', 'mail hala', 'adet mail', 'fatura öde', 'mail']"
"['telefon', 'dahi', 'kur', 'kadar', 'yavaş', 'vazgeç', 'artın', 'gerek', 'bugün', 'eylülyine', 'deneyim', 'sonuç', 'aynıyüklenmiyor']","['telefon dahi', 'telefon', 'sonuç aynıyüklenmiyor', 'yavaş vazgeç', 'kadar yavaş']"
"['giriş', 'önce', 'böyle', 'değil']","['böyle değil', 'giriş önce', 'önce böyle', 'değil', 'önce']"
"['mrı', 'aycell', 'aile', 'günaydın', 'yaaa', 'hesap', 'yukarı', 'çık', 'lütfen', 'rica', 'limit', 'yüksel', 'siz', 'kadar', 'dolandırıcı', 'türkiye', 'cumhuriyet', 'toprak', 'ara', 'öyle', 'dolandırıcı', 'yok', 'fatura', 'yatır', 'çık', 'limit', 'baş', 'koy', 'zaten', 'kal', 'turkcell', 'sik', 'siz', 'zengin', 'başka', 'operatör', 'zengin']","['türkiye cumhuriyet', 'dolandırıcı türkiye', 'türkiye', 'fatura yatır', 'turkcell sik']"
"['i̇stanbul', 'kart', 'yüklem', 'işlem', 'tamamla', 'kart', 'telefon', 'yaklaş', 'işlem', 'tamamla', 'gerek', 'hata']","['kart telefon', 'kart yüklem', 'tamamla kart', 'telefon yaklaş', 'telefon']"
"['önce', 'sık', 'kullan', 'fakat', 'son', 'güncelle', 'sonra', 'nefret', 'adeta', 'böyle', 'paket', 'yükle', 'nakit', 'aktar', 'allah', 'bela']","['sonra nefret', 'kullan fakat', 'nefret adeta', 'nefret', 'böyle paket']"
"['öde', 'kredi', 'öde', 'gir', 'hata', 'böyle']","['kredi öde', 'öde kredi', 'gir hata', 'hata böyle', 'öde gir']"
"['sene', 'kullan', 'güzel', 'hala', 'düzel', 'bekle', 'aksak', 'var', 'mesela', 'kazan', 'i̇stanbul', 'kart', 'para', 'yönlen', 'sayfa', 'kupon', 'süre', 'dol', 'üzere', 'sonra', 'kampanya', 'katıl', 'kampanya', 'baş', 'önemli̇si̇', 'neredeyse', 'sene', 'boyunca', 'aycell', 'kart', 'tam', 'hazır', 'li̇mi̇ti̇mi̇n', 'hepsi̇ni̇', 'çekebi̇li̇rken', 'şi̇mdi̇', 'hepsi̇ni̇', 'çek', 'ki̇mli̇k', 'güçlendi̇rmesi̇', 'i̇steni̇yor', 'şua', 'kadar', 'gör', 'eksik', 'bira', 'önce', 'düzel', 'rica']","['sonra kampanya', 'kupon süre', 'kampanya baş', 'kampanya', 'sene kullan']"
"['temas', 'özellik', 'başla', 'kart', 'öde', 'kasa', 'temas', 'şifre', 'hata', 'lanet', 'firma', 'sene', 'temas', 'özellik', 'kart', 'çıkart', 'yıl', 'sonra', 'temas', 'kart', 'çıkart', 'hemen', 'buda', 'sorun', 'kendi', 'bile', 'böyle', 'sorun', 'haber', 'yok', 'demekki', 'kendi', 'bile', 'kullan', 'aycell', 'kart']","['başla kart', 'özellik kart', 'temas şifre', 'kart çıkart', 'aycell kart']"
"['yeni', 'kart', 'geniş', 'yüz', 'yüz', 'bele', 'eski', 'kart', 'sil', 'sık', 'bulun', 'lazım']","['eski kart', 'yeni kart', 'kart geniş', 'sık bulun', 'kart sil']"
"['yar', 'merkez', 'calismiyor', 'ark', 'davet', 'yerinde', 'tuş', 'eksik', 'turkcell', 'kötü']","['tuş eksik', 'turkcell kötü', 'merkez calismiyor', 'eksik', 'calismiyor ark']"
"['kayıp', 'çalıntı', 'departman', 'dahi', 'bağ', 'böyle', 'banka']","['böyle banka', 'banka', 'çalıntı departman', 'kayıp çalıntı', 'çalıntı']"
"['kot', 'katıl', 'kampanya', 'hedef', 'ulaş', 'ulaş', 'yazmiyoroduller', 'sorun', 'yaşa', 'yat', 'yad', 'yanlış', 'yat', 'katıl', 'kampanya', 'ödül', 'kendi', 'mesaj', 'zorla', 'çalış', 'takip', 'bazı', 'yat', 'ödül', 'iyi', 'değil', 'düzenle', 'lazım', 'berbat', 'hafta', 'hala', 'bor', 'konu', 'cozemediler']","['kampanya ödül', 'katıl kampanya', 'kampanya hedef', 'kampanya', 'konu cozemediler']"
"['berbat', 'daha', 'aciklanamaz', 'pişman', 'kullandigima']","['aciklanamaz pişman', 'pişman kullandigima', 'pişman', 'daha aciklanamaz', 'aciklanamaz']"
"['başvuru', 'düzenle', 'yokrootlu', 'cihaz', 'banka', 'gir', 'fatura', 'öde', 'aycell', 'gir', 'ilginç']","['cihaz banka', 'yokrootlu cihaz', 'başvuru', 'cihaz', 'başvuru düzenle']"
"['sakın', 'hazır', 'limit', 'kullan', 'para', 'hesap', 'bloke', 'koy', 'oturum', 'güvenlik', 'neden', 'kapa', 'hikaye', 'uydur', 'sorum', 'saçma', 'sapan', 'diego', 'ahır', 'kim', 'dua', 'cuma', 'ilgilen', 'yok', 'dolandırıcı']","['yok dolandırıcı', 'oturum güvenlik', 'neden kapa', 'sakın', 'kapa hikaye']"
"['önce', 'iyi', 'kullanım', 'herhangi', 'para', 'yatır', 'çalış', 'işlem', 'gerçek', 'aynı', 'sorun']","['aynı sorun', 'para yatır', 'gerçek aynı', 'çalış işlem', 'işlem gerçek']"
"['keşke', 'biraz', 'puan', 'yıldız', 'hak']","['puan yıldız', 'yıldız hak', 'biraz puan', 'yıldız', 'keşke biraz']"
"['aycell', 'pişmanliktir', 'turkcell', 'sıcak', 'para', 'lazım', 'anlaş', 'deprem', 'yardım', 'öde', 'müşteri', 'yasliyo', 'hergün', 'reddiye', 'yapicam', 'kısa', 'süre', 'operatör', 'değişik', 'zerre', 'şüphe']","['öde müşteri', 'pişmanliktir turkcell', 'müşteri yasliyo', 'öde', 'yardım öde']"
"['yükle', 'geri', 'sil', 'biri', 'papara', 'finance', 'fark', 'cüzdan', 'kullan', 'kadar', 'rezil', 'cüzdan', 'denk', 'eposta', 'gir', 'sonra', 'hata', 'karsilasildi', 'lütfen', 'sonra', 'tekrar', 'dene', 'hata', 'hatay', 'baslangicta', 'içeri', 'para', 'var', 'ileri', 'yapmayacaginin', 'garanti', 'yok', 'zaten', 'güven', 'cüzdan', 'kani', 'zaten', 'turkcell', 'yıl', 'önce', 'kullan', 'birak', 'iyi', 'birakmisim', 'ileri', 'git', 'dip', 'batmissiniz']","['rezil cüzdan', 'cüzdan kani', 'cüzdan denk', 'cüzdan kullan', 'cüzdan']"
"['ana', 'sın', 'kına', 'koy', 'bul', 'program', 'güncelle', 'personel']","['güncelle personel', 'personel', 'program güncelle', 'program', 'güncelle']"
"['şifre', 'gir', 'sayfa', 'acilmiyor', 'saçma', 'sapan', 'turkcell', 'salla', 'kazan', 'i̇nternet', 'kullanacagim', 'gerek', 'yer', 'aycell', 'hediye', 'puan', 'uydur', 'direk', 'i̇nternet', 'kullandirsaniza', 'gerek', 'dolambacli']","['şifre gir', 'şifre', 'gerek dolambacli', 'sapan turkcell', 'kullanacagim gerek']"
"['hediye', 'sadece', 'sık', 'kere', 'süre', 'koy']","['hediye sadece', 'sık kere', 'hediye', 'kere süre', 'sadece sık']"
"['böyle', 'bedel', 'söyle', 'hal', 'fatura', 'yansı', 'satıcı', 'kuruluş', 'şikayet', 'insan', 'kan', 'hak', 'helal', 'zaten', 'kişi']","['yansı satıcı', 'fatura yansı', 'şikayet insan', 'bedel söyle', 'hal fatura']"
"['bil', 'koy', 'yavaş', 'çalış', 'düzel', 'yıldız', 'bile', 'hak']","['yıldız bile', 'düzel yıldız', 'yıldız', 'koy yavaş', 'yavaş çalış']"
"['giriş', 'neredeyse', 'imkan', 'hal', 'giriş', 'ekran', 'kal', 'öyle', 'mail', 'gün', 'çözüm', 'sun']","['mail gün', 'mail', 'öyle mail', 'giriş ekran', 'ekran kal']"
"['trendyol', 'alışveriş', 'sonra', 'iptal', 'normal', 'diğer', 'kredi', 'kart', 'öde', 'kart', 'para', 'iade', 'rağmen', 'aycell', 'iade', 'gün', 'söyle', 'mantık', 'durum', 'asla', 'kullan', 'nas', 'iyi', 'kampanya', 'şart', 'sahip', 'hata', 'aycell', 'kullan', 'pişman']","['kredi kart', 'kredi', 'diğer kredi', 'trendyol alışveriş', 'alışveriş sonra']"
"['bil', 'bil', 'alışveriş', 'hal', 'hesap', 'çıkar', 'yüz']","['bil alışveriş', 'alışveriş', 'alışveriş hal', 'hesap çıkar', 'hal hesap']"
"['son', 'güncelle', 'sonra', 'iyi', 'daha', 'gör', 'gir', 'bile', 'hata', 'aynı', 'sorun', 'kısa', 'zaman', 'kapa', 'ayrilacam']","['güncelle sonra', 'son güncelle', 'bile hata', 'hata aynı', 'güncelle']"
"['gerçekten', 'kötü', 'zaman', 'sala', 'tola', 'puan', 'başka', 'kazı', 'kazan', 'zaten', 'sorun', 'çöz', 'lazım']","['kötü zaman', 'gerçekten kötü', 'zaten sorun', 'kötü', 'sorun çöz']"
"['ehil', 'böyle', 'abuk', 'güncelle', 'karşılaş', 'siz', 'hak', 'yönetim', 'baş', 'kadar', 'siyasi', 'sonuç']","['siyasi sonuç', 'kadar siyasi', 'siyasi', 'hak yönetim', 'güncelle karşılaş']"
"['böyle', 'rezil', 'koç', 'koca', 'firma', 'gir', 'sıkıntı', 'var', 'çöz']","['firma gir', 'sıkıntı var', 'koca firma', 'firma', 'gir sıkıntı']"
"['gün', 'uğraş', 'müşteri', 'hizmet', 'ara', 'bekle', 'kimse', 'ara', 'saçma', 'tavsiye', 'kimse', 'kimse', 'kullan', 'gerek', 'sorum', 'hat', 'sava', 'kimse', 'kan']","['gün uğraş', 'uğraş müşteri', 'kimse kullan', 'tavsiye kimse', 'bekle kimse']"
"['kesinlikle', 'kullan', 'yüz', 'dolandır', 'durum', 'göre', 'yük', 'meblağ', 'aycell', 'ara', 'şekil', 'sorumluluk', 'almadiklarini', 'meblağ', 'öde', 'zor', 'söyle', 'böyle', 'kurum', 'doladiriciliga', 'karşı', 'güven', 'ortam', 'saglayamiyor', 'sol', 'direk', 'kullan', 'yuhla', 'yıl', 'aşk', 'turkcell', 'operatör', 'kullan', 'kına', 'sakın', 'düş', 'durum', 'düş', 'yükle', 'adım', 'aycell', 'hesap', 'bilgi', 'ulaş']","['almadiklarini meblağ', 'sorumluluk almadiklarini', 'kurum doladiriciliga', 'doladiriciliga karşı', 'öde zor']"
"['kart', 'genel', 'iyi', 'bak', 'yara', 'açilmasi', 'yar', 'saat', 'işlem', 'saat', 'sun', 'dugmeye', 'bas', 'saat', 'bekle', 'kes', 'gecik', 'arayüz', 'kötü', 'iste', 'birşey', 'bul']","['saat işlem', 'saat bekle', 'işlem saat', 'saat', 'bak yara']"
"['gir', 'telefon', 'kas', 'don', 'başka', 'böyle', 'sorun', 'yok', 'sadece', 'gir']","['sadece gir', 'gir telefon', 'yok sadece', 'sadece', 'sorun yok']"
"['güzel', 'tabii', 'eksik', 'var']","['tabii eksik', 'eksik var', 'güzel', 'güzel tabii', 'eksik']"
"['üste', 'çık', 'yıldız', 'kesinlikle', 'türkiye', 'yerli', 'mil', 'söz', 'böyle', 'yazılım', 'kullan', 'güncelle', 'zaman', 'berbat', 'tek', 'değil', 'dijital', 'operatör', 'aynı', 'turkcell', 'şirket', 'asla', 'yakış', 'böyle', 'git', 'müşteri', 'kal', 'acil', 'düzel']","['turkcell şirket', 'aynı turkcell', 'turkcell', 'kesinlikle türkiye', 'türkiye']"
"['yeni', 'hesap', 'gerek', 'açamiyum', 'şifre', 'değiş', 'rağmen', 'şifre', 'yanlış']","['şifre değiş', 'şifre yanlış', 'açamiyum şifre', 'şifre', 'rağmen şifre']"
"['iyi', 'gece', 'hazır', 'limit', 'yok', 'fatura', 'gün', 'önce', 'öde', 'açıkla', 'bekle', 'yok', 'yıldız']","['gece hazır', 'fatura gün', 'yok fatura', 'bekle yok', 'gece']"
"['paycel', 'kart', 'para', 'i̇sti̇yorum', 'şube', 'git', 'gerek', 'ki̇mli̇k', 'onay', 'i̇sti̇yor', 'böyle', 'saçma', 'sapan', 'şey', 'çek', 'güncelle', 'berbat']","['paycel kart', 'saçma sapan', 'güncelle berbat', 'böyle saçma', 'kart para']"
"['geç', 'doğru', 'eski', 'sürüm', 'iyi', 'sinir', 'boz']","['eski sürüm', 'doğru eski', 'eski', 'geç doğru', 'sürüm iyi']"
"['acilmiyor', 'sil', 'tekrar', 'yükle', 'harf', 'dön', 'kal', 'hiçbir', 'sorun', 'yok', 'aycell', 'sürekli', 'böyle', 'hata', 'bez']","['tekrar yükle', 'acilmiyor sil', 'sürekli böyle', 'aycell sürekli', 'hiçbir sorun']"
"['canlı', 'destek', 'zaman', 'koy', 'çağrı', 'merkez', 'şey', 'yara']","['canlı destek', 'destek zaman', 'şey yara', 'destek', 'koy çağrı']"
"['kampanya', 'eski', 'bazen', 'hata', 'iyi', 'şimdi', 'kaç', 'gün', 'ilan', 'para', 'transfer', 'sürekli', 'sistem', 'hata', 'ayrıca', 'zaman', 'zaman', 'para', 'yükle', 'hata']","['zaman para', 'kampanya eski', 'bazen hata', 'sistem hata', 'hata ayrıca']"
"['giriş', 'yaz', 'yer', 'kal', 'ilgilen', 'yok', 'yaz', 'zaten', 'mail', 'ulaş', 'telefon', 'ulaş', 'kesinlikle', 'çözüm', 'ulaş', 'rezil', 'ilgi', 'caba', 'kesinlikle', 'öner', 'türkcell', 'aycell']","['telefon ulaş', 'ulaş telefon', 'mail ulaş', 'yok yaz', 'öner türkcell']"
"['güncelle', 'sonra', 'telefon', 'yazılım', 'robot', 'ney', 'var', 'çalış', 'şimdi', 'para', 'var', 'kullan', 'gir', 'para', 'orda', 'kal', 'biçim', 'şimdi', 'böyle', 'bil', 'para', 'gönder', 'robot', 'yazılım', 'yüz', 'ınc', 'aycell', 'git', 'git', 'turkcell', 'hesap', 'giriş', 'durum', 'düzel', 'herkes', 'turkcell', 'ait', 'sil', 'numara', 'taşı', 'bık', 'artık']","['yazılım robot', 'gönder robot', 'robot yazılım', 'sonra telefon', 'telefon yazılım']"
"['kimlik', 'doğrula', 'iste', 'fakat', 'doğrula', 'git', 'turkcell', 'bayi', 'gerek', 'evet', 'çağ', 'hat', 'üst', 'alaka', 'var', 'yahu', 'kimlik', 'doğrula', 'bin', 'türlü', 'çeşit', 'var', 'hat', 'üzeri', 'aycell', 'alaka', 'var', 'saçmalık', 'vazgeç', 'kimlik', 'doğrula']","['kimlik doğrula', 'vazgeç kimlik', 'git turkcell', 'kimlik', 'turkcell']"
"['harca', 'puan', 'kupon', 'kadar', 'limit', 'kal', 'gözük', 'düzel', 'lazım']","['kupon kadar', 'kadar limit', 'puan kupon', 'kupon', 'düzel lazım']"
"['güncelle', 'arayüz', 'berbat', 'yer', 'yer', 'özellikle', 'kampanya', 'kısım', 'karışık', 'eskiden', 'fazla', 'değer', 'kampanya', 'şimdi', 'kampanya', 'bin', 'tane', 'şart', 'koş', 'papara', 'cashback', 'para', 'kalk', 'biraz', 'ayrıcalık', 'sağla', 'tercih']","['cashback para', 'cashback', 'değer kampanya', 'özellikle kampanya', 'şimdi kampanya']"
"['yeni', 'güncelle', 'arayüz', 'berbat', 'hal', 'kampanya', 'kısım', 'karışık', 'kupon', 'tutar', 'gör', 'hazır', 'limit', 'bakiye', 'gör', 'nice', 'kısa', 'süre', 'eski', 'arayüz', 'dönüş', 'sağla']","['karışık kupon', 'kupon tutar', 'kupon', 'kampanya kısım', 'güncelle arayüz']"
"['kimse', 'mobil', 'kullan', 'iyi', 'değil', 'işlem', 'para', 'çevir', 'iki', 'önce', 'alışveriş', 'para', 'ifade', 'fatura', 'peşin', 'sayacagiz', 'fatura', 'peşin', 'almus', 'böyle', 'saçmalık', 'gaspcilarin', 'düş', 'kimse', 'düş', 'paycel', 'kart', 'kullan', 'kullan', 'para', 'ölü', 'pişman', 'turkcell', 'kulanmayin', 'pişman', 'inan']","['sayacagiz fatura', 'kulanmayin pişman', 'saçmalık gaspcilarin', 'böyle saçmalık', 'kullan para']"
"['kullan', 'söyle', 'böyle', 'falan', 'sat', 'hiçbir', 'şekil', 'kampanya', 'yarar', 'hata', 'herhangi', 'işlem', 'ses', 'bildiri', 'mail', 'yol', 'yok', 'kampanya', 'indirim', 'varis', 'biz', 'puan', 'perşembe', 'sağla', 'puan', 'hafta', 'kısacası', 'yarar', 'gör', 'tavsiye']","['kampanya indirim', 'indirim varis', 'indirim', 'kampanya yarar', 'yok kampanya']"
"['aycell', 'yeni', 'ara', 'yüz', 'kullan', 'kötü', 'ayrıca', 'hata', 'var', 'mesela', 'kampanya', 'katıl', 'buton', 'görün', 'defalarca', 'bas', 'rağmen', 'katıl', 'oysaki', 'katıl', 'kampanya', 'zaten', 'böyle', 'buton', 'görün', 'gerek']","['katıl buton', 'böyle buton', 'mesela kampanya', 'kampanya zaten', 'buton']"
"['tam', 'anlam', 'fiyasko', 'inan', 'kendi', 'şahsi', 'para', 'koy', 'hesap', 'don', 'beri', 'kullan', 'kendi', 'şahsi', 'para', 'kullan', 'bütün', 'parsel', 'bil', 'iste', 'siz', 'baş', 'bil', 'hak', 'para', 'kullan', 'anla', 'kafa', 'göre', 'hesap', 'don', 'hesap', 'kitle', 'para', 'çek', 'doğru', 'hesap', 'giriş', 'bile', 'villa', 'bul', 'mahkeme']","['şahsi para', 'para çek', 'para kullan', 'kitle para', 'kullan kendi']"
"['kampanya', 'var', 'üzeri', 'alışverinize', 'iade', 'yaz', 'kampanya', 'katıl', 'alışveriş', 'gün', 'beri', 'bekle', 'para', 'madem', 'para', 'vermiceksiniz', 'böyle', 'kampanya']","['yaz kampanya', 'kampanya var', 'böyle kampanya', 'kampanya katıl', 'kampanya']"
"['menü', 'değiş', 'bırak', 'artık', 'aradığımizi', 'bul', 'google', 'olay', 'kupon', 'kaç', 'gözük', 'yen', 'çalış', 'boz', 'yanıt', 'detay', 'profilyardım', 'merkez', 'ulaş', 'alan', 'ilet', 'yaz', 'sıkıntı', 'öyle', 'yer', 'yok', 'arkadaş', 'iyi', 'tamam', 'kampanya', 'güzel', 'kendi', 'kendi', 'haber', 'yok', 'galiba', 'katıl', 'kampayalari', 'sahip', 'kupon', 'gör']","['sahip kupon', 'kupon kaç', 'kupon gör', 'kupon', 'olay kupon']"
"['berbat', 'şifre', 'değiş', 'mail', 'bildirim', 'gerek', 'fakat', 'hesap', 'gir']","['şifre değiş', 'berbat şifre', 'değiş mail', 'şifre', 'mail bildirim']"
"['güncelle', 'beri', 'resmen', 'çöp', 'oldugirdiğimde', 'bakiye', 'göstermiyorhata', 'veriyoraktarma', 'yapamıyorumhiçbirşeye', 'tıkla', 'velhasıl', 'hiçbir', 'halledemiyorumacilen', 'düzel', 'gerek']","['yapamıyorumhiçbirşeye tıkla', 'veriyoraktarma yapamıyorumhiçbirşeye', 'yapamıyorumhiçbirşeye', 'hiçbir halledemiyorumacilen', 'halledemiyorumacilen']"
"['son', 'güncelle', 'gerçekten', 'berbat', 'hal', 'aycell', 'kart', 'var', 'tane', 'iste', 'hesap', 'bağla', 'kart', 'ekle', 'tuş', 'falan', 'görün', 'bağ', 'kart', 'değiş', 'geri', 'götür', 'kart', 'teslim', 'gerçekten', 'düzel', 'gerek']","['kart değiş', 'kart teslim', 'bağ kart', 'bağla kart', 'kart ekle']"
"['para', 'yatır', 'serbest', 'ekmek', 'yasak', 'böyle', 'gün', 'yatirdigim', 'para', 'çek', 'yem', 'defalarca', 'ara', 'bil', 'hal', 'kesinlikle', 'yatırım', 'kısım', 'kullan', 'para']","['para yatır', 'kullan para', 'para çek', 'serbest ekmek', 'yatırım kısım']"
"['hata', 'roos', 'cihaz', 'kullan', 'banka', 'bile', 'sorun', 'çıkar', 'şua', 'sorun', 'var', 'tek', 'siz', 'geçerli', 'bddk', 'karar', 'banka', 'para', 'işlem', 'böyle', 'uyarı', 'dahi']","['kullan banka', 'banka bile', 'karar banka', 'banka', 'banka para']"
"['bura', 'uzun', 'eleştiri', 'yaz', 'yıldız', 'ardından', 'mail', 'iletişim', 'geç', 'gerçekten', 'tebrik', 'lazım', 'büyük', 'değişik', 'neredeyse', 'bütün', 'sorun', 'düzel', 'özen', 'göster', 'başla', 'arayüz', 'güncelle', 'artık', 'sık', 'kullan', 'finans', 'aycell', 'operatör', 'taahhüt', 'süre', 'bit', 'hat', 'turkcell', 'taşı', 'yeni', 'hat', 'bekle', 'bura', 'yorum', 'düzenle', 'beş', 'yıldız']","['güncelle artık', 'ardından mail', 'arayüz güncelle', 'güncelle', 'yorum düzenle']"
"['eski', 'hal', 'yine', 'iyi', 'şimdi', 'tam', 'rezalet', 'herşey', 'kötü', 'hal', 'acilen', 'eski', 'hal', 'dön', 'yok', 'tam', 'çöp', 'zaman', 'kayıp', 'sadece', 'güncelle', 'sonra']","['güncelle sonra', 'tam çöp', 'çöp zaman', 'kayıp sadece', 'acilen eski']"
"['yahu', 'güzel', 'bütün', 'baştan', 'aşağı', 'heryer', 'değiş', 'şimdi', 'işlem', 'iki', 'saat', 'uğraş', 'üstelik', 'kampanya', 'gör', 'zor', 'bil', 'güncelle', 'iyi', 'hal', 'getir', 'kötü']","['üstelik kampanya', 'kampanya gör', 'iki saat', 'kampanya', 'değiş şimdi']"
"['hesap', 'don', 'giriş', 'eski', 'posta', 'kullan', 'yenile']","['eski posta', 'posta kullan', 'hesap don', 'posta', 'hesap']"
"['teknik', 'destek', 'ekip', 'çözüm', 'süre', 'aycell', 'gerçekten', 'güzel', 'lakin', 'teknik', 'destek', 'ekip', 'konu', 'hantal', 'bütün', 'eksik', 'yan', 'çağrı', 'merkez', 'kanal', 'mail', 'adres', 'ulaş', 'rağmen', 'maalesef', 'çözüm', 'üre', 'müşteri', 'temsilci', 'arkadaş', 'ilgili', 'çözüm', 'üre', 'teknik', 'destek', 'ekip', 'olumsuz', 'durum', 'sürekli', 'mağduriyet', 'yaşa', 'sürekli', 'işlem', 'gerek', 'günlük', 'para', 'transfer', 'adet', 'dol', 'sistem', 'hata']","['ekip çözüm', 'teknik destek', 'kanal mail', 'destek ekip', 'müşteri temsilci']"
"['ince', 'sacmaladilar', 'şube', 'git', 'doğrula', 'gün', 'bekle', 'buke', 'ikametgah', 'citi', 'gerek', 'dalga', 'gece', 'oyaliyolar', 'hesabi', 'sil', 'uygulamayida', 'kalder', 'kimse', 'tavsiye']","['gece oyaliyolar', 'şube git', 'gün bekle', 'bekle buke', 'gece']"
"['herkes', 'güncelle', 'iyi', 'aycell', 'güncelle', 'saçma', 'sapan', 'boz', 'kupon', 'gir', 'kadar', 'var', 'göster', 'kampanya', 'gir', 'teyit', 'hesap', 'alışveriş', 'limit', 'sorun', 'müşteri', 'temsilci', 'çöz', 'anliycaginiz', 'tamamen', 'bitir', 'buçuk', 'sene', 'kullan', 'artık', 'sekil', 'devam', 'bırak', 'acil', 'düzel']","['sorun müşteri', 'hesap alışveriş', 'kupon gir', 'sene kullan', 'alışveriş limit']"
"['telefon', 'robot', 'program', 'mevcut', 'gine', 'iste', 'yaris', 'böyle', 'söyle', 'rağmen', 'giriş', 'bikac', 'gün', 'gir', 'ilgili', 'çözüm', 'bulunmasini', 'talep']","['telefon robot', 'robot program', 'robot', 'telefon', 'program mevcut']"
"['i̇yieski', 'arayüz', 'iyi', 'kot', 'bide', 'hata', 'kapa']","['kot bide', 'iyi kot', 'arayüz iyi', 'hata kapa', 'bide hata']"
"['cihaz', 'roos', 'yeni', 'güncelle', 'artık', 'giriş', 'baştan', 'aynı', 'şekil', 'soru', 'sor', 'evet', 'bas', 'rağmen', 'çıkar', 'hayır', 'seçenek', 'hiçbir', 'şekil', 'bas', 'lütfen', 'kısa', 'süre', 'hata', 'düzel', 'giriş']","['cihaz roos', 'cihaz', 'şekil bas', 'aynı şekil', 'şekil soru']"
"['zirve', 'kendi', 'kadar', 'aşağı', 'çek', 'anla', 'şifre', 'değiş', 'iste', 'mail', 'yol', 'yaz', 'fakat', 'kutu', 'bomboş', 'git', 'yok', 'müşteri', 'hizmet', 'ara', 'kayıt', 'yenile', 'kere', 'gir', 'sonra', 'yine', 'yok', 'sürekli', 'baş', 'yeni', 'müşteri', 'koskoca', 'turkcell', 'basit', 'sorun', 'yaşa', 'düşün', 'turkcell', 'hat', 'sahip', 'değişim', 'vakit', 'san']","['şifre değiş', 'anla şifre', 'yeni müşteri', 'şifre', 'mail yol']"
"['düzen', 'kullan', 'bina', 'engel', 'koy', 'güvenlik', 'neden', 'oturum', 'sonlandirilmistir', 'mail', 'cozemediler', 'acilmayacakmis', 'birdaha', 'gerisırf', 'aycell', 'limit', 'kullan', 'turkcell', 'dunyanin', 'pari', 'öde', 'fatura', 'hizmet', 'başka', 'operatör', 'geç', 'iyi', 'sözleşme', 'bit', 'bekle', 'kal']","['mail cozemediler', 'koy güvenlik', 'güvenlik neden', 'operatör geç', 'güvenlik']"
"['selam', 'gir', 'birinci', 'kısım', 'sonra', 'dur', 'gir', 'puan', 'var', 'çöp', 'eyer', 'böyle', 'payne', 'asla', 'düzel', 'yad', 'söyle', 'boşuna', 'i̇nternet', 'harca']","['var çöp', 'yad söyle', 'söyle boşuna', 'dur gir', 'gir birinci']"
"['program', 'doğum', 'tarih', 'gir', 'tıkla', 'gerek']","['doğum tarih', 'program doğum', 'doğum', 'tıkla gerek', 'gir tıkla']"
"['aycell', 'davet', 'kod', 'kullan', 'insan', 'davet', 'puan', 'kazan', 'kullan', 'kalan', 'puan', 'kendiliğinden', 'git', 'soru', 'düzel', 'tavsiye', 'kimse', 'öner']","['davet puan', 'davet kod', 'insan davet', 'davet', 'puan kendiliğinden']"
"['hala', 'eksik', 'örnek', 'bugün', 'transfer', 'yapı', 'hata', 'para', 'çek', 'karşı', 'taraf', 'geç', 'sonra', 'mesaj', 'banka', 'sistem', 'hata', 'meydan', 'kısa', 'süre', 'iade', 'mesela', 'yük', 'miktar', 'transfer', 'mağdur', 'kullan', 'arkadaş', 'düşük', 'tutar', 'sadece', 'kampanya', 'kullan', 'öner', 'dış', 'güven']","['miktar transfer', 'banka sistem', 'mesaj banka', 'banka', 'transfer mağdur']"
"['yeni', 'güncelle', 'berbat', 'eski', 'arayüz', 'iyi', 'boz']","['berbat eski', 'güncelle berbat', 'eski arayüz', 'eski', 'yeni güncelle']"
"['kesinlikle', 'gir', 'eski', 'iyi']","['eski iyi', 'kesinlikle gir', 'iyi', 'kesinlikle', 'gir eski']"
"['fark', 'zaman', 'fark', 'hata', 'artık', 'normal', 'gör', 'başla', 'öde', 'kaç', 'fark', 'burger', 'kin', 'şube', 'dene', 'başar', 'kredi', 'kullan', 'menü', 'doğum', 'tarih', 'kimlik', 'gir', 'devam', 'devam', 'sonra', 'dene', 'hata', 'biz', 'ulaş', 'kısım', 'detay', 'bilgi', 'soru', 'fıba', 'banka', 'kaynak', 'banka', 'iletişim', 'geç', 'gerek', 'şekil', 'saçma', 'cevap', 'dön', 'banka', 'kesinlikle', 'kaynak']","['dön banka', 'kredi kullan', 'fark hata', 'başar kredi', 'kredi']"
"['para', 'koy', 'peşin', 'iade', 'yaz', 'kalan', 'miktar', 'yansı', 'para', 'kullan', 'şekil', 'git', 'kendi', 'başka', 'hesap', 'yazık']","['yansı para', 'para kullan', 'başka hesap', 'hesap', 'hesap yazık']"
"['başka', 'hesap', 'para', 'orda', 'git', 'gözük', 'paycel', 'para', 'yok', 'mesai', 'saat', 'dış', 'para', 'aktar', 'düzel', 'lazım', 'yok', 'kullan', 'anlam', 'yok']","['para yok', 'dış para', 'para aktar', 'hesap para', 'başka hesap']"
"['geliş', 'gerek', 'sayfa', 'bil', 'zaman', 'aynı', 'sek', 'bile', 'örnek', 'fatura', 'öde', 'sayfa', 'gir', 'bekle', 'geç', 'takılıabiliyo']","['fatura öde', 'örnek fatura', 'öde sayfa', 'sayfa gir', 'gerek sayfa']"
"['sürekli', 'güvenlik', 'neden', 'oturum', 'son', 'yaz', 'giriş', 'ekran', 'ulan', 'fatura', 'öde', 'lazım', 'lazım', 'aycell', 'banka', 'bile', 'kuruluş', 'para', 'koy', 'hesap', 'bloke', 'tez', 'zaman', 'hata', 'düzelt', 'siz', 'tüket', 'hak', 'şikayet', 'mahkeme', 'bilgi']","['güvenlik neden', 'sürekli güvenlik', 'banka bile', 'güvenlik', 'tüket hak']"
"['merhaba', 'aycell', 'üzeri', 'hafta', 'kadar', 'önce', 'rol', 'yatırım', 'hesap', 'yatırım', 'işlem', 'yıl', 'sorun', 'kullan', 'aycell', 'gün', 'güvenlik', 'sebep', 'oturum', 'sonlandırılmıştıruyarısı', 'durum', 'düzeltimesinipaycell', 'hesap', 'ecole', 'yatırım', 'hesap', 'ulaş', 'gerek', 'ivedilikle', 'taraf', 'bilgi', 'rica', 'aksi', 'takdirde', 'hak', 'durum', 'dolayı', 'gerekli', 'hukuk', 'yol', 'başvur']","['güvenlik sebep', 'yatırım hesap', 'başvur', 'oturum sonlandırılmıştıruyarısı', 'yatırım işlem']"
"['aycell', 'gorebileceginiz', 'igrenc', 'biri', 'sakin', 'bura', 'sanal', 'kartinizlia', 'alisveris', 'olur', 'alisverisi', 'iptal', 'öde', 'yaptiginix', 'yer', 'iade', 'aycell', 'siz', 'gün', 'bekle', 'hesabi', 'yansı', 'iade', 'tutar', 'para', 'rezil', 'arayuzunu', 'lise', 'gren', 'bin', 'kat', 'iyi', 'cikarirlardi', 'bird', 'kesinlikle', 'hata', 'kendi', 'kapa', 'iki']","['öde yaptiginix', 'aycell gorebileceginiz', 'kartinizlia alisveris', 'sanal kartinizlia', 'gorebileceginiz']"
"['kimlik', 'numara', 'yanlış', 'girdi', 'şua', 'düzel', 'gerek']","['numara yanlış', 'kimlik numara', 'yanlış girdi', 'numara', 'yanlış']"
"['salla', 'topla', 'hak', 'kullan', 'i̇nternet', 'puan', 'gerek', 'dolayı']","['puan gerek', 'hak kullan', 'kullan', 'topla hak', 'hak']"
"['limit', 'esas', 'doğrula', 'iste', 'ücret', 'talep', 'ancak', 'bütün', 'banka', 'ora', 'koy', 'kullan', 'banka', 'yok', 'tanimlayayim', 'madem', 'öyle', 'siz', 'gerek', 'yok']","['kullan banka', 'banka yok', 'bütün banka', 'banka', 'banka ora']"
"['kesinlikle', 'yetersiz', 'soylu', 'anla', 'turkcell', 'utanç', 'verici', 'teknoloji', 'uzak', 'yaklasik', 'yaz', 'saat', 'bloke', 'bin', 'neden', 'anlatamiyolar', 'zaten', 'hesap', 'para', 'yatirdiginizda', 'saat', 'bekle', 'bugün', 'hangi', 'para', 'yat', 'saat', 'gün', 'bekleniyorki', 'turkcell', 'firmaanin', 'fokus', 'hangi', 'finans', 'böyle', 'durum', 'var', 'aslan', 'bulasmayin', 'zaten', 'hatti', 'bile', 'degistircem', 'hisse', 'senet', 'almina', 'ara', 'emtia', 'rekor', 'komisyon', 'var', 'sakin', 'bulasmayin']","['bekleniyorki turkcell', 'para yatirdiginizda', 'anla turkcell', 'turkcell', 'yatirdiginizda saat']"
"['güvenlik', 'neden', 'oturum', 'son', 'yazı', 'karşılaş', 'böyle', 'yazı', 'karşılaş', 'hesap', 'giriş', 'madem', 'hesap', 'engelle', 'zaman', 'para', 'geri', 'ter', 'kazan', 'para', 'geri', 'öde']","['hesap engelle', 'hesap giriş', 'güvenlik neden', 'geri öde', 'hesap']"
"['şifre', 'unut', 'mail', 'adres', 'şifre', 'gönder', 'çalış', 'mail', 'eksik', 'yaz', 'durum', 'ilgili', 'hiçbirşey']","['mail eksik', 'unut mail', 'şifre unut', 'şifre gönder', 'adres şifre']"
"['kere', 'ödül', 'bekle', 'gerek']","['ödül bekle', 'kere ödül', 'bekle gerek', 'bekle', 'ödül']"
"['güç', 'kimlik', 'teyit', 'iste', 'bayi', 'kimlik', 'zor', 'bırak', 'teyit', 'bayi', 'bilgi', 'işlem', 'garanti', 'millet', 'sahte', 'simkartlar', 'çıkar', 'işlem', 'güven', 'bayi', 'önem', 'evrak', 'kimlik', 'sonra', 'aycell', 'kullan', 'siz', 'başka', 'sürü', 'alternatif', 'banka', 'kullan', 'hiçbiri', 'karşılaş', 'aycell', 'bitti']","['banka kullan', 'alternatif banka', 'kimlik teyit', 'güç kimlik', 'kimlik zor']"
"['böyle', 'kötü', 'hayat', 'gör', 'para', 'harca', 'tutar', 'işlem', 'gerçek', 'müşteri', 'hizmet', 'ara', 'kendi', 'numara', 'ara', 'dakika', 'yok', 'anla', 'para', 'geri']","['gerçek müşteri', 'müşteri hizmet', 'müşteri', 'gör para', 'para geri']"
"['kadar', 'saçma', 'gör', 'hediye', 'dünya', 'puan', 'rağmen', 'hicbirsekilde', 'doğru', 'hediye', 'dünya', 'böyle', 'puan', 'karşılık', 'paket', 'bulun', 'diğer', 'arkadaş', 'var', 'yok', 'pişman']","['hediye dünya', 'doğru hediye', 'gör hediye', 'hediye', 'dünya böyle']"
"['hesap', 'don', 'şifre', 'yenile']","['şifre yenile', 'şifre', 'don şifre', 'hesap don', 'hesap']"
"['önce', 'sev', 'kullan', 'aycell', 'kimlik', 'doğrula', 'hata', 'yüz', 'kullan', 'yakın', 'bayi', 'git', 'iste', 'bayi', 'konu', 'haber', 'yok', 'ayrıca', 'bilgi', 'güncel', 'hiçbir', 'işlem', 'üzeri', 'işlem', 'biz', 'eziyet', 'gerek', 'yok', 'aycell', 'kullan', 'problem', 'kısa', 'çöz', 'kesinti', 'tekrar', 'kullan', 'iste']","['kullan aycell', 'kullan problem', 'aycell kullan', 'kimlik doğrula', 'aycell kimlik']"
"['yalnız', 'i̇stanbulkart', 'kötü', 'diyarkart', 'kullan', 'yüklem', 'yalnızca', 'i̇stanbul', 'kart', 'diğer', 'kart', 'yüklem', 'iyi']","['kart yüklem', 'kart diğer', 'diğer kart', 'stanbul kart', 'kart']"
"['i̇nternet', 'aliyoduk', 'puan', 'konu', 'kaldirmislar', 'artık', 'kullan', 'gerek', 'yok']","['gerek yok', 'artık kullan', 'aliyoduk puan', 'nternet aliyoduk', 'kaldirmislar artık']"
"['hayati', 'böyle', 'kot', 'gör', 'şifre', 'unut', 'öner']","['şifre unut', 'hayati böyle', 'unut öner', 'unut', 'gör şifre']"
"['hesap', 'don', 'geri', 'yeni', 'şifre', 'posta', 'şifre', 'yenile', 'hiçbir', 'eposta', 'gönder', 'yaz', 'yok', 'sorun', 'yıl', 'devam', 'hiçbir', 'düzel', 'yok', 'fazla', 'şikayet', 'rağmen', 'turkcell', 'hiçbir', 'şey', 'ilgilen', 'aksine', 'paket', 'fazla', 'yüksel', 'derdindediğer', 'aynı', 'şekil', 'hiçbir', 'yara', 'bulun', 'yer', 'turkcell', 'dış', 'çek', 'mecbur', 'kullan', 'artık', 'mahvet', 'kendi']","['şifre yenile', 'şifre posta', 'posta şifre', 'yeni şifre', 'şifre']"
"['bugün', 'kadar', 'rahat', 'kullan', 'kimlik', 'doğrula', 'turkcell', 'bayii', 'git', 'iste', 'onlarca', 'şube', 'git', 'rağmen', 'hiçbiri', 'konu', 'hak', 'bilgi', 'dahi', 'yok', 'ayrıca', 'teknoloji', 'çağ', 'kullan', 'bütün', 'banka', 'kripto', 'borsa', 'milyonlarca', 'lira', 'işlem', 'kurum', 'tamam', 'telefon', 'üzeri', 'kimlik', 'doğrula', 'türkiye', 'teknoloji', 'dev', 'turkcell', 'böyle', 'açık', 'merak']","['banka kripto', 'kripto borsa', 'kripto', 'kimlik doğrula', 'kullan kimlik']"
"['kimlik', 'doğrula', 'turkcell', 'bayii', 'git', 'iste', 'onlarca', 'şube', 'git', 'rağmen', 'hiçbiri', 'konu', 'hak', 'bilgi', 'yok', 'ayrıca', 'teknoloji', 'çağ', 'kullan', 'bütün', 'banka', 'kripto', 'borsa', 'milyonlarca', 'lira', 'işlem', 'kurum', 'tamam', 'telefon', 'üzeri', 'kimlik', 'doğrula', 'türkiye', 'teknoloji', 'dev', 'turkcell', 'böyle', 'açık', 'merak', 'kısa', 'zaman', 'üzeri', 'doğrula', 'talep']","['banka kripto', 'kripto borsa', 'kripto', 'doğrula turkcell', 'kimlik doğrula']"
"['kötü', 'sadece', 'puan', 'böyle']","['kötü sadece', 'kötü', 'puan böyle', 'sadece puan', 'sadece']"
"['kadar', 'berbat', 'tam', 'önce', 'para', 'yükle', 'yükle', 'müşteri', 'hizmet', 'açıkla', 'söyle', 'herşey', 'ertele', 'sinir', 'boz', 'durum', 'para', 'çalış', 'kazan', 'böyle', 'durum', 'para', 'boşa', 'git', 'sinir', 'boz']","['para boşa', 'para çalış', 'durum para', 'boşa git', 'yükle müşteri']"
"['önce', 'siz', 'yaz', 'tanım', 'ziraat', 'kart', 'aycell', 'para', 'hafta', 'sorun', 'yaşa', 'matri', 'hizmet', 'ara', 'yok', 'mail', 'fotoğraf', 'video', 'kadar', 'zor', 'çıkar', 'aycell', 'kullan', 'mobil', 'banka', 'kullan', 'ücret', 'öde', 'banka', 'dalga']","['mobil banka', 'banka kullan', 'kullan mobil', 'yaz tanım', 'öde banka']"
"['i̇ncehesap', 'hediye', 'paycel', 'puan', 'i̇ncehesap', 'geçerli', 'indirim', 'kod', 'kullan', 'mümkün', 'değil', 'alışveriş', 'kod', 'zor', 'sistem', 'don', 'kal', 'bari', 'doğru', 'düzgün', 'kadar', 'uğraş', 'gerek', 'var', 'kullan', 'niyet', 'yok', 'yalan', 'çek', 'indirim', 'kod', 'iyi']","['çek indirim', 'indirim kod', 'geçerli indirim', 'alışveriş kod', 'indirim']"
"['aycell', 'zaman', 'iyi', 'boz', 'gir', 'sürekli', 'sürekli', 'hata', 'son', 'zaman', 'iyi', 'boz', 'kötü', 'yıldız', 'bile', 'hak', 'yorum', 'yıldız', 'zor', 'kal', 'tavsiye', 'arkadaş']","['kötü yıldız', 'yorum yıldız', 'yıldız zor', 'sürekli hata', 'yıldız bile']"
"['tam', 'soyguncu', 'uygulamasürekli', 'geç', 'tahsilat', 'alt', 'para', 'kesinti', 'bakiye', 'bugün', 'bakiye', 'görünüyorkesilen', 'geç', 'tahsilat', 'bedel', 'görün', 'saçmalık', 'dolandırıcısınızasla', 'yüklemeyinkesinlikle', 'tavsiye', 'etmiyorumzaten', 'şey', 'para', 'kesiyorlarbir', 'böyle', 'saçma', 'sapan', 'kesinti', 'var', 'kullan', 'geri', 'ödeyinkapatmak', 'uğraş', 'durmüşteri', 'hizmet', 'bağla', 'tabi']","['para kesiyorlarbir', 'tahsilat alt', 'geç tahsilat', 'ödeyinkapatmak', 'geri ödeyinkapatmak']"
"['posta', 'adres', 'gir', 'rağmen', 'gir', 'posta', 'adres', 'yenile', 'yine', 'berbat', 'cidden']","['posta adres', 'adres yenile', 'posta', 'adres gir', 'yine berbat']"
"['son', 'güncelle', 'sonra', 'iyi', 'boz', 'ayrıca', 'arkadaş', 'davet', 'bölüm', 'kalk', 'böylece', 'puan', 'birik', 'imkan', 'çöp']","['arkadaş davet', 'davet bölüm', 'güncelle sonra', 'ayrıca arkadaş', 'davet']"
"['bey', 'yıldız', 'amel', 'millet', 'dolandır', 'bildirim', 'arkadaş', 'davet', 'bil', 'xiaomi', 'telefon', 'vesaire', 'sadece', 'kişi', 'davet', 'adam', 'resmen', 'millet', 'kazikloyor', 'şaşırdıkmi', 'hayır', 'aycell', 'klasik', 'fazla', 'kullan', 'sahip', 'çaba', 'böyle']","['millet dolandır', 'bildirim arkadaş', 'davet adam', 'klasik fazla', 'adam resmen']"
"['iki', 'sene', 'kullan', 'sorun', 'öde', 'limit', 'aynı', 'hatta', 'bazen', 'düş', 'yüksel', 'bide', 'önce', 'fatura', 'kesim', 'gün', 'hemen', 'yenile', 'artık', 'kaç', 'gün', 'bekle', 'yavaş', 'memnun', 'değil', 'düzen', 'şekil', 'öde', 'limit', 'düş', 'nasip', 'anla', 'git']","['iki sene', 'öde limit', 'sorun öde', 'fatura kesim', 'sene kullan']"
"['kendi', 'ait', 'hat', 'haber', 'para', 'çek', 'hemen', 'aycell', 'müşteri', 'hizmet', 'ara', 'itiraz', 'talep', 'bulun', 'gün', 'yardımcı', 'sıra', 'itiraz', 'kabul', 'yönlen', 'itiraz', 'yine', 'kabul', 'edilmedibirkaç', 'gün', 'önce', 'müşteri', 'hizmet', 'çalış', 'yanlış', 'yönlen', 'doğru', 'aycell', 'yardım', 'menü', 'gerek', 'söyle', 'gene', 'itiraz', 'kabul']","['müşteri hizmet', 'aycell müşteri', 'önce müşteri', 'müşteri', 'talep bulun']"
"['paysell', 'kart', 'aidat', 'mesaj', 'böyle', 'kart', 'alışveriş', 'yokturbuna', 'rağmen', 'çeşit', 'yol', 'aidat', 'mesaj', 'alıyorumbenim', 'kullan', 'sistem', 'öde', 'hak', 'kanuni', 'yol', 'başvur', 'beyan', 'ediyorummayıs']","['paysell kart', 'kart alışveriş', 'böyle kart', 'sistem öde', 'aidat mesaj']"
"['arkadaş', 'yalnızca', 'başka', 'hizmet', 'yetersiz', 'şifre', 'yenile', 'mai', 'dahi', 'pi̇şmanliktır', 'yükle', 'kullan']","['yetersiz şifre', 'şifre yenile', 'şifre', 'hizmet yetersiz', 'arkadaş yalnızca']"
"['iyi', 'fakat', 'biraz', 'geliş', 'gerek', 'düşün', 'sayfa', 'geç', 'don', 'yad', 'geç']","['yad geç', 'geç don', 'biraz geliş', 'geç', 'sayfa geç']"
"['i̇nternet', 'hediye', 'kaldır', 'şekil', 'kullan', 'mantık', 'yok', 'sil', 'iyi', 'hesap', 'kapa', 'sil', 'biz', 'enayi', 'müşteri', 'zor', 'bul']","['müşteri zor', 'hediye kaldır', 'enayi müşteri', 'nternet hediye', 'hesap kapa']"
"['hediye', 'kullan', 'kaç', 'kere', 'yaz', 'video', 'iste', 'zaten', 'mağaza', 'git', 'hediye', 'paha', 'nakit', 'ödül', 'nas', 'para', 'iyi']","['hediye kullan', 'nakit ödül', 'yaz video', 'hediye', 'git hediye']"
"['git', 'git', 'geliş', 'gerek', 'daha', 'kötü', 'git', 'hala', 'saçma', 'sapan', 'hata', 'var', 'kadar', 'yıl', 'hala', 'düzel', 'yıl', 'fazla', 'fatura', 'hat', 'kullan', 'hazır', 'limit', 'kullan', 'iste', 'sadece', 'fatura', 'hat', 'sahip', 'hata', 'aylık', 'lira', 'ara', 'fatura', 'öde', 'insan', 'salak', 'yerine']","['fazla fatura', 'fatura öde', 'sadece fatura', 'hata aylık', 'yıl hala']"
"['sadece', 'yok', 'iyi', 'berbat', 'ağır', 'çalış', 'tıkanık']","['çalış tıkanık', 'ağır çalış', 'berbat ağır', 'tıkanık', 'çalış']"
"['faiz', 'koy', 'banka', 'yan', 'halt']","['banka', 'faiz koy', 'koy banka', 'banka yan', 'faiz']"
"['yıldız', 'bile', 'hak', 'hata', 'düzel', 'lütfen', 'bırak', 'başka', 'iyi']","['yıldız bile', 'yıldız', 'bırak başka', 'hak hata', 'hata düzel']"
"['kayıt', 'çalış', 'işlem', 'gerek', 'hata']","['kayıt çalış', 'gerek hata', 'hata', 'kayıt', 'işlem']"
"['salla', 'topla', 'puan', 'çık', 'gir', 'hediye', 'dünya', 'kadar', 'saçmalık', 'eskiden', 'yıl', 'şimdi', 'yok', 'zaten', 'paket', 'koy', 'yet']","['gir hediye', 'zaten paket', 'hediye', 'hediye dünya', 'yıl şimdi']"
"['sok', 'market', 'öde', 'teknik', 'neden', 'dolayı', 'öde', 'kütahya', 'turkcell', 'bayi', 'zaman', 'kod', 'fatura', 'öde', 'cihazimiz', 'çalişmiyo', 'bahane', 'bahane', 'aycell', 'parti', 'temiz', 'öde', 'açık', 'hal', 'temas', 'öde', 'para', 'ödül', 'azal', 'daha', 'zorlaşiyo', 'böyle', 'devam', 'turkcell', 'çek', 'aycell', 'iptal', 'fatura', 'öde', 'kredi', 'parti', 'öde', 'açilirsa', 'güzel', 'süre', 'aycell', 'kullanirim']","['öde cihazimiz', 'öde açilirsa', 'cihazimiz çalişmiyo', 'kod fatura', 'öde kredi']"
"['isim', 'çöpcell', 'iyi', 'sürekli', 'güvenlik', 'neden', 'oturum', 'tip', 'dur']","['sürekli güvenlik', 'güvenlik', 'güvenlik neden', 'isim çöpcell', 'isim']"
"['hala', 'geliş', 'lazım', 'money', 'hayden', 'örnek', 'turkcell', 'platinum', 'black', 'müşteri', 'ikitane', 'hat', 'var', 'hala', 'gir', 'fatura', 'değil', 'kal', 'turkcell', 'pabuç', 'dama', 'yaş', 'belki', 'artık', 'değiş', 'vakit']","['money hayden', 'lazım money', 'turkcell platinum', 'gir fatura', 'örnek turkcell']"
"['gün', 'güncelle', 'çalış', 'boz', 'öde', 'sistem', 'çalış', 'hal', 'tamamen', 'vakit', 'kayıp', 'mağdur', 'başka', 'işlev', 'yok', 'ihtiyaç', 'kullan', 'nafi', 'böyle', 'maalesef', 'kullan', 'mahkum', 'bırak']","['vakit kayıp', 'öde sistem', 'güncelle çalış', 'sistem çalış', 'vakit']"
"['pace', 'kendi', 'fazla', 'geliş', 'lazım', 'ora', 'para', 'bazen', 'basen', 'yarım', 'saat', 'yat', 'yarar', 'iste', 'kampanya', 'mahrum', 'kal', 'sayfa', 'yenile', 'tamamen', 'çık', 'yeniden', 'gir', 'gerek', 'geri', 'kal']","['kampanya mahrum', 'fazla geliş', 'iste kampanya', 'fazla', 'gerek geri']"
"['sırf', 'görün', 'yıldız', 'güncel', 'sorun', 'var', 'hesap', 'şifre', 'unut', 'yenile', 'hiçbir', 'şekil', 'gir', 'izin']","['şifre unut', 'hesap şifre', 'yıldız güncel', 'şifre', 'yıldız']"
"['hisse', 'senet', 'alarm', 'uğraş', 'alarm', 'seviye', 'ulaş', 'yaz', 'kardeş', 'birtane', 'alarm', 'yok', 'hangi', 'ulaş', 'zaman', 'ulaş', 'hiçbir', 'bilgi', 'yok', 'üzeri', 'tıkla', 'ana', 'menü', 'kal', 'zaten', 'arayüz', 'yavaş', 'val', 'kullan', 'iyi']","['alarm yok', 'birtane alarm', 'alarm', 'alarm seviye', 'senet alarm']"
"['böyle', 'saçma', 'gör', 'önce', 'yem', 'faiz', 'yem', 'limit', 'kes', 'lahana', 'perizhesabımıza', 'para', 'yatır', 'hesap', 'geç', 'çözüm', 'aşama', 'iki', 'hafta', 'bekle', 'hala', 'kendi', 'para', 'iade', 'böyle', 'hizmet', 'becer', 'kapa', 'insan', 'mağdur', 'hak', 'yok']","['lahana perizhesabımıza', 'perizhesabımıza para', 'para yatır', 'hesap geç', 'kendi para']"
"['berbat', 'sorun', 'sıkıntı', 'kampanya', 'kafa', 'göre', 'iptal', 'yükle', 'gerek', 'hediye', 'para', 'yüklenmiyorpara', 'gönder', 'kırk', 'saat', 'geç', 'müşteri', 'hizmet', 'mail', 'dalga', 'geç', 'hediye', 'para', 'kazan', 'bloke', 'koy', 'kullan', 'yazık', 'yıldız', 'dahi', 'fazla', 'soru', 'kral', 'yaşa', 'deli', 'mail', 'gönder', 'yine', 'yardımcı']","['geç müşteri', 'hizmet mail', 'deli mail', 'mail gönder', 'yüklenmiyorpara gönder']"
"['turkcell', 'bireysel', 'abone', 'zorla', 'kepçe', 'bura', 'damlalık', 'çalış', 'turkcell', 'kazanç', 'şahlan', 'müşteri', 'kan', 'emme', 'yönelik', 'hazırla', 'ara', 'herkes', 'abone', 'turkcell', 'hatta', 'zorla', 'rekabet', 'kurum', 'konu', 'gir', 'araştır', 'lazım']","['çalış turkcell', 'abone turkcell', 'turkcell bireysel', 'turkcell', 'turkcell hatta']"
"['eksik', 'puan', 'var', 'geçmiş', 'bak', 'geçen', 'hafta', 'hafta', 'kazan', 'puan', 'eksik']","['geçen hafta', 'hafta kazan', 'puan eksik', 'eksik puan', 'hafta hafta']"
"['abi', 'puan', 'var', 'i̇nternet', 'iste', 'i̇nternet', 'hak', 'yok', 'yerine', 'fidan', 'falan', 'naim', 'fidan', 'i̇nternet', 'hak', 'koy', 'ora', 'abi', 'salah', 'sil']","['nternet hak', 'var nternet', 'yok yerine', 'yerine fidan', 'hak yok']"
"['lazım', 'işlem', 'gerçek', 'can', 'sık', 'başla', 'durum']","['sık başla', 'lazım işlem', 'can sık', 'işlem gerçek', 'başla']"
"['eskiden', 'puan', 'günlük', 'dun', 'şimdi', 'sun', 'acele', 'düzel', 'iste', 'saçma', 'değer', 'puan', 'sunu', 'i̇nternet', 'yok']","['eskiden puan', 'acele düzel', 'nternet yok', 'dun şimdi', 'acele']"
"['turkcell', 'öde', 'iste', 'siz', 'aycell', 'yönlen', 'zorla', 'aycell', 'milyon', 'zorunlu', 'üye', 'sil', 'hesap', 'gerek', 'hat', 'kapa']","['turkcell öde', 'milyon zorunlu', 'öde iste', 'zorunlu üye', 'zorla']"
"['akil', 'insan', 'kullan', 'kullan', 'aycell', 'kullan', 'hafta', 'hazır', 'li̇mi̇t', 'kullanmişim', 'para', 'hesap', 'geç', 'böyle', 'yaa', 'pay', 'cali̇sanlari̇ni̇', 'çalişirsa', 'böyle', 'otur', 'bi̇lgi̇sayarin', 'baş', 'söz', 'bi̇zi̇m', 'sorunlari̇mi̇zla', 'i̇lgi̇leni̇yor', 'dedi̇kleri̇', 'kelime', 'bi̇ri̇', 'laf', 'tamam', 'efendi', 'i̇lgi̇leni̇yoruz', 'si̇stemi̇n', 'aci̇lmasi̇ni̇', 'bekle', 'siz', 'i̇yi̇', 'şekil', 'hitap', 'i̇ci̇n', 'i̇smi̇ni̇z', 'saten', 'baş', 'siz', 'i̇smi̇mi̇', 'soy', 'sor', 'akil']","['kullan', 'kelime', 'bi zi', 'böyle', 'insan kullan']"
"['avantaj', 'fazla', 'görün', 'para', 'transfer', 'sistem', 'yavaş', 'fast', 'gönderi', 'erken', 'dakika', 'hesap', 'geç', 'mağduriyet', 'rezil', 'hat', 'safha', 'müşteri', 'temsilci', 'görüş', 'deprem', 'dolayı', 'böyle', 'gecik', 'var', 'peki', 'deprem', 'önce', 'yavaş', 'düzenle', 'görüşme', 'para', 'transfer', 'süre', 'saat', 'kadar', 'normal', 'cevap', 'para', 'amerika', 'getir', 'altı', 'üst', 'fast', 'işlem']","['fast gönderi', 'yavaş düzenle', 'sistem yavaş', 'fast işlem', 'yavaş fast']"
"['google', 'hesap', 'çal', 'hesap', 'don', 'deniyormüşteri', 'hizmet', 'ara', 'şifre', 'yenile', 'deyip', 'kapa', 'google', 'hesap', 'değiş', 'çalış', 'hiçbir', 'şekil', 'aycell', 'yetkili', 'ulaş', 'yetkili', 'numara', 'olay', 'çöz']","['google hesap', 'hesap çal', 'çal hesap', 'google', 'kapa google']"
"['dolandırıcı', 'zirve', 'çık', 'hal', 'gerek', 'aycell', 'kullan', 'fikir', 'sahip', 'değil', 'borç', 'fatura', 'yansı', 'önce', 'mesaj', 'yahu', 'adi', 'bilgi', 'eylem', 'yok', 'şeref', 'tarz', 'dolandırıcı', 'başvur', 'kadar', 'açık', 'yazık', 'adi', 'dolandırıcı']","['değil borç', 'dolandırıcı başvur', 'borç fatura', 'borç', 'adi dolandırıcı']"
"['bit', 'önce', 'iyi', 'iken', 'boz', 'para', 'para', 'düş', 'kampanya', 'puan', 'davet', 'kazan', 'keşke', 'davet', 'davet', 'bak', 'kadar', 'alçal']","['davet kazan', 'para düş', 'kampanya puan', 'davet bak', 'kazan keşke']"
"['saçmasapan', 'tam', 'git', 'kart', 'sok', 'kart', 'aktif', 'ardından', 'para', 'yük', 'banka', 'bil', 'ney', 'birey', 'izin', 'gerek', 'ininal', 'boz', 'alois', 'bosna']","['sok kart', 'git kart', 'yük banka', 'banka bil', 'kart aktif']"
"['yıl', 'önce', 'giriş', 'kart', 'kullanmadigim', 'giriş', 'bugün', 'tekrar', 'giriş', 'oturum', 'kapatılmışuygulamayi', 'tekrar', 'yükle', 'giriş', 'çalış', 'hane', 'eposta', 'doğrula', 'şifre', 'gerek', 'şifre', 'unut', 'kısım', 'bas', 'eposta', 'gönder', 'rağmen', 'hiçbir', 'kere', 'dene', 'dorduncude', 'hata', 'şua', 'giriş']","['şifre unut', 'giriş kart', 'şifre', 'doğrula şifre', 'eposta doğrula']"
"['herşey', 'iyi', 'güzel', 'hoş', 'fakat', 'eski', 'sürüm', 'çek', 'hazır', 'limit', 'enkaz', 'yarı', 'fakat', 'yeni', 'sürüm', 'illa', 'kesim', 'tarih', 'bekle', 'sorun']","['yeni sürüm', 'eski sürüm', 'sürüm illa', 'sürüm çek', 'sürüm']"
"['iyi', 'değil']","['iyi değil', 'değil', 'iyi']"
"['insan', 'dalga', 'geçen', 'kafa', 'göre', 'limit', 'koy', 'sebep', 'sun', 'turkcell', 'şirket', 'kol', 'sor', 'alaka', 'yok', 'rezil', 'siz', 'limit', 'tam', 'alış', 'alışveriş', 'işlem', 'ora', 'hallet', 'yine', 'plan', 'dahil', 'son', 'işlem', 'pat', 'limit', 'düş', 'resmen', 'insan', 'alay', 'iki', 'allah', 'bela', 'turkcell', 'aycell', 'paha', 'hat', 'insan', 'alay', 'kadar', 'karakter']","['koy sebep', 'bela turkcell', 'kafa göre', 'göre limit', 'alay kadar']"
"['hesap', 'sil', 'kadar', 'zor', 'tane', 'buton', 'koy', 'vazgeç', 'iste', 'biraz', 'yardımcı']","['tane buton', 'buton koy', 'buton', 'koy vazgeç', 'vazgeç iste']"
"['iyi', 'değil']","['iyi değil', 'değil', 'iyi']"
"['şifre', 'unut', 'mail', 'başka', 'rezil', 'alan', 'var', 'tek', 'temenni', 'inşallah', 'bat', 'git', 'kadar', 'sorum', 'zaman', 'mucize', 'zaten', 'şimdi', 'hemen', 'alt', 'şöyle', 'yaz', 'öneri', 'şikayet', 'ulan', 'şikayet', 'önemse', 'zaten', 'hal', 'sil', 'git', 'sakın', 'kullan']","['şifre unut', 'unut mail', 'mail başka', 'şifre', 'mail']"
"['yeni', 'kullan', 'başla', 'kadar', 'kötü', 'lira', 'para', 'yükle', 'aycell', 'başka', 'hesap', 'ancak', 'para', 'paycelde', 'başka', 'yer', 'yok', 'gün', 'bekle', 'bekle', 'talimat', 'oluş', 'gün', 'bekle', 'bekle', 'üstelik', 'bugün', 'lira', 'aynı', 'şekil', 'gönder', 'hesap', 'yok', 'işlem', 'hallet', 'sonra', 'hesap', 'kapa', 'asla', 'öner', 'öğrenci', 'zaten', 'para', 'yok', 'banka', 'koy', 'orta', 'kal']","['hesap ancak', 'yok banka', 'sonra hesap', 'hesap kapa', 'ancak para']"
"['önce', 'sürekli', 'aycell', 'kullan', 'hiçbir', 'hata', 'yaşa', 'i̇lker', 'böyle', 'dürüm', 'kal', 'limit', 'yaz', 'şifre', 'önce', 'onay', 'onayla', 'şifre', 'iste', 'şifre', 'yaz', 'şifre', 'kabul', 'eti', 'sonra', 'tekrar', 'onay', 'iste', 'sürekli', 'geri', 'boz', 'leş', 'turkcell', 'artık', 'kalite', 'boz', 'özellikle', 'paket', 'kadar', 'pahal']","['onayla şifre', 'iste şifre', 'şifre yaz', 'şifre iste', 'şifre önce']"
"['banka', 'isle', 'reddet', 'master', 'hizmet', 'ara', 'ancak', 'gerek', 'insan', 'konusamadim', 'para', 'yitir', 'para', 'harca', 'başka', 'hesap', 'hesap', 'onayla', 'calismio', 'kere', 'dene', 'hala', 'hesap', 'para', 'rezalet']","['banka', 'konusamadim para', 'hesap onayla', 'banka isle', 'yitir para']"
"['telefon', 'payceel', 'kullanım', 'engelle', 'hesap', 'var', 'önce', 'gerek', 'tekrar', 'aktif']","['telefon payceel', 'telefon', 'kullanım engelle', 'tekrar aktif', 'kullanım']"
"['iyi', 'ancak', 'arkadaş', 'fazla', 'puan', 'alıyorsunbu', 'kötü', 'dış', 'sorun', 'yok', 'tavsiye']","['arkadaş fazla', 'ancak arkadaş', 'puan alıyorsunbu', 'iyi ancak', 'arkadaş']"
"['güzel', 'şöyle', 'sorun', 'var', 'şifre', 'unut', 'aycell', 'hizmet', 'yer', 'ara', 'sorun', 'kal']","['şifre unut', 'var şifre', 'şifre', 'sorun kal', 'ara sorun']"
"['böyle', 'gir', 'çalış', 'gir', 'kaç', 'kere', 'geri', 'bildirim', 'gönder', 'fakat', 'düzel', 'kaç', 'hafta', 'dene', 'aynı', 'sorun']","['hafta dene', 'kaç hafta', 'kaç kere', 'hafta', 'geri bildirim']"
"['platform', 'güncelle', 'öde', 'cüzdan', 'mesela', 'git', 'düzgün', 'yazılım', 'kadro', 'çalış', 'gerçekten', 'saat', 'iyi', 'saat', 'berbat', 'seçenek', 'hal', 'dönüş', 'madem', 'zorla']","['yazılım kadro', 'platform güncelle', 'düzgün yazılım', 'güncelle öde', 'platform']"
"['sadece', 'paye', 'kart', 'amaç', 'kullan', 'paye', 'kart', 'anlaş', 'yer', 'gör', 'harita', 'konum', 'kesinlikle', 'bul', 'büyük', 'sorun', 'yarat', 'varsay', 'i̇stanbul', 'bulun', 'konum', 'git', 'zor', 'telefon', 'değiş', 'hal', 'aynı', 'sorun', 'devam', 'iki', 'android', 'kullan', 'başla', 'yıl', 'beri', 'sorun', 'ilgili', 'kesinlikle', 'güncelle', 'anlaş', 'işyeri', 'yarı', 'yanlış', 'eksik', 'şirket', 'çıkar', 'fazla', 'kısım', 'çok', 'çöz']","['kart amaç', 'iki android', 'kart anlaş', 'paye kart', 'zor telefon']"
"['eksik', 'var', 'komisyon', 'oran', 'yüksek', 'amaç', 'siz', 'sömür', 'salla', 'topla', 'hafta', 'ara', 'puan', 'şans', 'bile', 'hafta', 'ayrıca', 'hediye', 'sadece', 'hediye', 'söyle', 'var', 'harca', 'kazan', 'mantık', 'yok', 'türkcell', 'savun', 'adam', 'akıl', 'paket', 'adam', 'milyar', 'kazan', 'i̇nternet', 'hız', 'kır', 'kesim', 'mbps', 'üstelik', 'cingi', 'yüksek', 'tavsiye']","['kazan mantık', 'puan şans', 'adam akıl', 'şans bile', 'var komisyon']"
"['iste', 'para', 'transfer', 'kutan', 'abuk', 'sabuk', 'gerçekten', 'gerek', 'öte', 'boş', 'yer', 'para', 'kes']","['yer para', 'öte boş', 'para transfer', 'boş yer', 'transfer kutan']"
"['kötü', 'para', 'böyle', 'rezalet', 'gör']","['kötü para', 'para böyle', 'böyle rezalet', 'kötü', 'rezalet gör']"
"['gayet', 'iyi', 'kullan', 'sistem', 'yalnız', 'biraz', 'ulusal', 'ihtiyaç', 'var', 'kurum', 'bağ', 'lazım']","['ulusal ihtiyaç', 'ihtiyaç', 'sistem yalnız', 'ihtiyaç var', 'biraz ulusal']"
"['fatura', 'öde', 'sadece', 'turkcell', 'var', 'böyle']","['sadece turkcell', 'öde sadece', 'turkcell var', 'fatura öde', 'sadece']"
"['kötü', 'beş', 'para', 'kart', 'limit', 'doğrula', 'iste', 'turkcell', 'git', 'bura', 'kere', 'doğrula', 'kimlik', 'saçma', 'şekil', 'oku', 'gün', 'boşuna', 'bekle', 'para', 'çek', 'gerek', 'geçen', 'sene', 'para', 'çek', 'limit', 'var', 'kart', 'para', 'haybe', 'git', 'papara', 'kalite', 'hizmet', 'sonra', 'öğren']","['para çek', 'para kart', 'bekle para', 'beş para', 'turkcell git']"
"['sorun', 'yaşa', 'numarasınıztek', 'sıkıntı', 'limit', 'biraz', 'düşük', 'biraz', 'dada', 'yüksel', 'iyi']","['biraz düşük', 'düşük biraz', 'numarasınıztek sıkıntı', 'limit biraz', 'biraz']"
"['iyi', 'değil', 'eieue']","['iyi değil', 'değil eieue', 'değil', 'eieue', 'iyi']"
"['zor', 'kal', 'iyi', 'gün', 'yükle', 'meblağ', 'biraz', 'artır']","['gün yükle', 'biraz artır', 'meblağ biraz', 'artır', 'iyi gün']"
"['yapdiğimiz', 'öde', 'dekontlarini', 'i̇çi̇n', 'üzeri', 'eklemeli̇si̇ni̇z', 'müşteri', 'hi̇zmetleri̇ni̇', 'arap', 'zaman', 'kayıp', 'gerek', 'yok', 'kolay', 'eklenebi̇li̇r', 'yıl', 'halen', 'aynı', 'ekle', 'yok']","['öde dekontlarini', 'yapdiğimiz öde', 'ni müşteri', 'öde', 'zaman kayıp']"
"['gir', 'zaman', 'sürekli', 'şifre', 'yenile', 'çık', 'posta', 'doğrula', 'kod', 'git', 'sebep', 'bil', 'lütfen', 'çözüm', 'bulun']","['şifre yenile', 'sürekli şifre', 'şifre', 'posta doğrula', 'doğrula kod']"
"['aycell', 'gir', 'problem', 'yok', 'fakat', 'şifre', 'yenile', 'iste', 'kod', 'sorun', 'gider', 'lütfen', 'acilen', 'gider', 'efendi', 'kart', 'sahip', 'hesap', 'don', 'durum', 'talep', 'mağdur']","['şifre yenile', 'fakat şifre', 'şifre', 'kod sorun', 'iste kod']"
"['iyi', 'sadece', 'para', 'koy', 'para', 'çek']","['para çek', 'sadece para', 'iyi sadece', 'iyi', 'sadece']"
"['sam', 'iyi', 'gece', 'acil', 'yardım', 'gerek', 'aycell', 'hane', 'şifre', 'unut', 'yeni', 'şifre', 'mail', 'şifre', 'yardım', 'lütfen']","['şifre yardım', 'şifre unut', 'şifre mail', 'mail şifre', 'şifre']"
"['böyle', 'saçma', 'gör', 'ilk', 'önce', 'puan', 'geri', 'bide', 'yavaş', 'çalış', 'düzel', 'gerek', 'yok', 'böyle', 'kullan', 'kaybet']","['puan geri', 'böyle saçma', 'saçma gör', 'bide yavaş', 'gerek yok']"
"['hiçbir', 'zaman', 'sorun', 'çözmüyorlarekran', 'görüntü', 'mail', 'gönder', 'diyorlargöndereli', 'gün', 'olduses', 'yokhep', 'böyle']","['gün olduses', 'olduses yokhep', 'görüntü mail', 'yokhep böyle', 'diyorlargöndereli gün']"
"['kupon', 'yeniden', 'kötü', 'hemen', 'düzel', 'gerek']","['kupon yeniden', 'kupon', 'yeniden', 'düzel gerek', 'hemen düzel']"
"['berbat', 'para', 'para', 'keyif', 'aman', 'iste', 'zaman', 'böyle', 'biseymi', 'var']","['para keyif', 'böyle biseymi', 'iste zaman', 'berbat para', 'böyle']"
"['eksi', 'otuz', 'puan', 'berbatcell', 'lazım']","['otuz puan', 'eksi otuz', 'otuz', 'berbatcell lazım', 'lazım']"
"['gün', 'hesap', 'para', 'var', ""i̇van'ıma"", 'işlem', 'sonra', 'dene', 'hata', 'hala', 'çek', 'para', 'lazım', 'lütfen', 'yardımcı']","['çek para', 'hesap para', 'para lazım', 'hesap', 'hata hala']"
"['kötü', 'yetersiz', 'aylık', 'aidat', 'hak', 'düşün', 'gerek', 'değil', 'cidden', 'vaki']","['yetersiz aylık', 'kötü yetersiz', 'yetersiz', 'gerek değil', 'aylık']"
"['i̇ldiz', 'cunku', 'güncelle', 'yukeledigim', 'icinmi', 'para', 'kulananiyorum', 'yok', 'başka', 'biseymi', 'anla', 'lütfen', 'güncelle', 'sonra', 'para', 'yair', 'cunku', 'lazım', 'i̇ldiz', 'kes']","['güncelle yukeledigim', 'para kulananiyorum', 'cunku güncelle', 'güncelle', 'güncelle sonra']"
"['hesap', 'don', 'şifre', 'yenile', 'öyle', 'buton', 'yok', 'taktik']","['buton yok', 'şifre yenile', 'buton', 'öyle buton', 'don şifre']"
"['abi', 'para', 'yatır', 'hemen', 'yükle', 'sıra', 'çeki', 'hata', 'hesap', 'onay', 'para', 'acilen', 'ulaş', 'böyle', 'siz', 'uğraş']","['para yatır', 'onay para', 'hesap onay', 'hesap', 'siz uğraş']"
"['berbat', 'berbat', 'hizmet', 'gündüz', 'yükle', 'giriş', 'başka', 'isim', 'kimlik', 'numara', 'çık', 'sil', 'düzel', 'yok', 'hat', 'eski', 'sahip', 'bilgi', 'düzel', 'gündüz', 'gece', 'müşteri', 'temsilci', 'ara', 'iki', 'kadar', 'bekle', 'rağmen', 'ulaş', 'üstelik', 'kayıp', 'çalıntı', 'ihbar', 'gir', 'rağmen', 'hemen', 'bağla', 'gerek', 'bölüm', 'acil', 'durum', 'muhatap', 'bul', 'para', 'pul', 'çöp', 'şaşır', 'lazım', 'turkcell', 'sonuç']","['berbat hizmet', 'müşteri temsilci', 'müşteri', 'kayıp çalıntı', 'pul çöp']"
"['hayat', 'böyle', 'rezalet', 'gör', 'eskiden', 'kullaniyodum', 'yükle', 'eposta', 'bil', 'kod', 'bil', 'eposta', 'git', 'yapicam', 'anlam']","['eposta git', 'bil eposta', 'eskiden kullaniyodum', 'böyle rezalet', 'eposta bil']"
"['aycell', 'puan', 'sistem', 'kötü', 'böyle', 'sil', 'kötü', 'puan', 'kazan', 'berbat', 'yahu', 'puan', 'sil', 'yahu', 'birik', 'puan', 'gidi', 'böyle', 'eeee', 'ammmmmnnniiiinaaa', 'goyuuuuum']","['kötü böyle', 'goyuuuuum', 'sil kötü', 'böyle eeee', 'ammmmmnnniiiinaaa goyuuuuum']"
"['alışveriş', 'yükle', 'gerek', 'tut', 'yüklenmiyormüşteri', 'hizmet', 'ara', 'cevap', 'yokböyle', 'git', 'hesap', 'kapa']","['yüklenmiyormüşteri hizmet', 'alışveriş yükle', 'hesap kapa', 'yüklenmiyormüşteri', 'tut yüklenmiyormüşteri']"
"['iyi', 'fakat', 'ufak', 'tefek', 'sorun', 'var']","['ufak tefek', 'sorun var', 'iyi fakat', 'fakat ufak', 'fakat']"
"['kampanya', 'katıl', 'hediye', 'hesap', 'yat', 'ara', 'ilk', 'önce', 'kampanya', 'katıl', 'buton', 'tıkla', 'gerek', 'tıkla', 'belir', 'meğerse', 'kampanya', 'şart', 'yaz', 'hal', 'sipariş', 'önce', 'tıkla', 'gerek', 'belir', 'boşuna', 'defalarca', 'görüşme', 'sağla', 'onca', 'uğraş']","['kampanya katıl', 'kampanya', 'kampanya şart', 'katıl buton', 'meğerse kampanya']"
"['uzak', 'dur', 'bulaş', 'i̇ndi̇rdi̇m', 'para', 'yükle', 'geri', 'çek', 'gün', 'para', 'i̇hti̇yacim', 'var', 'çek', 'uzak', 'dur', 'para', 'rezil', 'asla', 'i̇ndi̇rmeyi̇n', 'kötü', 'para', 'yükle', 'uzun', 'sürü', 'yükledi̇ği̇ni̇z', 'para', 'koy', 'gi̇bi̇', 'gün', 'geri', 'para', 'dava', 'son', 'yet', 'artık']","['geri para', 'kötü para', 'dur para', 'gün para', 'çek uzak']"
"['kimlik', 'doğrula', 'işlem', 'fakat', 'son', 'adım', 'video', 'işlem', 'kapa', 'soru', 'düzel', 'gerek']","['video işlem', 'adım video', 'video', 'kimlik doğrula', 'işlem kapa']"
"['yanlış', 'tuşla', 'hat', 'çek', 'daha', 'çek', 'yok', 'iptal', 'ettirmelimiyşm', 'anla', 'yardımcı']","['iptal ettirmelimiyşm', 'iptal', 'yok iptal', 'hat çek', 'çek daha']"
"['hazır', 'limit', 'kart', 'aktar', 'sıkıntı', 'yaşa', 'gerek', 'arz']","['limit kart', 'hazır limit', 'kart aktar', 'limit', 'aktar sıkıntı']"
"['artık', 'bil', 'hesap', 'para', 'gönder', 'işlem', 'doğrula', 'iste', 'para', 'gönder', 'hay', 'cevap', 'yok', 'kart', 'yakin', 'limit', 'var', 'doğru', 'düzgün', 'müşteri', 'hizmet', 'bile', 'yok', 'dekont', 'bile', 'geri', 'dönüş', 'sağla']","['para gönder', 'düzgün müşteri', 'yok kart', 'müşteri hizmet', 'hesap para']"
"['arkadaş', 'kesinlikle', 'tavsiye', 'puan', 'kazan', 'para', 'transfer', 'fatura', 'aycell', 'öde', 'iste', 'gün', 'gün', 'geç', 'yetir', 'tam', 'iste', 'kazan', 'gün', 'fatura', 'öde', 'aycell', 'yüz', 'kesinlikle', 'tavsiye', 'zaten', 'müşteri', 'hi̇zmetleri̇', 'numaralarini', 'google', 'bul', 'ora', 'mail', 'ati', 'mail', 'atti̇m', 'cin', 'gün', 'hala', 'çözüm', 'yok', 'defa', 'böyle', 'düşün']","['zaten müşteri', 'fatura öde', 'ati mail', 'tavsiye zaten', 'öde iste']"
"['gayet', 'kullan', 'yavaş', 'sinir', 'boz', 'tam', 'turkcell', 'nakisa', 'puan', 'puan', 'kullan', 'herşey', 'sınır', 'koy', 'zor', 'değil', 'kendi', 'mecbur', 'hisset']","['yavaş sinir', 'kullan yavaş', 'yavaş', 'zor değil', 'sinir boz']"
"['böyle', 'rezil', 'gör', 'para', 'yükle', 'hesap', 'git', 'saat', 'bekle', 'sefer', 'gir', 'puan']","['gör para', 'hesap git', 'git saat', 'para yükle', 'sefer gir']"
"['gün', 'para', 'çek', 'böyle', 'gör']","['gün para', 'böyle gör', 'çek böyle', 'böyle', 'para çek']"
"['aycell', 'elektrik', 'fatura', 'öde', 'iste', 'referans', 'numara', 'hane', 'hane', 'referans', 'numara', 'yaz', 'gerek', 'bozuk', 'lütfen', 'düzel', 'elektrik', 'şirket', 'isim', 'kayseri', 'elektrik', 'perakende', 'sat']","['elektrik şirket', 'elektrik fatura', 'elektrik perakende', 'aycell elektrik', 'elektrik']"
"['böyle', 'boş', 'yok', 'para', 'yükle', 'para', 'koy', 'boşuna', 'para', 'yükle', 'para']","['boşuna para', 'yok para', 'boş yok', 'böyle boş', 'para yükle']"
"['böyle', 'saçma', 'gör', 'salla', 'topla', 'yapım', 'puan', 'gelir', 'cüzdan', 'gozukmuo', 'yad']","['cüzdan gozukmuo', 'böyle saçma', 'saçma gör', 'gelir cüzdan', 'saçma']"
"['yine', 'düzel', 'zor', 'kal', 'yorum', 'kaçıncı', 'dolandiricimisiniz', 'kazan', 'kazan', 'oya', 'para', 'kes', 'puan', 'bişi', 'yahu', 'sistem', 'var', 'acilen', 'tamam', 'bakım', 'alın', 'lazım']","['bakım alın', 'dolandiricimisiniz', 'kaçıncı dolandiricimisiniz', 'dolandiricimisiniz kazan', 'alın lazım']"
"['kampanya', 'fena', 'değil', 'ancak', 'başka', 'banka', 'para', 'transfer', 'yavaş', 'gerçek', 'civar', 'başka', 'para', 'geç', 'sağla', 'siz', 'böyle', 'durum', 'örnek', 'kampanya', 'yarar', 'hesap', 'para', 'gönder', 'epeyce', 'bekle', 'gerek', 'böyle', 'vazgeç']","['para geç', 'para gönder', 'kampanya yarar', 'başka para', 'kampanya fena']"
"['tek', 'kelime', 'berbat', 'sistem', 'sakın', 'bulaş', 'güvenlik', 'gerekçe', 'kafa', 'göre', 'kart', 'bloke', 'koy', 'ardından', 'ara', 'kayıt', 'saat', 'olay', 'incele', 'çöz', 'söyle', 'hak', 'var', 'hesap', 'kadar', 'bloke', 'koy', 'elektronik', 'ortam', 'şikayet', 'merci', 'bula', 'şua', 'halen', 'mağdur', 'durum', 'yan', 'yan', 'aldan', 'kampanya', 'işlem', 'masraf', 'yüksek', 'som', 'çay', 'kaşık']","['bulaş güvenlik', 'güvenlik gerekçe', 'ortam şikayet', 'aldan kampanya', 'halen mağdur']"
"['böyle', 'saçmalık', 'gör', 'puan', 'topla', 'kazan', 'puan', 'topla', 'sen', 'vodafone', 'değil']","['saçmalık gör', 'böyle saçmalık', 'vodafone değil', 'saçmalık', 'gör puan']"
"['hayati', 'kadar', 'rezil', 'hizmet', 'gör', 'inan', 'müşteri', 'kavram', 'yok', 'eksik', 'havale', 'hesap', 'gir', 'açıklama', 'saat', 'çözüm', 'süreç', 'bekle', 'para', 'lazım', 'aksarbirine', 'mahcup', 'mağdur', 'umur', 'değil', 'firma', 'güya', 'banka', 'yakış', 'turkcell']","['müşteri kavram', 'inan müşteri', 'müşteri', 'bekle para', 'para lazım']"
"['düzenbaz', 'üzeri', 'kurulu', 'aycell', 'puan', 'var', 'i̇nternet', 'kalan', 'şimdi', 'bak', 'komik', 'ayrıca', 'salla', 'topla', 'zaman', 'kadar', 'puan', 'hariç', 'çık', 'hatırla', 'illa', 'para', 'yatır', 'lazım', 'anla', 'tavsiye', 'pişman']","['puan var', 'kadar puan', 'lazım anla', 'düzenbaz üzeri', 'para yatır']"
"['kadar', 'yavaş', 'sistem', 'gör', 'para', 'yükle', 'iki', 'saat', 'hesap', 'geç', 'alışveriş', 'iptal', 'para', 'normal', 'gün', 'geç', 'paycelde', 'gün', 'bekle', 'zor', 'kesinlikle', 'geliş', 'lazım', 'kullan', 'vazgeç', 'yavaş', 'hitap']","['geç alışveriş', 'kadar yavaş', 'saat hesap', 'yavaş sistem', 'yavaş']"
"['eksik', 'var', 'parmak', 'giriş', 'var', 'ordu', 'kaldır', 'yardım', 'merkez', 'şey', 'yara', 'tıkla', 'direk', 'posta', 'yönlen', 'ulaş', 'bil', 'lazım', 'telefon', 'numara', 'var', 'whatsapp', 'soru', 'sor', 'bil', 'sadece', 'posta', 'var', 'yardım', 'merkez', 'biz', 'ulaş', 'yok', 'müşteri', 'hizmet', 'ulaş', 'kolay', 'lazım']","['hizmet ulaş', 'lazım telefon', 'sadece posta', 'posta var', 'telefon numara']"
"['native', 'akp', 'değil', 'sürekli', 'yenile', 'widget', 'çık', 'kullan', 'hat', 'i̇nternet', 'bağ', 'değil', 'giriş', 'işkence', 'hatta', 'bazen', 'izin', 'bile', 'wifi', 'kapa', 'data', 'paket', 'doğrula', 'mal', 'yine', 'data', 'hat', 'gir', 'sefer', 'yeniden', 'kayıt', 'proses', 'başla', 'arayüz', 'fecaat', 'bazen', 'alt', 'menü', 'çift', 'ekran', 'iki', 'menü', 'geri', 'tuş', 'bas', 'program', 'çık', 'ilan', 'ekle', 'göster', 'çek', 'para', 'kullan']","['widget çık', 'yenile widget', 'widget', 'bile wifi', 'wifi kapa']"
"['bazen', 'iste', 'sonuç', 'alamana', 'iyi']","['alamana iyi', 'sonuç alamana', 'bazen iste', 'iste sonuç', 'iyi']"
"['kullan', 'val', 'sadece', 'ziraat', 'banka', 'var', 'hesap', 'para', 'yükle', 'keşke', 'ziraat', 'bankasida']","['banka var', 'ziraat banka', 'ziraat bankasida', 'banka', 'bankasida']"
"['merhaba', 'şifre', 'yenile', 'fakat', 'don', 'sinir', 'iyi', 'boz', 'saat', 'uğraş', 'sinir', 'tel', 'ekran', 'kır', 'çabuk', 'ilgilen']","['merhaba şifre', 'kır çabuk', 'çabuk ilgilen', 'saat uğraş', 'şifre yenile']"
"['aycell', 'hesap', 'gönder', 'henüz', 'geç', 'böyle', 'ilk', 'kullan', 'nalet', 'kimse', 'bulâşmasin', 'bil', 'dolandirci', 'para', 'saat', 'hesap', 'kimse', 'i̇ndi̇rmesi̇n']","['hesap kimse', 'saat hesap', 'hesap gönder', 'geç böyle', 'henüz geç']"
"['kullan', 'kart', 'yok', 'para', 'gözük', 'hesap', 'doğrula', 'para', 'başka', 'yer', 'aktar', 'tamam', 'gönder', 'yine', 'yok', 'tık', 'kullan', 'kullan', 'düzenle', 'mail', 'lakin', 'geri', 'dönüş', 'sağla']","['düzenle mail', 'doğrula para', 'mail lakin', 'mail', 'para başka']"
"['andaval', 'yatır', 'para', 'transfer', 'dur', 'dur', 'kes', 'siz', 'tam', 'git', 'kadar', 'para', 'yükle', 'böyle', 'yükle', 'sunu', 'yara']","['böyle yükle', 'yükle böyle', 'para yükle', 'kadar para', 'yükle sunu']"
"['zor', 'zaman', 'iyi', 'destek']","['iyi destek', 'zor zaman', 'destek', 'zaman iyi', 'zaman']"
"['kuruş', 'düzen', 'öde', 'hal', 'kafa', 'göre', 'limit', 'çıkar', 'iste', 'hazır', 'limit', 'hazır', 'dem', 'iste', 'sonra', 'kart', 'dahil', 'kır', 'lanet', 'gerçekten', 'bak', 'limit', 'var', 'bak', 'limit', 'yok', 'düzen', 'tavsiye', 'kesinlikle', 'kullan', 'iyi']","['limit hazır', 'göre limit', 'hazır limit', 'limit çıkar', 'limit yok']"
"['iyi', 'fakat', 'limit', 'aynı', 'degısmıyor']","['fakat limit', 'limit aynı', 'aynı degısmıyor', 'limit', 'degısmıyor']"
"['fiziki', 'kart', 'fatura', 'tutun', 'öde', 'kadar', 'iyi', 'banka', 'kart', 'biri', 'kullan', 'bile', 'puan', 'kullanım', 'playstore', 'diğer', 'sınır', 'kaldır', 'artık', 'para', 'sat', 'kal', 'artık', 'yüz', 'yıldız']","['kart fatura', 'banka kart', 'kart biri', 'fatura tutun', 'artık para']"
"['yorum', 'düzenle', 'sürekliödemelerdeki', 'aksa', 'rağmen', 'güncelle', 'hazır', 'limit', 'sıfırla', 'neden', 'artık', 'aycell', 'üzeri', 'herhangi', 'işlem']","['sıfırla neden', 'limit sıfırla', 'düzenle sürekliödemelerdeki', 'sıfırla', 'hazır limit']"
"['keşke', 'şifre', 'kadar', 'zorla']","['keşke şifre', 'şifre kadar', 'keşke', 'kadar', 'kadar zorla']"
"['neredeyse', 'gün', 'hesap', 'çalış', 'telefon', 'numara', 'şifre', 'son', 'posta', 'iste', 'yaz', 'işlem', 'gerçek', 'lütfen', 'sor', 'tekrar', 'deneyindiyor', 'gün', 'dene', 'değiş', 'hiçbişe', 'normal', 'güzel', 'hata', 'var', 'acil', 'düzel', 'lazım']","['numara şifre', 'telefon numara', 'şifre son', 'çalış telefon', 'iste yaz']"
"['iyi', 'sadece', 'bazen', 'giriş', 'oda', 'zaten', ""i̇nternet'ten"", 'dolayı', 'yad', 'telefon', 'kötü', 'gir', 'yok', 'iyi', 'yükle', 'tercih', 'hafta', 'puan', 'aliço', 'falan', 'yatiriyosunuz', 'iyi']","['yatiriyosunuz iyi', 'falan yatiriyosunuz', 'telefon kötü', 'yatiriyosunuz', 'iyi yükle']"
"['turkcell', 'ait', 'türkçe', 'abone', 'var', 'dikkat', 'abone', 'vatandaş', 'ücret', 'dört', 'kat', 'çıkar', 'turkcell', 'tüket', 'hak', 'hakem', 'heyet', 'bahane', 'kabul', 'sakın', 'dikkat']","['türkçe abone', 'ait türkçe', 'türkçe', 'abone var', 'heyet bahane']"
"['paycel', 'kart', 'gerek', 'geri', 'yalan']","['paycel kart', 'kart gerek', 'geri yalan', 'yalan', 'gerek geri']"
"['puan', 'kupon', 'ekonomik', 'şart', 'değiş', 'siz', 'artık', 'birşey', 'yara', 'ödül', 'artır', 'lazım', 'aynı', 'puan', 'geçerli']","['ödül artır', 'yara ödül', 'kupon ekonomik', 'artır lazım', 'ödül']"
"['meb', 'isim', 'türkan', 'yaklaşık', 'gün', 'aycell', 'hazır', 'limit', 'kullan', 'ilgili', 'mail', 'çek', 'ekran', 'görüntü', 'saat', 'işlem', 'çöz', 'rağmen', 'müşteri', 'hizmet', 'ara', 'aciliyet', 'belir', 'fakat', 'hizmet', 'kesinlikle', 'yok', 'yüz', 'hat', 'iptal', 'edi', 'paycellide', 'kapa', 'tavsiye', 'hemen', 'iptal', 'gün', 'sorun', 'çöz', 'yazık', 'turkcell', 'şirket', 'böyle', 'becerik', 'insan', 'çalış']","['turkcell şirket', 'müşteri hizmet', 'rağmen müşteri', 'iptal gün', 'müşteri']"
"['bin', 'şahsen', 'memnun', 'değil', 'hesap', 'giriş', 'şifre', 'kaç', 'yanlış', 'girdi', 'hesap', 'don', 'hesap', 'tekrar', 'gir', 'şifre', 'yenile', 'iste', 'mail', 'kart', 'bilgi', 'gönder', 'mail', 'posta', 'hesap', 'bildirim', 'yok', 'hesap', 'giriş', 'paycrll', 'konu', 'kötü', 'yüz', 'puan', 'bile', 'fazla', 'neyse']","['girdi hesap', 'şifre kaç', 'hesap giriş', 'hesap bildirim', 'şifre yenile']"
"['rezalet', 'kayıt', 'işlem', 'devam', 'hata', 'dur', 'yol', 'dene', 'kayıt', 'böyle', 'sorun', 'çıkart', 'kullan', 'başla', 'allah', 'bil']","['sorun çıkart', 'kayıt böyle', 'çıkart kullan', 'hata dur', 'devam hata']"
"['elektrik', 'fatura', 'öde', 'iste', 'onay', 'kısım', 'hata', 'fatura', 'tutar', 'düş', 'ancak', 'fatura', 'öde', 'müşteri', 'hizmet', 'hiçbir', 'yardım', 'bulun', 'sadece', 'talep', 'şey', 'gecik', 'fatura', 'son', 'öde', 'tarih', 'yaklaş', 'tekrar', 'öde', 'zor', 'kal', 'bura', 'hiçbir', 'işlem', 'böyle', 'ugrasacaksak', 'yaşa', 'sorun', 'kampanya', 'anlam', 'yok']","['elektrik fatura', 'fatura tutar', 'fatura öde', 'hata fatura', 'ancak fatura']"
"['kesinlikle', 'berbat', 'kart', 'türk', 'lira', 'çek', 'bakiye', 'yükle', 'gerek', 'yükle', 'kimlik', 'doğrula', 'öde', 'fakat', 'fayda', 'gerçekten', 'değil', 'kim', 'git', 'para']","['öde fakat', 'doğrula öde', 'berbat kart', 'kart türk', 'öde']"
"['gerek', 'yara', 'puan', 'topla', 'iste', 'bile', 'zaman', 'sil']","['bile zaman', 'zaman sil', 'gerek yara', 'yara puan', 'zaman']"
"['lütfen', 'yardımcı', 'şifre', 'bloke', 'üst', 'kayıt', 'mail', 'hesap', 'sil', 'mecburiyet', 'kal', 'fakat', 'üzeri', 'gmail', 'kaldır', 'unut', 'lütfen', 'yardımcı', 'hesap', 'erişim', 'sağla']","['gmail kaldır', 'mail hesap', 'gmail', 'üzeri gmail', 'hesap erişim']"
"['öde', 'banka', 'kullan', 'faaliyet', 'şube', 'dijital', 'banka', 'örnek', 'kendi', 'platform', 'kur', 'hizmet', 'diğer', 'kuruluş', 'sun', 'imkan', 'sağla', 'kısa', 'zaman', 'gelecek', 'dijital', 'maraton', 'ilk', 'sira', 'yer', 'yenilikcikısmen', 'başarı', 'fakat', 'global', 'marka', 'kıyas', 'profesyonel', 'uzak']","['dijital banka', 'gelecek dijital', 'dijital maraton', 'yer yenilikcikısmen', 'banka örnek']"
"['işlem', 'biraz', 'hız', 'gerek', 'geri', 'dönüşüm', 'geç']","['biraz hız', 'hız gerek', 'hız', 'işlem biraz', 'dönüşüm geç']"
"['iyi', 'değil']","['iyi değil', 'değil', 'iyi']"
"['sürekli', 'salla', 'toplam', 'hata', 'alın', 'hediye', 'göster', 'tekrar', 'salla', 'hak', 'böyle']","['hata alın', 'toplam hata', 'göster tekrar', 'tekrar salla', 'sürekli salla']"
"['böyle', 'rezil', 'sistem', 'yok', 'para', 'resmen', 'koy', 'para', 'çek', 'çalış', 'sistem', 'hata', 'kart', 'bloke', 'koy', 'saat', 'para', 'yer', 'kullan', 'fatura', 'hat', 'aycell', 'para', 'sonra', 'kapattıracagim', 'bimer', 'şikayet', 'bulun', 'rezil', 'kalın']","['kullan fatura', 'yok para', 'para çek', 'para sonra', 'kapattıracagim bimer']"
"['papara', 'iyi', 'kötü']","['iyi kötü', 'kötü', 'papara iyi', 'iyi', 'papara']"
"['kart', 'limit', 'rağmen', 'yükle', 'eskiden', 'iyi', 'şua', 'berbat']","['kart limit', 'limit rağmen', 'rağmen yükle', 'limit', 'yükle eskiden']"
"['şifre', 'unut', 'yenile', 'berbat', 'rezalet']","['şifre unut', 'şifre', 'unut yenile', 'yenile berbat', 'unut']"
"['youtube', 'premium', 'paket', 'üye', 'öde', 'süre', 'var', 'şimdiden', 'öde', 'iste', 'para', 'yatır', 'gerek', 'atme', 'yad', 'banka', 'gönder', 'acil']","['youtube premium', 'youtube', 'üye öde', 'şimdiden öde', 'banka gönder']"
"['hala', 'hesap', 'kimlik', 'doğru', 'master', 'hizmet', 'kar', 'kere', 'ara', 'yardımcı', 'hesap', 'onayla', 'hala', 'onayla', 'gerek', 'rezil']","['hesap onayla', 'hesap kimlik', 'yardımcı hesap', 'master hizmet', 'kimlik doğru']"
"['aycell', 'pişman', 'kullan', 'hayat', 'becerik', 'kalite', 'berbat', 'para', 'çeki', 'hata', 'tekrar', 'dene', 'hesap', 'bloke', 'koy', 'müşteri', 'hizmet', 'ara', 'kayıt', 'oluş', 'yetkili', 'biri', 'iste', 'kayıt', 'oluş', 'zor', 'hesap', 'bloke', 'kaldır', 'aycell', 'çözüm', 'merkez', 'herhalde', 'ofis', 'kola', 'ceren', 'muhabbet', 'şikayet', 'çözüm', 'ayır', 'vakit', 'düşün', 'kullan']","['şikayet çözüm', 'çeki hata', 'zor hesap', 'koy müşteri', 'dene hesap']"
"['üzeri', 'kimlik', 'doğrula', 'gösteri', 'banka', 'biri', 'iste', 'şekil', 'işlem', 'eksik', 'alışveriş', 'hediye', 'para', 'çek', 'iste', 'zaman', 'kimlik', 'doğrula', 'yazıla', 'eposta', 'üzeri', 'iletişim', 'geç', 'fakat', 'karşılık', 'doğru', 'düzgün', 'şekil', 'ifade', 'şekil', 'karşılık', 'kimlik', 'doğrula', 'iddia', 'fakat', 'kimlik', 'doğrula', 'gerek', 'şey', 'kopyala', 'şekil']","['kimlik doğrula', 'karşılık kimlik', 'üzeri kimlik', 'fakat kimlik', 'kimlik']"
"['kontrol', 'zayıf', 'youtube', 'premium', 'üye', 'yenile', 'kart', 'aynı', 'çeki', 'müşteri', 'hizmet', 'ara', 'telefon', 'bakan', 'yok']","['youtube premium', 'zayıf youtube', 'premium üye', 'youtube', 'üye yenile']"
"['banka', 'paycele', 'para', 'yükle', 'iste', 'açıkla', 'kısım', 'numara', 'yaz', 'iste', 'yaz', 'numara', 'baş', 'koymamisim', 'hesap', 'geç', 'para', 'geri', 'gönder', 'makbuz', 'iste', 'makbuz', 'gönder', 'hafta', 'makbuz', 'incele', 'para', 'hafta', 'yok', 'koy', 'uzaklasi̇n', 'akıl', 'değil']","['yaz numara', 'hafta yok', 'koymamisim hesap', 'banka paycele', 'hafta makbuz']"
"['aycell', 'art', 'diğer', 'aycell', 'kart', 'bile', 'para', 'uyarı', 'dur', 'fakat', 'ihtiyaç', 'var', 'öyle', 'kal', 'kart', 'hiçbir', 'şekil', 'gerekli', 'değil', 'gerek', 'yer', 'keşke', 'üye']","['kart hiçbir', 'kart bile', 'kal kart', 'aycell kart', 'para uyarı']"
"['şifre', 'unut', 'giriş', 'çalış', 'güvenlik', 'hesap', 'don', 'şifre', 'yenile', 'yenile', 'bas', 'posta', 'adres', 'şifre', 'yen', 'posta', 'gönder', 'gir', 'posta', 'falan', 'yok', 'tekrar', 'dene', 'tekrar', 'tekrar', 'dene', 'taktir', 'yine', 'yardımcı', 'iste', 'aycell']","['şifre unut', 'şifre yenile', 'adres şifre', 'şifre', 'şifre yen']"
"['keşke', 'biraz', 'kot', 'yapsaydiniz', 'yükle', 'para', 'işlem', 'muhatap', 'bul', 'üşen', 'müşteri', 'hizmet', 'koymamisiniz', 'sürekli', 'işlem', 'gerçek', 'mesaj']","['üşen müşteri', 'müşteri hizmet', 'hizmet koymamisiniz', 'müşteri', 'yapsaydiniz yükle']"
"['aycell', 'hesap', 'para', 'transfer', 'banka', 'gerek', 'rağmen', 'hala', 'para', 'transfer', 'kendi', 'banka', 'sürekli', 'kimlik', 'doğrula', 'para', 'yollamamisim', 'yardımcı']","['transfer banka', 'kendi banka', 'banka sürekli', 'banka gerek', 'banka']"
"['tavsiye', 'aman', 'dikkat', 'arkadaş', 'zamani', 'yazık', 'çağrı', 'merkez', 'başarı', 'kalite', 'hizmet', 'sun']","['kalite hizmet', 'çağrı merkez', 'başarı kalite', 'tavsiye aman', 'çağrı']"
"['stabil', 'çalışmıyorsürekli', 'hata', 'sanal', 'kart', 'oluş', 'sunu', 'aldımusteri', 'hizmet', 'sadece', 'telefon', 'ara', 'ulaş', 'keşke', 'ulaş']","['telefon', 'sadece telefon', 'telefon ara', 'kart oluş', 'sanal kart']"
"['berbat', 'dolandırıcı', 'iki', 'defa', 'transfer', 'askı', 'kal', 'yazık', 'siz', 'insanalrn', 'para', 'kasten', 'koy']","['insanalrn para', 'berbat dolandırıcı', 'dolandırıcı', 'siz insanalrn', 'kal yazık']"
"['puan', 'para', 'karşılık', 'artır']","['para karşılık', 'karşılık artır', 'artır', 'puan para', 'karşılık']"
"['iki', 'yıldız', 'vodafoneliler', 'tek', 'avantaj', 'günlük', 'gün', 'kere', 'saçma', 'kes', 'puan', 'bit', 'kadar', 'i̇nternet', 'fidan', 'bağışla', 'fidan', 'bagışladiğımla', 'ilgili', 'herhangi', 'bilgi', 'posta', 'puan', 'boşuna', 'git', 'düsunüyorum', 'ayrıca', 'gün', 'oda', 'artık', 'işlem', 'devam', 'dene', 'uyarı', 'çık', 'lütfen', 'çözüm', 'bulun', 'yorum', 'dikkat', 'sevin', 'iyi', 'gün']","['iki yıldız', 'uyarı çık', 'ayrıca gün', 'gün kere', 'iki']"
"['iyi', 'değil']","['iyi değil', 'değil', 'iyi']"
"['iki', 'kişi', 'davet', 'bin', 'gerek', 'lütfen']","['kişi davet', 'davet', 'davet bin', 'gerek lütfen', 'lütfen']"
"['puan', 'gönder', 'sınır', 'kaldır', 'lütfen', 'kazı', 'kazan', 'sürekli', 'puan', 'salla', 'toplam', 'biraz', 'artır', 'lütfen', 'yıldız', 'kır']","['artır lütfen', 'sınır kaldır', 'kaldır lütfen', 'lütfen kazı', 'biraz artır']"
"['gerek', 'boş']","['gerek boş', 'boş', 'gerek']"
"['sürekli', 'işlem', 'gerçek', 'saçma', 'biraz', 'böyle', 'devam', 'sil']","['saçma biraz', 'gerçek saçma', 'sürekli işlem', 'böyle devam', 'saçma']"
"['limit', 'artık', 'sıfırla', 'olay', 'yüz', 'i̇nternetden', 'alışveriş', 'böyle', 'git', 'paranoyak', 'kaç', 'gün', 'sıfırla', 'bekle', 'lütfen', 'ses', 'duy']","['sıfırla bekle', 'artık sıfırla', 'gün sıfırla', 'sıfırla olay', 'limit artık']"
"['aycell', 'i̇nternet', 'hata', 'şöyle', 'işle', 'devam', 'lütfen', 'sonra', 'tekrar', 'dene', 'hata', 'çözüm', 'düzeltebilirmisiniz']","['hata çözüm', 'çözüm düzeltebilirmisiniz', 'nternet hata', 'hata şöyle', 'dene hata']"
"['parmak', 'kaldır', 'kullanım', 'zaten', 'yeterince', 'sıkıntı', 'soğu', 'iyi', 'şirket', 'kısa', 'zaman', 'tic', 'geç', 'elli', 'bin', 'fazla', 'çalış', 'şirket', 'şikayet', 'bin', 'kişi', 'yok', 'başarı', 'oran']","['şirket şikayet', 'başarı oran', 'çalış şirket', 'iyi şirket', 'şirket kısa']"
"['dünya', 'kötü', 'cüzdan', 'arkadaş', 'hesap', 'sıkıntı', 'yıl', 'yıl', 'sıkıntı', 'çek', 'geçen', 'hafta', 'mail', 'atım', 'hesap', 'kilitle', 'düzel', 'kale', 'bile', 'yüz', 'bura', 'yaz', 'kullan', 'kulanıcak', 'var', 'sakın', 'bulaş', 'iyi', 'hız', 'kalite', 'hizmet', 'rakip', 'var', 'bura', 'isim', 'sonra', 'baş', 'ağrı', 'araştır', 'başka', 'cüzdan', 'kula', 'acil', 'durum', 'siz', 'saniye', 'yol', 'bırak']","['kötü cüzdan', 'cüzdan kula', 'dünya kötü', 'hesap sıkıntı', 'sıkıntı yıl']"
"['i̇ldiz', 'bile', 'hak', 'puan', 'var', 'yet', 'iste', 'gerçekleşti̇remi̇yoruz', 'saat', 'böyle']","['saat böyle', 'iste gerçekleşti', 'gerçekleşti remi', 'var yet', 'yet iste']"
"['salla', 'topla', 'kazı', 'şans', 'etkin', 'ayarla', 'hafta', 'puan', 'fazla', 'dene', 'onayla', 'eskiden', 'yine', 'puan', 'şimdi', 'cılk', 'çıkar', 'tamamen', 'ayar', 'boş', 'cebe', 'zarar']","['fazla dene', 'ayarla hafta', 'hafta puan', 'kazı şans', 'puan fazla']"
"['arkadaş', 'davet', 'hediye', 'puanlarimi', 'kullan', 'müşteri', 'hizmet', 'mail', 'orda', 'posta', 'kutu', 'dolu', 'mesaj', 'kabul', 'saçma', 'kullandirmayacaksaniz', 'kampanya', 'koy']","['posta kutu', 'davet hediye', 'hizmet mail', 'mail', 'kullandirmayacaksaniz kampanya']"
"['paycel', 'hesap', 'uzun', 'süre', 'don', 'şifre', 'yenile', 'posta', 'adres', 'yenile', 'kod', 'gerek', 'kısa', 'zaman', 'onar', 'bekle', 'paycel', 'müşteri', 'hizmet', 'ara', 'tam', 'bağla', 'kapa', 'geri', 'dönüş']","['şifre yenile', 'şifre', 'don şifre', 'müşteri hizmet', 'adres yenile']"
"['buçuk', 'eksik', 'kullan', 'limit', 'geri', 'öde', 'taksit', 'secenegi', 'olmamasidir']","['öde taksit', 'taksit secenegi', 'taksit', 'kullan limit', 'limit geri']"
"['geçen', 'sene', 'iyi', 'sene', 'berbat', 'acil', 'para', 'gönder', 'gerek', 'gün', 'sistem', 'hata', 'sürekli', 'böyle']","['sene berbat', 'geçen sene', 'hata sürekli', 'sistem hata', 'hata']"
"['giriş', 'mail', 'defalarca', 'ara', 'kimse', 'çözüm', 'sun', 'boşuna', 'giriş']","['mail defalarca', 'giriş mail', 'mail', 'kimse çözüm', 'ara kimse']"
"['abi', 'dolandır', 'kart', 'para', 'yükle', 'kart', 'sistem', 'hata', 'para', 'çek', 'harca', 'yeni', 'kart', 'ekle', 'yine', 'öyle', 'tavsiye', 'hak', 'bilgi', 'sahip', 'lazım']","['dolandır kart', 'kart ekle', 'yükle kart', 'yeni kart', 'kart para']"
"['sık', 'sık', 'güncelle', 'lazım', 'yüksek', 'fatura', 'öde', 'paycele', 'gir', 'yanlış', 'türkel', 'abone', 'saçma']","['abone saçma', 'yüksek fatura', 'fatura öde', 'öde', 'sık güncelle']"
"['baştan', 'son', 'hata', 'gir', 'hata', 'uyarı', 'kimlik', 'doğrula', 'işlem', 'isim', 'hatacell', 'koy']","['hata uyarı', 'uyarı kimlik', 'hata', 'hata gir', 'son hata']"
"['fazla', 'var', 'ininal', 'dek', 'ilan', 'bile', 'yok', 'hariç', 'kalan', 'herşey', 'ininalden', 'iyi', 'kendi', 'ilan', 'kötü']","['ilan kötü', 'kötü', 'ininalden iyi', 'yok hariç', 'fazla']"
"['aycell', 'yükle', 'telefon', 'bas', 'bekle', 'bekle', 'böyle', 'yardımcı', 'yad', 'birazdaha', 'geliş', 'yıldız', 'bile', 'siz']","['bekle böyle', 'bekle bekle', 'birazdaha geliş', 'bekle', 'bas bekle']"
"['berbat', 'şifre', 'bil', 'rağmen', 'giriş', 'posta', 'şifre', 'unut', 'şifre', 'bil', 'giriş', 'hesap', 'don', 'şifre', 'yenile', 'yenile', 'direk', 'eski', 'posta', 'kod', 'git', 'lütfen', 'soru', 'çöz', 'iste', 'önce']","['şifre yenile', 'posta şifre', 'şifre unut', 'unut şifre', 'berbat şifre']"
"['bul', 'süre', 'hediye', 'alacakkadar', 'yet', 'durum', 'düzel', 'gerek']","['hediye alacakkadar', 'süre hediye', 'hediye', 'alacakkadar yet', 'bul süre']"
"['fark', 'biraz', 'gecik', 'ekle', 'insaf', 'kesinlikle', 'öner']","['biraz gecik', 'fark biraz', 'gecik ekle', 'kesinlikle öner', 'biraz']"
"['böyle', 'saçma', 'sistem', 'gör', 'kesinlikle', 'bulaş']","['saçma sistem', 'böyle saçma', 'sistem gör', 'saçma', 'kesinlikle bulaş']"
"['i̇nternet', 'konu', 'iyi', 'para', 'konu', 'siz', 'tavsiye', 'para', 'yükle', 'bar', 'alan', 'kart', 'mes', 'acı', 'başka', 'karum', 'sürekli', 'para', 'alyoyor', 'mulder', 'hizmet', 'kimse', 'ilgilen', 'para', 'git', 'muşrri', 'hizmet', 'arya', 'insan', 'tak']","['ilgilen para', 'tavsiye para', 'sürekli para', 'iyi para', 'para git']"
"['giriş', 'çalış', 'şifre', 'unut', 'eski', 'posta', 'hesap', 'şifre', 'gönder', 'böyle', 'saçmalık', 'gör']","['şifre unut', 'şifre gönder', 'posta hesap', 'hesap şifre', 'şifre']"
"['asla', 'asla', 'tavsiye', 'gün', 'hesap', 'oluş', 'sürekli', 'hata', 'hesap', 'oluş', 'sanal', 'kart', 'oluş', 'sanal', 'kart', 'siz', 'bilgi', 'iyi', 'çıkmaz', 'gir', 'müşteri', 'temsilci', 'çözüm', 'sağla', 'kart', 'imha', 'zor', 'kal', 'kart', 'sonuç', 'bedava', 'gün', 'teknoloji', 'işlem', 'hız', 'kadar', 'pasif', 'çözüm', 'kal', 'kötü', 'gün', 'uğraş', 'vakit', 'kaybet', 'ekstra']","['kart oluş', 'kart siz', 'sağla kart', 'kart sonuç', 'kal kart']"
"['hayat', 'böyle', 'aptal', 'gör', 'pişman']","['gör pişman', 'pişman', 'böyle aptal', 'hayat böyle', 'aptal gör']"
"['müşteri', 'hizmet', 'göre', 'suç', 'zaman', 'müşteri', 'kullan', 'çözüm', 'yerine', 'ora', 'gir', 'bura', 'bas', 'ulan', 'baş', 'alan', 'müşteri', 'çözüm', 'bul', 'iyi', 'sil', 'git']","['müşteri çözüm', 'müşteri kullan', 'alan müşteri', 'müşteri hizmet', 'müşteri']"
"['hazır', 'limit', 'kullan', 'iste', 'life', 'bağlantı', 'kapa', 'böyle', 'saçmalık', 'gör', 'çöz', 'sıkıntı']","['hazır limit', 'limit kullan', 'çöz sıkıntı', 'limit', 'life bağlantı']"
"['şahane', 'keşke', 'ziraat', 'banka', 'para']","['ziraat banka', 'banka para', 'banka', 'keşke ziraat', 'şahane keşke']"
"['işlem', 'devam', 'lütfen', 'sonra', 'tekrar', 'dene', 'dur', 'bari', 'para', 'çekseydimlütfen', 'soru', 'çöz', 'iste', 'siz', 'yüz', 'para', 'git', 'yıldız', 'bile', 'haket', 'boşuna', 'para', 'git', 'siz', 'yüz', 'iki', 'işlem', 'devam', 'dur', 'bide', 'şimdi', 'aycell', 'diğer', 'hesap', 'para', 'sanalpos', 'cihaz', 'hata', 'şua', 'işlem', 'devam', 'kullan', 'gerek']","['para çekseydimlütfen', 'boşuna para', 'para git', 'tekrar dene', 'hesap para']"
"['sun', 'fırsat', 'bayıl', 'hiçbir', 'lira', 'gelir', 'iyi', 'var', 'aycell']","['sun fırsat', 'sun', 'lira gelir', 'gelir iyi', 'fırsat bayıl']"
"['ilk', 'baş', 'iyi', 'puan', 'şimdi', 'sinir', 'boz']","['puan şimdi', 'şimdi sinir', 'ilk baş', 'iyi puan', 'ilk']"
"['boş', 'boşuna', 'yükle', 'katkı', 'artı', 'yok', 'ayrıca', 'biri', 'puan', 'zaman', 'iste', 'puan', 'lazım', 'sadece', 'puan', 'degistirmeliler', 'turkcell', 'kalite', 'bayağı', 'düşük']","['sadece puan', 'puan lazım', 'boş boşuna', 'boşuna yükle', 'biri puan']"
"['evccxşggkgej', 'var', 'bbc', 'güven', 'eksik', 'kol', 'mum']","['bbc güven', 'var bbc', 'güven eksik', 'bbc', 'güven']"
"['siz', 'klasik', 'sistem', 'sorun', 'neden', 'işlem', 'gerçek', 'hata', 'allah', 'bela', 'taraf', 'gir', 'hata', 'böyle', 'salak', 'saçma', 'sistem', 'gör', 'para', 'yükle', 'hata', 'alışveriş', 'hata', 'sok', 'sistem']","['saçma sistem', 'hata sok', 'gerçek hata', 'sistem sorun', 'gir hata']"
"['son', 'zaman', 'sorun', 'özellikle', 'şifre', 'yenile', 'sorun', 'var', 'hesap', 'giriş']","['şifre yenile', 'şifre', 'özellikle şifre', 'hesap giriş', 'yenile sorun']"
"['hazır', 'limit', 'kullan', 'iste', 'aktar', 'wifi', 'kapa', 'lazım', 'kapa', 'hala', 'acikmis', 'koru', 'telefon', 'sik', 'var', 'ayrı', 'telefon', 'dene', 'ayni', 'hata', 'kullan', 'aksam', 'hazır', 'limit', 'tanimliyorsunuz', 'saçma', 'acil', 'yoz', 'lazım']","['limit tanimliyorsunuz', 'telefon sik', 'wifi kapa', 'telefon dene', 'kapa lazım']"
"['fatura', 'gir', 'baki', 'gir', 'beyond', 'vadi', 'fatura', 'yansı', 'emin', 'hiçbir', 'sekil', 'böyle', 'birey', 'abone', 'izin', 'ayrıca', 'paycel', 'kart', 'para', 'bile', 'yok', 'izin', 'dış', 'para', 'fatura', 'böyle', 'yansı', 'bil', 'acilen', 'düzel', 'lütfen', 'ayrıca', 'fatura', 'yansı', 'bütçe', 'iade', 'iste', 'lütfen', 'düzel']","['ayrıca fatura', 'fatura yansı', 'para fatura', 'fatura gir', 'vadi fatura']"
"['eskiden', 'iyi', 'yavaş', 'yavaş', 'para', 'gözet', 'başla']","['yavaş para', 'yavaş yavaş', 'eskiden iyi', 'iyi yavaş', 'gözet başla']"
"['lütfen', 'iletişim', 'geç', 'kredi', 'kart', 'para', 'yüklem', 'şüphe', 'işlem', 'kart', 'kapa', 'var', 'rezil', 'mağdur', 'madem', 'öyle', 'öyle', 'seçenek', 'koy', 'alaka', 'kapa']","['kredi kart', 'geç kredi', 'işlem kart', 'kredi', 'iletişim geç']"
"['allah', 'bela', 'böyle', 'pace', 'bin', 'para', 'yatır', 'para', 'yarım', 'saat', 'sonra', 'bloke', 'koy', 'sistem', 'güvenlik', 'deyip', 'gün', 'para', 'kendi', 'kart', 'kendi', 'hesap', 'para', 'yetir', 'güvenlik', 'kendi', 'para', 'koru']","['para yatır', 'güvenlik kendi', 'para kendi', 'kendi para', 'güvenlik deyip']"
"['giriş', 'dahi', 'sürekli', 'hata', 'böyle', 'allah', 'bela']","['hata böyle', 'sürekli hata', 'hata', 'böyle allah', 'dahi sürekli']"
"['aman', 'aman', 'kampanya', 'yok', 'kötü', 'kampanya', 'kazan', 'para', 'bile', 'bit', 'hafta', 'sonra', 'yükle', 'indirim', 'düş', 'iyi', 'müşteri', 'hizmet', 'kötü', 'bağ', 'hiçbir', 'konu', 'bilgi', 'yok']","['indirim düş', 'indirim', 'yükle indirim', 'kampanya yok', 'iyi müşteri']"
['koy'],['koy']
"['turkcell', 'paket', 'yükle', 'paket', 'değil', 'sadece', 'internet', 'ayrı', 'ayrı', 'dakika', 'i̇nternet', 'yükle', 'kat', 'öde', 'turkcell', 'müşteri', 'hizmet', 'aycell', 'yok', 'kısa', 'zaman', 'hat', 'taşı', 'kurtul', 'lazım', 'rezil', 'turkcell', 'aycell']","['turkcell aycell', 'turkcell müşteri', 'turkcell', 'turkcell paket', 'rezil turkcell']"
"['telefon', 'acı', 'eskiden', 'dur', 'dur', 'gerçekten', 'berbat', 'keşke', 'almadaydim', 'tim', 'yazık', 'git', 'zaman', 'git', 'yol', 'alig', 'bide', 'para', 'var', 'yokmu', 'bil', 'parti', 'sat', 'simit', 'iyi', 'acilen', 'düzelti̇lsi̇n', 'siz', 'parti', 'kullan', 'telefon', 'degistirecegim']","['telefon degistirecegim', 'kullan telefon', 'telefon acı', 'telefon', 'almadaydim tim']"
"['sürekli', 'sürekli', 'gecik', 'gerek', 'yok']","['gerek yok', 'sürekli gecik', 'sürekli sürekli', 'sürekli', 'yok']"
"['herşey', 'sorun', 'kampanya', 'getir', 'kişi', 'sınır', 'koy', 'gerek', 'kampanya', 'uzun', 'süre', 'dur', 'yeni', 'kampanya', 'hafta', 'aycell', 'puan', 'madem', 'sür', 'birik', 'fırsat', 'bul', 'süre', 'bit', 'dalga', 'geç', 'aycell', 'puan', 'paylaş', 'üst', 'gönder', 'gönder', 'bile', 'yine', 'limit', 'var', 'limit', 'şimdi', 'adam', 'hast']","['kampanya getir', 'sorun kampanya', 'kampanya uzun', 'kampanya hafta', 'gerek kampanya']"
"['keşke', 'posta', 'yenile', 'üzeri', 'bil', 'hesap', 'kaldır', 'üzeri', 'bil', 'müthiş', 'müşteri', 'hizmet', 'ara', 'eee']","['posta yenile', 'müthiş müşteri', 'müşteri hizmet', 'keşke posta', 'müşteri']"
"['cep', 'telefon', 'şifre', 'yenile', 'kadar', 'zor', 'şifre', 'yenile', 'buton', 'bas', 'yer', 'buton', 'yok']","['telefon şifre', 'şifre yenile', 'yenile buton', 'buton yok', 'zor şifre']"
"['para', 'yatır', 'para', 'çek', 'komisyon', 'öğrenci', 'lazım', 'para', 'kazan', 'öğrenci', 'para', 'kopar', 'salla', 'kazan', 'tamamen', 'kola', 'sebep', 'salla', 'puan', 'para', 'iade', 'zaman', 'para', 'gün', 'bekle', 'adam', 'gün', 'boyunca', 'para', 'ora', 'bura', 'kullan', 'para', 'ihtiyaç', 'var', 'gün', 'gün', 'tos', 'veyahut', 'papara', 'kullan', 'özellikle', 'tos', 'para', 'yatır', 'para', 'akbank', 'para', 'çek', 'komisyon']","['kullan para', 'boyunca para', 'lazım para', 'para yatır', 'para çek']"
"['berbat', 'tam', 'anlam', 'şifre', 'gir', 'yanlış', 'hesap', 'don', 'iyi', 'şifre', 'bil', 'rağmen', 'giriş', 'eski', 'eposta', 'adres', 'şifre', 'unut', 'şifre', 'bil', 'düzel', 'soru', 'kaldır', 'iste']","['şifre unut', 'unut şifre', 'şifre gir', 'şifre bil', 'şifre']"
"['hesap', 'para', 'yatır', 'havale', 'aciklama', 'isim', 'boş', 'yad', 'eksik', 'vay', 'hal', 'bekle', 'dal', 'budak', 'cikarcaktim', 'ara', 'para', 'hesap', 'patti', 'geri', 'iade', 'parti', 'ekle', 'sik', 'cima', 'hesap', 'gör', 'tavsiye']","['yatır havale', 'eksik vay', 'ekle sik', 'ara para', 'cima hesap']"
"['papara', 'iyi', 'üzgün']","['iyi üzgün', 'üzgün', 'papara iyi', 'iyi', 'papara']"
"['efendi', 'sev', 'kullan', 'platform', 'eksik', 'var', 'iyi', 'kadro', 'bil', 'sorun', 'çöz', 'başarı', 'bura', 'sevgi', 'kolay']","['çöz başarı', 'sevgi kolay', 'başarı bura', 'sev kullan', 'bura sevgi']"
"['bit', 'sistem', 'sorun', 'var', 'başka', 'kart', 'öner']","['bit sistem', 'bit', 'sistem sorun', 'başka kart', 'sistem']"
"['sakın', 'bulaş', 'para', 'koy', 'resmen']","['bulaş para', 'sakın bulaş', 'sakın', 'para', 'bulaş']"
"['küsur', 'puan', 'var', 'günlük', 'biraz', 'düzenle', 'iyi']","['düzenle iyi', 'günlük biraz', 'biraz düzenle', 'puan var', 'iyi']"
"['şifre', 'yenile', 'müşteri', 'hizmet', 'ara', 'tel', 'sekreter', 'dik', 'sefer', 'biz', 'insan', 'yerine', 'koy']","['tel sekreter', 'şifre yenile', 'yenile müşteri', 'müşteri hizmet', 'şifre']"
"['kadar', 'kağıt', 'olay', 'store', 'dan', 'harca', 'fatura', 'aycell', 'abone', 'ücret', 'lira', 'yansı', 'mobil', 'öde', 'lira', 'ücret', 'diğer', 'operatör', 'kullan', 'böyle', 'yok', 'insan', 'dolandır', 'engel', 'yok']","['lira ücret', 'ücret lira', 'abone ücret', 'ücret diğer', 'ücret']"
"['kullan', 'gerek', 'sistem', 'hata', 'müdahale', 'alt', 'yapı', 'yok', 'başarı']","['sistem hata', 'yok başarı', 'hata müdahale', 'gerek sistem', 'yapı yok']"
"['eskiden', 'iyi', 'şimdi', 'başka', 'bul']","['başka bul', 'şimdi başka', 'eskiden iyi', 'eskiden', 'başka']"
"['aycell', 'küçük', 'bari', 'kullan', 'manevi', 'değer', 'yüksek', 'ancak', 'eksik', 'var', 'cashbank', 'örnek', 'gerek', 'kampanya', 'katıl', 'fakat', 'gün', 'sonra', 'yükle', 'fakat', 'diğer', 'hemen', 'yükle', 'soru', 'güncelle', 'gider', 'aycell', 'kart', 'artık', 'temas', 'öze', 'getir', 'yorum', 'dikkat', 'tek']","['cashbank örnek', 'var cashbank', 'cashbank', 'soru güncelle', 'kart artık']"
"['pek', 'benzer', 'kullan', 'uzak', 'ara', 'kötü', 'para', 'yükle', 'dert', 'harca', 'ayrı', 'dert', 'ayrıca', 'kas', 'sun', 'avantaj', 'sebep', 'güzel', 'görün', 'aksak', 'bütün', 'cazibe', 'yok', 'insan', 'sinir']","['kötü para', 'avantaj sebep', 'ara kötü', 'avantaj', 'cazibe yok']"
"['gör', 'gerek', 'davet', 'kod', 'davet', 'kişi', 'git', 'puan', 'hediye', 'dünya', 'düş', 'madem', 'vermiceksiniz', 'böyle', 'kampanya', 'kaldır']","['kampanya kaldır', 'böyle kampanya', 'kod davet', 'kampanya', 'madem vermiceksiniz']"
"['tos', 'kart', 'var', 'adam', 'asma', 'yıl', 'para', 'iste', 'böyle', 'seçenek', 'yok', 'seçenek', 'getir', 'lazım', 'adım', 'sinan', 'mescit', 'telefon', 'hat', 'hat', 'sahip', 'anne', 'hava', 'yaz', 'profil', 'adım', 'değiş', 'iste', 'yok', 'seçenek']","['seçenek getir', 'böyle seçenek', 'tos kart', 'yok seçenek', 'seçenek yok']"
"['söyle', 'siz', 'beyin', 'iyi', 'değil', 'hafta', 'hafta', 'kazandibi', 'puan', 'git', 'saçma', 'böyle', 'puan', 'birik']","['hafta kazandibi', 'git saçma', 'saçma böyle', 'iyi değil', 'değil hafta']"
"['böyle', 'saçma', 'gör', 'kampanya', 'iade', 'binbir', 'bahane', 'uydur', 'tek', 'kelime', 'berbat', 'oluşum']","['böyle saçma', 'saçma gör', 'gör kampanya', 'saçma', 'kampanya iade']"
"['berbat', 'giriş', 'düzel', 'gerek']","['berbat giriş', 'düzel gerek', 'berbat', 'gerek', 'giriş']"
"['iyi', 'lakin', 'aralık', 'i̇nternet']","['lakin aralık', 'aralık nternet', 'aralık', 'iyi lakin', 'nternet']"
"['para', 'transfer', 'gün', 'hesap', 'yat', 'yok', 'maile', 'dekont', 'gönder', 'yok', 'şöyle', 'yok', 'böyle', 'tazminat', 'dava', 'karar', 'bak', 'cin', 'dekont', 'var', 'hepsi', 'dava']","['hepsi dava', 'dekont gönder', 'gönder yok', 'yok maile', 'dava karar']"
"['vakıfbank', 'ziraat', 'banka', 'şart', 'var', 'hafatasonlari', 'yine', 'banka', 'havale', 'düzel', 'gerek']","['yine banka', 'banka havale', 'banka şart', 'ziraat banka', 'banka']"
"['puan', 'haket', 'mecburen', 'yorum', 'yayınla', 'zor', 'kal', 'aycell', 'bat', 'hesap', 'don', 'haber', 'şifre', 'iste', 'posta', 'şifre', 'gönder', 'yapım', 'bütün', 'akraba', 'arkadaş', 'herkes', 'örgütle', 'sil', 'sonra', 'son', 'celal', 'bit', 'hiçbir', 'hayat', 'sok', 'turkcell', 'dahil', 'iyi', 'gece', 'hayır', 'akşam']","['şifre gönder', 'posta şifre', 'haber şifre', 'şifre iste', 'yorum yayınla']"
"['kampanya', 'kısım', 'mutlaka', 'ara', 'tuş', 'koy']","['kampanya kısım', 'kampanya', 'ara tuş', 'kısım mutlaka', 'mutlaka ara']"
"['iyi', 'değil']","['iyi değil', 'değil', 'iyi']"
"['son', 'derece', 'gerek', 'para', 'tuzak', 'mobil', 'öde', 'para', 'keser', 'bakiye', 'sil', 'kart', 'sil', 'sonra', 'müşteri', 'temsilci', 'ara', 'bakiye', 'gün', 'bekle', 'hiçbirşey', 'sonra', 'siz', 'tane', 'ekran', 'görüntü', 'sonra', 'video', 'kayıt', 'iste', 'yalan', 'söyle', 'saçma', 'boşa', 'harca', 'vakit', 'laf', 'yok', 'sorun', 'yaşa', 'çözüm', 'ziyade', 'stres']","['harca vakit', 'ziyade stres', 'boşa harca', 'sorun yaşa', 'gerek para']"
"['deneme', 'amaç', 'bakın', 'hesap', 'kapa', 'ara', 'öyle', 'gerek', 'ucuz', 'hareket', 'üye', 'tut']","['hesap kapa', 'ucuz hareket', 'gerek ucuz', 'bakın hesap', 'ucuz']"
"['önce', 'yıldız', 'hepsi', 'tuş', 'iyi', 'yorum', 'kendi', 'kafa', 'göre', 'limit', 'limit', 'birşey', 'yaz', 'limit', 'kaldır', 'konu', 'hatta', 'sat', 'ürün', 'para', 'kes', 'doğru', 'düzgün', 'limit', 'yad', 'yine', 'yok', 'iptal', 'hesap', 'kapa', 'turkcell', 'dahil', 'operatör', 'yıl', 'kullan', 'değiş', 'vakit']","['yaz limit', 'göre limit', 'düzgün limit', 'limit kaldır', 'limit limit']"
"['turkcell', 'taksit', 'ürün', 'pari', 'fatura', 'yansitiyorlar', 'ari', 'ücret', 'aylık', 'pey', 'öde', 'haber', 'var', 'fatura', 'detaylarinizi', 'kontrol', 'kredi', 'parti', 'alim', 'olanak', 'sağla', 'şifre', 'kap', 'sorum', 'kullan', 'sistem', 'fark', 'kadar', 'kimbilir', 'para', 'öde']","['fatura detaylarinizi', 'kontrol kredi', 'fatura yansitiyorlar', 'var fatura', 'para öde']"
"['hesap', 'gir', 'puan', 'görün', 'sadece', 'hesap', 'bilgi', 'gir', 'rağmen', 'gir', 'posta', 'lazım']","['sadece hesap', 'hesap bilgi', 'posta lazım', 'hesap gir', 'hesap']"
"['güzel', 'gerek', 'güvenlik', 'önlem', 'var', 'wifi', 'çık', 'iste', 'tablet', 'gam', 'değil', 'lütfen', 'sapan', 'güvenlik', 'önlem', 'kaldır']","['wifi çık', 'var wifi', 'wifi', 'tablet gam', 'tablet']"
"['limit', 'biraz', 'fazla', 'iyi', 'sürekli', 'turkcell', 'faturala', 'geçerli', 'hata', 'zaten', 'fatura', 'hat', 'kullaniyorumdaha', 'hazır', 'limit', 'kullan', 'sürekli', 'turkcell', 'faturala', 'geçerli', 'hata', 'durum', 'düzel']","['turkcell faturala', 'sürekli turkcell', 'faturala geçerli', 'zaten fatura', 'hazır limit']"
"['kadar', 'saçma', 'sapan', 'kendi', 'kafa', 'göre', 'hesap', 'don', 'mail', 'şifre', 'yenile', 'hiçbir', 'yara', 'sunuş', 'tam', 'rezalet']","['mail şifre', 'şifre yenile', 'saçma sapan', 'kadar saçma', 'şifre']"
"['düzen', 'şekil', 'öde', 'rağmen', 'saçma', 'sapan', 'yenilik', 'getirmişsinizistedigim', 'saat', 'para', 'aktar', 'oldumbelirlediginiz', 'saat', 'aktar', 'iste', 'yine', 'saçma', 'sapan', 'hata', 'veriyoryazıklar', 'siz', 'düzenle']","['yenilik getirmişsinizistedigim', 'saçma sapan', 'sapan hata', 'oldumbelirlediginiz saat', 'yine saçma']"
"['belli', 'sure', 'sonrakart', 'bakiye', 'koy', 'sekil', 'kullan', 'müşteri', 'hizmet', 'ara', 'ulaşamıyorsunhic', 'kimse', 'bulasmasin', 'hırsız']","['bulasmasin hırsız', 'hırsız', 'ulaşamıyorsunhic kimse', 'ara ulaşamıyorsunhic', 'ulaşamıyorsunhic']"
"['aysel', 'google', 'diğer', 'i̇nternet', 'erişim', 'engelle', 'ayrıca', 'aysel', 'ilgili', 'yorum', 'fazlasıyla', 'olumsuz', 'dolayı', 'gay', 'fiber', 'i̇nternet', 'öde', 'bira', 'önce', 'banka', 'kart', 'makul', 'i̇nternet', 'fatura', 'cep', 'tlfhattıma', 'tanımla', 'iyi']","['google diğer', 'google', 'banka kart', 'erişim engelle', 'nternet erişim']"
"['aycell', 'hazır', 'limit', 'kullan', 'üst', 'usta', 'para', 'hekim', 'müşteri', 'hizmet', 'görüş', 'işlem', 'muhasebe', 'cevap', 'öde', 'gerek', 'fatura', 'çık', 'ilgilen', 'gerekli', 'işlem', 'mahkeme', 'yol', 'cozecem']","['hekim müşteri', 'para hekim', 'öde gerek', 'limit kullan', 'gerek fatura']"
"['kötü', 'kart', 'i̇sa', 'tos', 'iyi', 'ikinci', 'aysel', 'kötü', 'kart', 'tavsiye']","['kötü kart', 'kart tavsiye', 'iyi ikinci', 'aysel kötü', 'kötü']"
"['sürekli', 'hata', 'böyle']","['sürekli hata', 'hata böyle', 'hata', 'sürekli', 'böyle']"
"['müşteri', 'hizmet', 'tlfnu', 'mail', 'güncelle', 'gerek', 'acmadıgı', 'bekle', 'alan', 'yok']","['hizmet tlfnu', 'tlfnu mail', 'mail güncelle', 'mail', 'müşteri hizmet']"
"['hazır', 'limit', 'kullan', 'sadece', 'bireysel', 'fatura', 'müşteri', 'fayda', 'faturaliyim', 'böyle', 'hata', 'normal']","['bireysel fatura', 'fatura müşteri', 'limit kullan', 'hazır limit', 'fayda faturaliyim']"
"['çalış', 'böyle', 'kart', 'yok']","['kart yok', 'böyle kart', 'yok', 'böyle', 'çalış böyle']"
"['berbat', 'hesabi', 'don', 'posta', 'dan', 'dogruluyom', 'aycell', 'hesap', 'doğru', 'paycele', 'gir', 'işlem', 'gerçek', 'para', 'alim', 'birdaha', 'böyle', 'berbat', 'isim']","['berbat hesabi', 'berbat isim', 'gerçek para', 'hesabi', 'böyle berbat']"
"['sürekli', 'kullan', 'sürekli', 'güncelle', 'değişik', 'yok', 'artık', 'yara', 'fayda', 'gör', 'kendi', 'kafa', 'göre', 'hemen', 'alım', 'yönlen', 'açık', 'tam', 'rezalet', 'yara', 'iyi', 'kart', 'kapa', 'üye', 'çık']","['artık yara', 'yara iyi', 'yara fayda', 'sürekli güncelle', 'güncelle']"
"['günlük', 'hayat', 'yardımcı', 'sev', 'kullan', 'şöyle', 'sorun', 'var', 'eskiden', 'kart', 'para', 'yükle', 'zaman', 'kes', 'şimdi', 'yükle', 'gerek', 'tabi', 'meblağ', 'yüksel', 'kadar', 'yüksel', 'kadar', 'yüksek', 'sebla', 'para', 'yükle', 'kadar', 'para']","['yükle zaman', 'kadar para', 'günlük hayat', 'zaman kes', 'hayat yardımcı']"
"['sürekli', 'donan', 'don', 'zaman', 'hata', 'işlem', 'izin', 'para', 'bloke', 'koy', 'harami', 'koy', 'geri', 'uzak', 'dur', 'yakın', 'bile', 'geç']","['uzak dur', 'sürekli donan', 'geri uzak', 'bile geç', 'geç']"
"['zaten', 'hesap', 'var', 'kaldır', 'geçici', 'tekrar', 'yükle', 'giriş', 'hata', 'giriş', 'direk', 'sayfa', 'iyi', 'gerek', 'lütfen', 'yardım']","['giriş hata', 'hata giriş', 'direk sayfa', 'hesap', 'hesap var']"
"['önce', 'iyi', 'önce', 'beri', 'ara', 'puan', 'falan', 'şimdi', 'bile', 'kötü']","['bile kötü', 'kötü', 'önce beri', 'şimdi bile', 'falan şimdi']"
"['kart', 'kulanilmiyomus', 'belir', 'yok', 'geç', 'sekil', 'hesap', 'para', 'aktar', 'tamam', 'para', 'iade', 'iste', 'dekont', 'gönder', 'yapilicak', 'işlem', 'gün', 'bekliyceksiniz', 'kesinlikle', 'birdaha', 'kulanirim', 'kimse', 'öner', 'böyle', 'bekle', 'hemen', 'çöz', 'işlem', 'gün', 'bekle', 'söyle', 'söyle', 'siz', 'söyle', 'kimse', 'oku', 'aycell', 'pişman', 'siz', 'boş', 'boşuna', 'bekle', 'kesinlikle', 'tavsiye', 'i̇ldiz', 'bile']","['boşuna bekle', 'gün bekle', 'böyle bekle', 'bekle söyle', 'bekle hemen']"
"['saçma', 'sapan', 'para', 'yükle', 'ayrı', 'zulüm', 'transfer', 'ayrı', 'zulüm', 'yaa', 'bugün', 'sadece', 'transfer', 'limit', 'dol', 'iyi', 'nefret', 'sil', 'yakın', 'reklam', 'dünya', 'para', 'iyi']","['reklam dünya', 'dünya para', 'para iyi', 'iyi nefret', 'saçma sapan']"
"['arkadaş', 'hazır', 'limit', 'aycell', 'kart', 'kullandirmiyorlar', 'müşteri', 'hizmet', 'ara', 'hata', 'mail', 'hafta', 'mai', 'cevap', 'yok', 'kötü', 'teknik', 'servis', 'bağ', 'mail', 'teknik', 'servis', 'bakicakmis', 'alaka', 'telefon', 'çöz', 'zor', 'adam', 'sinir', 'ara', 'mail', 'kaç', 'gün', 'beri', 'mail', 'ulaş', 'böyle', 'saçma', 'gör', 'sakin', 'kullanmayi̇n']","['mail kaç', 'mail hafta', 'bağ mail', 'mail teknik', 'mail']"
"['yardımcı', 'hesap', 'bloke', 'yanlış', 'yapım', 'bloke', 'koy', 'fatura', 'gecik', 'öde', 'lütfen', 'yardımcı', 'bloke', 'koy']","['hesap bloke', 'fatura gecik', 'koy fatura', 'gecik öde', 'fatura']"
"['şimdi', 'kadar', 'pek', 'sorun', 'yaşa', 'kişi', 'sorun', 'yaşa', 'gine', 'kötü', 'değil', 'sorun', 'çöz', 'hız', 'kullan', 'iyi', 'olurmümkünse', 'artık', 'temas', 'çip', 'kart', 'öde', 'biraz', 'kolay', 'lütfen', 'dış', 'diğer', 'özellik', 'iyi', 'geliş', 'dilek']","['hız kullan', 'artık temas', 'kullan iyi', 'öde biraz', 'pek sorun']"
"['sene', 'iyi', 'çalış', 'çözüm', 'bula', 'kere', 'alışveriş', 'giriş', 'güvenlik', 'engelle', 'sürekli', 'aynı', 'hata', 'cole', 'yok', 'sev', 'artık', 'kapa']","['kere alışveriş', 'engelle sürekli', 'çözüm bula', 'alışveriş giriş', 'güvenlik engelle']"
"['temas', 'kart', 'hala', 'yok', 'yıl', 'neredeyse', 'hala', 'temas', 'özellik', 'kart', 'sat', 'ayrıca', 'anlaş', 'banka', 'para', 'yatır', 'çek', 'ücret', 'geliş', 'gerek']","['özellik kart', 'kart hala', 'çek ücret', 'para yatır', 'anlaş banka']"
"['bedava', 'i̇nternet', 'allah', 'razı', 'iyi', 'aycell', 'zor', 'zaman', 'yan', 'iyi', 'gün', 'aycell', 'ekip']","['nternet allah', 'allah razı', 'razı iyi', 'allah', 'iyi aycell']"
"['sorun', 'çöz', 'sevin', 'sadece', 'uzun', 'sür', 'hata', 'merak', 'iyi']","['sür hata', 'uzun sür', 'hata merak', 'sadece uzun', 'sorun çöz']"
"['para', 'bloke', 'koy', 'kullan']","['para bloke', 'koy kullan', 'bloke koy', 'para', 'bloke']"
"['yaş', 'sınır', 'iyi', 'isim', 'kart', 'alinmiyo', 'kötü']","['yaş sınır', 'yaş', 'isim kart', 'alinmiyo kötü', 'iyi isim']"
"['kırk', 'yıl', 'baş', 'fatura', 'yatır', 'yatır', 'işlem', 'hata', 'para', 'kes', 'fatura', 'öde', 'gör', 'fatura', 'şirket', 'dekont', 'iste', 'dekont', 'yok', 'işlem', 'dekan', 'tik', 'lazım', 'müşteri', 'hizmet', 'görüş', 'bak', 'geri', 'öde', 'stabil', 'çalış', 'düzel', 'piyasa', 'sür']","['fatura öde', 'fatura şirket', 'fatura yatır', 'geri öde', 'gör fatura']"
"['ses', 'şifre', 'hatim', 'gerek', 'yok', 'evren', 'gönder']","['yok evren', 'evren gönder', 'gerek yok', 'ses şifre', 'yok']"
"['kampanya', 'katıl', 'hata', 'böyle', 'saçmalık', 'kaç', 'gün', 'düzel']","['katıl hata', 'kampanya katıl', 'kampanya', 'hata böyle', 'saçmalık kaç']"
"['çoğu', 'kampanya', 'turkcell', 'özel', 'hazırla', 'aycell', 'müşteri', 'hepsi', 'kapsa', 'bütün', 'kampanya', 'iyi']","['müşteri hepsi', 'kampanya turkcell', 'bütün kampanya', 'kampanya iyi', 'çoğu kampanya']"
"['abone', 'ali', 'para', 'hava', 'kal', 'ara', 'para', 'biz', 'çık', 'abone', 'yok', 'abone', 'aldi', 'kurum', 'görüş', 'kartinizla', 'alaka', 'berbat', 'öte', 'kesinlikle', 'öner']","['yok abone', 'çık abone', 'kartinizla alaka', 'abone yok', 'abone aldi']"
"['önce', 'güzel', 'artık', 'sistem', 'boz', 'kadar', 'para', 'harca', 'kampanya', 'katıl', 'para', 'ara', 'para', 'önce', 'müşteri', 'hizmet', 'uğraş', 'oto', 'yatır', 'gerek', 'para', 'boşa', 'zaman', 'kayıp', 'aycell', 'bitti', 'kaç', 'gün', 'bekle', 'para', 'sil', 'kart', 'sil']","['bekle para', 'para boşa', 'kadar para', 'para önce', 'boşa zaman']"
"['kesinlikle', 'sam', 'düzel', 'gerek', 'kullan', 'gsm', 'numara', 'üzeri', 'tanım', 'telefon', 'gir', 'hata', 'şifre', 'gir', 'uygulamanınhattımin', 'takı', 'olmadigimda', 'fark', 'aynı', 'şifre', 'aynı', 'çift', 'hat', 'kullan', 'kullan']","['aynı şifre', 'şifre aynı', 'şifre gir', 'şifre', 'hata şifre']"
"['geri', 'zeka', 'hane', 'şifre', 'gir', 'yaz', 'ancak', 'sadece', 'hane', 'gir', 'izin', 'dolayı', 'sürekli', 'şifre', 'yanlış', 'kere', 'yanlış', 'gir', 'hesap', 'kilitle', 'yeni', 'şifre', 'iste', 'mail', 'adres', 'bağlantı', 'ora', 'şifre', 'belirle', 'onay', 'deyi', 'teknik', 'sorun', 'oluş', 'lütfen', 'sonra', 'tekrar', 'dene', 'ancak', 'tekrar', 'dene', 'ara', 'gün', 'geç', 'gerek', 'gün', 'sonra', 'yine', 'aynı', 'saçmalık', 'hala', 'gir']","['şifre yanlış', 'şifre belirle', 'şifre gir', 'sürekli şifre', 'şifre']"
"['ilk', 'önce', 'sürüm', 'düzel', 'sonra', 'bahis', 'si̇teleri̇nde', 'reklam', 'şifre', 'yenile', 'yok', 'kullanmadigim', 'gmail', 'numara', 'i̇leti̇', 'gi̇di̇yor', 'zahmet', 'edi', 'yeni', 'gmail', 'buton', 'mi̇lleti̇n', 'beyin', 'var', 'zaten', 'siz', 'erol', 'verdi̇rmeyi̇n']","['gmail buton', 'gmail', 'gmail numara', 'kullanmadigim gmail', 'reklam şifre']"
"['gerçekten', 'turkcell', 'böyle', 'inan', 'giriş', 'parmak', 'oku', 'yerine', 'hane', 'şifre', 'iste', 'aycell', 'kart', 'para']","['gerçekten turkcell', 'turkcell böyle', 'hane şifre', 'parmak oku', 'turkcell']"
"['çık', 'önce', 'çık', 'onay', 'sor', 'kampanya', 'sayfa', 'ara', 'kısım', 'bulun', 'iyi']","['kampanya sayfa', 'sor kampanya', 'kampanya', 'sayfa ara', 'onay sor']"
"['aycell', 'farket', 'zaman', 'kampanya', 'giriş', 'örnek', 'şimdi', 'giriş', 'çekiliş', 'hak', 'giriş', 'parmak', 'giriş', 'şifre', 'yenile', 'şifre', 'yenile', 'hata', 'muazzam', 'teknoloji', 'ara', 'lütfen', 'yaşa', 'sorun', 'mail', 'zaten', 'gün', 'önce', 'mail', 'hala', 'geri', 'dönüş', 'problem', 'devam', 'iyi', 'gün']","['mail zaten', 'yenile şifre', 'şifre yenile', 'sorun mail', 'mail hala']"
"['eski', 'güzel', 'şimdi', 'kötü', 'eskiden', 'salla', 'kazan', 'puan', 'şimdi', 'eskiden', 'kazı', 'kazan', 'var', 'oda', 'kısacası', 'eskiden', 'iyi', 'şimdi', 'kötü', 'berbat']","['eskiden salla', 'kötü eskiden', 'şimdi eskiden', 'eskiden kazı', 'eskiden iyi']"
"['sürekli', 'şifre', 'yenile']","['sürekli şifre', 'şifre yenile', 'şifre', 'sürekli', 'yenile']"
"['güzel', 'değil', 'i̇nternet', 'artır', 'yet']","['artır yet', 'nternet artır', 'güzel değil', 'güzel', 'nternet']"
"['iyi', 'değil']","['iyi değil', 'değil', 'iyi']"
"['iyi', 'güzel', 'nakit', 'lazım', 'hazır', 'limit', 'kullan', 'fakat', 'çekim', 'kesme', 'abartı', 'bul', 'çekim', 'ücret', 'düş', 'zaten', 'faiz']","['zaten faiz', 'ücret düş', 'nakit lazım', 'güzel nakit', 'hazır limit']"
"['güzel', 'şifre', 'unut', 'sonra', 'giriş', 'yapamadımşifre', 'yenile', 'belir', 'mail', 'adres', 'harf', 'eksik', 'yazmışımyardımcı']","['şifre unut', 'şifre', 'giriş yapamadımşifre', 'belir mail', 'eksik yazmışımyardımcı']"
"['aycell', 'uzun', 'zaman', 'kullan', 'fakat', 'son', 'gün', 'giriş', 'telefon', 'sim', 'kart', 'aycell', 'hesap', 'tanım', 'numara', 'fark', 'uyarı', 'konu', 'ilgili', 'rağmen', 'hala', 'giriş', 'rahat', 'çözümle', 'sim', 'kart', 'bile', 'çıkar', 'telefon', 'anla']","['giriş telefon', 'telefon', 'çıkar telefon', 'telefon sim', 'sim kart']"
"['uzun', 'zaman', 'kullan', 'hesap', 'don', 'güvenlik', 'şifre', 'yenile', 'buton', 'bas', 'şifre', 'yenile', 'söyle', 'lakin', 'şifre', 'yenile', 'buton', 'yok']","['şifre yenile', 'şifre', 'güvenlik şifre', 'yenile buton', 'bas şifre']"
"['yeni', 'başla', 'neden', 'işlem', 'başla', ""i̇nternet'iniz"", 'kapa', 'kapattigimda', 'hata', 'kullan', 'internetçi', 'lazım']","['kullan internetçi', 'kapattigimda hata', 'internetçi lazım', 'kapattigimda', 'kapa kapattigimda']"
"['telefon', 'numara', 'onayla', 'şifre', 'gir', 'fakat', 'hata', 'telefon', 'sim', 'kart', 'aysel', 'hesap', 'ait', 'numara', 'fark', 'isle', 'devam', 'paycel', 'giriş', 'kayıt', 'numara', 'ait', 'simkart', 'telefon', 'takı', 'yaz', 'gerek', 'rica']","['telefon numara', 'telefon takı', 'simkart telefon', 'onayla şifre', 'hata telefon']"
"['arkadaş', 'üye', 'alaka', 'yüz', 'iade', 'yalan', 'bahset', 'üst', 'limit', 'bide', 'spor', 'reklam', 'paket', 'üzeri', 'yaz', 'kendi', 'site', 'bak', 'zaten', 'fiyat', 'zaten', 'yalan', 'yine', 'mevcut', 'paket', 'ücret', 'artır', 'ora', 'hile', 'usta', 'akıl', 'kars', 'aptal', 'zannet']","['kars aptal', 'zaten yalan', 'yalan bahset', 'iade yalan', 'fiyat zaten']"
"['böyle', 'dolandırıcı', 'gör', 'hafta', 'para', 'yer', 'belli', 'değil', 'karşıt', 'müşteri', 'hizmet', 'yetkili', 'cevap', 'tatmin', 'cevap', 'asla', 'güven', 'para', 'son', 'tokatcilar']","['karşıt müşteri', 'güven para', 'asla güven', 'müşteri', 'müşteri hizmet']"
"['insan', 'mecbur', 'bırak', 'ücret', 'kes', 'yarış', 'katıl', 'ürün', 'kazan', 'bilgi', 'basit', 'soru', 'sor', 'kazan', 'yarış', 'katıl', 'ücret', 'yaz', 'ula', 'türkel', 'dolandır', 'fakir', 'böyle', 'numara', 'para', 'ihtiyaç', 'var', 'deli', 'kan', 'iste', 'veri', 'ayıp', 'insan', 'salak', 'yerine', 'koy', 'dolandır']","['kes yarış', 'dolandır fakir', 'fakir böyle', 'yarış katıl', 'bırak ücret']"
"['kaç', 'gir', 'şifre', 'yenile', 'buton', 'basın', 'gir', 'hesap', 'don', 'galiba']","['şifre yenile', 'yenile buton', 'buton', 'buton basın', 'gir şifre']"
"['fark', 'cihaz', 'profil', 'ayar', 'bak', 'davet', 'kod', 'gir', 'alan', 'gözük', 'biz', 'ulaş', 'alan', 'gözük', 'biraz', 'insan', 'aldat', 'yönelik', 'hareket', 'ayrıca', 'böyle', 'diğer', 'canlı', 'destek', 'sık', 'soru', 'soru', 'yardım', 'merkez', 'seçenek', 'tarih', 'kal', 'hesap', 'sil', 'seçenek', 'bul']","['davet kod', 'bak davet', 'ayar bak', 'merkez seçenek', 'fark cihaz']"
"['merhaba', 'bugün', 'yorum', 'genelde', 'oku', 'çoğu', 'insan', 'aynı', 'sorun', 'yaşa', 'sürekli', 'giriş', 'cevapla', 'i̇nfo', 'üzeri', 'ulaş', 'çöz', 'taraf', 'yaz', 'siz', 'ayrıca', 'artık', 'dönüş', 'bile', 'zahmet', 'bulun', 'telefon', 'hat', 'yad', 'öde', 'sorun', 'yok', 'rağmen', 'sorun', 'çöz', 'madem', 'öyle', 'böyle', 'turkcell', 'sev', 'şaşır', 'aycell', 'gerçekten', 'anla', 'iki', 'yıl', 'sadece', 'turkcell']","['böyle turkcell', 'ayrıca artık', 'yıl sadece', 'ulaş çöz', 'bugün yorum']"
"['iyi', 'çocuk', 'kart', 'biri', 'harcadikca', 'kazaniyom', 'türlü', 'hesap', 'onaylayamiyom', 'kaç', 'kere', 'para', 'rağmen', 'havale', 'pek', 'güven']","['çocuk kart', 'kart biri', 'para rağmen', 'hesap onaylayamiyom', 'pek güven']"
"['gram', 'iyi', 'değil', 'kart', 'sanal', 'dış', 'alışveriş', 'öner', 'kart']","['öner kart', 'değil kart', 'dış alışveriş', 'alışveriş öner', 'alışveriş']"
"['uzun', 'zaman', 'kullan', 'yarar', 'fakat', 'son', 'gün', 'ilginç', 'sorun', 'yaşa', 'parmak', 'oku', 'oturum', 'hane', 'şifre', 'belitle', 'kullan', 'başla', 'şifre', 'yenile', 'iste', 'san', 'yaz', 'yeni', 'şifre', 'işlem', 'gerçek', 'sonra', 'tekrar', 'dene', 'yazı', 'çık', 'giriş', 'dolayısıyla', 'gün', 'maalesef', 'kullan']","['şifre işlem', 'şifre yenile', 'başla şifre', 'yeni şifre', 'şifre belitle']"
"['genel', 'iyi', 'para', 'kes', 'dış', 'fazla', 'kötü', 'yan', 'yok', 'tavsiye']","['iyi para', 'genel iyi', 'tavsiye', 'yok tavsiye', 'iyi']"
"['tablet', 'yükle', 'şifre', 'iki', 'saat', 'uğraş', 'sürpriz', 'sadece', 'sim', 'kart', 'takı', 'cihaz', 'kullan', 'böyle', 'saçma', 'şart', 'koy', 'anla', 'kullan', 'iste', 'kapa', 'servis', 'git', 'neyse', 'papara', 'devam']","['tablet yükle', 'cihaz kullan', 'sim kart', 'tablet', 'kart takı']"
"['paycel', 'şifre', 'unut', 'fazla', 'şifre', 'dene', 'hesap', 'don', 'şifre', 'yenile', 'buton', 'bas', 'posta', 'türlü', 'kod', 'gönder', 'yardımcı', 'sevin']","['şifre yenile', 'şifre dene', 'şifre', 'paycel şifre', 'şifre unut']"
"['yara', 'hane', 'şifre', 'gir', 'hane', 'yaz', 'sadece', 'turkcell', 'sıkı', 'zaten', 'böyle', 'hat', 'böyle', 'bekle', 'böyle', 'hat']","['turkcell sıkı', 'sadece turkcell', 'böyle hat', 'sıkı zaten', 'hat böyle']"
"['böyle', 'birey', 'yok', 'eskiden', 'puan', 'fazla', 'puan', 'sala', 'topla', 'hafta', 'puan', 'hafta', 'ancak', 'öyle', 'aycell', 'yıl', 'hala', 'puan', 'efendi', 'süre', 'dol', 'lütfen', 'artık', 'hafta', 'puan', 'bırak', 'eskiden', 'aycell', 'fazla', 'hafta', 'yükle', 'bile', 'yükle', 'lütfen', 'hata', 'düzel']","['hafta yükle', 'puan hafta', 'hafta ancak', 'fazla hafta', 'hafta puan']"
"['giriş', 'bile', 'giriş', 'numara', 'telefon', 'takı', 'sim', 'kart', 'değil', 'saçmalık', 'iyi', 'git', 'yerine', 'kötü', 'git']","['bile giriş', 'giriş bile', 'kötü git', 'giriş numara', 'git yerine']"
"['puan', 'sadece', 'i̇nternet', 'durum', 'düzel', 'lazım', 'diğer', 'hediye', 'gözük']","['diğer hediye', 'hediye gözük', 'lazım diğer', 'hediye', 'puan sadece']"
"['aycell', 'kullan', 'rağmen', 'aycell', 'aylık', 'kesinti', 'güzel', 'çal', 'para', 'haram', 'başka', 'çal', 'bak', 'sonunda', 'aycell', 'çeki', 'düzen', 'gerek', 'aksi', 'hal', 'müşteri', 'kaybet']","['rağmen aycell', 'müşteri kaybet', 'aycell aylık', 'aycell kullan', 'aycell']"
"['berbat', 'kimse', 'hesap', 'bloke', 'koy', 'kimse', 'yardmci', 'salak', 'saçma', 'gün', 'incele', 'dünya', 'ansiklopedi']","['salak saçma', 'saçma gün', 'berbat kimse', 'incele dünya', 'dünya ansiklopedi']"
"['kazan', 'puan', 'alın', 'hediye', 'çek', 'kaldır', 'cazibe', 'epey', 'azalt', 'durumdasadece', 'i̇nternet', 'paket', 'alın', 'puan', 'eyle']","['hediye çek', 'alın hediye', 'çek kaldır', 'hediye', 'alın puan']"
"['keyif', 'davran', 'kimlik', 'onay', 'hesap', 'aylık', 'transfer', 'işlem', 'limit', 'işlem', 'rağmen', 'limit', 'yarı', 'bile', 'işlem', 'kısıtla', 'kendi', 'hesap', 'ait', 'işlem', 'geçmiş', 'yorum', 'cevap', 'herhalde', 'son', 'model', 'şaka', 'soru', 'çöz', 'siz', 'sorun', 'ilgilen', 'destek', 'kısım', 'kaç', 'başvuru', 'gerek', 'bari', 'konu', 'yazın', 'herkes', 'öğren', 'başvuru', 'sayım', 'eposta', 'çağrı', 'merkez']","['onay hesap', 'kimlik onay', 'işlem limit', 'hesap ait', 'kendi hesap']"
"['hesap', 'dur', 'yer', 'don', 'geri', 'gir', 'çalış', 'şifre', 'yenile', 'yeni', 'şifre', 'buton', 'basın', 'ekran', 'buton', 'yok', 'ker']","['şifre buton', 'şifre yenile', 'buton yok', 'yeni şifre', 'çalış şifre']"
"['böyle', 'devam', 'aycell', 'yakın', 'kimse', 'kullan', 'iyi', 'bat', 'arkadaş', 'davet', 'eti', 'geri', 'getir', 'market', 'herşey', 'kaldır', 'saçma', 'önce', 'kendi', 'gelin']","['getir market', 'kaldır saçma', 'getir', 'gelin', 'böyle devam']"
"['telefon', 'kalan', 'turkcell', 'aycell', 'hata', 'para', 'esir', 'google', 'olay', 'kod', 'falan', 'şey', 'para', 'geri', 'çalış', 'hazır', 'kart', 'öde', 'aycell', 'bakiye', 'öde', 'google', 'konu', 'araştır', 'binlerce', 'böyle', 'şikayet', 'var', 'hak', 'para', 'siz', 'helal', 'zorla', 'aycell', 'premium', 'üye', 'hesap', 'kapa', 'seçenek', 'koy', 'kat', 'bile']","['şikayet var', 'öde google', 'google olay', 'google konu', 'böyle şikayet']"
"['yıldız', 'bile', 'hak', 'lira', 'para', 'çek', 'yabancı', 'numara', 'şikayet', 'gerek', 'yok', 'tavsiye', 'arkadaş', 'para', 'yükle']","['para çek', 'yok tavsiye', 'arkadaş para', 'çek yabancı', 'tavsiye arkadaş']"
"['yıldız', 'kır', 'puan', 'hediye', 'etik', 'sadece', 'puan', 'hediye', 'boyunca', 'puan', 'hediye', 'puan', 'topla', 'zor', 'bide', 'puan', 'sür', 'kötü', 'puan', 'günlük', 'iste', 'defa', 'fazla', 'yine', 'gün', 'bekle', 'zor', 'kal', 'düzel', 'zan', 'yıldız', 'sağlık', 'hariç', 'iyi']","['puan hediye', 'hediye etik', 'hediye puan', 'yıldız sağlık', 'kötü puan']"
"['dost', 'şöyle', 'yorum', 'yapı', 'salatoplada', 'göster', 'sala', 'topla', 'puan', 'resmen', 'sahte', 'kar']","['sahte kar', 'göster sala', 'şöyle yorum', 'şöyle', 'göster']"
"['puan', 'sil', 'kazan', 'puan', 'kayıt', 'değer', 'birşey', 'sebep', 'gerek', 'kullanişsiz']","['değer birşey', 'kayıt değer', 'kazan puan', 'değer', 'birşey sebep']"
"['güzel', 'süre', 'sonra', 'gör', 'ancak', 'yeni', 'yükle', 'gerek']","['sonra gör', 'süre sonra', 'güzel süre', 'yeni yükle', 'süre']"
"['hesap', 'don', 'şifre', 'yenile', 'buton', 'basın', 'öyle', 'buton', 'yok']","['buton yok', 'yenile buton', 'buton basın', 'buton', 'öyle buton']"
"['sistem', 'var', 'sil', 'geri', 'yükle', 'bile', 'artık', 'turkcell', 'eski', 'değil', 'alternatif', 'operatör', 'bak', 'lazım']","['artık turkcell', 'turkcell eski', 'alternatif operatör', 'turkcell', 'sistem var']"
"['temmuz', 'iyi', 'ağır', 'uğraş', 'dur', 'zaman', 'kadar', 'ağır', 'problem', 'sonra', 'işlem', 'uğraş', 'düzel', 'hafifle', 'lütfen', 'sonunda', 'insan', 'bezdiriyoragustos', 'problem', 'hala', 'devam', 'değiş', 'yok']","['problem sonra', 'bezdiriyoragustos problem', 'uğraş dur', 'uğraş düzel', 'düzel hafifle']"
"['turkcell', 'kadar', 'kalite', 'firma', 'bil', 'kuzen', 'para', 'yolla', 'açıkla', 'kısım', 'numara', 'baş', 'dokuz', 'koy', 'unut', 'para', 'hesap', 'geç', 'mail', 'geç', 'gün', 'işlem', 'banka', 'iade', 'müşteri', 'hizmet', 'ara', 'kimi', 'gün', 'kimi', 'gün', 'kimi', 'gün', 'söyle', 'fakat', 'ara', 'gün', 'geç', 'şekil', 'para', 'iade', 'hesap', 'yat', 'kadar', 'kalite', 'paha', 'kalite']","['iade müşteri', 'müşteri', 'işlem banka', 'müşteri hizmet', 'kalite firma']"
"['iyi', 'kesinti', 'kes', 'iyi', 'boş', 'boş', 'para', 'işlem', 'ücret', 'kes', 'iyi']","['ücret kes', 'boş para', 'iyi boş', 'iyi kesinti', 'kes iyi']"
"['baez', 'sorun', 'var', 'büyük', 'sorun', 'şifre', 'unut', 'yenile', 'zorro']","['şifre unut', 'sorun şifre', 'şifre', 'unut yenile', 'sorun var']"
"['türkiye', 'büyük', 'altyapı', 'sahip', 'müşteri', 'sahip', 'turkcell', 'doğum', 'tarih', 'yıl', 'yaz', 'bil', 'işçi', 'tut', 'geri', 'doğru', 'binlerce', 'bas', 'lazım', 'saçma', 'anlaş', 'banka', 'atık', 'bilgi', 'otomotiv', 'yaz', 'konu', 'ilk', 'bütün', 'fatura', 'öde', 'şimdi', 'öde', 'kişisel', 'bilgi', 'tamam', 'profil', 'kısım', 'topla', 'gerek', 'anla', 'gerek', 'yok', 'aycell', 'gir', 'gör']","['fatura öde', 'türkiye', 'banka atık', 'bütün fatura', 'atık bilgi']"
"['neden', 'şifre', 'yenile', 'posta', 'mesaj', 'yaz', 'hata', 'düzel', 'yapım', 'lütfen', 'konu', 'göz', 'üste', 'çık', 'randomflfşdşşaşsislfşcmgsöçdighmdisidşglföwşdişvşfşrmemsmfhühüüslsleörögifvlsmamdmvşgşsüqşdlfkgolgfylfoyiııojljprandomflfşdşşaşsislfşcmgsöçdighmdisidşglföwşdişvşfşrmemsmfhühüüslsleörögifvlsmamdmvşgşsüqşdlfkgolgfylfoyiııojljprandomflfşdşşaşsislfşcmgsöçdighmdisidşglföwşdişvşfşrmemsmfhühüüslsleörögifvlsmamdmvşgşsüqşdlfkgolgfylfoyiııojljprandomflfş']","['neden şifre', 'şifre yenile', 'şifre', 'mesaj', 'yenile posta']"
"['böyle', 'allah', 'bela', 'yüz', 'dolandirildim', 'bişi', 'haber', 'yok', 'aycell', 'kredi', 'not', 'bil', 'bugün', 'allah', 'ceza', 'yüz', 'turkcell', 'yüz', 'dolandirildimama', 'hak', 'yer', 'ara', 'peş', 'bırak', 'böyle', 'geven']","['bugün allah', 'hak yer', 'böyle allah', 'allah', 'allah ceza']"
"['bile', 'gir', 'böyle', 'rezil', 'gör', 'resmen', 'kanser']","['resmen kanser', 'kanser', 'böyle rezil', 'bile', 'bile gir']"
"['hayat', 'böyle', 'kötü', 'gör', 'insan', 'kanser']","['insan kanser', 'kanser', 'hayat böyle', 'hayat', 'böyle kötü']"
"['vodafonelilere', 'güzel', 'şey', 'fazla', 'puan', 'lazım']","['vodafonelilere güzel', 'fazla puan', 'puan lazım', 'vodafonelilere', 'güzel şey']"
"['hata', 'düzenle', 'sapil', 'anlam', 'kapatacagim', 'yet', 'artık']","['anlam kapatacagim', 'kapatacagim', 'kapatacagim yet', 'hata düzenle', 'yet artık']"
"['şimdi', 'kadar', 'gör', 'saçma', 'gönder', 'kod', 'birebir', 'yazma', 'rağmen', 'sürekli', 'sonra', 'tekrar', 'dene', 'böyle', 'saçmalık', 'hiçbir', 'gör']","['böyle saçmalık', 'gör saçma', 'saçma gönder', 'saçmalık', 'yazma rağmen']"
"['sevdi̇gi̇m', 'bin', 'bankaydi̇', 'ancak', 'surekli̇', 'hata', 'li̇mi̇t', 'dol', 'i̇ci̇n', 'para', 'hi̇cbi̇rseki̇lde', 'dokunami̇yorum', 'tebrik', 'sen', 'turkcell', 'kendi', 'kendi', 'bitir', 'herzamanki', 'şua', 'para', 'aycell', 'limit', 'dol', 'hiçbir', 'şekil', 'başka', 'banka', 'transfer', 'aycell', 'yetkili', 'servis', 'ara', 'limit', 'dol', 'söyle', 'limit', 'yenile', 'para', 'aycell', 'sil', 'kesinlikle', 'sorum', 'acilen', 'kendi', 'düzeltmen', 'lazım', 'diğer', 'banka', 'sorun', 'çalış']","['banka sorun', 'bankaydi ancak', 'diğer banka', 'bankaydi', 'başka banka']"
"['hata', 'veriyorturkcell', 'tek', 'amaç', 'para', 'müşteri', 'kas', 'başka', 'değil', 'konu', 'ciddi', 'müşteri', 'memnuniyet', 'iyi', 'göremiyorumyeterli', 'değil']","['müşteri memnuniyet', 'ciddi müşteri', 'para müşteri', 'müşteri', 'müşteri kas']"
"['güzel', 'ancak', 'aycell', 'kart', 'temas', 'getir', 'lazım', 'lütfen', 'mesaj', 'ciddi']","['lütfen mesaj', 'temas getir', 'lazım lütfen', 'mesaj ciddi', 'lütfen']"
"['böyle', 'rezalet', 'gör', 'neredeyse', 'gir', 'gir', 'zaten', 'lira', 'fatura', 'dur', 'yer', 'lira', 'düzel', 'talep', 'gün', 'geç', 'kalite', 'iyi', 'düşün', 'maduruyetimi', 'düzel', 'talep', 'geri', 'dönüş', 'sevin']","['fatura dur', 'düşün maduruyetimi', 'geç kalite', 'düzel talep', 'lira düzel']"
"['yavaş', 'sırf', 'dene', 'yolla', 'aycell', 'hesap', 'lakin', 'geç', 'ara', 'hala', 'hesap', 'geç', 'sonunda', 'müşteri', 'hizmet', 'ara', 'sonra', 'hesap', 'geç', 'ara', 'emin', 'çoook', 'bekle', 'yüksek', 'meblağ', 'iyi', 'işlem', 'para', 'çöp', 'git', 'iste', 'gerek', 'kullan', 'gerek', 'düşün', 'iyi', 'gün']","['sonunda müşteri', 'geç ara', 'hesap lakin', 'geç sonunda', 'hesap geç']"
"['arkadaş', 'davet', 'ana', 'kimse', 'davet', 'böyle', 'saçmalık', 'yok']","['arkadaş davet', 'kimse davet', 'davet böyle', 'saçmalık yok', 'davet']"
"['yıldız', 'hak', 'tamamen', 'yasa', 'olay', 'bahset', 'para', 'yükle', 'öde', 'sanal', 'kart', 'kullan', 'para', 'aktarildi', 'öde', 'calisildi', 'kart', 'bloke', 'ertesi', 'gün', 'acilabildi', 'fakat', 'geç', 'kesinlikle', 'müşteri', 'temsilci', 'yok', 'para', 'yök', 'kullan', 'haber', 'bugün', 'fatura', 'iste', 'hata', 'kesinlikle', 'fatura', 'bile', 'öde', 'aycell', 'arkadaş', 'öner', 'arkadaş', 'bitir']","['öde calisildi', 'calisildi kart', 'aktarildi öde', 'para aktarildi', 'fatura bile']"
"['aktar', 'para', 'bazen', 'hesap', 'geç', 'gün', 'uğraş', 'zor', 'kal', 'açıkla', 'kısım', 'dikkat', 'hal', 'sanal', 'kart', 'bazen', 'harca', 'fizik', 'kart', 'kullan', 'gerek']","['kart kullan', 'kart bazen', 'sanal kart', 'fizik kart', 'bazen hesap']"
"['pek', 'öner', 'siz', 'ilan', 'fakat', 'havale', 'transfer', 'para', 'para', 'boşa', 'git', 'bankamatik', 'para', 'aticaksaniz', 'ali']","['para boşa', 'git bankamatik', 'bankamatik para', 'bankamatik', 'boşa git']"
"['iyi', 'değil', 'kullan', 'haber', 'yok', 'iken', 'pub', 'para', 'çek', 'biri', 'tarafından', 'aycell', 'müşteri', 'temsilci', 'ara', 'onaylamissiniz', 'hangi', 'bildiri', 'mesaj', 'onay', 'turkcel', 'yer', 'çek', 'kullan', 'artık', 'kullan', 'umur', 'gir', 'gine', 'yorum', 'iste', 'aycell', 'yönet', 'dikkat', 'yazık', 'günah', 'gariban', 'kimbilir', 'kaç', 'kişi', 'var', 'mağdur']","['aycell müşteri', 'müşteri temsilci', 'mesaj onay', 'müşteri', 'bildiri mesaj']"
"['para', 'iade', 'uzun', 'sür', 'iptal', 'para', 'alt', 'geri', 'bakiye', 'yansı', 'yine', 'yansı', 'ara', 'yasal', 'hak', 'var', 'yarın', 'yanşıcakmış', 'inşallahboşverin', 'böyle', 'kullan', 'normal', 'banka']","['iptal para', 'banka', 'normal banka', 'geri bakiye', 'yasal hak']"
"[""i̇nternet'in"", 'yok', 'wifi', 'bağ', 'saçmalık', 'yaa', 'bide', 'i̇nternet', 'paket', 'git', 'deyip', ""i̇nternet'sin"", 'giriş', 'saçma', 'wifi', 'giriş', 'haa', 'net', 'farzet', 'net', 'yok', 'zor', 'durum', 'işlem', 'lazım']","['saçma wifi', 'yok wifi', 'wifi giriş', 'wifi bağ', 'wifi']"
"['merhaba', 'ince', 'hesap', 'kullan', 'kadar', 'taksit', 'kredi', 'limit', 'i̇nternet', 'sitesindede', 'kullan', 'bil', 'altyapı', 'yardım', 'bekle', 'iyi', 'çalış']","['taksit kredi', 'kredi limit', 'kredi', 'kadar taksit', 'hesap kullan']"
"['tos', 'iyi', 'sorun', 'yok']","['iyi sorun', 'tos iyi', 'sorun yok', 'iyi', 'yok']"
"['böyle', 'saçma', 'gör', 'duy', 'para', 'bil', 'içeri', 'mahsur', 'kal', 'komisyon', 'başka', 'kart', 'yükle', 'hata', 'yolla', 'komisyon', 'kaldır', 'saye', 'papara', 'benzer']","['komisyon kaldır', 'komisyon başka', 'yolla komisyon', 'kart yükle', 'kal komisyon']"
"['başarı', 'eksik', 'durum', 'var']","['başarı eksik', 'eksik durum', 'eksik', 'başarı', 'durum var']"
"['puan', 'bile', 'hak', 'sürekli', 'puan', 'puan', 'çık', 'hediye', 'fatura', 'öde', 'puan', 'katıl', 'kampanya', 'geri', 'çık', 'şans', 'yok', 'artı', 'oyun', 'oyna', 'ücret', 'puan', 'kazan', 'hemen', 'iste', 'iyi', 'saçmala', 'eskiden', 'salla', 'puan', 'şimdi', 'puan', 'puan', 'yukarı', 'çık', 'önce', 'düzel']","['puan çık', 'şimdi puan', 'puan yukarı', 'puan kazan', 'puan şimdi']"
"['habire', 'şifre', 'yenile', 'program', 'şifre', 'türlü', 'kabul', 'neredeyse', 'sil', 'üzere', 'kadar', 'sorun']","['program şifre', 'şifre yenile', 'şifre türlü', 'şifre', 'habire şifre']"
"['kötü', 'uygulamaherkesin', 'silme', 'öner', 'sanal', 'kart', 'para', 'var', 'çek', 'oyun', 'yatır', 'aycell', 'şirket', 'iletişim', 'geç', 'hangi', 'oyun', 'para', 'git', 'oyun', 'şirket', 'iletişim', 'geç', 'oyun', 'şirket', 'mail', 'mesaj', 'gönder', 'yanıt', 'bile', 'aycell', 'güven', 'banka', 'falan', 'yok', 'kan']","['oyun para', 'oyun şirket', 'güven banka', 'çek oyun', 'kart para']"
"['kanada', 'iyi', 'i̇nternet', 'zelanda', 'sonra', 'bilgi', 'gir', 'haber', 'telefon', 'hiçbir', 'onay', 'kod', 'harca', 'lira', 'yardimci', 'para', 'git']","['kanada', 'haber telefon', 'telefon hiçbir', 'telefon', 'kanada iyi']"
"['merhaba', 'ilk', 'i̇stanbul', 'kart', 'yükle', 'fakat', 'illet', 'kart', 'biletmatiklere', 'oku', 'gerek', 'anlam', 'kal', 'amaç', 'biletmatiklere', 'git', 'i̇stanbul', 'kart', 'yükle', 'saçma', 'yükle', 'san']","['kart biletmatiklere', 'kart yükle', 'biletmatiklere', 'amaç biletmatiklere', 'biletmatiklere oku']"
"['kardeş', 'hat', 'tatil', 'ayni', 'numara', 'onay', 'kod', 'gönder', 'şifre', 'gir', 'giriş', 'iste', 'kayin', 'numara', 'tatil', 'değil', 'resmen', 'sinir', 'hasta', 'eti', 'böyle', 'sacmalik', 'gör']","['gönder şifre', 'şifre gir', 'şifre', 'numara onay', 'kayin numara']"
"['limit', 'art', 'yavaş', 'yok', 'iyi']","['yavaş yok', 'limit', 'yavaş', 'art yavaş', 'iyi']"
"['böyle', 'sürekli', 'işlem', 'kısıtla', 'hazır', 'limit', 'kullan', 'iste', 'gir', 'hazır', 'limit', 'kart', 'bakiye', 'gözük', 'kullan', 'bakiye', 'hal', 'işlem', 'ücret', 'zan', 'tavan', 'yapmis', 'kadar', 'kadar', 'iyi', 'değil', 'siz', 'tabi', 'tabi', 'yüz', 'müşteri', 'kaybet', 'devam']","['limit kart', 'müşteri kaybet', 'limit kullan', 'hazır limit', 'limit']"
"['eskiden', 'operatör', 'oyun', 'para', 'sat', 'şimdi', 'sadece', 'turkcell', 'kullan', 'düzel', 'iyi']","['oyun para', 'sadece turkcell', 'turkcell', 'turkcell kullan', 'operatör oyun']"
"['para', 'yüklem', 'ücret', 'sistem', 'hata', 'sistem', 'açık', 'var', 'önce', 'kendi', 'hesap', 'gir', 'iste', 'şifre', 'girdi', 'birden', 'tanı', 'kişi', 'hesap', 'kendi', 'bul', 'kişi', 'isim', 'yaz', 'şaş', 'olay', 'hukuk', 'mertebe', 'taşı', 'gerek', 'ceza']","['şifre girdi', 'şifre', 'iste şifre', 'sistem hata', 'hesap kendi']"
"['kart', 'yetkili', 'koy', 'personel', 'nere', 'laf', 'boş']","['kart yetkili', 'personel nere', 'yetkili koy', 'koy personel', 'personel']"
"['kardeş', 'kart', 'para', 'var', 'kredi', 'kart', 'ekli', 'hikmet', 'doğalgaz', 'fatura', 'öde', 'kaldır', 'yad', 'düzenle', 'müşteri', 'hizmet', 'ara', 'anla', 'hata', 'karti̇ni̇z', 'işlem', 'i̇çi̇n', 'uygun', 'deği̇ldi̇r', 'kart', 'hiçbir', 'sıkıntı', 'yok', 'siz', 'sistem', 'sıkıntı', 'var']","['kredi kart', 'var kredi', 'kardeş kart', 'kart ekli', 'kredi']"
"['böyle', 'iğrenç', 'gormedi̇m', 'kabul', 'devam', 'tuş', 'yok', 'sinir', 'boz', 'kalder', 'kafa', 'rahat']","['gormedi kabul', 'yok sinir', 'iğrenç gormedi', 'kafa rahat', 'gormedi']"
"['hesap', 'don', 'şifre', 'yenile', 'posta', 'kod', 'gerek', 'kod']","['şifre yenile', 'posta kod', 'şifre', 'don şifre', 'yenile posta']"
"['sorun', 'alışveriş', 'sistem', 'hata', 'uyarı', 'örnek', 'bugün', 'arbys', 'popeyes', 'defalarca', 'dene', 'sistem', 'hata', 'alışveriş', 'siz', 'para', 'kazan', 'üst', 'bird', 'sıra', 'bekle', 'rezil', 'ekstra', 'müşteri', 'hizmet', 'berbat', 'iyi', 'tavsiye', 'belli', 'süre', 'sonra', 'iptal', 'şirket', 'yönetim', 'bilgi']","['hata alışveriş', 'sorun alışveriş', 'iptal şirket', 'hata uyarı', 'sistem hata']"
"['merhaba', 'cashback', 'yükle', 'hangi', 'katil', 'yitir', 'açık', 'yaz', 'düzel', 'lazimayrıca', 'sık', 'sık', 'para', 'banka', 'kart', 'çek', 'aycell', 'hesap', 'geç', 'sürekli', 'düzel', 'yazış', 'gerekiyorgünlerce', 'para', 'iade', 'bekliyorsunuztoslada', 'böyle', 'biraz', 'profesyonel', 'lütfenbu', 'ara', 'zilina', 'girdi', 'pay', 'kullan', 'geliş', 'dikkat', 'pratik', 'yaşa', 'saygı', 'i̇brahim', 'turan']","['merhaba cashback', 'cashback', 'hesap geç', 'cashback yükle', 'iade bekliyorsunuztoslada']"
"['öğrenci', 'hafta', 'daha', 'saçma', 'millet', 'kan', 'kadar', 'gıcıksiniz']","['öğrenci hafta', 'kadar gıcıksiniz', 'daha saçma', 'saçma millet', 'gıcıksiniz']"
"['güzel', 'zoracillldurumlarda', 'yan', 'hisset', 'iyi', 'banal', 'ulaş', 'zor', 'ulaş', 'lazım', 'türlü', 'ulaş', 'lütfen']","['banal ulaş', 'türlü ulaş', 'zoracillldurumlarda yan', 'lazım türlü', 'yan hisset']"
"['kesinlikle', 'öner', 'kart', 'gün', 'oyun', 'oyna', 'biri', 'kart', 'hackleyip', 'salla', 'bul', 'para', 'çeki', 'söz', 'konu', 'aycell', 'uyarı', 'sadece', 'para', 'çek', 'mesaj', 'düş', 'alışveriş', 'herhangi', 'kod', 'iste', 'boşuna', 'çal', 'öner', 'keşke', 'güvenlik', 'kart']","['kart hackleyip', 'biri kart', 'güvenlik kart', 'kart gün', 'öner kart']"
"['havale', 'mutlak', 'açıkla', 'bölüm', 'numara', 'yazın', 'kopyala', 'yapış', 'yok', 'para', 'birdaha', 'rüya', 'gör', 'sadece', 'numara', 'basın', 'sayı', 'ekle', 'gün', 'mağduriyet', 'yasa', 'gün', 'para', 'iade', 'anlam', 'değil', 'aycell', 'biz', 'yurt', 'dışındanmi', 'hizmet', 'sun', 'illa', 'numara', 'baş', 'iste', 'numara', 'eksik', 'yaz', 'sayı', 'yok', 'para', 'hesap', 'yol', 'gün', 'boyunca', 'para', 'işle']","['gün para', 'sayı yok', 'para birdaha', 'yok para', 'boyunca para']"
"['sanal', 'kart', 'çalış', 'secure', 'hata', 'hesap', 'onayla', 'banka', 'hesap', 'para', 'gönder', 'talep', 'oluş', 'dönüş', 'yok', 'sorun', 'söyle', 'hesap', 'onayla', 'sürekli', 'para', 'gönder', 'gerek', 'hiçbiri']","['banka hesap', 'secure hata', 'hesap onayla', 'kart çalış', 'onayla banka']"
"['mayıs', 'fark', 'bil', 'gece', 'sonra', 'hata', 'mesela', 'kart', 'kısım', 'tıkla', 'ekli', 'kart', 'yok', 'dış', 'sek', 'ara', 'geç', 'saniye', 'bekle', 'beyaz', 'ekran', 'eksik', 'yükle', 'lütfen', 'düzel', 'temmuz', 'sorun', 'hala', 'devam', 'dış', 'puan', 'alın', 'şey', 'hiçbir', 'yara', 'önce', 'play', 'üzeri', 'dijital', 'ürün', 'kaldır', 'gerek']","['ekli kart', 'kart kısım', 'eksik yükle', 'kart yok', 'üzeri dijital']"
"['havale', 'fast', 'para', 'yüklem', 'işlem', 'sorun', 'var', 'yükle', 'düzel', 'lazım', 'ayrıca', 'çoğu', 'zaman', 'sonra', 'tekrar', 'dene', 'hata', 'düzel', 'lazım', 'genel', 'mana', 'pek', 'iyi', 'çalış', 'ayrıca', 'bazen', 'kampanya', 'ödül', 'yükle', 'belli', 'gün', 'yok', 'zaman', 'yükle', 'ilgili', 'ara', 'falan', 'saçma', 'belli', 'gün', 'koyar', 'gün', 'yükle', 'bonus', 'lütfen', 'düzel']","['fast para', 'zaman yükle', 'yükle düzel', 'gün yükle', 'var yükle']"
"['saçma', 'sapan', 'güvenlik', 'koy', 'yok', 'cihaz', 'fark', 'hat', 'olgu', 'dolayı', 'giriş', 'alaka', 'kardeş', 'tek', 'cihaz', 'var', 'illa', 'cihaz', 'hat', 'takıptamı', 'giriş', 'yapı', 'illa', 'uğraş', 'çıkart', 'zaten', 'salla', 'toplam', 'başka', 'puan', 'rezil', 'resmen']","['illa cihaz', 'tek cihaz', 'cihaz fark', 'cihaz var', 'cihaz']"
"['aycell', 'eskiden', 'iyi', 'oyun', 'para', 'kupon', 'şimdi', 'oda', 'yok', 'oyuzden', 'yükle', 'değ']","['oyun para', 'para kupon', 'kupon şimdi', 'yükle değ', 'kupon']"
"['kesinlikle', 'öner', 'haziran', 'baş', 'hazır', 'limit', 'kullan', 'iste', 'limit', 'kullanım', 'komisyon', 'para', 'havale', 'banka', 'kendi', 'sistem', 'hata', 'sebep', 'ötürü', 'para', 'transfer', 'işlem', 'ücret', 'kes', 'yet', 'geri', 'iade', 'ücret', 'kes', 'kart', 'iade', 'kısım', 'turkcell', 'fatura', 'öde', 'kısaç', 'kullan', 'meblağ', 'cep', 'para', 'öde', 'gerek', 'eminimki', 'firma', 'yöntem', 'güzel', 'para', 'kazan']","['fatura öde', 'ücret kes', 'öde kısaç', 'turkcell fatura', 'para öde']"
"['yersiz', 'güvenlik', 'sebep', 'bahane', 'göster', 'hesap', 'bloke', 'koy', 'gün', 'para', 'kullan', 'değer', 'aycell', 'yetki', 'bayram', 'önce', 'biz', 'böyle', 'mağdur', 'yakışık', 'bayram', 'önce', 'sorun', 'lütfen', 'çöz', 'yok', 'çöz', 'bul', 'insan', 'akıl', 'başka', 'şey', 'başla', 'artık', 'lütfen', 'sorun', 'önce', 'çöz']","['güvenlik sebep', 'yetki bayram', 'bahane göster', 'böyle mağdur', 'sorun önce']"
"['akli', 'uzak', 'dururbunlar', 'tam', 'hırsız', 'gün', 'önce', 'aycell', 'hesap', 'para', 'gönder', 'hala', 'yok', 'belki', 'tane', 'müşteri', 'temsilci', 'bağ', 'sonuç', 'yok', 'tanı', 'tam', 'gün', 'sonra', 'para', 'gönder', 'kendi', 'para', 'dilenci', 'resmen', 'para', 'koy', 'çal', 'var', 'böyle', 'rezil', 'şey', 'anltrm', 'değ', 'kısacası', 'pişman', 'olacağiniz', 'uzak', 'dur']","['para gönder', 'sonra para', 'hırsız gün', 'müşteri', 'müşteri temsilci']"
"['merhaba', 'aycell', 'kullan', 'bayadirdan', 'beri', 'kullan', 'takip', 'yıl', 'önce', 'kadar', 'kullan', 'sor', 'şifre', 'unut', 'şans', 'olurki', 'posta', 'facebook', 'posta', 'gir', 'facebook', 'posta', 'google', 'gmail', 'hotmail', 'ara', 'bak', 'böyle', 'hesap', 'yok', 'hala', 'hesap', 'oyun', 'facebook', 'kullan', 'hiçbir', 'sıkıntı', 'yok', 'puan', 'yüz', 'kır', 'gerek', 'arz', 'iyi', 'çalış']","['sor şifre', 'facebook kullan', 'şifre unut', 'şifre', 'posta facebook']"
"['aycell', 'hesap', 'banlamıssnız', 'lütfen', 'yok', 'şikayet', 'zor', 'kal', 'kısa', 'süre', 'aycell', 'hesap', 'işlem', 'hal', 'böyle', 'yıl', 'kapa', 'kardeş']","['hesap banlamıssnız', 'yıl kapa', 'banlamıssnız lütfen', 'banlamıssnız', 'süre aycell']"
"['allah', 'bela', 'böyle', 'onay', 'para', 'kes', 'müşteri', 'hizmet', 'ara', 'onay', 'herhangi', 'şifre', 'sor']","['şifre sor', 'onay para', 'kes müşteri', 'herhangi şifre', 'şifre']"
"['kart', 'numara', 'gör', 'kart', 'tıkla', 'sürekli', 'kart', 'numara', 'bil', 'i̇nternet', 'alışveriş', 'mümkün', 'müşteri', 'hizmet', 'böyle', 'problem', 'var', 'çalış', 'yok', 'belli', 'zaman', 'sonra', 'düzel', 'dene', 'kredi', 'banka', 'bağ', 'zor', 'işlem', 'kart', 'bilgi', 'artık', 'gör', 'güncelle', 'sorun', 'çöz', 'fena', 'değil']","['işlem kart', 'kart numara', 'kart bilgi', 'dene kredi', 'kredi banka']"
"['girişim', 'güzel', 'teknik', 'zayıf', 'turkcell', 'yakış', 'ekip', 'güç', 'gerek', 'iste', 'cami', 'gönder']","['cami gönder', 'iste cami', 'zayıf turkcell', 'turkcell', 'ekip güç']"
"['kart', 'bilgi', 'ulaş', 'saçma', 'kart', 'rakam', 'gizliccv', 'yok', 'böyle', 'harca']","['saçma kart', 'kart rakam', 'kart bilgi', 'gizliccv yok', 'rakam gizliccv']"
"['aşırı', 'kötü', 'sanal', 'kart', 'gözük', 'müşteri', 'temsilci', 'konuş', 'sanal', 'kart', 'para', 'sil', 'kart', 'beraber', 'resmen', 'para', 'tuzak', 'saçmalık', 'sanal', 'banka', 'böyle', 'anormal']","['saçmalık sanal', 'kötü sanal', 'kart gözük', 'sanal kart', 'kart beraber']"
"['kötü', 'yorum', 'yanlış', 'bomboş', 'şey', 'aycell', 'kart', 'kadar', 'iyi', 'kart', 'yok', 'site', 'kampanya', 'var']","['kart kadar', 'kötü yorum', 'iyi kart', 'yorum yanlış', 'kart yok']"
"['sürekli', 'wifi', 'bağlantı', 'kapa', 'mobil', 'veri', 'kullan', 'zorla', 'uyarı', 'yüz', 'giriş', 'acil', 'çözüm', 'bulun', 'gerek', 'mobil', 'veri', 'kullan', 'zorla', 'saçma']","['sürekli wifi', 'wifi bağlantı', 'wifi', 'bağlantı kapa', 'mobil veri']"
"['kötü', 'sürekli', 'sistem', 'sorun', 'neden', 'deyip', 'biçim', 'böyle']","['sistem sorun', 'kötü sürekli', 'sorun neden', 'sürekli sistem', 'kötü']"
"['katıl', 'büyük', 'boşluk', 'zaten', 'i̇nternet', 'banka', 'bütün', 'işlem', 'hallet', 'üst', 'üst', 'para', 'hesap', 'aktar', 'yüksek', 'miktar', 'komisyon', 'komisyon', 'kal', 'iyi', 'söyle', 'tarih', 'para', 'hesap', 'aktar', 'tavsiye', 'gerek']","['nternet banka', 'miktar komisyon', 'banka bütün', 'banka', 'komisyon kal']"
"['sorun', 'giriş', 'bile', 'gör', 'kötü', 'güncelle', 'hala', 'gir', 'yıldız', 'bile', 'gün', 'kere', 'bile', 'gir', 'sıkıcı', 'önce', 'kişi', 'davet', 'puan', 'hikmet', 'kalk', 'zor', 'git', 'herhalde', 'beleş', 'puan', 'zaten', 'hafta', 'puan', 'çık', 'süre', 'gün', 'hafta', 'geçen', 'gün', 'kullan', 'kaybet', 'yine', 'tane', 'kaybet', 'yorum', 'okuyan', 'söyle', 'gram', 'öner']","['kötü güncelle', 'herhalde beleş', 'gir sıkıcı', 'puan çık', 'hafta geçen']"
"['gayet', 'memnun', 'kullan', 'yalnız', 'kesinti', 'fazla', 'limit', 'tanımla', 'gerek', 'ücret', 'dış', 'başarı']","['fazla limit', 'ücret dış', 'limit tanımla', 'gerek ücret', 'limit']"
"['böyle', 'yeni', 'kart', 'şok', 'ilk', 'herşey', 'gir', 'güvenlik', 'neden', 'oturum', 'sonlamistir', 'kötü']","['güvenlik neden', 'kart şok', 'gir güvenlik', 'güvenlik', 'şok ilk']"
"['hesap', 'gir', 'iste', ""i̇nternet'in"", 'bit', 'wifi', 'gir', 'güvenlik', 'neden', 'wifi', 'kapa', ""i̇nternet'imden"", 'veri', 'kullan', 'madem', 'kullanilmiyoe', 'i̇nternet', 'ihtiyaç', 'duy', 'anlamis', 'değil', 'sırf', 'hesap', 'gir', 'para', 'i̇nternet', 'ali', 'öyle', 'gir', 'gerek', 'bazen', 'zorlastiriyorsunuz']","['neden wifi', 'wifi gir', 'wifi', 'wifi kapa', 'bit wifi']"
"['böyle', 'rezalet', 'gör', 'kimse', 'tavsiye', 'fatura', 'para', 'yansı', 'sanal', 'kart', 'para', 'gönder', 'fakat', 'güvenlik', 'neden', 'ilgili', 'neden', 'oturum', 'sonlanmiştir', 'dile', 'para', 'hiçbir', 'türlü', 'kullan', 'gör', 'kötü']","['para yansı', 'para gönder', 'fakat güvenlik', 'güvenlik neden', 'güvenlik']"
"['kart', 'yanlış', 'bişi', 'gör', 'turkcell', 'değil', 'kullan', 'tavsiye', 'sürü', 'ayrıcalık', 'var', 'hediye', 'var', 'kullan', 'turkcell', 'değil', 'genelde', 'alışveriş', 'iyi', 'kart']","['iyi kart', 'alışveriş iyi', 'genelde alışveriş', 'kart yanlış', 'gör turkcell']"
"['kötü', 'papara', 'bin', 'kat', 'iyi']","['kötü papara', 'kötü', 'kat iyi', 'iyi', 'bin kat']"
"['kullan', 'asla', 'kötü', 'gör', 'katıl', 'kampanya', 'hemen', 'öde', 'puan', 'zaman', 'para', 'yatır', 'hemen', 'hesap', 'kere', 'sorun', 'yaşa', 'müşteri', 'hizmet', 'iyi', 'ilgilen', 'sorun', 'kart', 'numara', 'yanlış', 'oku', 'kaynak', 'gör', 'sürü', 'fizik', 'kart', 'kullan', 'turkcel', 'öner']","['kart kullan', 'hemen öde', 'para yatır', 'yaşa müşteri', 'kart numara']"
"['hangi', 'ajans', 'şirket', 'oku', 'yazılım', 'yazık', 'kardeş', 'iğrenç', 'mide', 'bulan', 'güvenlik', 'neden', 'oturum', 'hata', 'kardeş', 'millet', 'para', 'bloke', 'koy', 'farkınsamısınız', 'akıl', 'var', 'bulaş']","['hangi ajans', 'ajans şirket', 'güvenlik neden', 'yazılım yazık', 'şirket oku']"
"['yazılım', 'mezun', 'böyle', 'vasat', 'gör']","['yazılım mezun', 'yazılım', 'mezun böyle', 'mezun', 'böyle']"
"['yükle', 'hata', 'çöz', 'gerek', 'kaç', 'gün', 'uğraş']","['kaç gün', 'hata çöz', 'çöz gerek', 'gerek kaç', 'gün']"
"['hazır', 'limit', 'kullan', 'komisyon', 'faiz', 'kredi', 'hesapla', 'fakat', 'olay', 'sınır', 'değil', 'öde', 'çek', 'hazır', 'limit', 'transfer', 'komisyon', 'ücret', 'öde', 'önce', 'böyle', 'değil', 'şimdi', 'bul', 'fırsat', 'itele', 'komisyon', 'söz', 'puan', 'topla', 'topla', 'puan', 'tam', 'yet', 'puan', 'süre', 'dol', 'puan', 'sil']","['komisyon faiz', 'komisyon ücret', 'kullan komisyon', 'hazır limit', 'limit kullan']"
"['berbat', 'para', 'yasir', 'bekle', 'para', 'geç', 'hesap', 'ağır', 'kesinlikle', 'tavsiye', 'kesinlikle', 'herkes', 'aynı', 'cevap', 'çözüm', 'yok', 'orta', 'hafta', 'sonra', 'yat', 'hesap', 'yat', 'iyi', 'kesinlikle', 'kullan']","['para geç', 'geç hesap', 'bekle para', 'hesap ağır', 'orta hafta']"
"['aycell', 'müşteri', 'hizmet', 'ara', 'sil', 'tekrar', 'yükle', 'söyle', 'işgüzar', 'müşteri', 'temsilcisisildimbelki', 'yükle', 'rağmen', 'siliniyogb', 'lazım', 'bitti', 'siz', 'yüzündenyine', 'yükle', 'müşteri', 'temsilci', 'geçin', 'papağan', 'misal', 'aynı', 'tekrarla', 'kişi', 'lanet', 'oku', 'inmiycekdise', 'sil']","['yükle müşteri', 'işgüzar müşteri', 'müşteri temsilcisisildimbelki', 'aycell müşteri', 'müşteri temsilci']"
"['zor', 'gün', 'yardımcı', 'paycel', 'iyi', 'var']","['gün yardımcı', 'paycel iyi', 'zor gün', 'iyi var', 'iyi']"
"['ücret', 'kampanya', 'yok', 'hangi', 'bak', 'kadar', 'yükle', 'kaza', 'kadar', 'harca', 'kaza', 'ücret', 'kampanya', 'lazım', 'lütfen', 'bak', 'sevin']","['kaza ücret', 'kaza kadar', 'ücret kampanya', 'kadar harca', 'kaza']"
"['ilk', 'baş', 'işlem', 'ücret', 'kes', 'şimdi', 'para', 'yükle', 'iste', 'ücret', 'kes', 'iyi', 'saçmala', 'başla', 'kesinlikle', 'bulaş']","['şimdi para', 'ücret kes', 'ücret', 'işlem ücret', 'iste ücret']"
"['iyi', 'yanıltı', 'reklam', 'beyan', 'kullan', 'kafa', 'karış', 'kendi', 'amaç', 'zorla', 'mecbur', 'bırak', 'gerek', 'berbat']","['yanıltı reklam', 'reklam beyan', 'reklam', 'amaç zorla', 'gerek berbat']"
"['böyle', 'berbat', 'rezalet', 'gör', 'sakin', 'kullan', 'arkadaş', 'guru', 'denizbank', 'tan', 'aycell', 'hesap', 'para', 'yitir', 'dekont', 'var', 'kar', 'mail', 'ati', 'gerekli', 'belge', 'gönder', 'halen', 'işlem', 'olumsuz', 'savciliga', 'gidi', 'dekont', 'beraber', 'duyuru', 'bulunç', 'biz', 'ula', 'ayin', 'sin', 'beri', 'kar', 'mail', 'yok', 'millet', 'üzeri', 'pari', 'kullan', 'zaten', 'yarın', 'kadar', 'para', 'iade', 'savciliga', 'gdo']","['kadar para', 'kar mail', 'para yitir', 'yok millet', 'dekont var']"
"['asla', 'asla', 'bulaş', 'gerek', 'para', 'yükle', 'sonra', 'harca', 'iste', 'kart', 'kısım', 'kart', 'bilgi', 'ulaş', 'müşteri', 'hizmet', 'saat', 'sonra', 'tekrar', 'dene', 'gün', 'geç', 'çözüm', 'yok', 'para', 'başka', 'yer', 'aktar', 'geri', 'iade', 'işlem', 'aycell', 'türlü', 'para', 'hesap', 'göster', 'öde', 'kes', 'para', 'iade', 'esna', 'sürün', 'para', 'çek', 'çek', 'sil', 'kampanya', 'kötü', 'kampanya']","['para çek', 'kart bilgi', 'türlü para', 'para başka', 'kart kısım']"
"['sürekli', 'hata', 'turkcell', 'bayi', 'kart', 'para', 'yükle', 'kendi', 'kazanç', 'sağla', 'sor', 'sistem', 'yok', 'bahane', 'söyle']","['hata turkcell', 'yok bahane', 'kart para', 'turkcell', 'bahane söyle']"
"['boş', 'uygulamaverdiği', 'puan', 'oda', 'sür', 'daha', 'kaybol', 'saçma', 'sakın', 'sil']","['kaybol saçma', 'oda sür', 'boş uygulamaverdiği', 'saçma sakın', 'sakın sil']"
"['turkcell', 'zaman', 'kadar', 'iyi', 'bazen', 'arayüz', 'insan', 'kanser', 'gerek', 'ücret', 'kaldır', 'kampanya', 'müşteri', 'topla', 'iyi', 'yer', 'düşün']","['kanser gerek', 'insan kanser', 'kampanya müşteri', 'kaldır kampanya', 'kanser']"
"['kampanya', 'katıl', 'görev', 'puan', 'turkcell', 'böyle', 'hata', 'yanlış']","['hata yanlış', 'böyle hata', 'puan turkcell', 'hata', 'yanlış']"
"['aycell', 'yatırım', 'kayıp', 'fatura', 'yansı', 'hal', 'defalarca', 'mail', 'ekran', 'görüntü', 'rağmen', 'çözüm', 'yok', ""i̇ran'dan"", 'para', 'yatır', 'oda', 'kayıp', 'aycell', 'para', 'kaybol', 'sakın', 'para', 'yad', 'başka', 'boş', 'boş', 'mail', 'ker', 'tiyo', 'bütün', 'ekran', 'görüntü', 'hal', 'hala', 'ekran', 'görüntü', 'sistem', 'hangi', 'tarih', 'kalida', 'goremiyonuz', 'ayıp', 'ayıp', 'böyle', 'para', 'kazan']","['para kaybol', 'kayıp fatura', 'hala ekran', 'sakın para', 'yatırım kayıp']"
"['içeri', 'kampanya', 'kazan', 'cashback', 'ücret', 'yatır', 'gerek', 'saye', 'nakit', 'para', 'ihtiyaç', 'gider']","['cashback', 'cashback ücret', 'kazan cashback', 'para ihtiyaç', 'ücret yatır']"
"['aycell', 'para', 'çek', 'kadar', 'zoraki', 'para', 'geri', 'çek', 'bide', 'limit', 'bağ', 'bulun', 'banka', 'yatır', 'para', 'limit', 'artır', 'başka', 'hesap', 'para', 'havale', 'böyle', 'aycell', 'kullan', 'anlam', 'banka', 'hesap', 'kart', 'tercih', 'zaten', 'başka', 'banka', 'hesap', 'yok', 'acil', 'durum', 'gider', 'aycell', 'para', 'transfer', 'bağ', 'bulun', 'banka', 'abani', 'koplayip', 'para', 'transfer', 'işlem', 'yapilmasin', 'iste', 'sonuç', 'kart']","['banka yatır', 'banka hesap', 'bulun banka', 'başka banka', 'banka']"
"['wifi', 'kapa', 'gir', 'kapa', 'i̇nternet', 'gerek', 'hata']","['wifi kapa', 'wifi', 'gerek hata', 'hata', 'kapa gir']"
"['adli', 'süreç', 'anladığımkadariyla', 'site', 'kaynak', 'bil', 'bil', 'mağdur', 'edilmekteyimgereken', 'bilgi', 'firma', 'mail', 'telefon', 'yol', 'rağmen', 'para', 'hesap', 'geç', 'dekont', 'ispat', 'taraf', 'gönder', 'işlem', 'söyle', 'yazış', 'süreç', 'gerek', 'öde', 'para', 'firma', 'tut', 'sebeptenticari', 'şahıs', 'mağduriyet', 'yaşa', 'hesap', 'aktarmadigiz', 'tut', 'turklirasi', 'gün', 'hesap', 'geç']","['bil mağdur', 'mağdur', 'hesap aktarmadigiz', 'mağdur edilmekteyimgereken', 'şahıs mağduriyet']"
"['gerek', 'bile', 'yok']","['bile yok', 'yok', 'gerek bile', 'gerek', 'bile']"
"['sorun', 'yok', 'arayüz', 'kolay', 'bazen', 'teknik', 'aksak', 'milyon', 'kullan', 'turkcell', 'büyük', 'önem', 'gerek', 'sonuç', 'banka', 'tür', 'teknik', 'insani', 'hata', 'kaldır', 'düşün']","['milyon kullan', 'insani hata', 'banka tür', 'sonuç banka', 'hata kaldır']"
"['puan', 'kazan', 'kadar', 'zor', 'hafta', 'puan', 'bide', 'hafta', 'süre', 'var', 'napacamki', 'puan', 'bulun', 'gerek', 'düşün']","['zor hafta', 'hafta puan', 'hafta süre', 'kazan kadar', 'puan bulun']"
"['iyi', 'boz', 'önce', 'ilan', 'transfer', 'şimdi', 'boz', 'iyi']","['iyi boz', 'boz iyi', 'iyi', 'transfer şimdi', 'şimdi boz']"
"['ilk', 'deneyim', 'içerik', 'bil', 'biraz', 'sıkıntı', 'sonra', 'anla', 'sistem', 'anormal', 'durum', 'şimdi', 'iyi']","['sistem anormal', 'ilk deneyim', 'anla sistem', 'deneyim içerik', 'anormal durum']"
"['banka', 'kart', 'fazla', 'avantaj', 'sun', 'banka', 'parti', 'heryer', 'kullan', 'ister', 'para', 'yükle', 'ister', 'harca', 'hediye', 'puan', 'birik', 'avantaj', 'kampanya', 'deyerlendiriyorm', 'hoş', 'git', 'gercek']","['banka kart', 'fazla avantaj', 'birik avantaj', 'kart fazla', 'avantaj kampanya']"
"['saçma', 'sistem', 'gerek', 'kullan', 'hat', 'var', 'hat', 'android', 'telefon', 'değil', 'paycel', 'kullan', 'simkart', 'çıkart', 'android', 'telefon', 'tak', 'zor', 'kal', 'diğer', 'hat', 'aynı', 'kullan', 'iste']","['android telefon', 'çıkart android', 'telefon', 'telefon tak', 'telefon değil']"
"['yatırım', 'işlem', 'döviz', 'iyi']","['yatırım işlem', 'döviz iyi', 'yatırım', 'işlem döviz', 'iyi']"
"['lira', 'kredi', 'sun', 'rağmen', 'sadece', 'lira', 'telefon', 'alabildimvermiyecekseniz', 'binlira', 'kredi', 'sun']","['telefon alabildimvermiyecekseniz', 'lira kredi', 'binlira kredi', 'kredi', 'kredi sun']"
"['hata', 'dur', 'müşteri', 'hizmet', 'yaz', 'çözüm', 'sağla']","['yaz çözüm', 'müşteri hizmet', 'dur müşteri', 'müşteri', 'hizmet yaz']"
"['sala', 'kazan', 'sonra', 'bekle', 'sonra', 'puan', 'geri', 'yıldız', 'eksik', 'düzelt', 'iyi', 'payselll']","['kazan sonra', 'puan geri', 'sonra puan', 'eksik düzelt', 'geri yıldız']"
"['kullan', 'önce', 'böyle', 'sorun', 'yoktusim', 'numara', 'esle', 'diyoryeni', 'sim', 'aldımnumara', 'aynı', 'böyle']","['yoktusim numara', 'aldımnumara aynı', 'sim aldımnumara', 'numara esle', 'önce böyle']"
"['aycell', 'puan', 'eksik', 'göster', 'giriş', 'puan', 'kazan', 'mesaj', 'hata', 'git']","['mesaj hata', 'puan eksik', 'giriş puan', 'eksik göster', 'mesaj']"
"['böyle', 'saçma', 'gör', 'efendi', 'aycell', 'hesap', 'para', 'aktar', 'üst', 'dekont', 'gönder', 'yine', 'değiş', 'geri', 'dön', 'millet', 'hak', 'lütfen']","['dekont gönder', 'gönder yine', 'para aktar', 'gönder', 'dön millet']"
"['aycell', 'hazır', 'limit', 'kullan', 'gün', 'hesap', 'geç', 'rezil', 'lira', 'fatura', 'yansı', 'para', 'sistem', 'şöyle', 'böyle', 'yıldız', 'bile', 'fazla', 'müşteri', 'odak', 'değil', 'müşteri', 'memnuniyet', 'yer', 'insan', 'mağdur', 'yazık']","['yansı para', 'fatura yansı', 'fazla müşteri', 'lira fatura', 'müşteri odak']"
"['salla', 'topla', 'puan', 'böyle', 'kar', 'kere', 'sil', 'geri', 'yükle', 'çöp']","['yükle çöp', 'çöp', 'geri yükle', 'kere sil', 'sil geri']"
"['kötü', 'parti', 'hesap', 'dan', 'aycell', 'hesap', 'para', 'gönder', 'yok', 'dekont', 'saat', 'gece', 'hesap', 'böyle', 'herkes', 'söylicem', 'kimse', 'kula', 'kötü']","['kötü parti', 'gece hesap', 'parti hesap', 'hesap böyle', 'hesap para']"
"['kampanya', 'okul', 'yükle', 'yapmiyolar', 'mail', 'bonus', 'yok', 'ilgi', 'sinir', 'kampanya', 'kosullarini', 'sagliyoruz', 'bukle', 'yapilmiyor', 'yorum', 'sonra', 'cihaz', 'sil', 'gerek', 'cihazimin', 'hafize', 'meşgul', 'iste', 'rezil', 'turkcell', 'soylu', 'böyle', 'ali', 'siz', 'turkcell', 'üst', 'torun', 'i̇ldiz', 'yanis', 'anlasilmasin']","['siz turkcell', 'gerek cihazimin', 'cihazimin hafize', 'turkcell soylu', 'cihazimin']"
"['böyle', 'rezil', 'gormedım', 'sakın', 'bulaş', 'hazır', 'lımıtımı', 'kafa', 'göre', 'limit', 'duyur', 'ıgrenc', 'otesı', 'sakın', 'ındırmeyın']","['sakın ındırmeyın', 'gormedım sakın', 'otesı sakın', 'sakın bulaş', 'ındırmeyın']"
"['böyle', 'rezil', 'yok', 'para', 'yatır', 'saat', 'hesap', 'dekont', 'mail', 'saat', 'sonra', 'sonuç', 'kontrol', 'para', 'git', 'yok', 'düzgün', 'çalış', 'toplum', 'kullanimida', 'acmayacaksiniz', 'para', 'iade', 'oda', 'yokiade', 'dahi', 'bedel', 'ilgi', 'lakayitler', 'sakın', 'bulaş', 'turkcell', 'güven']","['para yatır', 'hesap dekont', 'acmayacaksiniz para', 'yok para', 'bedel ilgi']"
"['açık', 'bulun', 'insan', 'hesap', 'erişim', 'sağla', 'harca', 'müşteri', 'hizmet', 'ara', 'zaman', 'sadece', 'kullan', 'tarafından', 'onayla', 'işlem', 'söyle', 'oysa', 'işlem', 'bilgi', 'dahil', 'bulun']","['hesap erişim', 'müşteri hizmet', 'müşteri', 'onayla işlem', 'erişim sağla']"
"[""i̇nternet'siz"", 'kullan', 'zorla', 'i̇nternet', 'kapa', 'ardından', 'bağlantı', 'hata', 'şov', 'gerek', 'yok', 'kardeş', 'yet']","['gerek yok', 'yok kardeş', 'şov gerek', 'kardeş yet', 'yok']"
"['sakın', 'bulasmayin', 'para', 'yatır', 'gün', 'hala', 'hesap', 'yamsimadi', 'özellikle', 'hesap', 'gir', 'böyle', 'kanser']","['böyle kanser', 'kanser', 'para yatır', 'hala hesap', 'gün hala']"
"['iyi', 'papara', 'infial', 'paycel', 'boş']","['iyi papara', 'paycel boş', 'boş', 'papara', 'iyi']"
"['wifi', 'kapa', ""i̇nternet'im"", 'yok', 'sefer', 'i̇nternet', 'iste', 'böyle', 'saçma', 'gör']","['wifi', 'wifi kapa', 'yok', 'böyle saçma', 'yok sefer']"
"['kupon', 'birik', 'tam', 'bin', 'kupon', 'yaklaş', 'kupon', 'kendiliğinden', 'azal', 'kaybol', 'amaç', 'bin', 'kupon', 'birik', ""i̇nternet'i"", 'böyle', 'tam', 'yolsuz', 'bur', 'berbat']","['kupon kendiliğinden', 'tam yolsuz', 'kupon birik', 'kupon yaklaş', 'yaklaş kupon']"
"['tam', 'gün', 'önce', 'yüklem', 'hala', 'hesap', 'yansı', 'mail', 'gönder', 'dekont', 'beraber', 'hala', 'yanıt', 'var', 'hesap', 'para', 'yansı', 'kadar', 'uzun', 'sür', 'tamamen', 'saçmalık', 'düzel', 'kadar', 'kullan', 'öner', 'uzak', 'dur']","['yansı mail', 'mail', 'hala hesap', 'hesap yansı', 'mail gönder']"
"['kesi̇nli̇kle', 'öner', 'kart', 'gün', 'beri', 'pişman', 'mesela', 'katıl', 'kampanya', 'iptal', 'hediye', 'yarar', 'diğer', 'kullanım', 'ücret', 'para', 'yatır', 'ücret', 'çek', 'ücret', 'öde', 'halbuki', 'firma', 'ücret', 'bulun', 'kart', 'iptal', 'düşün']","['kart iptal', 'iptal hediye', 'ücret bulun', 'iptal düşün', 'kampanya iptal']"
"['alt', 'yapı', 'eksik', 'banka', 'koordinasyon', 'şekil', 'çalış', 'sat', 'telefon', 'taksit', 'mobil', 'öde', 'kabul', 'hata', 'paycelden', 'öde', 'yine', 'hata', 'fatura', 'tarih', 'cezai', 'işlem', 'öde', 'iste', 'ancak', 'öde', 'sistem', 'ancak', 'kadar', 'saçma', 'turkcell', 'ürün', 'sat', 'akıl', 'kanıtla']","['hata fatura', 'eksik banka', 'işlem öde', 'paycelden öde', 'mobil öde']"
"['hesap', 'eski', 'baba', 'üst', 'değiş', 'iste', 'ara', 'mail', 'gönder', 'hala', 'şua', 'yara', 'dolayı', 'yıldız', 'düzenle', 'kadar', 'böyle', 'kal']","['eski baba', 'gönder hala', 'ara mail', 'mail gönder', 'hesap eski']"
"['dolandırıcı', 'arkadaş', 'wifi', 'kayıt', 'veri', 'zaten', 'internetçi', 'yaz', 'giriş', 'kapa', 'bakiye', 'düş', 'rezil', 'böyle', 'allah', 'bela', 'inşallah', 'kimse', 'yükle', 'saçma']","['wifi kayıt', 'arkadaş wifi', 'wifi', 'zaten internetçi', 'internetçi']"
"['hesap', 'yükle', 'para', 'görün', 'sonra', 'gözük', 'müşteri', 'hizmet', 'görün', 'iyi', 'alışveriş', 'para', 'yok', 'gözük', 'müşteri', 'hizmet', 'ekran', 'resmi', 'gün', 'sonra', 'sorun', 'yok', 'turkcell', 'kalite', 'alaka', 'yok']","['gözük müşteri', 'müşteri hizmet', 'iyi alışveriş', 'müşteri', 'alışveriş para']"
"['hangi', 'işlem', 'doğum', 'tarih', 'iste', 'manuel', 'gir', 'yıl', 'geri', 'doğru', 'tıkla', 'gerek', 'saçmalık']","['doğum tarih', 'işlem doğum', 'yıl geri', 'doğum', 'tarih iste']"
"['lira', 'üzeri', 'yüklem', 'ücret', 'ücret', 'üzeri', 'komisyonlusiz', 'bil', 'alternatif', 'öde', 'müşteri', 'kaybedersinizbu', 'olay', 'düzenle', 'kadar', 'i̇ldiz', 'bile', 'fazla', 'sizekampanya', 'para', 'yatır', 'bird', 'komisyon', 'devir', 'gecmişlerbiraz', 'müşteri', 'kaybet', 'gerek', 'anla', 'kadar', 'komisyon', 'başla', 'görenadasa', 'yat', 'artık', 'kart']","['müşteri kaybedersinizbu', 'müşteri kaybet', 'kaybedersinizbu olay', 'ücret üzeri', 'para yatır']"
"['üzeri', 'kart', 'para', 'yüklem', 'işlem', 'alın', 'komisyon', 'yanlış', 'gün', 'değil', 'artık', 'aycell', 'kullan', 'geç', 'komisyon', 'yüklem', 'limit', 'bin', 'rakam', 'artık', 'alın', 'ürün', 'bedel', 'yüksek', 'meblağ', 'ulasmisken', 'komisyon', 'yüklem', 'limit', 'düşür', 'siz', 'müşteri', 'kaybet', 'aycell', 'kullanicisi', 'sayı', 'azalt', 'vazgeç', 'yok', 'çevre', 'dahil', 'kişi', 'kaybet']","['limit düşür', 'sayı azalt', 'müşteri kaybet', 'alın komisyon', 'azalt']"
"['kötü', 'uncle', 'gerek', 'acilen', 'nnnnnnnnn']","['kötü uncle', 'uncle gerek', 'uncle', 'gerek acilen', 'kötü']"
"['paycalim', 'don', 'posta', 'iste', 'posta', 'gir', 'gerek']","['iste posta', 'posta', 'posta gir', 'don posta', 'posta iste']"
"['tarih', 'aycell', 'hesap', 'nakit', 'kullan', 'halen', 'hesap', 'geç', 'defalarca', 'müşteri', 'hizmet', 'görüş', 'mail', 'önce', 'saat', 'sonra', 'saat', 'şua', 'çözüm', 'merkez', 'sistem', 'arıza', 'var', 'kesin', 'cevap', 'yok', 'önce', 'kullan', 'böyle', 'problem', 'yok', 'yorum', 'bak', 'kişi', 'mağdur', 'hesap', 'yat', 'para', 'fatura', 'yansı', 'önce', 'işlem', 'düzel', 'para', 'hesap', 'yat']","['halen hesap', 'hesap yat', 'hesap', 'para hesap', 'hesap nakit']"
"['hiçbir', 'suç', 'günah', 'yok', 'aycell', 'üzeri', 'numara', 'kullan', 'dolandırıcı', 'gerçek', 'turkcell', 'hata', 'güvenlik', 'açık', 'kabul', 'tek', 'sefer', 'fatura', 'ekstra', 'ücret', 'yansı', 'ayrıca', 'numara', 'üzeri', 'çıkar', 'aycell', 'kart', 'millet', 'dolandır', 'alaka', 'suç', 'duyuru', 'bulun', 'hak', 'hak', 'durum', 'düş', 'neredeyse', 'turkcell', 'baştan', 'aşağı', 'pişman', 'turkcell', 'geç', 'güzel', 'bütün', 'kısıtla', 'getir']","['alaka suç', 'suç günah', 'suç duyuru', 'pişman turkcell', 'turkcell hata']"
"['böyle', 'yok', 'mail', 'ulaş', 'bankamatik', 'ten', 'paycel', 'hesap', 'para', 'yük', 'bölüm', 'banka', 'hesap', 'numara', 'finansbank', 'tam', 'yatır', 'para', 'gün', 'geç', 'ara', 'başka', 'söyle', 'para', 'yer', 'yat']","['ulaş bankamatik', 'bankamatik ten', 'numara finansbank', 'banka hesap', 'finansbank tam']"
"['dil', 'ücret', 'öde', 'girdi', 'kaydet', 'acilmadı', 'yeni', 'sözleşme', 'metin', 'oluş', 'hak', 'mesaj', 'mana', 'anla', 'ücret', 'öde', 'gerek', 'çık', 'iste', 'hallet', 'zaten', 'konu', 'bilgi']","['sözleşme metin', 'yeni sözleşme', 'öde gerek', 'öde girdi', 'dil ücret']"
"['aycell', 'çalış', 'pişman', 'para', 'transfer', 'kart', 'güvenlik', 'sebep', 'kapa', 'hesap', 'müdahale', 'bile', 'hak', 'para', 'engel', 'koy', 'siz', 'kimse', 'öner', 'gerçekten', 'hizmet', 'yavaş', 'berbat', 'aycell', 'işlem', 'ilk', 'son']","['hizmet yavaş', 'pişman para', 'kart güvenlik', 'yavaş berbat', 'çalış pişman']"
"['merhaba', 'paycel', 'avantaj', 'kampanya', 'doğrultu', 'kullanım', 'seç', 'biri', 'kullan', 'aktarım', 'hız', 'ancak', 'kampanya', 'güven', 'katılım', 'sağla', 'zaman', 'iade', 'işlem', 'kayıt', 'kampanya', 'birim', 'iade', 'günlük', 'süreç', 'zor', 'dönüş', 'sağla', 'konu', 'güven', 'sağla', 'piyasa', 'iyi', 'ara', 'yer', 'koru']","['avantaj kampanya', 'kampanya güven', 'kampanya birim', 'sağla piyasa', 'paycel avantaj']"
"['karışık', 'kampanya', 'çorba', 'anla', 'çaba', 'sarf', 'gerek', 'yok', 'şura', 'mesaj', 'yok', 'katılım', 'sağla', 'hadi', 'kampanya', 'katıl', 'kampanya', 'fayda', 'yükle', 'şikayet', 'yaz', 'hafta', 'incele', 'anla', 'yorum', 'kadar', 'karışık', 'anlam', 'papara', 'örnek']","['karışık kampanya', 'kampanya fayda', 'kampanya katıl', 'hadi kampanya', 'kampanya']"
"['program', 'kur', 'sil', 'kullan', 'bile', 'belli', 'süre', 'sonra', 'mobil', 'öde', 'alt', 'yasal', 'hırsız', 'hesap', 'para', 'çek', 'yarış', 'tıkla', 'soru', 'bil', 'devam', 'buton', 'koy', 'san', 'soru', 'geç', 'buton', 'tıkla', 'onay', 'yine', 'hesap', 'para', 'çek', 'güzel', 'dolandiricilik', 'yöntem', 'allah', 'bela', 'zaten', 'halt', 'yara', 'vere', 'hediye', 'günlük', 'resmen', 'sazan']","['para çek', 'geç buton', 'devam buton', 'buton koy', 'buton']"
"['aycell', 'hesap', 'kendi', 'iman', 'para', 'gönder', 'hay', 'yok', 'banka', 'askı', 'kal', 'banka', 'böyle', 'saçmalık', 'gönder', 'siz', 'kasa', 'hisse', 'turkcell', 'herturlu', 'biz', 'geçir', 'yazık', 'kimse', 'dene', 'yalan', 'herhafta', 'puan', 'oda', 'bok', 'yara', 'aycell', 'kart', 'para', 'koy', 'hicbirsey', 'para', 'yükle', 'sonra', 'git', 'peşin', 'kapa', 'kes', 'gönder', 'para', 'siz']","['yok banka', 'banka böyle', 'para gönder', 'gönder para', 'banka askı']"
"['iyi', 'kötü', 'hesap', 'gir', 'saçma', 'sürekli', 'hesap', 'don', 'lütfen', 'artık', 'saçmalık', 'düzel']","['saçmalık düzel', 'kötü hesap', 'gir saçma', 'artık saçmalık', 'saçma sürekli']"
"['para', 'transfer', 'para', 'yok', 'ilgilen', 'para', 'orta', 'yok', 'turkcell', 'yakış', 'biz', 'fatura', 'biraz', 'gecik', 'hemen', 'işlem', 'baslatirsiniz', 'biz', 'müşteri', 'amenna', 'yok', 'öyle', 'kuru', 'kuruş', 'kadar', 'düş', 'hal', 'bak', 'para', 'yarın', 'gerek', 'yer', 'baş', 'vuru', 'artı', 'turkcell', 'kurtul', 'buka', 'pes', 'artık', 'aciz', 'biçim', 'işle', 'denge', 'böyle', 'git']","['fatura biraz', 'işlem baslatirsiniz', 'biz fatura', 'gecik hemen', 'kuruş kadar']"
"['iyi', 'değil', 'fatura', 'borç', 'yaz', 'fatura', 'tekrar', 'düzenle', 'para', 'geri', 'zaten', 'kullan']","['fatura tekrar', 'fatura borç', 'borç yaz', 'yaz fatura', 'borç']"
"['düzenle', 'yok', 'lira', 'birden', 'kaybol', 'son', 'hareket', 'yok', 'anla']","['düzenle yok', 'hareket yok', 'kaybol son', 'birden kaybol', 'yok anla']"
"['yahu', 'üye', 'olucak', 'yem', 'para', 'meri', 'mesaj', 'hediye', 'kazan', 'şimdi', 'para', 'öde', 'hediye', 'alaca', 'yer', 'kal', 'hediye', 'anlam', 'kazan', 'hat', 'direk', 'geç', 'lazım', 'değil', 'bahane', 'üye', 'havuz', 'amma', 'enayi', 'san', 'biz', 'sağlam', 'tezgah', 'kur', 'bırak', 'millet', 'cep', 'para', 'göz', 'dikme', 'sevda', 'neyse', 'hak', 'zaten', 'paket', 'alimlarinda', 'yazaç', 'gece', 'gece', 'uğraş', 'iste']","['öde hediye', 'kal hediye', 'şimdi para', 'paket alimlarinda', 'zaten paket']"
"['öncelik', 'iyi', 'para', 'yatır', 'şey', 'puan', 'kısım', 'biraz', 'sorun', 'puan', 'i̇nternet', 'puan', 'yet', 'düzen', 'salla', 'topla', 'puan', 'başka', 'çık', 'ana', 'kadar', 'arkadaş', 'aycell', 'sal', 'arkadaş', 'gir', 'salladımmı', 'puan', 'kötü', 'yan', 'sürekli', 'kullan', 'puan', 'çıkmaz', 'lazım', 'sorun', 'hemen', 'düzel', 'lazım']","['salladımmı puan', 'puan kötü', 'puan başka', 'puan çıkmaz', 'düzel lazım']"
"['iyi', 'sistem', 'değil', 'herşey', 'ücret', 'kes', 'tavsiye']","['iyi sistem', 'sistem değil', 'herşey ücret', 'kes tavsiye', 'sistem']"
"['oyun', 'alım', 'ancak', 'turkcell', 'hesap', 'öde', 'bura', 'öde', 'bura', 'öde', 'önce', 'böyle']","['öde bura', 'bura öde', 'ancak turkcell', 'turkcell hesap', 'öde']"
"['sıkıntı', 'rağmen', 'kullan', 'hala', 'sıkıntı', 'çıkar']","['hala sıkıntı', 'sıkıntı rağmen', 'sıkıntı çıkar', 'rağmen kullan', 'sıkıntı']"
"['kötü', 'paket', 'yükle', 'kimlik', 'bilgi', 'iste', 'yanlış', 'gir', 'zaman', 'kendi', 'kapa', 'yeni', 'işlem', 'bird', 'doğum', 'tarih', 'gir', 'git', 'saçma', 'lütfen', 'düzel', 'ilk', 'zaman', 'iyi']","['doğum tarih', 'kötü paket', 'doğum', 'ilk zaman', 'yanlış gir']"
"['aycell', 'iyi', 'tek', 'soru', 'var', 'hesap', 'doğrula', 'zor']","['soru var', 'doğrula zor', 'soru', 'tek soru', 'var hesap']"
"['insan', 'yardım', 'işaret', 'bırak', 'köşe', 'yıl', 'önce', 'hesap', 'kullan', 'hesap', 'don', 'eski', 'posta', 'yeni', 'şifre', 'direk', 'eski', 'eposta', 'git', 'eski', 'eposta', 'orta', 'kaldır', 'kullan', 'giriş', 'çalış', 'böyle', 'hesap', 'yok', 'giriş']","['eski eposta', 'yeni şifre', 'eposta git', 'şifre', 'kullan hesap']"
"['sen', 'allah', 'bells', 'doğrula', 'google', 'pay', 'doğru', 'durgun', 'dandik', 'kart', 'git', 'papara', 'tos', 'ali', 'iyi']","['kart git', 'dandik kart', 'doğrula google', 'git papara', 'pay doğru']"
"['i̇nternet', 'bağlantı', 'kapa', 'gerek', 'tos', 'papara', 'kullan', 'iyi']","['bağlantı kapa', 'nternet bağlantı', 'kapa gerek', 'bağlantı', 'papara kullan']"
"['sürekli', 'işlem', 'gerçek', 'sonra', 'dene', 'uyarı', 'program', 'eksik', 'yetersiz', 'söz', 'konu']","['dene uyarı', 'uyarı program', 'uyarı', 'eksik yetersiz', 'program eksik']"
"['rezalet', 'lazım', 'oda', 'fatura', 'gün', 'kafa', 'saat', 'bırak', 'kardeş']","['saat bırak', 'lazım oda', 'rezalet lazım', 'oda fatura', 'fatura gün']"
"['güzel', 'fakat', 'hazır', 'limit', 'kredi', 'kart', 'lazım', 'mantık', 'gürüşum']","['kredi kart', 'kart lazım', 'limit kredi', 'kredi', 'hazır limit']"
"['aycell', 'giriş', 'dört', 'hane', 'şifre', 'iste', 'fakat', 'aycell', 'hesap', 'şifre', 'unut', 'hesap', 'giriş', 'dene', 'fakat', 'yanlış', 'şifre', 'gir', 'hesap', 'don', 'gerek', 'yardımcı', 'lütfen']","['hesap şifre', 'yanlış şifre', 'şifre unut', 'şifre gir', 'şifre']"
"['rezalet', 'kesinlikle', 'kullan', 'kadar', 'sahtekar', 'firma', 'kampanya', 'katıl', 'gerek', 'fakat', 'vaat', 'kampanya', 'ödül', 'yükle', 'şikayet', 'sahtekar', 'firma']","['sahtekar firma', 'şikayet sahtekar', 'kadar sahtekar', 'firma kampanya', 'sahtekar']"
"['sakın', 'para', 'falan', 'yükle', 'arkadaş', 'hesap', 'görün', 'geri', 'iade', ""i̇nternet'te"", 'mağdur', 'yorum', 'bak', 'para', 'kap', 'para', 'işle', 'düşün', 'maliye', 'tarafından', 'incele', 'gerek', 'yeni', 'çiftlikbank', 'vaka']","['sakın para', 'çiftlikbank vaka', 'para işle', 'kap para', 'çiftlikbank']"
"['aynı', 'sorun', 'hala', 'var', 'güncel', 'getir', 'iyi', 'bide', 'i̇nternet', 'paket', 'harca', 'kaldır']","['sorun hala', 'güncel getir', 'nternet paket', 'paket harca', 'paket']"
"['dolandır', 'resmen', 'aylık', 'çekim', 'para', 'çek', 'öner', 'tam', 'sahtekar', 'var', 'dolandırıcı']","['sahtekar var', 'sahtekar', 'var dolandırıcı', 'tam sahtekar', 'dolandırıcı']"
"['boş', 'los', 'kart', 'yıl', 'kullan', 'hiçbir', 'yara', 'gerek', 'yok', 'boş', 'boş', 'vakit', 'kayıp']","['yok boş', 'boş boş', 'boş los', 'boş', 'gerek yok']"
"['berbat', 'gir', 'güvenlik', 'neden', 'hesap', 'don', 'şifre', 'yenile', 'buton', 'basın', 'öyle', 'buton', 'yok', 'sorun', 'çöz', 'arz', 'lando', 'jsudkdmxjdkxmxnnzjzjzjz']","['şifre yenile', 'şifre', 'yenile buton', 'buton yok', 'don şifre']"
"['fan', 'değil', 'turkcell', 'güvence', 'tek', 'sorun', 'atp', 'para', 'çek', 'biraz', 'paha', 'komisyon', 'ücret', 'örnek', 'tam', 'çekim', 'yad', 'iste', 'komisyon', 'ücret', 'biraz', 'paha', 'yok', 'önem', 'eksik', 'master', 'temsilci', 'yok', 'tosya', 'var', 'ciddi', 'durum', 'bird', 'market', 'puan', 'biraz', 'gerile']","['ücret biraz', 'değil turkcell', 'paha komisyon', 'önem eksik', 'turkcell güvence']"
"['iyi', 'değil', 'puan']","['iyi değil', 'değil puan', 'değil', 'iyi', 'puan']"
"['öner', 'para', 'çek', 'iste', 'işlem', 'geçersiz']","['işlem geçersiz', 'para çek', 'geçersiz', 'çek iste', 'çek']"
"['fatura', 'öde', 'problem', 'var', 'acilen', 'çöz', 'gerek']","['öde problem', 'fatura öde', 'fatura', 'öde', 'problem var']"
"['gerçekten', 'boş', 'gerek', 'kart', 'ufak', 'işlem', 'bile', 'kriz', 'getir', 'kart', 'asla', 'kullan', 'kesinlikle', 'tavsiye', 'kart']","['tavsiye kart', 'gerek kart', 'kart ufak', 'getir kart', 'kart asla']"
"['merhaba', 'kendi', 'numara', 'hesap', 'giriş', 'şifre', 'unut', 'yenile', 'kullan', 'posta', 'adres', 'değil', 'şua', 'kullan', 'şifre', 'yok', 'yuzunden', 'giriş', 'posta', 'adresımı', 'degiştırmem', 'yardımcı', 'sevin', 'kullan', 'iste']","['giriş şifre', 'kullan şifre', 'şifre unut', 'şifre', 'adresımı degiştırmem']"
"['böyle', 'saçmalık', 'gör', 'düzel', 'gerek']","['saçmalık gör', 'böyle saçmalık', 'saçmalık', 'düzel gerek', 'böyle']"
"['defalarca', 'yüklem', 'rağmen', 'paycel', 'kart', 'geç', 'para', 'üstelik', 'biz', 'ulaş', 'kısım', 'tıkla', 'paylaş', 'çık', 'iletişim', 'bilgi', 'yerine', 'mail', 'adres', 'dekont', 'error', 'hata', 'git', 'mail', 'gerçekten', 'ara', 'problem', 'paycel', 'çözüm', 'bul', 'gerek', 'acilen']","['yerine mail', 'mail', 'mail gerçekten', 'mail adres', 'kart geç']"
"['aycell', 'iyi', 'hazır', 'limit', 'biraz', 'art', 'lazım', 'değil', 'lazım']","['limit biraz', 'hazır limit', 'limit', 'biraz art', 'art lazım']"
"['beş', 'i̇ldiz', 'nedime', 'bak', 'puan', 'sonra', 'gir', 'tekrar', 'deney', 'yaziyoru', 'kötü', 'iyi']","['puan sonra', 'deney yaziyoru', 'tekrar deney', 'gir tekrar', 'yaziyoru kötü']"
"['lütfen', 'güncelle', 'geri', 'yad', 'iki', 'ayrı', 'program', 'sun', 'yeni', 'telefon', 'diğer', 'yeni', 'telefon', 'çoğu', 'aile', 'bütçe', 'sağla', 'zor', 'bin', 'dolar', 'ayırım', 'telefon', 'rica', 'uzun', 'sorun', 'yeniden', 'program', 'yaz']","['yeni telefon', 'telefon diğer', 'telefon çoğu', 'telefon rica', 'ayırım telefon']"
"['hesabi', 'don', 'başka', 'birey', 'şifre', 'yenile', 'sayfa', 'tatil', 'kal', 'düzel', 'i̇ldiz', 'sebep', 'usta', 'gurunmesi']","['şifre yenile', 'birey şifre', 'şifre', 'sayfa tatil', 'hesabi']"
"['fatura', 'eskiden', 'kredi', 'kart', 'öde', 'sadece', 'bali', 'kart', 'öde', 'imkan', 'sun', 'bali', 'kart', 'aycell', 'kendi', 'parti', 'degistirmek', 'mum', 'değil', 'aycell', 'kart', 'değil', 'kendi', 'kredi', 'kart', 'fatura', 'iste', 'kart', 'kart', 'para', 'aktar', 'işlev', 'değil', 'gerek', 'var']","['kredi kart', 'kart fatura', 'kart değil', 'eskiden kredi', 'kendi kredi']"
"['hesap', 'don', 'yeni', 'şifre', 'eski', 'gmail', 'git', 'şifre', 'yenile', 'gir']","['şifre yenile', 'yeni şifre', 'şifre eski', 'şifre', 'git şifre']"
"['yıldız', 'yazı', 'görün', 'kampanya', 'katılım', 'sağla', 'yok', 'şöyle', 'hazır', 'limit', 'kullan', 'kadar', 'biri', 'bile', 'ayrıca', 'baş', 'para', 'gönder', 'işlem', 'ücret', 'iken', 'faturali̇ya', 'geç', 'sadet', 'hazır', 'li̇mi̇ti̇ni̇', 'çek', 'bile', 'herşey', 'ücret', 'akli', 'uzak', 'dursun']","['iken faturali', 'ücret iken', 'para gönder', 'faturali ya', 'ücret akli']"
"['puan', 'birik', 'pub', 'mobil', 'royal', 'pas', 'bekle', 'fatura', 'değişik', 'yok', 'iyi', 'elit', 'pas', 'alaca', 'tekrar', 'dene', 'hata', 'falan']","['mobil royal', 'bekle fatura', 'pub mobil', 'hata falan', 'elit pas']"
"['kötü', 'gir', 'türkel', 'müşteri', 'böyle', 'gör', 'adam', ""i̇nternet'i"", 'kapa', 'devam', 'sonra', 'i̇nternet', 'hata', 'falan', 'filan', 'falan', 'oruç', 'oruç', 'insan', 'küfür', 'zorla']","['kötü gir', 'küfür zorla', 'oruç insan', 'falan oruç', 'gör adam']"
"['güvenlik', 'neden', 'oturum', 'sonlandırııstır', 'uyarı', 'gerek']","['güvenlik neden', 'sonlandırııstır uyarı', 'oturum sonlandırııstır', 'uyarı gerek', 'güvenlik']"
"['hazır', 'limit', 'iken', 'şimdi', 'sadece', 'böyle', 'saçmalık', 'gör', 'böylelikle', 'zor', 'durum', 'düşür', 'gerçekten', 'yazık']","['böyle saçmalık', 'saçmalık gör', 'gerçekten yazık', 'böylelikle zor', 'saçmalık']"
"['puan', 'ekran', 'yansı', 'şimdi', 'kadar', 'kaç', 'puan', 'koy', 'sil', 'daha', 'kullan', 'böyle', 'gerek', 'var']","['puan ekran', 'kaç puan', 'ekran yansı', 'daha kullan', 'ekran']"
"['fazla', 'iyi', 'değil']","['iyi değil', 'fazla iyi', 'değil', 'fazla', 'iyi']"
"['böyle', 'rezil', 'yok', 'şey', 'sınır', 'var', 'i̇nternet', 'desen', 'yok', 'dur', 'yer', 'para', 'kes', 'i̇ndi̇rmeyi̇n']","['rezil yok', 'desen yok', 'yok dur', 'yok şey', 'şey sınır']"
"['kampanya', 'güzel', 'fakat', 'sürekli', 'hata', 'fatura', 'öde', 'iste', 'tekrar', 'dene', 'ayrıca', 'çoğu', 'kurum', 'yok', 'anlaş', 'iyi']","['kampanya güzel', 'kampanya', 'fatura öde', 'hata fatura', 'ayrıca çoğu']"
"['bulun', 'yer', 'diğer', 'operatör', 'hizmet', 'kalite', 'iyi', 'turkcell', 'kullan']","['operatör hizmet', 'hizmet kalite', 'diğer operatör', 'iyi turkcell', 'turkcell']"
"['i̇ninal', 'iyi', 'düşün', 'fark', 'yok', 'oyun', 'pin', 'sadece', 'turkcell', 'hoş', 'git', 'düzel', 'sevin', 'iyi', 'gün']","['iyi gün', 'sevin iyi', 'hoş git', 'düzel sevin', 'turkcell hoş']"
"['böyle', 'saçma', 'gör', 'hane', 'şifre', 'iste', 'hane', 'yanlış', 'şifre']","['böyle saçma', 'yanlış şifre', 'saçma gör', 'şifre iste', 'hane yanlış']"
"['eksik', 'var']","['eksik var', 'eksik', 'var']"
"['faiz', 'miktar', 'düşür', 'iyi']","['miktar düşür', 'faiz miktar', 'düşür iyi', 'faiz', 'düşür']"
"['i̇stanbul', 'kart', 'limit', 'bitdigi', 'acil', 'gun', 'para', 'yok', 'iyi']","['kart limit', 'para yok', 'stanbul kart', 'yok iyi', 'gun para']"
"['arkadaş', 'etkin', 'yarar', 'para', 'yükle', 'iste', 'gün', 'hesap', 'para', 'banka', 'para', 'çık', 'hesap', 'yok', 'kişi', 'böyle', 'durum', 'karşılaş', 'para', 'rezil', 'mail', 'müşteri', 'hizmet', 'ara', 'ilk', 'dekont', 'iste', 'dekont', 'gönder', 'tek', 'incele', 'anlık', 'işlem', 'para', 'gönder', 'yüklem', 'işlem', 'hafta', 'bul', 'anlam', 'var']","['para gönder', 'mail müşteri', 'işlem para', 'hesap para', 'para çık']"
"['iyi', 'sadece', 'türbe', 'avantaj', 'sal', 'bide', 'puan', 'birik', 'süre', 'sonra', 'kendi', 'kendi', 'azal']","['kendi azal', 'türbe avantaj', 'avantaj', 'sadece', 'sadece türbe']"
"['aycell', 'dün', 'beri', 'sahip', 'puan', 'i̇nternet', 'paket', 'rağmen', 'paket', 'halen', 'hat', 'tanımla', 'sorun', 'defalarca', 'yaşa', 'puan', 'boş', 'yer', 'git', 'gerek', 'lütfen', 'böyle', 'kötü', 'sistem', 'insan', 'denli', 'mağdur']","['rağmen paket', 'paket rağmen', 'kötü sistem', 'nternet paket', 'sorun defalarca']"
"['iyi', 'değil', 'pub', 'i̇nternet', 'yükle', 'çalış']","['pub nternet', 'pub', 'değil pub', 'iyi', 'nternet']"
"['son', 'güncel', 'sürüm', 'android', 'zor', 'gir', 'iki', 'kapa', 'ekran', 'önce', 'böyle', 'değil', 'son', 'güncelle', 'kullan', 'hal']","['sürüm android', 'android zor', 'android', 'ekran önce', 'kapa ekran']"
"['vodafone', 'sadece', 'var', 'geliş', 'iyi']","['vodafone sadece', 'vodafone', 'geliş iyi', 'sadece var', 'iyi']"
"['geliş', 'lazım', 'i̇nternet', 'puan', 'düşük']","['puan düşük', 'geliş lazım', 'lazım nternet', 'düşük', 'lazım']"
"['geliş', 'gerek', 'nokta', 'var', 'mesela', 'aycell', 'hesap', 'yad', 'kart', 'ilan', 'para', 'gönder', 'telefon', 'numara', 'açıkla', 'kısım', 'gir', 'gerek', 'sürü', 'şekil', 'kullan', 'böyle', 'işlem', 'gör', 'acilen', 'açıkla', 'kısım', 'telefon', 'gir', 'kaldır', 'gerek', 'cinsi', 'para', 'gönder', 'telefon', 'numara', 'gir', 'unut', 'para', 'gün', 'hesap', 'geri', 'gönder', 'değil', 'gün', 'mesela']","['gönder telefon', 'para gönder', 'telefon gir', 'kısım telefon', 'kart ilan']"
"['i̇grenc', 'böyle', 'devam', 'kaldiracam']","['devam kaldiracam', 'böyle devam', 'devam', 'kaldiracam', 'böyle']"
"['gece', 'düş', 'hesap', 'gönder', 'nakit', 'muhattar', 'çöz', 'müşteri', 'temsilci', 'bulun', 'eposta', 'ilet', 'zaman', 'para', 'iyi', 'güven', 'havale', 'iste', 'para', 'hesap', 'düş', 'tavsiye', 'güven', 'havale']","['gönder nakit', 'çöz müşteri', 'müşteri temsilci', 'müşteri', 'hesap gönder']"
"['iyi', 'değil']","['iyi değil', 'değil', 'iyi']"
"['git', 'manavcilik', 'taksi', 'şoför', 'sanal', 'kart', 'görün', 'yatirdigim', 'para', 'görün', 'tane', 'koyacak', 'tane', 'koy', 'adam', 'çalış', 'iyi', 'çalış', 'müşteri', 'hizmet', 'bağ', 'hız', 'büyük', 'ihtimal', 'müşteri', 'kaybet', 'ara', 'azal']","['manavcilik taksi', 'çalış müşteri', 'taksi şoför', 'ihtimal müşteri', 'taksi']"
"['arkadaş', 'hat', 'gönder', 'meğer', 'sadece', 'turkcell', 'lazım', 'fatura', 'şakkadanak', 'tabi', 'para', 'aycell', 'dur', 'para', 'şafak', 'bak', 'işlem', 'ücret', 'hiçbir', 'hizmet', 'şaaaak', 'zarar', 'baş', 'bilgi', 'numara', 'falan', 'gir', 'ora', 'kadar', 'getir', 'sen', 'yol', 'şafak', 'kitle']","['lazım fatura', 'fatura şakkadanak', 'hat gönder', 'kadar getir', 'tabi para']"
"['iyi', 'değil', 'şifre', 'unut', 'hiçbir', 'türlü', 'yardımcı', 'seçenek', 'yok', 'rezil', 'allah', 'bela']","['değil şifre', 'yok rezil', 'şifre unut', 'hiçbir türlü', 'yok']"
"['kral', 'posta', 'adres', 'falan', 'herşey', 'doğru', 'hesap', 'don', 'eyvallah', 'gir', 'şifre', 'oluş', 'şifre', 'yenile', 'buton', 'çık', 'abd', 'arda', 'bas', 'çöker', 'şifre', 'yeni', 'ulaş', 'ardından', 'posta', 'şifre', 'yenile', 'gerek', 'yolla', 'vahiy', 'yol', 'falan', 'zaman', 'ulaş', 'söyle', 'bek', 'hız', 'dua', 'edi']","['gir şifre', 'çöker şifre', 'şifre yenile', 'posta şifre', 'şifre']"
"['aycell', 'parti', 'sure', 'dol', 'yenile', 'berbat']","['yenile berbat', 'berbat', 'dol yenile', 'dol', 'yenile']"
"['böyle', 'zorla', 'olmazsahtekarca', 'onaylayınızidtemiyorumiptal']","['olmazsahtekarca onaylayınızidtemiyorumiptal', 'onaylayınızidtemiyorumiptal', 'zorla olmazsahtekarca', 'olmazsahtekarca', 'böyle zorla']"
"['i̇nternet', 'yok', 'iyi']","['yok iyi', 'nternet yok', 'yok', 'iyi', 'nternet']"
"['fazla', 'eksik', 'var', 'yetersiz']","['fazla eksik', 'var yetersiz', 'yetersiz', 'eksik', 'eksik var']"
"['salla', 'kazan', 'dan', 'habire', 'puan', 'çık', 'puan', 'lazım', 'hediye', 'zaten', 'hafta', 'geri', 'millet', 'kan']","['lazım hediye', 'hediye zaten', 'puan çık', 'çık puan', 'puan lazım']"
"['sürekli', 'hata', 'giriş', 'işle', 'devam', 'lütfen', 'sonra', 'dene', 'sil', 'sürekli', 'böyle', 'kere', 'giriş', 'kayıt', 'falan', 'bina', 'gir']","['kere giriş', 'giriş işle', 'hata giriş', 'giriş', 'bina gir']"
"['program', 'sebep', 'ogrenebilir', 'böyle', 'sorun', 'yasa']","['sorun yasa', 'program sebep', 'sebep ogrenebilir', 'yasa', 'program']"
"['güzel', 'hizmet', 'kredi', 'biraz', 'yüksel', 'iyi', 'sonuç', 'kredi', 'kart', 'ciddi', 'alışveriş']","['kredi kart', 'kredi biraz', 'sonuç kredi', 'hizmet kredi', 'kredi']"
"['iyi', 'güzel', 'kart', 'ekle', 'sayı', 'yetersiz', 'sadece', 'tane', 'kredi', 'kart', 'ekle', 'sefer', 'silkaydet', 'zor', 'kal']","['kredi kart', 'güzel kart', 'kart ekle', 'sayı yetersiz', 'tane kredi']"
"['muhattar', 'yok', 'yatır', 'para', 'hesap', 'geç', 'ayrıca', 'banka', 'hesap', 'geri', 'dön', 'araf', 'kal', 'gün', 'uğraş', 'sadece', 'otomatik', 'mail', 'dolaş', 'kimlik', 'doğrula', 'tamamen', 'şans', 'sakın', 'bulaş', 'ayrıca', 'kötü', 'yorum', 'sil', 'sil', 'emin', 'yorum', 'sil', 'yaz', 'başka', 'oku', 'bak', 'aha', 'sil', 'düşün', 'sağla', 'çalış', 'bilgi']","['hesap geri', 'banka hesap', 'hesap geç', 'ayrıca banka', 'mail dolaş']"
"['mail', 'hesap', 'sil', 'şifre', 'bil', 'artık', 'paycel', 'şifre', 'unut', 'gir', 'yan', 'kötü', 'genelde', 'iyi']","['şifre unut', 'şifre bil', 'paycel şifre', 'şifre', 'mail hesap']"
"['para', 'para', 'yolla', 'hal', 'yükle', 'sürekli', 'don', 'dön', 'asla', 'işlem', 'sorun', 'düzenle', 'asla', 'kullan', 'kimse', 'para', 'yüklem', 'din', 'hemen', 'yükle', 'zır', 'dön', 'dön', 'bekle', 'dur', 'biz', 'ulasinsan', 'paylaşım', 'başarı', 'belli', 'zaten', 'basari', 'dalga', 'geç', 'biz', 'ulaş', 'ulaş', 'sun', 'başarı', 'uyarı', 'asla', 'kullan', 'tavsiye']","['yükle sürekli', 'para yolla', 'asla kullan', 'sürekli don', 'sorun düzenle']"
"['tanimlamadigim', 'posta', 'adres', 'şifre', 'yenile', 'iste', 'gönder', 'öyle', 'mail', 'adres', 'kullanmiyorumuygulamada', 'yardimci', 'buton', 'yoktamamiyle', 'saçmalık']","['mail', 'adres kullanmiyorumuygulamada', 'posta adres', 'adres şifre', 'mail adres']"
"['berbat', 'öte', 'kötü', 'geri', 'turkcell', 'bekle', 'deprem', 'tut', 'hat', 'kar', 'gül', 'yazık', 'vodafone', 'mobil', 'i̇nternet', 'giriş', 'komisyon', 'böyle', 'devam']","['turkcell bekle', 'bekle deprem', 'geri turkcell', 'deprem tut', 'turkcell']"
"['kartal', 'mart', 'gün', 'salı', 'gün', 'aycell', 'lira', 'gönder', 'lira', 'sadece', 'tsi', 'yat', 'şua', 'mağdur', 'durum', 'kal', 'emek', 'kalan', 'önem', 'lütfen', 'gerek', 'arz']","['gönder lira', 'önem lütfen', 'gönder', 'gün aycell', 'lira gönder']"
"['dar', 'zaman', 'yetiş', 'iyi', 'var']","['zaman yetiş', 'yetiş iyi', 'dar zaman', 'iyi var', 'iyi']"
"['böyle', 'işlem', 'sistem', 'sorun', 'var', 'çöz', 'sorun', 'lütfen']","['sistem sorun', 'sistem', 'işlem sistem', 'çöz sorun', 'işlem']"
"['güzel', 'fakat', 'salla', 'topla', 'puan', 'çabuk', 'geri', 'git', 'derhal', 'çözüm', 'bulun', 'gerek']","['puan çabuk', 'çabuk geri', 'derhal çözüm', 'git derhal', 'çabuk']"
"['kaç', 'kere', 'giriş', 'dene', 'giriş', 'inan', 'böyle', 'aycell', 'pişman']","['pişman', 'aycell pişman', 'kere giriş', 'kaç kere', 'dene giriş']"
"['aycell', 'banka', 'hesap', 'iste', 'aciklama', 'kismina', 'telefon', 'numara', 'yaz', 'telefon', 'numara', 'baş', 'koy', 'gün', 'bekle', 'geri', 'hesap', 'para', 'papara', 'dan', 'şaş', 'başka', 'yer', 'yatır', 'papara', 'çöz', 'çöz', 'aycell', 'turkcell', 'sorun', 'bırak', 'çöz', 'kimse', 'ilgilen', 'bile', 'yazık']","['kismina telefon', 'telefon numara', 'numara yaz', 'banka', 'aycell banka']"
"['limit', 'biraz', 'yüksel', 'daha', 'iyi']","['limit biraz', 'limit', 'biraz yüksel', 'daha iyi', 'yüksel daha']"
"['sefer', 'sorun', 'çıkar', 'hesap', 'gir', 'çalış', 'hata', 'para', 'çek', 'ayrı', 'sıkıntı', 'çıkar', 'çözüm', 'bulun']","['hesap gir', 'çözüm bulun', 'sorun çıkar', 'çıkar çözüm', 'çalış hata']"
"['üst', 'icra', 'var', 'banka', 'para', 'aycell', 'hesap', 'sakla', 'koy']","['banka para', 'var banka', 'banka', 'hesap sakla', 'hesap']"
"['rezalet', 'sistem', 'var', 'başka', 'kart', 'para', 'transfer', 'iste', 'hesap', 'doğrula', 'iste', 'bil', 'hangi', 'banka', 'ilan', 'öde', 'gerek', 'zaten', 'gönder', 'iste', 'millet', 'kadar', 'sömür', 'küçük', 'transfer', 'işlem', 'uğraş', 'iste', 'siz', 'para', 'işlem', 'kes', 'zengin', 'zaten', 'çöp', 'hata', ""i̇nternet'in"", 'rağmen', 'bağlantı', 'sorun', 'yaşa', 'yazık', 'siz']","['hangi banka', 'para işlem', 'banka', 'banka ilan', 'transfer işlem']"
"['garanti', 'banka', 'aycell', 'gün', 'para', 'hala', 'tanımla', 'öner', 'kimse', 'ilgilen', 'yok', 'gün', 'bekle', 'bahset', 'hala', 'bekle']","['garanti banka', 'gün bekle', 'gün para', 'banka', 'hala bekle']"
"['arkadaş', 'anla', 'hane', 'şifre', 'koy', 'sonra', 'geç', 'mail', 'yaz', 'herşey', 'kabul', 'devam', 'bas']","['hane şifre', 'geç mail', 'şifre koy', 'koy sonra', 'mail yaz']"
"['rezil', 'yazar', 'banka', 'dijital', 'öde', 'şirket', 'peygamber', 'sabır', 'ister', 'otur', 'iyi', 'söyle', 'aycell', 'turkcell', 'palavra', 'ibaret', 'diyelimki', 'puan', 'kadar', 'fatura', 'ücret', 'yansı', 'anne', 'hakaret', 'kazıkla', 'çalış', 'biz', 'kendi', 'onay', 'üzgün', 'öner']","['kadar fatura', 'yazar banka', 'üzgün öner', 'diyelimki puan', 'anne hakaret']"
"['böyle', 'giriş', 'sik', 'gene', 'gir', 'hesabi', 'don']","['böyle giriş', 'gir hesabi', 'giriş sik', 'böyle', 'gene gir']"
"['eskiden', 'kripto', 'para', 'git', 'tekrar', 'iyi', 'yıldız']","['eskiden kripto', 'kripto para', 'kripto', 'iyi yıldız', 'para git']"
"['şifre', 'yenile', 'tıkla', 'unut', 'hal', 'bas', 'geleni']","['şifre yenile', 'şifre', 'tıkla unut', 'yenile tıkla', 'tıkla']"
"['güzel', 'ancak', 'keşke', 'puan', 'süre', 'kadar', 'i̇nternet']","['güzel ancak', 'keşke puan', 'puan süre', 'güzel', 'keşke']"
"['hesap', 'don', 'şifre', 'yenile', 'buton', 'çık', 'yardımcı']","['şifre yenile', 'yenile buton', 'şifre', 'buton', 'don şifre']"
"['önce', 'i̇stanbul', 'kart', 'para', 'artık', 'sorun', 'iyi', 'kaç', 'düzgün', 'git', 'sonra', 'sorun']","['para artık', 'kart para', 'stanbul kart', 'sonra sorun', 'artık sorun']"
"['yara', 'kimse', 'yeni', 'yükle', 'şifre', 'yenile', 'yenile', 'uygun', 'değil', 'boşuna']","['şifre yenile', 'kimse yeni', 'yükle şifre', 'yara kimse', 'yeni yükle']"
"['güncelle', 'sonra', 'iyi', 'saçma', 'hal', 'sürekli', 'sayfa', 'yükle', 'hata', 'hata', 'yüz', 'kupon', 'puan', 'git', 'resmi', 'yol', 'başvur', 'çekinmeyeceğimaynısı', 'siz', 'siz', 'çekin', 'başvur', 'çekin']","['kupon puan', 'kupon', 'yüz kupon', 'başvur çekin', 'çekin başvur']"
"['boşver', 'telefon', 'gerek']","['telefon gerek', 'boşver telefon', 'telefon', 'gerek', 'boşver']"
"['gir', 'don', 'işlem', 'zaman', 'düzel', 'artık', 'lütfen', 'biraz', 'çaba', 'göster', 'ekran', 'yenile', 'işaret', 'kal', 'öyle', 'bekle']","['ekran yenile', 'göster ekran', 'artık lütfen', 'ekran', 'düzel artık']"
"['yemin', 'turkcell', 'külliyen', 'gerek', 'salla', 'kazan', 'saat', 'paycel', 'hafta', 'salla', 'kazan', 'puan', 'buda', 'oluyoki', 'hafta', 'gunn', 'ugrasmamiz', 'gerek', 'gerçekten', 'boş', 'dünya', 'para', 'verit', 'hafta', 'i̇nternet', 'bile', 'goruyosunuz', 'yazık', 'i̇ldiz', 'bile', 'haket']","['oluyoki hafta', 'ugrasmamiz gerek', 'hafta nternet', 'verit hafta', 'hafta salla']"
"['acilen', 'sistem', 'düzenle', 'gerek', 'paye', 'martin', 'geçerli', 'market', 'öde', 'problem', 'yasa', 'eyyy', 'postane', 'yemek', 'paralizi', 'nakit', 'kurtar', 'paye']","['öde problem', 'nakit kurtar', 'öde', 'paye martin', 'market öde']"
"['üst', 'görün', 'i̇ldiz', 'yok', 'bile', 'değil', 'referans', 'sistem', 'berbat', 'gir', 'puan', 'yaz', 'açıklama', 'puan', 'ilk', 'kural', 'kişi', 'toplam', 'puan', 'kazan', 'ikinci', 'kural', 'iste', 'kadar', 'arkadaş', 'davet', 'adam', 'asma', 'oyun', 'zaten', 'rezalet', 'günlük', 'hak', 'hepsi', 'doğru', 'rağmen', 'sırala', 'ulaş', 'puan', 'kazan', 'ilk', 'gir', 'gerek', 'para', 'lazım', 'kısacası', 'rezalet', 'turkcell']","['puan kazan', 'puan ilk', 'ulaş puan', 'toplam puan', 'açıklama puan']"
"['yemin', 'boş', 'boş', 'şifre', 'yaz', 'güvenlik', 'hesap', 'don', 'şifre', 'yenile', 'yenile', 'basiyom', 'posta', 'adres', 'gönder', 'posta', 'adres', 'değil', 'başka', 'posta', 'gönder', 'anlam', 'yıldız', 'yok', 'verem']","['şifre yenile', 'boş şifre', 'şifre', 'şifre yaz', 'don şifre']"
"['dolu', 'açı', 'sayfa', 'don', 'yenile', 'simge', 'ayrıca', 'kazı', 'kazan', 'kalk', 'dahil', 'kaşık', 'kepçe', 'soru', 'oyun', 'oyna', 'i̇nternet', 'arka', 'dan', 'servis', 'ücret', 'türk', 'telekom', 'üstelik', 'aylık', 'yad', 'hafta', 'günlük', 'eski', 'puan', 'hediye', 'hemen', 'sil', 'yad', 'aynı', 'ürün', 'içeri', 'fazla', 'kullan', 'deyip', 'puan', 'pil']","['fazla kullan', 'kullan deyip', 'ürün içeri', 'kullan', 'soru oyun']"
"['hazır', 'limit', 'kullan', 'hazır', 'limit', 'kullan', 'futura', 'hatmi', 'gerek', 'yilldur', 'futura', 'hat', 'kullaniyomnasil', 'anlamis', 'değil', 'yok', 'yardimci']","['limit kullan', 'hazır limit', 'limit', 'kullan futura', 'gerek yilldur']"
"['sakin', 'yükle', 'para', 'yükle', 'herdefasinda', 'aynı', 'dümen', 'para', 'yok', 'mail', 'müşteri', 'hizmet', 'yok', 'söyle', 'yok', 'böyle', 'para', 'üzeri', 'yat', 'calisiyorlar', 'kaç', 'gün', 'hala', 'para', 'iade', 'gerek']","['para üzeri', 'para yok', 'böyle para', 'gün hala', 'kaç gün']"
"['birçok', 'sorun', 'yaşa', 'telefon', 'eposta', 'yol', 'müşteri', 'hizmet', 'bilgi', 'rağmen', 'sorun', 'çöz', 'eksik', 'gider', 'yüz', 'kesinlikle', 'öner', 'tavsiye']","['telefon eposta', 'müşteri hizmet', 'telefon', 'yol müşteri', 'öner tavsiye']"
"['eski', 'mail', 'hesap', 'bil', 'kod', 'ora', 'gönder', 'yüz', 'giriş', 'imkan', 'sürekli', 'güncelle', 'getir', 'sorun', 'çöz', 'iyi', 'sil']","['mail hesap', 'mail', 'eski mail', 'sürekli güncelle', 'ora gönder']"
"['bugün', 'aycell', 'kart', 'aldımmarket', 'kampanya', 'ses', 'katıl', 'alışveriş', 'yaptımfakat', 'iade', 'yüklenmedikart', 'doğrula', 'dene', 'banka', 'hesap', 'çekilecektimaalesef', 'olmuyori̇stanbul', 'kart', 'yatır', 'denedimoda', 'başarı', 'oldukampanyalara', 'katılım', 'sağla', 'buton', 'yoksistem', 'geç', 'açılıyori̇ğrenç', 'yetkili', 'ara', 'lütfen']","['kart aldımmarket', 'aldımmarket kampanya', 'kart yatır', 'hesap çekilecektimaalesef', 'çekilecektimaalesef']"
"['hata', 'bildiri', 'iste', 'şua', 'itibari', 'giriş', 'iste', 'gümüş', 'sat', 'lakin', 'giriş', 'yatırım', 'deneme', 'amaç', 'maalesef', 'giriş', 'muhtemelen', 'yapım', 'onarım', 'işlem', 'çalış', 'sıkıntı', 'var', 'insan', 'siz', 'üzeri', 'yatırım', 'işlem', 'iste', 'böyle', 'şey', 'güven', 'zede', 'bil', 'iste', ""i̇nternet'in"", 'sorun', 'diğer', 'çalış']","['yatırım deneme', 'üzeri yatırım', 'giriş yatırım', 'yatırım işlem', 'gümüş sat']"
"['allah', 'bela', 'yıldız', 'hariç', 'başka', 'puanla', 'şubat', 'para', 'transfer', 'para', 'hesap', 'para', 'koy', 'gün', 'ara', 'kısa', 'süre', 'para', 'hesap', 'yatır', 'dene', 'hala', 'aynı', 'söyle', 'turkcell', 'dene', 'bozuntu', 'git', 'kontör', 'sat', 'devam']","['şubat para', 'hesap yatır', 'süre para', 'hesap para', 'söyle turkcell']"
"['puan', 'var', 'memnun', 'değil', 'iyi', 'değil']","['değil iyi', 'iyi değil', 'memnun değil', 'değil', 'puan var']"
"['puan', 'hafta', 'puan', 'geri', 'i̇nternet', 'birik', 'gerek', 'puan', 'yüksek', 'sen', 'pek', 'fayda', 'anla', 'ayrıca', 'hazır', 'limit', 'saçmalık', 'kan', 'siz', 'biz', 'faturaliysaniz', 'fatura', 'ekle', 'ora', 'limit', 'kullan']","['biz faturaliysaniz', 'faturaliysaniz fatura', 'faturaliysaniz', 'ora limit', 'fatura ekle']"
"['yaz', 'çoğu', 'bilinç', 'tüket', 'başka', 'değil', 'yok', 'mobil', 'yok', 'şöyle', 'böyle', 'akıl', 'var', 'git', 'araştır', 'sonra', 'geç', 'dolandırıcı', 'ders']","['bilinç tüket', 'çoğu bilinç', 'yaz çoğu', 'akıl var', 'bilinç']"
"['yorum', 'gerek', 'yok']","['gerek yok', 'yorum', 'yok', 'yorum gerek', 'gerek']"
"['yatır', 'bak', 'yok', 'türkel', 'eskiden', 'iyi', 'tövbe', 'dolandırıcı', 'grup', 'para', 'geri', 'iste']","['para geri', 'tövbe dolandırıcı', 'dolandırıcı grup', 'geri', 'geri iste']"
"['bısey', 'gerek', 'yok', 'arkadaş', 'davet', 'yeterli', 'hat', 'i̇nternet', 'yükle', 'bile', 'puan']","['davet yeterli', 'yok arkadaş', 'arkadaş davet', 'gerek yok', 'bile puan']"
"['puan', 'olay', 'store', 'bakiye', 'kod', 'san', 'hat', 'mobil', 'öde', 'kullan', 'bakiye', 'mobil', 'öde', 'servis', 'ücret', 'lira', 'bakiye', 'kullan', 'lira', 'mobil', 'öde', 'servis', 'kullan', 'gerek', 'kadar', 'küçük', 'düşür', 'tuzak', 'geçim', 'sağla', 'yıllarca', 'okul', 'oku', 'eğitim', 'gir', 'arkadaş', 'küçük', 'peş', 'koş']","['sağla yıllarca', 'yıllarca okul', 'öde kullan', 'eğitim gir', 'oku eğitim']"
"['paycel', 'üzeri', 'bilgi', 'dış', 'hesap', 'yaklaşık', 'fatura', 'onay', 'hal', 'insan', 'öner', 'akıl', 'mümkün', 'mertebe', 'uzak', 'dursun', 'pubgy', 'oyna', 'alan', 'ora', 'kes', 'para']","['yaklaşık fatura', 'dış hesap', 'hesap yaklaşık', 'fatura', 'fatura onay']"
"['fatura', 'dahil', 'kulak', 'hat', 'değiş', 'gerek', 'ürün', 'finance', 'aktar', 'turkcell', 'bayi', 'yalnızca', 'nakit', 'işlem', 'nakit', 'zaten', 'taksit', 'aycell', 'öde', 'taksit', 'öde', 'işlem', 'komisyon', 'turkcell', 'yakış', 'soygun', 'şekil', 'sonra', 'bedava', 'turkcell', 'ürün']","['bedava turkcell', 'komisyon turkcell', 'finance aktar', 'turkcell', 'turkcell ürün']"
"['bakhele', 'iyi', 'kesinlikle', 'eleştiri', 'bulun', 'arkadaş', 'bura', 'eleştiri', 'kere', 'meyve', 'ağaç', 'taş']","['bura eleştiri', 'kesinlikle eleştiri', 'eleştiri kere', 'eleştiri bulun', 'bakhele iyi']"
"['puan', 'oda', 'yaz', 'yarım', 'puan', 'bile', 'mail', 'sorun', 'birnur', 'sorun', 'çöz', 'tavsiye', 'banka', 'değil', 'kankaymis', 'kan', 'sadece', 'kendi', 'çıkar', 'müşteri', 'hizmet', 'işlem', 'söyle', 'yetki', 'yok', 'boşa', 'vakit', 'harca']","['müşteri hizmet', 'boşa vakit', 'bile mail', 'çıkar müşteri', 'mail sorun']"
"['mademki', 'doğru', 'yorum', 'iste', 'kendi', 'program', 'fazla', 'emek', 'harca', 'düzel', 'olumlu', 'eleştiri', 'sun', 'hiçbir', 'şekil', 'yasal', 'sorum', 'değil', 'siz', 'seçim', 'emekle', 'dönem', 'bilgi', 'gir', 'sistem', 'siz', 'dışarı', 'sürekli', 'kapa', 'güncelle', 'yıldız', 'sadece', 'fikir', 'saygı', 'düzelt', 'devam', 'yok', 'kısa', 'süre', 'hesap', 'sil']","['olumlu eleştiri', 'yorum iste', 'doğru yorum', 'eleştiri sun', 'eleştiri']"
"['abi', 'böyle', 'oyla', 'yok', 'bey', 'puan', 'ertesi', 'gün', 'konu', 'aliye', 'gerek', 'yok', 'aliye']","['yok bey', 'gerek yok', 'oyla yok', 'gün konu', 'ertesi gün']"
"['dolandırıcımısınz', 'port', 'biryer', 'gir', 'saçma', 'sapan', 'fatura', 'extra', 'öde', 'miktar', 'çık', 'düzen', 'ückağıtcılık', 'val', 'turkcell', 'iyi', 'lekele', 'son', 'fatura', 'çık', 'allah', 'bela']","['fatura çık', 'sapan fatura', 'son fatura', 'saçma sapan', 'gir saçma']"
"['artık', 'beş', 'para', 'hata', 'dolu', 'taraf', 'davran', 'önce', 'birey', 'yara', 'şimdi', 'yara', 'kazandibi', 'puan', 'sil', 'siz', 'iyi', 'puan', 'tamamla', 'mümkün', 'tamamen', 'reklam', 'amaç', 'göz', 'boya', 'puan', 'kısım', 'hediye', 'herve', 'durum', 'banka', 'kart', 'var', 'iyi', 'hediye', 'kazan', 'güven', 'sağlam', 'iken', 'siz', 'kart', 'kullan', 'artık', 'akıl', 'banka', 'harici', 'kart']","['siz kart', 'kart kullan', 'para hata', 'banka kart', 'hediye kazan']"
"['sin', 'bil', 'allah', 'sen', 'razı', 'dava', 'allah', 'çıkar']","['allah sen', 'bil allah', 'allah çıkar', 'sen razı', 'dava allah']"
"['memnun', 'kal', 'işlem', 'ücret', 'aşırı', 'derece', 'paha', 'kart', 'iptal', 'sil', 'iyi', 'asla', 'asla', 'kimse', 'tavsiye']","['kart iptal', 'iyi asla', 'kimse tavsiye', 'asla kimse', 'ücret aşırı']"
"['böyle', 'rezil', 'sistem', 'gör', 'gün', 'banka', 'hesap', 'aycell', 'para', 'yolla', 'henüz', 'dekont', 'mail', 'sefer', 'ara', 'sonuç', 'yok', 'açık', 'açık', 'para', 'coktuler']","['banka hesap', 'gün banka', 'dekont mail', 'mail sefer', 'banka']"
"['iyi', 'sadece', 'puan', 'kazan', 'yöntem', 'art']","['puan kazan', 'sadece puan', 'kazan yöntem', 'iyi sadece', 'iyi']"
"['sürekli', 'kullan', 'son', 'güncelle', 'sonra', 'don', 'sıkıntı', 'önce', 'çöz', 'iyi']","['güncelle sonra', 'güncelle', 'önce çöz', 'son güncelle', 'sürekli kullan']"
"['şua', 'kadar', 'sorun', 'yaşa', 'iyi']","['yaşa iyi', 'şua kadar', 'kadar sorun', 'iyi', 'sorun yaşa']"
"['şifre', 'yenile', 'telefon', 'numara', 'üzeri', 'iyi', 'eski', 'şifre', 'unut', 'kullan', 'posta', 'adres', 'üzeri', 'şifre', 'yenile', 'gönder', 'yüz', 'öner', 'arz']","['şifre yenile', 'şifre unut', 'şifre', 'eski şifre', 'üzeri şifre']"
"['sakın', 'üye', 'dolandiriliyorsunuz', 'turkcell', 'şekil', 'kabullen', 'tam', 'nakit', 'çek', 'bilgi', 'telefon', 'dahi', 'yok', 'çek', 'böyle', 'saçmalık', 'gör', 'banka', 'dahi', 'ilk', 'işlem', 'ses', 'ara', 'geri', 'dön', 'telekomünikasyon', 'var', 'böyle', 'çeki', 'ücret', 'geç', 'demekki']","['ücret geç', 'gör banka', 'banka dahi', 'telefon dahi', 'nakit çek']"
"['son', 'güncelle', 'sonra', 'fatura', 'öde', 'ekran', 'don', 'yaklasik', 'gün', 'doğalgaz', 'fatura', 'öde', 'üstelik', 'sorun', 'mail', 'yol', 'aycell', 'yönetim', 'bil', 'rağmen', 'hala', 'çözüm', 'net', 'orta', 'koy', 'sorun', 'devam', 'fatura', 'öde', 'ekran', 'don']","['fatura öde', 'doğalgaz fatura', 'öde üstelik', 'sonra fatura', 'devam fatura']"
"['iyi', 'fakat', 'giriş', 'hafta', 'hata', 'yardımcı', 'olur']","['hafta hata', 'giriş hafta', 'hafta', 'iyi fakat', 'fakat giriş']"
"['hesap', 'sorun', 'kart', 'boş', 'boş', 'dur', 'soru', 'düzel', 'gerek', 'lütfen', 'kısa', 'süre', 'düzel']","['sorun kart', 'kart boş', 'hesap sorun', 'hesap', 'gerek lütfen']"
"['böyle', 'uygulmanin', 'tam', 'hafta', 'puan', 'veri', 'konu', 'ana', 'sorun', 'coxuqlari']","['hafta puan', 'tam hafta', 'hafta', 'ana sorun', 'sorun coxuqlari']"
"['uzak', 'dur', 'arkadaş', 'aycell', 'gönder', 'para', 'hesap', 'yat', 'geri', 'iade', 'güç', 'gün', 'içeri', 'iade', 'gün', 'uğraş', 'sonunda', 'ancak', 'para', 'mail', 'iste', 'dekont', 'birlikte', 'yolla', 'gün', 'geç', 'para', 'yok', 'tekrar', 'mail', 'iyi', 'kardeş', 'güç', 'bırak', 'gün', 'siz', 'mail', 'zaten', 'tane', 'biz', 'ulaş', 'yeni', 'iste', 'yıl', 'politika', 'maksat', 'bez', 'para', 'üzeri', 'yat']","['gönder para', 'para üzeri', 'ancak para', 'geç para', 'tekrar mail']"
"['iyi', 'sıkıntızi', 'var', 'hafta', 'puan', 'biraz', 'fazla', 'iyi', 'yıldız', 'kır']","['hafta puan', 'var hafta', 'iyi yıldız', 'fazla iyi', 'iyi sıkıntızi']"
"['saçma', 'düzel', 'artık', 'paycel', 'hesap', 'google', 'oley', 'kod', 'iste', 'hesap', 'para', 'var', 'hazır', 'limit', 'bulun', 'para', 'transveride', 'başka', 'banka', 'hesap', 'gerçekten', 'saçma', 'kimse', 'ilgilen', 'gmail', 'şikayet', 'bahane', 'bul', 'yok', 'öyle', 'yok', 'böyle', 'kapa', 'git']","['hesap gerçekten', 'gmail şikayet', 'hesap google', 'banka hesap', 'saçma kimse']"
"['sahtekar', 'başla', 'hesap', 'para', 'koy', 'kartal', 'yükle', 'iade', 'ilgi', 'alaka', 'sıfır', 'sakın', 'kan', 'dolandırıcı', 'başla']","['sahtekar başla', 'sıfır sakın', 'sakın kan', 'alaka sıfır', 'kan dolandırıcı']"
"['bozuk', 'siz', 'hane', 'şifre', 'oluş', 'iste', 'gir', 'hane', 'şifre', 'iste', 'hal', 'gir', 'puan', 'var', 'kullan', 'böyle', 'kök', 'kurum', 'tarz', 'basit', 'hata', 'şaşır', 'geçmiş']","['şifre oluş', 'hata şaşır', 'basit hata', 'şifre iste', 'şifre']"
"['puan', 'tek', 'iyi']","['tek iyi', 'iyi', 'puan', 'tek', 'puan tek']"
"['bazen', 'iyi', 'bazen', 'kot']","['bazen iyi', 'iyi bazen', 'iyi', 'bazen', 'kot']"
"['paycelden', 'hesap', 'kart', 'yolla', 'kere', 'musterı', 'temsilci', 'konuş', 'hesap', 'buhar', 'ara', 'var', 'sor', 'hafta', 'master', 'hizmet', 'ara', 'ekip', 'bil', 'araştır', 'hesap', 'çık', 'para', 'kar', 'taraf', 'ulaş', 'geri', 'hesap', 'gerek', 'yok', 'buharmo', 'ilgi']","['hesap çık', 'hesap gerek', 'hesap buhar', 'araştır hesap', 'paycelden hesap']"
"['sürekli', 'puan', 'koy', 'puan', 'tane', 'günlük', 'hafta', 'boyunca', 'pazartesi', 'salla', 'zor', 'sıç', 'hediye', 'düzel', 'azıcık', 'yet', 'bık', 'biraz']","['günlük hafta', 'hafta boyunca', 'boyunca pazartesi', 'hafta', 'sürekli puan']"
"['wifi', 'bali', 'giriş', 'yapilmiyo', ""i̇nternet'sin"", 'giriş', 'yapilir', 'giriş', 'böyle', 'saçma', 'sapan', 'birey', 'gör']","['wifi', 'wifi bali', 'giriş böyle', 'yapilir giriş', 'saçma sapan']"
"['kaç', 'yıl', 'turkcell', 'faturaliyim', 'cihaz', 'bile', 'puan', 'yok', 'puan', 'kaç', 'yıl', 'turkcell', 'gerek']","['yıl turkcell', 'kaç yıl', 'faturaliyim cihaz', 'turkcell faturaliyim', 'turkcell']"
"['tablet', 'hesap', 'giriş', 'çalış', 'wifi', 'kapa', 'söyle', 'kapa', 'i̇nternet', 'giriş', 'böyle', 'saçmalık', 'çözüm', 'bulun', 'yok', 'türk', 'telekom', 'geç', 'artık', 'yet', 'lando', 'sjksskksksksksöslslsşaşaşwşwşwşwşaalsösmdmdmdmdmddndnndmekwkwöaöalaşwğwğwğwğwğwğwğwğwğwşlwöeöeöeöeleleleşwpwşdldldldşwwğwşl', 'slslslslslslslwpwşwğwğşwpwğwlwpwşwlslslslslalwlwşwlwşwşwwşwşwşwşwşwşwşwşwşwwlwewçsşwşsööwösösöslslsks']","['türk telekom', 'wifi kapa', 'telekom geç', 'telekom', 'yok türk']"
"['kadar', 'boş', 'gerek', 'gör', 'hesap', 'don', 'yeni', 'şifre', 'iste', 'ekran', 'hiçbirşey', 'abi', 'boş', 'hediye', 'fon', 'zan']","['boş hediye', 'yeni şifre', 'şifre iste', 'şifre', 'hediye fon']"
"['ana', 'sayfa', 'gör', 'kart', 'kır', 'rezalet', 'düzenle', 'düzgün', 'yazılım', 'düzenle', 'çek', 'eksi', 'zaten', 'kullan', 'arkadaş', 'bol', 'sen']","['kart kır', 'sayfa gör', 'yazılım düzenle', 'düzenle çek', 'zaten kullan']"
"['aycell', 'fatura', 'değer', 'yeni', 'güncelle', 'eksik', 'fatura', 'öde', 'geçmiş', 'takip', 'yok', 'tekrar', 'fatura', 'öde', 'geçmiş', 'tarihçe', 'ekle', 'rica']","['tekrar fatura', 'eksik fatura', 'fatura öde', 'aycell fatura', 'öde geçmiş']"
"['para', 'puan', 'hafta', 'ora', 'gerek', 'yok', 'gerek']","['hafta ora', 'puan hafta', 'hafta', 'gerek yok', 'yok gerek']"
"['önce', 'fatura', 'öde', 'kadar', 'zor', 'değil', 'şimdi', 'sayfa', 'kadar', 'yavaş', 'öde', 'işlem', 'imkan', 'hal', 'gerek', 'süreç']","['yavaş öde', 'kadar yavaş', 'öde işlem', 'yavaş', 'fatura öde']"
"['kötü', 'para', 'gönder', 'ist', 'olmyr', 'kesinlikle', 'kullan']","['kötü para', 'para gönder', 'gönder ist', 'kesinlikle kullan', 'gönder']"
"['iyi', 'hafta', 'puan', 'geri', 'puan', 'bile', 'alinamiyo', 'düşük', 'puan', 'birik', 'şans', 'yüz', 'sıfır', 'puan', 'paylaş', 'var', 'oda', 'puan', 'gerek', 'yıldız', 'bile', 'fazla']","['sıfır puan', 'düşük puan', 'puan geri', 'geri puan', 'yüz sıfır']"
"['elektrik', 'fatura', 'öde', 'boğaz', 'elektrik', 'aycell', 'yok', 'böyle', 'saçmalık']","['boğaz elektrik', 'elektrik fatura', 'böyle saçmalık', 'öde boğaz', 'aycell yok']"
"['aycell', 'geliş', 'gerçekten', 'sevin', 'fakat', 'puan', 'aylık', 'kullanım', 'limit', 'olay', 'sev', 'rağmen', 'fidan', 'bağış', 'istisna', 'gerek', 'taraftar', 'fidan', 'bağış', 'limit', 'puan', 'kullan', 'iyi', 'öte', 'kullan', 'sınır', 'kesinlikle', 'fidan', 'bırak', 'insan', 'iste', 'kadar', 'puan', 'bağış', 'gelecek', 'nefes', 'beraber']","['bağış limit', 'puan bağış', 'bağış gelecek', 'fidan bağış', 'bağış istisna']"
"['sen', 'gibi', 'kötü', 'gör', 'ihtiyaç', 'kullan', 'siz', 'biraz', 'iyi', 'çıkar', 'geç', 'para', 'transfer', 'başka', 'ilan', 'para', 'sınırla', 'koy', 'sınırla', 'sonra', 'kafa']","['geç para', 'para sınırla', 'siz biraz', 'çıkar geç', 'geç']"
"['berbat', 'puan', 'bi̇li̇yorsun', 'gönder', 'bi̇li̇yorsun', 'i̇yi̇ce', 'berbat', 'hal', 'gerek', 'turkcell', 'alt', 'yapisina', 'yakiştiramadim', 'hi̇çmi̇', 'uzm', 'yok']","['yapisina yakiştiramadim', 'yakiştiramadim', 'berbat hal', 'uzm yok', 'yorsun gönder']"
"['istek', 'dış', 'tarife', 'yenile', 'bık', 'millet', 'siyer', 'zorla', 'üye']","['dış tarife', 'zorla üye', 'bık millet', 'tarife', 'tarife yenile']"
"['hesap', 'don', 'şifre', 'yenile', 'posta', 'gönder']","['şifre yenile', 'posta gönder', 'şifre', 'yenile posta', 'don şifre']"
"['yükle', 'aycell', 'hala', 'üye', 'onayla', 'hesap', 'mani', 'yok', 'semire', 'böyle', 'banka', 'onay']","['onayla hesap', 'banka onay', 'böyle banka', 'banka', 'üye onayla']"
"['gün', 'lanet', 'yer', 'lazım', 'lira', 'fatura', 'ney', 'kaynak', 'belir', 'yansı', 'aşım', 'alt', 'paket', 'aşı', 'i̇nternet', 'lira', 'zorla', 'aşım', 'zorunlu', 'lanet', 'taahhüt', 'bit', 'gün', 'git', 'türk', 'telekom', 'geç', 'bık', 'siz', 'para', 'haram']","['git türk', 'türk', 'taahhüt', 'türk telekom', 'yansı']"
"['böyle', 'yok', 'güç', 'suç', 'yorum', 'sil', 'iyi', 'zaman']","['suç yorum', 'güç suç', 'yorum sil', 'suç', 'iyi zaman']"
"['diğer', 'sorun', 'var', 'şahsi', 'sorun', 'google', 'olay', 'üzeri', 'öde', 'yöntem', 'iptal', 'ilişki', 'kes', 'kes', 'illaki', 'gerekli', 'yetkili', 'ara', 'gerek', 'mesela', 'papara', 'bak', 'yetkili', 'gerek', 'papara', 'bağlantı', 'kes', 'kullan', 'üzere']","['sorun google', 'google olay', 'google', 'yetkili gerek', 'iptal ilişki']"
"['saçma', 'salla', 'kazan', 'dan', 'puan', 'başka', 'birey', 'göre', 'ayarla', 'hafta', 'sadece', 'hediye', 'puan', 'oda', 'lise', 'yara', 'iyi', 'kullan', 'sil']","['hafta sadece', 'ayarla hafta', 'oda lise', 'hediye puan', 'sadece hediye']"
"['gayet', 'iyi', 'sadece', 'puan', 'kazan', 'biraz', 'kolay', 'bip', 'herşey', 'zor', 'inşallah', 'bura']","['kazan biraz', 'zor inşallah', 'puan kazan', 'sadece puan', 'inşallah bura']"
"['böyle', 'koy']","['böyle koy', 'böyle', 'koy']"
"['dun', 'para', 'transfer', 'aycell', 'hesap', 'hemen', 'gece', 'gerek', 'para', 'bugün', 'saat', 'kar', 'aycell', 'hesap', 'berbat', 'öte']","['para bugün', 'gerek para', 'hesap berbat', 'hesap hemen', 'bugün saat']"
"['yurt', 'dış', 'yıl', 'wifi', 'kullan', 'giriş', 'wiki', 'kapa', 'i̇nternet', 'gerek', ""i̇nternet'ten"", 'yok', 'yardımcı', 'sevin']","['wifi kullan', 'yıl wifi', 'wifi', 'giriş wiki', 'wiki']"
"['iyi', 'değil']","['iyi değil', 'değil', 'iyi']"
"['gerek', 'işlem', 'rağmen', 'kimlik', 'doğru', 'gönder', 'epostayada', 'cevap', 'yükle', 'para', 'içeri', 'kal', 'çek']","['gönder epostayada', 'para içeri', 'cevap yükle', 'epostayada cevap', 'kimlik doğru']"
"['selam', 'güzel', 'düşünce', 'fakat', 'eksik', 'doğum', 'tarih', 'gir', 'imkan', 'ayrıca', 'bird', 'limit', 'komik', 'rakam', 'var', 'tane', 'hat', 'limit', 'fatura', 'karşıla', 'sil']","['bird limit', 'doğum tarih', 'eksik doğum', 'komik rakam', 'ayrıca bird']"
"['kot', 'kot', 'kot', 'usta', 'torun', 'i̇ldiz', ""i̇ldiz'i"", 'bile', 'haket', 'mobil', 'ide', 'sorun', 'var', 'talep', 'yolla', 'duzeltemefiker', 'lanetle', 'gerçekten', 'kadar', 'kot', 'bilmiyodym', 'artık', 'gozymdrn', 'dost', 'aycell', 'herkes', 'soyleyecegm', 'kullanilmamasi', 'gerek']","['haket mobil', 'kullanilmamasi gerek', 'soyleyecegm kullanilmamasi', 'bile haket', 'kot kot']"
"['farzet', 'doğum', 'doğum', 'tarih', 'gir', 'gerek', 'saat', 'doğum', 'tarih', 'ayarla', 'gerek', 'doğum', 'tarih', 'kay', 'ayarla', 'giriş', 'yok', 'çok', 'zor', 'soru', 'anla', 'türk', 'herşey', 'böyle', 'berbat', 'şahsi', 'fikir']","['anla türk', 'doğum tarih', 'saat doğum', 'türk herşey', 'türk']"
"['böyle', 'hak', 'kazı', 'kazan', 'sala', 'topla', 'puan', 'kadar', 'yüklem', 'aynı', 'aynı', 'lütfen', 'birşey', 'acil', 'böyle', 'insan', 'para', 'boşa', 'git']","['kadar yüklem', 'puan kadar', 'insan para', 'boşa git', 'acil böyle']"
"['abi', 'iyi', 'biraz', 'puan', 'yüksek', 'gerek', 'böyle', 'güzel']","['abi iyi', 'puan yüksek', 'biraz puan', 'yüksek gerek', 'iyi biraz']"
"['iyi', 'değilpara', 'yitir', 'hesap', 'paycel', 'gün', 'para', 'hesap', 'gecmedipic', 'paramikac', 'kere', 'master', 'hizmet', 'ara', 'defa', 'bahane', 'urettilersikayetciyim', 'turkcell', 'paycel', 'ekip', 'para', 'geri', 'istiyorumnot', 'i̇ldiz', 'sebep', 'yorum', 'üst', 'tut', 'yok', 'biraz', ""i̇ldiz'i"", 'bile', 'hak']","['yitir hesap', 'değilpara yitir', 'para geri', 'gün para', 'iyi değilpara']"
"['gir', ""i̇nternet'iniz"", 'kapa', 'kapa', 'i̇nternet', 'lazım', 'kafa']","['lazım kafa', 'nternet lazım', 'kapa kapa', 'lazım', 'iniz kapa']"
"['böyle', 'saçma', 'berbat', 'hane', 'şifre', 'gir', 'hane', 'gir', 'yanlış', 'şifre', 'sonra', 'şifre', 'değiş', 'sefer', 'hane']","['yanlış şifre', 'sonra şifre', 'şifre gir', 'şifre değiş', 'şifre sonra']"
"['hayat', 'gör', 'kötü', 'kimlik', 'doğrula', 'doğum', 'tarih', 'gir', 'gerek', 'doğum', 'tarih', 'gir', 'bölüm', 'doğum', 'tarih', 'yaz', 'takvim', 'doğum', 'tarih', 'git', 'gerek', 'doğum', 'tarih']","['doğum tarih', 'takvim doğum', 'doğrula doğum', 'bölüm doğum', 'doğum']"
"['böyle', 'ugulamanin', 'diyoki', 'i̇nternet', 'kapa', 'i̇nternet', 'kapatiyom', 'diyoki', 'aycell', ""i̇nternet'sin"", 'calismaz', 'nasip', 'git']","['nternet kapatiyom', 'böyle ugulamanin', 'ugulamanin diyoki', 'kapatiyom diyoki', 'ugulamanin']"
"['şirket', 'iyi', 'anonim', 'öde', 'şirket', 'yok', 'san', 'sev', 'kullaniyorumaylık', 'ücret', 'gönder', 'ücret', 'yok', 'sat', 'işlem', 'bura', 'banka', 'hesap', 'gerek', 'kal', 'cidden', 'yarar', 'sadece', 'özel', 'kupon', 'yalnızca', 'turkcell', 'abone', 'geçerli', 'kötü', 'gine', 'öde', 'alem', 'ilk', 'turkcell', 'ülke', 'kat', 'kopya', 'turkcell', 'çık', 'türktelekom', 'kıskan', 'kopyala', 'ülke', 'gurur', 'keşke', 'aycell', 'müşteri', 'temsilci', 'semih', 'gök']","['kupon yalnızca', 'özel kupon', 'yalnızca turkcell', 'turkcell abone', 'kupon']"
"['burgerking', 'kampanya', 'katıl', 'iste', 'görev', 'biri', 'hallet', 'kod', 'öbür', 'çok', 'hallet', 'kod', 'müşteri', 'hizmet', 'konuş', 'böyle', 'etkin', 'bahset', 'tekrar', 'gir', 'fark', 'burgerking', 'kampanya', 'biri', 'kaldır', 'mal', 'mal', 'tavsiye', 'zaten', 'türk', 'boş', 'hat', 'paket', 'filan', 'paha']","['burgerking kampanya', 'fark burgerking', 'burgerking', 'kampanya biri', 'kod müşteri']"
"['sakın', 'para', 'yatirmayin', 'hata', 'para', 'gün', 'geri', 'telefon', 'bekle', 'gerek', 'söyle']","['telefon bekle', 'bekle gerek', 'sakın para', 'bekle', 'geri telefon']"
"['destek', 'ekip', 'yaz', 'fakat', 'hala', 'dönüş', 'sağla', 'hala', 'sıkıntı', 'yaşa']","['hala sıkıntı', 'hala dönüş', 'destek ekip', 'fakat hala', 'sıkıntı yaşa']"
"['paycel', 'hesabi', 'para', 'aktar', 'nedemek', 'anlamis', 'değil', 'hata', 'bak', 'gülük', 'para', 'transfer', 'adet', 'dol', 'oysaki', 'gün', 'para', 'transfer', 'işlem', 'yapmadikki', 'düzel', 'iste', 'lütfen', 'böyle', 'olacagini', 'bil', 'sekil', 'bulaş', 'gün', 'aynı', 'hatay', 'mağdur', 'böyle', 'birey', 'herhalde']","['para aktar', 'paycel hesabi', 'para transfer', 'gülük para', 'değil hata']"
"['hopper', 'kampanya', 'fayda', 'aycell', 'üzeri', 'paket', 'yükle', 'kampanya', 'kod', 'gönder', 'önce', 'gerek', 'şart', 'sağla', 'rağmen', 'kampanya', 'kod', 'şekil', 'mağdur', 'devam', 'bak', 'kadar', 'müşteri', 'kaybet']","['yükle kampanya', 'kampanya kod', 'rağmen kampanya', 'kampanya fayda', 'hopper kampanya']"
"['aycell', 'hayat', 'geçiri', 'imkan', 'fırsat', 'cevap', 'memnun', 'kal', 'bura', 'şimdi', 'böyle', 'i̇ldiz', 'yazicaksin', 'emin']","['geçiri imkan', 'imkan fırsat', 'cevap memnun', 'fırsat cevap', 'aycell hayat']"
"['aycell', 'hazır', 'limit', 'kullan', 'aycell', 'kart', 'fatura', 'yansı', 'hesap', 'yok', 'para', 'böyle', 'sabah', 'belli', 'ara', 'sıkıntı', 'var']","['kart fatura', 'fatura yansı', 'yok para', 'hesap yok', 'fatura']"
"['başka', 'numara', 'gir', 'sim', 'kart', 'hata', 'eski', 'hal', 'getir', 'lütfen', 'böyle', 'tat', 'kal']","['numara gir', 'başka numara', 'hal getir', 'getir lütfen', 'hata eski']"
"['gün', 'kaç', 'milyon', 'insan', 'mağdur', 'giriş', 'gönder', 'öde', 'bakiye', 'düş', 'hesap', 'ulaş', 'önce', 'çözüm', 'bul', 'öner', 'yok', 'müşteri', 'kaybeticeksiniz']","['müşteri kaybeticeksiniz', 'milyon insan', 'kaç milyon', 'öde bakiye', 'hesap ulaş']"
"['böyle', 'saçma', 'olamazpaycell', 'hesap', 'aycell', 'kart', 'para', 'aktarım', 'yaptımhesaptan', 'para', 'çık', 'görün', 'yanlış', 'kart', 'yükle', 'para', 'orta', 'yok', 'müşteri', 'ara', 'çal', 'yok', 'para', 'git']","['yaptımhesaptan para', 'para çık', 'para aktarım', 'yanlış kart', 'yok para']"
"['hazır', 'kart', 'limit', 'var', 'paycel', 'kart', 'aktar', 'iste', 'limit', 'kal', 'fakat', 'paycel', 'kart', 'yükle', 'üstelik', 'fatura', 'yansı', 'böyle', 'sorun', 'karşılaş', 'yardım', 'lütfen']","['kart yükle', 'kart limit', 'hazır kart', 'paycel kart', 'kart aktar']"
"['kesinlikle', 'erişim', 'sağla', 'sil', 'yükle', 'ceset', 'zorla', 'dur', 'yok', 'aycell', 'ekran', 'sabit', 'dur', 'önem', 'zaman', 'kart', 'eriş', 'sonra', 'özellikle', 'saat', 'rahat', 'eriş', 'gerek', 'saat', 'eriş', 'önce', 'turkcell', 'kazak', 'akıllan', 'hata', 'biraz', 'düzgün', 'yazılım', 'çalış', 'zaten', 'kötü', 'bari', 'çalış', 'iyi', 'bulun', 'bul', 'irtibat', 'geç', 'bul']","['zaman kart', 'gerek saat', 'özellikle saat', 'ekran sabit', 'saat eriş']"
"['saat', 'giriş', 'çalış', 'lanet', 'böyle', 'saçma', 'sapan', 'hata', 'gir']","['sapan hata', 'hata gir', 'saçma sapan', 'böyle saçma', 'hata']"
"['tarih', 'paysell', 'mobil', 'yenile', 'harçlık', 'amaç', 'çekim', 'iste', 'rağmen', 'paysell', 'kendi', 'kitle', 'sayfa', 'gir', 'engelle', 'müşteri', 'hizmet', 'ara', 'kullanım', 'sağla', 'para', 'orta', 'yok', 'saat', 'sonra', 'hesap', 'geç', 'kendi', 'akı', 'kişi', 'para', 'falan', 'iste', 'kesinti', 'haber', 'sıkıntı', 'turkcell', 'paysell', 'sorum']","['rağmen paysell', 'paysell mobil', 'tarih paysell', 'engelle müşteri', 'paysell']"
"['didem', 'puan', 'yok', 'allah', 'aşk', 'bide', 'küçük', 'puan', 'var', 'i̇nternet', 'örnek', 'falan', 'zaman', 'iyi', 'hala', 'sil', 'lazım', 'tekrar']","['allah aşk', 'aşk bide', 'var nternet', 'aşk', 'allah']"
"['yıldız', 'bile', 'haket', 'üst', 'kısım', 'görün', 'yıldız', 'kardeş', 'asker', 'acil', 'paycel', 'hesap', 'para', 'gönder', 'gerek', 'paycel', 'hesap', 'banka', 'para', 'transfer', 'bilgi', 'doğru', 'girdi', 'tut', 'hesap', 'geç']","['görün yıldız', 'paycel hesap', 'yıldız', 'hesap banka', 'para gönder']"
"['para', 'faturala', 'geç', 'sağla', 'fatura', 'öde', 'aycell', 'işlem', 'yaptigim', 'zaman', 'işlem', 'sadece', 'fatura', 'hat', 'kullanicilarimiza', 'bildiri', 'müşteri', 'fatura', 'hat', 'kullan', 'kullanmadigindan', 'haber', 'yok']","['müşteri fatura', 'faturala geç', 'para faturala', 'fatura öde', 'sadece fatura']"
"['hesap', 'don', 'şifre', 'yenile', 'posta', 'kod', 'gönder', 'eski', 'posta', 'kayıt', 'şifre', 'bil', 'yardımcı']","['şifre yenile', 'kayıt şifre', 'posta kayıt', 'şifre', 'yenile posta']"
"['koskoca', 'turkcell', 'aycell', 'rezil', 'bünye', 'barın', 'anla', 'özellikle', 'transfer', 'özellik', 'üst', 'üste', 'sorun', 'çalış', 'gör', 'çalış', 'ardından', 'destek', 'talep', 'tekrar', 'çalış', 'çağrı', 'merkez', 'menü', 'tıklat', 'oluş', 'devir', 'böyle', 'firma', 'böyle', 'kullan', 'şaşır']","['turkcell aycell', 'barın anla', 'bünye barın', 'özellikle transfer', 'barın']"
"['hesap', 'gonderdı', 'turkcell', 'tanı', 'fatura', 'yansı', 'sek', 'hesap', 'gönder', 'öncelik', 'lira', 'koy', 'tefek', 'sorun', 'değil', 'vere', 'para', 'hesap', 'gözük', 'temsilci', 'yok', 'tamam', 'hesap', 'aktar', 'sistem', 'gözük', 'fazla', 'hafta', 'gerçek', 'işlem', 'hafta', 'değil', 'iptal', 'karsıyada', 'git', 'gönder', 'hast', 'iste', 'acil']","['hesap gonderdı', 'fatura yansı', 'hesap aktar', 'tanı fatura', 'hesap gözük']"
"['şua', 'öde', 'yöntem', 'kısım', 'kod', 'online', 'alışveriş', 'kod', 'kod', 'gönder', 'baş', 'sal', 'gün', 'rezalet', 'durum', 'para', 'rağmen', 'kullan', 'kısa', 'süre', 'çöz', 'iste', 'böyle', 'devam', 'kart', 'iptal', 'zor', 'kal']","['alışveriş kod', 'kart iptal', 'online alışveriş', 'devam kart', 'alışveriş']"
"['gün', 'para', 'iade', 'para', 'koy', 'muhatap', 'bul', 'defa', 'bakı', 'incele', 'yorum', 'kesinlikle', 'güven', 'hata', 'baş', 'ağrı', 'sistem', 'yetersiz', 'güven', 'değil']","['yetersiz güven', 'güven hata', 'baş ağrı', 'güven değil', 'güven']"
"['i̇nt', 'yetkili', 'çözüm', 'bul', 'gerek']","['yetkili çözüm', 'çözüm bul', 'çözüm', 'gerek', 'nt yetkili']"
"['iyi', 'değil', 'boş']","['değil boş', 'iyi değil', 'boş', 'değil', 'iyi']"
"['iyi', 'fakat', 'paket', 'güzel', 'yüz', 'puan', 'kır']","['paket güzel', 'iyi fakat', 'fakat paket', 'iyi', 'güzel']"
"['kampanya', 'alt', 'gelir', 'grup', 'hitap', 'böyle', 'zaten', 'başlı', 'baş', 'fevkalade', 'düşünce']","['kampanya alt', 'kampanya', 'fevkalade düşünce', 'gelir grup', 'düşünce']"
"['böyle', 'bat', 'gör', 'şifre', 'unut', 'şifre', 'yenile', 'hesap', 'don']","['şifre yenile', 'unut şifre', 'gör şifre', 'şifre unut', 'şifre']"
['eksik'],['eksik']
"['sakın', 'para', 'uüklemeai', 'tane', 'onca', 'ara', 'onca', 'maile', 'rağmen', 'hafta', 'ancak', 'gerçek', 'yükle', 'hafta', 'geç', 'ara', 'mail', 'rağmen', 'hala', 'gerçek', 'yükle', 'kullan', 'resmen', 'kendi', 'para', 'rezil', 'eksik', 'bilgi', 'yanlış', 'işlem', 'rağmen', 'para', 'yükle', 'uzak', 'dur']","['mail rağmen', 'maile rağmen', 'sakın para', 'yükle hafta', 'rağmen para']"
"['harikulade', 'daha', 'geliş']","['harikulade daha', 'harikulade', 'daha geliş', 'daha', 'geliş']"
"['iyi', 'kötü']","['iyi kötü', 'kötü', 'iyi']"
"['wifi', 'gir', 'merak', 'sake', 'yaz', 'wiki', 'zorla', 'kapa', 'fatura', 'kısıt', 'yok', 'mobil', 'veri', 'çık', 'giriş', 'bağlantı', 'gerek', 'gir', 'lanet', 'wifi', 'gir', 'size']","['wifi gir', 'lanet wifi', 'wifi', 'wiki zorla', 'yaz wiki']"
"['güzel', 'uygulamasirdas', 'banka', 'gibitek', 'eksik', 'nakit', 'kullanım', 'biraz']","['banka gibitek', 'uygulamasirdas banka', 'eksik nakit', 'banka', 'nakit kullanım']"
"['mrhsgdfkdbf', 'şekil', 'benzin', 'yok', 'allah', 'rahmet', 'sun', 'hizmet', 'benzin', 'satılık', 'renault', 'yegane', 'coupe', 'çık', 'yedek', 'parça', 'fiyat', 'mutfak', 'aşk', 'izle', 'full', 'izle', 'full', 'izle', 'full', 'hdp', 'izle', 'full', 'izle', 'tek', 'parça', 'full', 'izle', 'full', 'hdp', 'film', 'izle', 'film', 'hak', 'türkiye', 'vur', 'değil', 'şekil', 'sorum', 'tut', 'yok', 'arkadaş', 'eskişehirspor', 'fenerbahçe', 'karşılaş', 'bil', 'hal', 'getir', 'klasör', 'oluş', 'üzere']","['coupe çık', 'yok allah', 'üzere', 'çık yedek', 'yegane coupe']"
"['kazan', 'puan', 'diğer', 'numara', 'dahil', 'fidan', 'bağış', 'kullan', 'lakin', 'yüksek', 'puan', 'gerek', 'düşür', 'gerekli']","['fidan bağış', 'kazan puan', 'yüksek puan', 'bağış kullan', 'puan diğer']"
"['hayat', 'boyunca', 'böyle', 'resmi', 'dolandırıcı', 'gör', 'mektup', 'yolla', 'kaç', 'gün', 'para', 'yat']","['gün para', 'resmi dolandırıcı', 'kaç gün', 'hayat boyunca', 'dolandırıcı gör']"
"['böyle', 'program', 'saçma', 'sapan', 'şey', 'hediye', 'dizi', 'allah', 'kahret']","['saçma sapan', 'saçma', 'program saçma', 'şey hediye', 'sapan şey']"
"['hafta', 'salla', 'topla', 'salla', 'puan', 'puan', 'adam', 'günlük', 'i̇nternet', 'hafta', 'salla', 'lazım', 'saçma', 'boş']","['nternet hafta', 'hafta salla', 'hafta', 'adam günlük', 'günlük nternet']"
"['kendi', 'kullan', 'nakit', 'dolandırıcı', 'hesap', 'aktar', 'anla', 'insan', 'dolan', 'koy', 'hazır', 'nakit', 'kim', 'yara', 'gör', 'turkcell', 'nakit', 'reklam', 'aycell', 'üzeri', 'nakit', 'sıfırla', 'i̇stanbul', 'kart', 'emtia', 'üzeri', 'hesap', 'sıfırla', 'geri', 'iade', 'iste', 'bilgi', 'dış', 'dolandır']","['nakit dolandırıcı', 'üzeri nakit', 'dolandırıcı hesap', 'nakit sıfırla', 'hazır nakit']"
"['önce', 'halt', 'yükle', 'anla', 'aycell', 'hesap', 'bil', 'aktar', 'kaç', 'dakika', 'sonra', 'fatura', 'dair', 'kazık', 'çakıl', 'üzere', 'fark', 'temsilci', 'ara', 'pişman', 'ora', 'yaşa', 'işlem', 'iptal', 'kullan', 'sorun', 'yok', 'fakat', 'kart', 'aidat', 'kes', 'kullan', 'geri', 'doğal', 'öde', 'gerek']","['sonra fatura', 'fatura dair', 'öde gerek', 'iptal kullan', 'fakat kart']"
"['son', 'dönem', 'puan', 'düzel', 'gerek']","['dönem puan', 'son dönem', 'düzel gerek', 'puan düzel', 'gerek']"
"['aycell', 'puan', 'harca', 'ilk', 'indirim', 'kazan', 'bak', 'harca', 'barkod', 'oku', 'gerek', 'bayi', 'bayi', 'gez', 'hiçbiri', 'yok', 'böyle', 'puan', 'ifade']","['bayi gez', 'ilk indirim', 'gerek bayi', 'bayi bayi', 'bayi']"
"['para', 'kullan', 'sacmaliga', 'bak', 'deneme', 'amal', 'para', 'koy', ""i̇nternet'ten"", 'harca', 'market', 'harca', 'başka', 'kart', 'rezil', 'başka', 'birey', 'değil', 'geri', 'douste', 'saglanmiyor', 'sakin', 'yükle']","['para kullan', 'kart rezil', 'başka kart', 'amal para', 'deneme amal']"
"['hayat', 'böyle', 'rezil', 'gör', 'para', 'hesap', 'geç', 'geç', 'sil']","['gör para', 'hesap geç', 'hayat böyle', 'geç geç', 'geç sil']"
"['aycell', 'hesap', 'para', 'gönder', 'para', 'aycell', 'hesap', 'yükle', 'iade', 'para', 'hafta', 'uğraş', 'kadar', 'basit', 'muadil', 'zaman', 'böyle', 'sıkıntı', 'yaşa', 'aycell', 'sağ', 'hafta', 'koş', 'peş']","['hafta uğraş', 'hafta', 'hafta koş', 'para gönder', 'gönder para']"
"['topla', 'puan', 'kısa', 'süre', 'sil', 'hediye', 'i̇nternet', 'düşük', 'puan', 'topla', 'lazım', 'salla', 'topla', 'puan', 'sefer', 'yeni', 'puan', 'topla', 'eski', 'puan', 'sil', 'hediye', 'net', 'konu', 'para', 'yad', 'zor', 'hediye', 'anlayış', 'gerçekten', 'tuhaf', 'eskiden', 'turkcell', 'iyi', 'hediye', 'hediye', 'bil', 'hediye']","['zor hediye', 'hediye net', 'hediye nternet', 'hediye bil', 'bil hediye']"
"['numara', 'hesap', 'giriş', 'üstelik', 'hesap', 'başka', 'kullan', 'böyle', 'saçmalık', 'gör', 'hele', 'turkcell', 'böyle', 'bekle']","['numara hesap', 'hesap giriş', 'turkcell böyle', 'hesap başka', 'hesap']"
"['i̇ndi̇rmeyi̇n', 'sürekli', 'hesap', 'para', 'yükle', 'yükle', 'izin', 'kere', 'adam', 'kullandirmiyor', 'garip', 'hayır', 'insan', 'para', 'yükle', 'kork', 'para', 'var', 'bloke', 'koy', 'baş', 'bela', 'şua', 'halen', 'yüklem', 'güvenlik', 'ekip', 'kimse', 'revize', 'mağdur']","['kork para', 'insan para', 'yükle kork', 'sürekli hesap', 'hesap para']"
"['puan', 'paylaş', 'sıkıntı', 'var', 'güncelle', 'iyi']","['güncelle iyi', 'puan paylaş', 'var güncelle', 'güncelle', 'sıkıntı var']"
"['yol', 'gerek', 'yetersiz']","['gerek yetersiz', 'yol gerek', 'yetersiz', 'yol', 'gerek']"
"['şimdi', 'bura', 'uzun', 'uzun', 'cümle', 'yaz', 'yorum', 'üste', 'çık', 'kusur', 'bak', 'google', 'cümle', 'kadar', 'ucuz', 'değil', 'böyle', 'şey', 'kan', 'mesela', 'lando', 'üste', 'çık', 'ihtimal', 'olay', 'store', 'algoritma', 'böyle', 'işle', 'yaz', 'baba', 'yaz', 'eee', 'yorum', 'üste', 'çık', 'cep', 'para', 'gir', 'yooo', 'zaman', 'üste', 'çık', 'böyle', 'uzun', 'uzun', 'yaz', 'kardeş', 'millet', 'bilgi', 'yardımcı', 'amaç', 'tamam', 'amaç', 'değil']","['google cümle', 'cümle kadar', 'yaz yorum', 'uzun cümle', 'uzun yaz']"
"['iyi', 'bazı', 'bil']","['bazı bil', 'iyi bazı', 'iyi', 'bazı', 'bil']"
"['puan', 'gönder', 'yerine', 'gir', 'beyaz', 'sayfa', 'kal', 'çoğu', 'zaman', 'fark', 'telefon', 'aynı', 'güncelle', 'iyi', 'yıldız', 'hak']","['telefon aynı', 'fark telefon', 'telefon', 'aynı güncelle', 'puan gönder']"
"['kadar', 'mal', 'salak', 'yok', 'hafta', 'puan', 'başka', 'yok', 'süre', 'dol', 'birik', 'para', 'havale', 'ücret', 'para', 'yat', 'ücret', 'mal', 'hırsız', 'bankasiniz', 'böyle', 'millet', 'zaten', 'zor', 'durum', 'bun', 'amaç', 'millet', 'para', 'kopaririz', 'kısaç', 'allah', 'bela', 'çocuk']","['hırsız bankasiniz', 'bankasiniz böyle', 'birik para', 'kadar mal', 'bankasiniz']"
"['güzel', 'fakat', 'biraz', 'titiz', 'davran', 'iyi', 'google', 'olay', 'kartlarimi', 'kullqnamiyorum']","['olay kartlarimi', 'kartlarimi kullqnamiyorum', 'iyi google', 'google olay', 'kartlarimi']"
"['gün', 'paycel', 'gir', 'çalışıyorumsifre', 'yenile', 'şifre', 'seçenek', 'girelimmail', 'sonra', 'şifre', 'mail', 'tıkla', 'sefer', 'mail', 'yokkullanilmasin', 'bravo', 'sil']","['şifre mail', 'sonra şifre', 'mail yokkullanilmasin', 'seçenek girelimmail', 'mail tıkla']"
"['iyi', 'ugulamaydi', 'sonra', 'boz', 'kulanmayin']","['boz kulanmayin', 'kulanmayin', 'iyi ugulamaydi', 'ugulamaydi sonra', 'sonra']"
"['kesinlikle', 'uzak', 'dur', 'gerek', 'turkcell', 'güven', 'para', 'yetir', 'saat', 'hesap', 'geç', 'dene', 'tam', 'gün', 'para', 'hesap', 'geç', 'dekont', 'iste', 'gönder', 'gün', 'havale', 'para', 'geç', 'hala', 'savcı', 'suç', 'duyuru', 'bulun', 'artık', 'aman', 'giyim']","['para geç', 'geç dekont', 'geç hala', 'hesap geç', 'geç']"
"['hesap', 'don', 'gerek', 'arz']","['hesap don', 'hesap', 'don gerek', 'gerek', 'gerek arz']"
"['wifi', 'kapa', 'mobil', 'i̇nternet', 'geç', 'esna', 'belir', 'aycell', ""i̇nternet'imden"", 'güven', 'eylem', 'esna', 'hesap', 'anlık', 'çek', 'rezil', 'kesinlikle', 'öner', 'kampanya', 'ayrı', 'fiyasko', 'boşuna', 'mundar']","['wifi kapa', 'wifi', 'kampanya ayrı', 'mobil nternet', 'öner kampanya']"
"['sanal', 'gerçek', 'kart', 'sahip', 'olabiliyonuzher', 'kampanya', 'yenile', 'fatura', 'öde', 'yükle', 'iade', 'tutar', 'varpuanlarla', 'i̇nternet', 'kaç', 'eksik', 'var', 'gerçek', 'kart', 'temas', 'değil', 'yan', 'çek', 'kullanılıyoraylık', 'puan', 'gönder', 'limit', 'gönder', 'enkaz', 'puan', 'ihtiyaç', 'var', 'süre', 'sonra', 'puan', 'sil', 'eksi', 'özellik', 'büyük', 'eksi', 'gerçek', 'kart', 'yan', 'zaman', 'kart', 'numara', 'bul', 'imkan', 'yok']","['gerçek kart', 'kart numara', 'kart sahip', 'kart yan', 'çek kullanılıyoraylık']"
"['hesap', 'iste', 'ancak', 'sürekli', 'işlem', 'devam', 'hata', 'var', 'düzel', 'kadar', 'yıldız', 'güncelle', 'ancak', 'aynı', 'sorun', 'devam', 'hafta', 'boyunca', 'düzel', 'düzenle', 'taraf', 'hiçbir', 'şekil', 'ulaş', 'hata', 'hala', 'devam']","['devam hata', 'sürekli işlem', 'sorun devam', 'hata hala', 'ulaş hata']"
"['neden', 'hazır', 'limit', 'kullan', 'mail', 'adres', 'gönder', 'soru', 'hala', 'çöz', 'bekle', 'defa', 'hazır', 'limit', 'kullan', 'iste', 'aynı', 'hata', 'turkcell', 'mobil', 'işlem', 'gerçek', 'uyarı', 'eğerci', 'böyle', 'devam', 'sil', 'kart', 'iptal']","['kullan mail', 'limit kullan', 'kart iptal', 'mail', 'hazır limit']"
"['kimse', 'asla', 'öner', 'rezalet', 'kadar', 'ödül', 'yarış', 'soru', 'bil', 'zaten', 'soru', 'fare', 'sen', 'chp', 'bil', 'chp', 'ücret', 'hırsız', 'utan', 'marka', 'hal', 'keşke', 'isim', 'baş', 'türk']","['ödül yarış', 'yarış soru', 'kadar ödül', 'baş türk', 'ödül']"
"['gün', 'çalış', 'yazık', 'telefon', 'kaynak', 'değil', 'kaynak', 'sorun', 'böyle', 'madem', 'takip', 'güncelle', 'reklam', 'bil']","['güncelle reklam', 'reklam', 'reklam bil', 'telefon kaynak', 'telefon']"
"['hayat', 'buka', 'rezalet', 'gör', 'buka', 'rezalet', 'ayrıca', 'yatırım', 'hesap', 'geç', 'sonra', 'geri', 'hesap', 'yatirilmasini', 'talep', 'gün', 'dekont', 'mail', 'yolla', 'gerek', 'tamam', 'yine', 'bekle', 'sakın', 'sakın', 'bulaş', 'açık', 'net']","['hesap geç', 'geri hesap', 'dekont mail', 'hesap yatirilmasini', 'bekle sakın']"
"['para', 'koy']","['para koy', 'para', 'koy']"
"['şifre', 'doğru', 'gir', 'galiba', 'bil', 'tekrar', 'yenile', 'bas', 'lakin', 'öyle', 'posta', 'yok', 'gir', 'hesap', 'lütfen', 'yardım']","['şifre', 'şifre doğru', 'posta yok', 'hesap lütfen', 'öyle posta']"
"['şifre', 'unut', 'mail', 'asla', 'yenile', 'posta', 'kal', 'müşteri', 'hizmet', 'ara', 'hesap', 'bloke', 'kaldır', 'fakat', 'şifre', 'bil', 'elbette', 'yardımcı', 'mail', 'değiş', 'talep', 'fakat', 'kimse', 'tavsiye', 'mümkün', 'turkcell', 'bile']","['şifre unut', 'unut mail', 'mail değiş', 'fakat şifre', 'şifre']"
"['sil', 'geri', 'yükle', 'fakat', 'şekil', 'giriş', 'giriş', 'çalış', 'hesap', 'güvenlik', 'açı', 'don', 'iyi', 'değil', 'yapicaksaniz', 'adam']","['yükle fakat', 'yapicaksaniz adam', 'değil yapicaksaniz', 'geri yükle', 'sil geri']"
"['berbat', 'öte', 'hane', 'şifre', 'yazın', 'hane', 'yaz', 'yanlış', 'çooooook', 'gerek', 'maile', 'şifre', 'yenile', 'gönder', 'sonra', 'tekrar', 'dene', 'yine', 'iğrenç']","['maile şifre', 'şifre yazın', 'şifre yenile', 'şifre', 'hane şifre']"
"['ara', 'buton', 'koy']","['ara buton', 'buton koy', 'buton', 'ara', 'koy']"
"['iyi', 'fazla', 'para', 'kesinti']","['fazla para', 'para kesinti', 'iyi fazla', 'fazla', 'kesinti']"
"['sayı', 'puan', 'biraz', 'fazla', 'puan', 'iyi', 'güzel']","['puan iyi', 'puan biraz', 'fazla puan', 'sayı puan', 'iyi güzel']"
"['saçma', 'sapan', 'çıkar', 'para', 'turkcell', 'git', 'paysell', 'hesap', 'dalandiricilar']","['turkcell git', 'çıkar para', 'saçma sapan', 'para turkcell', 'turkcell']"
"['aycell', 'turkcell', 'bin', 'müşteri', 'iyi', 'kazık', 'geliş', 'dandik', 'banka', 'sistem', 'para', 'çek', 'masraf', 'para', 'yatır', 'masraf', 'havale', 'masraf', 'turkcell', 'kendi', 'ait', 'kredi', 'borç', 'öde', 'masraf', 'bil', 'yasal', 'hırsız', 'başka', 'değil']","['borç öde', 'banka sistem', 'kredi borç', 'dandik banka', 'borç']"
"['böyle', 'gör', 'şifre']","['gör şifre', 'şifre', 'böyle gör', 'böyle', 'gör']"
"['herhangi', 'yüklem', 'kesinlikle', 'para', 'gönder', 'çek', 'çalış', 'siz', 'kendi', 'para', 'çek', 'izin', 'bile', 'sorun', 'ilet', 'rağmen', 'çözüm', 'sun', 'kesinlikle', 'kullan', 'tavsiye']","['para gönder', 'para çek', 'kullan tavsiye', 'kendi para', 'çek çalış']"
"['pek', 'iyi']","['pek iyi', 'iyi', 'pek']"
"['sürekli', 'hata', 'acilen', 'düzel', 'gerek']","['sürekli hata', 'hata acilen', 'hata', 'düzel gerek', 'sürekli']"
"['numara', 'yıldız', 'i̇nternet', 'bedava', 'puan', 'numara', 'hizmet', 'aylık', 'kullanım', 'ücret', 'kes', 'nankör', 'böyle', 'hizmet', 'bul', 'para', 'kaybol', 'bazı', 'asla', 'para', 'kaybol', 'yorum', 'hizmet', 'memnun', 'kal', 'iyi', 'gün']","['numara hizmet', 'ücret kes', 'hizmet aylık', 'kullanım ücret', 'ücret']"
"['şifre', 'unut', 'fakat', 'şifre', 'yenile', 'posta', 'adres', 'kod', 'lütfen', 'yardımcı', 'acil']","['şifre yenile', 'şifre unut', 'şifre', 'posta adres', 'adres kod']"
"['berbat', 'kötü', 'yükle', 'şifre', 'değiş', 'diş', 'değiş', 'i̇nternet', 'gerek', 'diş', ""i̇nternet'sin"", 'hata', 'gir']","['diş değiş', 'değiş diş', 'şifre değiş', 'gerek diş', 'diş']"
"['sıfır', 'puanşifremi', 'unut', 'şifre', 'yenile', 'paket', 'iptadiyor', 'alışveriş', 'izinvar', 'onayla', 'şifre', 'yenile', 'harca', 'izinvar', 'negizel', 'akı', 'paket', 'itadiyo', 'herşey', 'izinvar', 'siz', 'tüket', 'hak', 'şikayet', 'harca', 'izin', 'hertür', 'kül', 'insan', 'dolandır']","['unut şifre', 'onayla şifre', 'şifre yenile', 'şifre', 'izinvar negizel']"
"['aycell', 'dene', 'baş', 'ağrı', 'sorun', 'başka', 'değil', 'hiçbir', 'şekil', 'çözüm', 'sun', 'insan', 'zor', 'durum', 'bakan', 'program', 'para', 'iade', 'lira', 'civar', 'hala', 'hesap', 'gocun', 'akıl', 'program', 'uzak', 'dur', 'para', 'tamamen', 'iptal', 'tek', 'kelime', 'rezil']","['baş ağrı', 'akıl program', 'gocun akıl', 'sorun başka', 'akıl']"
"['güzel', 'fakat', 'iki', 'çekiliş', 'hak', 'var', 'yılbaşı', 'büyük', 'çekiliş', 'katılım', 'sağla', 'kampanya', 'bölüm', 'gir', 'orda', 'detay', 'gör', 'kısaç', 'çekiliş', 'hak', 'var', 'iste', 'çek', 'katıl']","['kampanya bölüm', 'sağla kampanya', 'katılım sağla', 'çek katıl', 'çekiliş katılım']"
"['aycell', 'turkcell', 'bin', 'müşteri', 'iyi', 'kazık', 'geliş', 'dandik', 'banka', 'sistem', 'para', 'çek', 'masraf', 'para', 'yatır', 'masraf', 'havale', 'masraf', 'turkcell', 'kendi', 'ait', 'kredi', 'borç', 'öde', 'masraf', 'bil', 'yasal', 'hırsız', 'başka', 'değil', 'yahu', 'kredi', 'kullan', 'taksit', 'öde', 'ilk', 'taksit', 'öde', 'zor', 'sebep', 'sebep', 'yok', 'öde', 'bile', 'masraf', 'öde', 'zor', 'mantık', 'yok', 'evet']","['borç öde', 'kredi kullan', 'yahu kredi', 'bile masraf', 'borç']"
"['deli', 'olucak', 'telefon', 'yük', 'gayet', 'rahat', 'şekil', 'kullan', 'zaman', 'telefon', 'değiş', 'yeniden', 'yükle', 'asla', 'gir', 'kullan', 'şekil', 'güvenlik', 'hesap', 'don', 'uyarı', 'şifre', 'yenile', 'iste', 'güya', 'yeni', 'şifre', 'mail', 'hesap', 'mail', 'aycell', 'ait', 'tek', 'mesaj', 'bile', 'yok', 'tam', 'çildirmalik', 'kullan', 'başka', 'hesap', 'gönder', 'mai']","['telefon değiş', 'telefon yük', 'şifre mail', 'şifre yenile', 'telefon']"
"['ısı', 'yok', 'sor', 'kardesım', 'yedek', 'telefon', 'paycele', 'tırıs', 'wıfıyı', 'kapatım', 'merak', 'internet', 'kapa', 'sefer', 'i̇nternet', 'bağlantı', 'gerekli', 'madem', 'böyle', 'sal', 'ugrasacaksanız', 'haber', 'kendımı', 'göre', 'ayar', 'sız', 'saçmalık', 'bık', 'usan', 'artık', 'böyle', 'saçmalık', 'bırak', 'yad', 'artık', 'başka', 'operatör', 'geç', 'zor', 'kalıcamartık', 'gercek', 'bık', 'siz', 'yoz', 'bulun']","['wıfıyı kapatım', 'kapatım', 'internet kapa', 'kapatım merak', 'ugrasacaksanız haber']"
"['sim', 'kart', 'gir', 'numara', 'fark', 'hata', 'hata', 'düzel', 'kadar', 'zaman', 'geç', 'gerek']","['zaman geç', 'hata düzel', 'geç gerek', 'hata hata', 'hata']"
"['hafta', 'oda', 'puan', 'biraz', 'artır']","['hafta oda', 'hafta', 'biraz artır', 'artır', 'puan biraz']"
"['insan', 'siz', 'güven', 'kan', 'kullan', 'limit', 'artı', 'bekle', 'li̇mi̇t', 'düşür', 'doğru', 'eksik', 'bi̇lgi̇', 'i̇nsanlari', 'kandi̇ri̇yorsunuz', 'yaptiğiniz', 'ayıp', 'hiçbir', 'gecik', 'yok', 'turkcel', 'buka', 'ucuz', 'dünya', 'marka', 'isim', 'lekele', 'hak', 'helal']","['yok turkcel', 'ucuz dünya', 'yorsunuz yaptiğiniz', 'gecik yok', 'hiçbir gecik']"
"['böyle', 'aptal', 'operatör', 'gör', 'hediye', 'bile', 'para', 'vodafone', 'i̇yi̇']","['böyle aptal', 'bile para', 'aptal operatör', 'operatör gör', 'operatör']"
"['hazır', 'limit', 'aşırı', 'iyi', 'sadece', 'kötü', 'taraf', 'temas', 'özellik', 'yok', 'getr', 'iyi']","['hazır limit', 'aşırı iyi', 'limit aşırı', 'limit', 'kötü taraf']"
"['iyi', 'fakat', 'yardım', 'hesabi', 'var', 'fakat', 'eski', 'telefon', 'boz', 'telefon', 'götür', 'yapiilmiycak', 'hal', 'şifre', 'unut', 'posta', 'kod', 'gönder', 'fakat', 'eposta', 'değil', 'napa', 'ufak', 'fikir', 'yok', 'yok', 'güzel']","['fakat eposta', 'eposta değil', 'şifre unut', 'unut posta', 'eski telefon']"
"['aycell', 'kullan', 'gün', 'beri', 'allah', 'selami', 'kart', 'geç', 'tam', 'kasa', 'sistem', 'git', 'onay', 'bakiye', 'var', 'yetersiz', 'türlü', 'cep', 'öde', 'gerek']","['kart geç', 'cep öde', 'selami kart', 'öde gerek', 'öde']"
"['aycell', 'şifre', 'unut', 'yanlış', 'gir', 'dolayı', 'hesap', 'don', 'şifre', 'yenile', 'buton', 'bas', 'fakat', 'kayıt', 'mail', 'adres', 'mesaj', 'şifre', 'yenile', 'yardımcı', 'sevin']","['mesaj şifre', 'şifre yenile', 'şifre unut', 'aycell şifre', 'şifre']"
"['alaka', 'var', 'wifi', 'kapa', 'güvenlik', 'dogrulamasi', 'sacmaliyorsunuz', 'gerçekten', 'i̇nternet', 'bali', 'gerek', 'cihaz', 'sim', 'kart', 'yok', 'nere', 'bağ']","['var wifi', 'wifi', 'wifi kapa', 'kart yok', 'güvenlik dogrulamasi']"
"['para', 'yükle', 'açıkla', 'kısım', 'numara', 'eksik', 'para', 'yat', 'sorun', 'yok', 'gün', 'para', 'iade', 'defalarca', 'telefon', 'konuş', 'mail', 'attımpara', 'iade', 'kısım', 'tam', 'becer', 'zaten', 'banka', 'hesap', 'iste', 'aycell', 'kart', 'yükle', 'para', 'gelir', 'hemen', 'banka', 'hesap', 'aktar', 'hesap', 'tamamen', 'kapa', 'bulaş', 'hayat', 'kadar', 'başarı', 'banka', 'örnek', 'görmedimen', 'kısa', 'zaman', 'hat', 'turkcell', 'taşı']","['zaten banka', 'banka örnek', 'banka hesap', 'hemen banka', 'para gelir']"
"['kesinlikle', 'kullan', 'para', 'koy', 'hesap', 'havale', 'lira', 'para', 'iade', 'para', 'hesap', 'geçir', 'çeşit', 'bahane', 'oyala', 'lütfen', 'dikkat', 'yüz', 'mağdur', 'var']","['kullan para', 'hesap geçir', 'koy hesap', 'hesap havale', 'para hesap']"
"['aralık', 'gün', 'saçma', 'sapan', 'işlem', 'gerçek', 'hata', 'başla', 'yapı', 'düzel', 'iyi', 'yok', 'başka', 'kart', 'ageçicem']","['hata başla', 'saçma sapan', 'gerçek hata', 'gün saçma', 'hata']"
"['sadece', 'iyi', 'puan', 'bazen', 'hediye', 'para', 'güzel', 'alışveriş', 'iste']","['bazen hediye', 'hediye para', 'para güzel', 'güzel alışveriş', 'alışveriş iste']"
"['böyle', 'saçma']","['böyle saçma', 'saçma', 'böyle']"
"['şifre', 'yenile', 'tıkla', 'bas', 'çık', 'tuş', 'güzel', 'bas', 'durum']","['şifre yenile', 'şifre', 'yenile tıkla', 'tıkla bas', 'tıkla']"
"['puan', 'güzel', 'yorum', 'söyle', 'anla', 'doğru', 'pek', 'yara', 'yok', 'zaten', 'turkcell', 'adam', 'akıl', 'master', 'memnuniyet', 'sağla', 'iyi', 'salla', 'sefer', 'yara', 'oda', 'kısıt', 'zaman', 'kullanım', 'alan', 'yok', 'sürekli', 'hüzün', 'ugratmayin', 'master', 'memnuniyet', 'bile', 'zor', 'haket', 'turkcell', 'sadece', 'fatura', 'hat', 'var', 'herhalde', 'oda', 'çelişki', 'saçma', 'sapan', 'çıkart', 'insan', 'hal', 'dusuruyorsuniz', 'anla']","['dusuruyorsuniz anla', 'hal dusuruyorsuniz', 'turkcell sadece', 'dusuruyorsuniz', 'yok sürekli']"
"['kullan', 'para', 'buhar', 'muhatap', 'bul', 'karşı', 'ömür', 'böyle', 'becerik', 'firma', 'gör']","['becerik firma', 'firma gör', 'firma', 'buhar muhatap', 'kullan para']"
"['arkadaş', 'davet', 'sınır', 'kaldirsaniz', 'güzel', 'böyle', 'güzel', 'değil']","['arkadaş davet', 'güzel değil', 'arkadaş', 'böyle güzel', 'güzel böyle']"
"['girişim', 'yavaş', 'gir', 'böyle', 'firma', 'böyle', 'rezil', 'diz', 'boy']","['girişim yavaş', 'yavaş gir', 'yavaş', 'böyle firma', 'firma böyle']"
"['kimlik', 'doğrula', 'koy', 'banka', 'hasep', 'banka', 'yok', 'hasep', 'ziraat', 'katılım']","['banka hasep', 'hasep banka', 'kimlik doğrula', 'banka yok', 'banka']"
"['zor', 'zaman', 'hazır', 'yetiş', 'keşke', 'i̇nternet', 'paket', 'kere', 'fazla', 'kullan']","['paket kere', 'fazla kullan', 'kere fazla', 'zaman hazır', 'hazır']"
"['şifre', 'unut', 'şifre', 'yenile', 'mail', 'hesap', 'posta', 'gönderttimişim', 'çık', 'ilgilenemedimhesabim', 'don', 'üzeri', 'şifre', 'yenile', 'çık', 'bas', 'görev', 'berbat', 'durum', 'derhal', 'düzel', 'gerek']","['şifre unut', 'unut şifre', 'şifre yenile', 'şifre', 'mail hesap']"
"['aycell', 'sanal', 'kart', 'miktar', 'para', 'yükle', 'şimdi', ""i̇van'ıma"", 'gönder', 'iste', 'fakat', 'doğrula', 'gerek', 'doğrula', 'hal', 'tekrar', 'para', 'gönder', 'çalış', 'yine', 'tekrar', 'doğrula', 'iste', 'kaç', 'işlem', 'yardımcı', 'düzel', 'hata', 'çoğu', 'kart', 'para', 'yükle', 'çalış', 'hata', 'para', 'tos', 'çek', 'öyle', 'aycell', 'sanal', 'kart', 'kal']","['kart miktar', 'para gönder', 'çoğu kart', 'tekrar para', 'sanal kart']"
"['yeni', 'bulaş', 'gün', 'öde', 'hesap', 'yat', 'bekle', 'öde', 'hesap', 'sil', 'turkcell', 'sözleşme', 'bit', 'bit', 'ayır', 'rezalet', 'sistem', 'var', 'müşteri', 'hizmet', 'ayrı', 'alaka', 'sistemlrrinalırı', 'başarı', 'para', 'iade', 'süreç', 'bile', 'takip', 'sistem', 'var', 'banka', 'değil', 'kanka', 'slogan', 'kazıkla', 'yıldız', 'hatta', 'aycell', 'özel', 'eksi', 'yıldız', 'özellik', 'keşke']","['var müşteri', 'müşteri hizmet', 'sistemlrrinalırı başarı', 'turkcell sözleşme', 'hesap yat']"
"['fazla', 'puan', 'iyi']","['fazla puan', 'puan iyi', 'iyi', 'fazla', 'puan']"
"['telefon', 'numara', 'yaz', 'şifre', 'yenile', 'buton', 'tıkla', 'orta', 'şifre', 'yaz', 'birer', 'yok', 'saçma', 'böyle', 'sırf', 'eziyet', 'cenk']","['yaz şifre', 'şifre yenile', 'telefon numara', 'orta şifre', 'yenile buton']"
"['sanal', 'kart', 'tavsiye', 'sanal', 'somut', 'şekil', 'varlık', 'besnimsemediginiz', 'sanal', 'aycell', 'saye', 'destekle', 'başladımpara', 'yükle', 'para', 'transfer', 'sorun', 'karşılaş', 'açık', 'aycell', 'mağdur', 'uyum', 'yüz', 'aycell', 'kolay', 'sağla', 'yorum', 'arkadaş', 'değil', 'kere', 'düşün', 'iyi']","['besnimsemediginiz sanal', 'kart tavsiye', 'tavsiye sanal', 'sanal kart', 'varlık besnimsemediginiz']"
"['güncelle', 'sonra', 'kimlik', 'doğrula', 'böyle', 'saçmalık', 'mahvet', 'problem', 'yok', 'güncelle', 'şua', 'problem', 'yasa']","['kimlik doğrula', 'sonra kimlik', 'problem yok', 'kimlik', 'problem yasa']"
"['i̇nternet', 'hak', 'birden', 'fazla', 'iyi']","['fazla iyi', 'fazla', 'hak birden', 'birden fazla', 'nternet hak']"
"['bak', 'önem', 'giriş', 'i̇nternet', 'kapa', 'devam', 'i̇nternet', 'lazım']","['nternet lazım', 'kapa devam', 'devam', 'önem giriş', 'lazım']"
"['kullan', 'uzun', 'zaman', 'hane', 'şifre', 'iste', 'unut', 'hal', 'şifre', 'unut', 'hane', 'şifre', 'yeniden', 'oluş', 'sorun', 'hane', 'şifre', 'iste', 'hesap', 'don', 'gerek', 'rica']","['şifre unut', 'şifre yeniden', 'şifre iste', 'şifre', 'hal şifre']"
"['iyi', 'fakat', 'şifre', 'yanlış', 'girdi', 'şifre', 'yenile', 'don']","['şifre yenile', 'fakat şifre', 'şifre yanlış', 'girdi şifre', 'şifre']"
"['kaç', 'gün', 'yükle', 'para', 'geri', 'çek', 'önce', 'sanal', 'kart', 'para', 'geri', 'çek', 'tekrar', 'kimlik', 'doğrula', 'iste', 'herhangi', 'banka', 'bile', 'yeterli', 'kaç', 'sefer', 'tekrar', 'tekrar', 'kimlik', 'doğrula', 'iste', 'mail', 'türlü', 'ulaş', 'yol', 'dene', 'boş', 'müşteri', 'hizmet', 'ara', 'banka', 'aktar', 'kes', 'anla', 'böyle', 'saçma', 'sapan', 'gör', 'resmen', 'çöp', 'bin', 'pişman', 'yükle']","['banka aktar', 'banka bile', 'resmen çöp', 'ara banka', 'herhangi banka']"
"['gir', 'turkcell', 'hat', 'takı', 'lazım', 'yurt', 'dış', 'wiki', 'kapa', 'saçma', 'şey', 'ekle', 'gerek', 'yok', 'şua', 'kullan', 'güvenlik', 'için', 'parmak', 'yad', 'yüz', 'tara']","['kullan güvenlik', 'güvenlik için', 'güvenlik', 'dış wiki', 'wiki kapa']"
"['banka', 'gönder', 'para', 'hesap', 'görün', 'dun', 'hala', 'iade', 'yapilmiyor', 'telefon', 'oyala', 'taktik', 'kullaniliyor', 'turkcell', 'şirket', 'böyle', 'durum', 'rezil', 'resmen', 'para', 'gasp', 'sakin', 'aycell', 'yükle', 'yorum', 'oku', 'mağdur', 'yetkili', 'kişi', 'ulasimiyoruz', 'hak', 'yasal', 'yol', 'alacagim', 'rezil']","['turkcell şirket', 'kullaniliyor turkcell', 'gönder para', 'banka gönder', 'turkcell']"
"['transfer', 'para', 'kes', 'banka', 'bile', 'kadar', 'kesmiyorpaycel', 'hazır', 'limit', 'para', 'gönder', 'transfer', 'yaoinca', 'kes', 'val', 'amip', 'banka', 'bile', 'kadar', 'kesinti', 'kadar', 'para', 'yiyorsunuzne', ""i̇nternet'imi"", 'yok', 'payne', 'kur', 'wifi', 'hat', 'üzeri', 'interntettn', 'gir', 'saçma', 'sapan', 'guvenligi', 'kadir', 'yara', 'payne', 'yeni', 'hatti', 'i̇nternet', 'olmadigi', 'kur', 'böyle', 'kadir']","['wifi', 'kur wifi', 'gönder transfer', 'para gönder', 'transfer yaoinca']"
"['aycell', 'puan', 'ayıp', 'kardeş', 'dolandırıcı', 'böyle', 'yok', 'müşteri', 'kaybet']","['yok müşteri', 'dolandırıcı böyle', 'müşteri kaybet', 'dolandırıcı', 'kardeş dolandırıcı']"
"['gelir', 'öneri', 'optimazyon', 'sorun', 'yaşmak', 'karanlık', 'mod', 'açıl', 'yazı', 'gözük', 'yanlış', 'gönder', 'para', 'ilgili', 'düzenle', 'gerek', 'mete']","['optimazyon sorun', 'gelir öneri', 'öneri optimazyon', 'optimazyon', 'para ilgili']"
"['kardeş', 'iyi', 'hoşt', 'sadece', 'i̇ndi̇ri̇p', 'bak', 'diyet', 'yükle', 'iki', 'numara', 'yaz', 'iki', 'hane', 'kod', 'koy', 'bok', 'yara', 'haa', 'ara', 'savcı', 'şikayet', 'yorum', 'oku', 'vay', 'hal', 'şikayet', 'bak']","['şikayet bak', 'kardeş iyi', 'yorum oku', 'şikayet yorum', 'yorum']"
"['aycell', 'gir', 'hesap', 'don', 'ilk', 'kullan', 'don', 'şifre', 'yenile', 'buton', 'bura', 'öyle', 'birey', 'yok', 'giriş']","['şifre yenile', 'don şifre', 'yenile buton', 'buton bura', 'şifre']"
"['mal', 'arkadaş', 'davet', 'kazandibi', 'puan', 'başka', 'numara', 'puan', 'kullanissiz', 'salak', 'hoş', 'git', 'yardım', 'gmail', 'biri', 'geri', 'dönüş', 'yapiĺmadi', 'gerçekten', 'güven', 'pişman', 'ayrıca', 'türkel', 'iyi', 'şirket', 'böyle', 'nal', 'kart', 'ara', 'saçma', 'saat', 'sonra', 'turkcell', 'paycel', 'bit', 'yıldız', 'sebep', 'yorum', 'gözük']","['güven pişman', 'davet kazandibi', 'gerçekten güven', 'pişman ayrıca', 'kazandibi puan']"
"['para', 'iade', 'durum', 'para', 'hemen', 'hesap', 'yet', 'saat', 'incele', 'var', 'saçma', 'üst', 'iade', 'yok', 'bddk', 'hikaye', 'para', 'kullan', 'var', 'millet', 'salak', 'yerine', 'koy', 'iade']","['para hemen', 'hikaye para', 'durum para', 'para kullan', 'hesap yet']"
"['son', 'aşama', 'kadar', 'kart', 'seç', 'onayla', 'tıkla', 'çalış', 'dur', 'kapa', 'acil', 'müdahale', 'lazım']","['kart seç', 'kadar kart', 'onayla tıkla', 'kapa acil', 'seç onayla']"
"['sen', 'iyi', 'var']","['sen iyi', 'iyi var', 'iyi', 'sen', 'var']"
"['şifre', 'yanlış', 'bloke', 'şifre', 'yenile', 'buton', 'çalış', 'müşteri', 'hizmet', 'yok']","['şifre yanlış', 'şifre yenile', 'bloke şifre', 'şifre', 'yenile buton']"
"['fifre', 'rağmen', 'yanlış', 'bul', 'üst', 'hesap', 'don', 'şifre', 'yenile', 'sefer', 'kabul', 'berbat', 'giriş', 'resmen', 'yem', 'teknik', 'sorun', 'yüz', 'bira', 'önce', 'sorun', 'hallet']","['şifre yenile', 'şifre', 'don şifre', 'hesap don', 'berbat giriş']"
"['iyi', 'sorun', 'yok', 'zaman', 'yorum', 'bak', 'herkes', 'kutu', 'yorum', 'yaz', 'bil', 'gene', 'gerçekten', 'hiçbir', 'sorun', 'yok', 'google', 'olay', 'kod', 'fren', 'fire', 'oyun', 'sorun', 'sadece', 'günlük', 'alto', 'zaman', 'hata', 'şimdi', 'hediye', 'puan', 'var', 'asa', 'bak', 'yaramadigi', 'kutu', 'yorum', 'tak', 'bedava', 'puan', 'kazan', 'oyun', 'para', 'yatır', 'pbff']","['kutu yorum', 'google olay', 'yok google', 'iyi sorun', 'tak bedava']"
"['aycell', 'şifre', 'var', 'lazım']","['şifre var', 'aycell şifre', 'şifre', 'var lazım', 'lazım']"
"['salla', 'topla', 'puan', 'biraz', 'fazla', 'iyi']","['puan biraz', 'fazla iyi', 'biraz fazla', 'fazla', 'biraz']"
"['keşke', 'kere', 'davet']","['kere davet', 'davet', 'keşke kere', 'keşke', 'kere']"
"['güzel', 'değil', 'sürekli', 'şifre', 'yenile']","['şifre yenile', 'sürekli şifre', 'şifre', 'yenile', 'değil sürekli']"
"['hane', 'şifre', 'oluş', 'gir', 'hane', 'şifre', 'iste', 'ilginç', 'hata', 'şifreolunca', 'şifre', 'sıfırla', 'yine', 'hane', 'zorla', 'gir', 'yine', 'hane', 'şifre', 'sor', 'bloke', 'yeniden', 'şifre', 'oluş', 'iste', 'gün', 'geç', 'lazım', 'dünya', 'siz', 'var', 'tebrik']","['şifre sıfırla', 'şifreolunca şifre', 'şifre oluş', 'yeniden şifre', 'şifreolunca']"
"['şifre', 'yanlış', 'hesap', 'don', 'mail', 'adres', 'türlü', 'şifre', 'yenile', 'kod', 'gönder', 'sebep', 'cozulseydi', 'yıldız']","['şifre yanlış', 'şifre yenile', 'türlü şifre', 'şifre', 'yanlış hesap']"
"['saçmalık', 'güncelle', 'sonra', 'şifre', 'doğru', 'hal', 'hata', 'deyip', 'hesap', 'don', 'üstelik', 'şifre', 'yenile', 'buton', 'çalış', 'hikmet', 'çık', 'çalış']","['şifre yenile', 'sonra şifre', 'üstelik şifre', 'şifre doğru', 'şifre']"
"['kimlik', 'doğrula', 'iste', 'banka', 'hesap', 'para', 'yükle', 'rağmen', 'hala', 'aynı', 'problem', 'devam', 'düzel', 'gerek']","['iste banka', 'banka hesap', 'banka', 'aynı problem', 'hesap']"
"['iyi', 'sadece', 'kart', 'bağla']","['sadece kart', 'kart bağla', 'iyi sadece', 'iyi', 'sadece']"
"['sev', 'şifre', 'unut', 'başka', 'hesap', 'izin', 'konu', 'iyi', 'değil', 'pişman']","['şifre unut', 'unut başka', 'değil pişman', 'sev şifre', 'şifre']"
"['para', 'yeterli', 'hal', 'bakiye', 'yetersiz', 'hata', 'hata', 'acilen', 'düzel', 'gerek']","['para yeterli', 'yetersiz hata', 'hata acilen', 'bakiye yetersiz', 'hata hata']"
"['giriş', 'hesabi', 'güvenlik', 'acisindan', 'don', 'şifre', 'yenile', 'tekrar', 'hata']","['şifre yenile', 'şifre', 'hesabi güvenlik', 'don şifre', 'giriş hesabi']"
"['premium', 'mobil', 'öde', 'aylık', 'üye', 'ücret', 'bedel', 'alt', 'haber', 'onay', 'kes', 'hesap', 'kontrol', 'bil', 'kes', 'haber', 'kampanya', 'hediye', 'böyle', 'topla', 'geri']","['mobil öde', 'premium', 'premium mobil', 'bedel', 'öde']"
"['hane', 'şifre', 'iste', 'yahu', 'neyse', 'deyip', 'şifre', 'yenile', 'hane', 'şifre', 'sonra', 'hesap', 'askı', 'deyip', 'alay']","['şifre sonra', 'deyip şifre', 'şifre yenile', 'şifre iste', 'şifre']"
"['giriş', 'şifre', 'yenile', 'tuş', 'çalış', 'geri', 'tuş', 'çalış', 'büyük', 'sorun']","['şifre yenile', 'giriş şifre', 'şifre', 'giriş', 'çalış geri']"
"['kötü', 'şikayet', 'hep', 'bekle', 'iyi', 'getir', 'lütfen', 'bak', 'vallahi', 'billahi', 'billahi', 'şikayet', 'zorla', 'bak', 'böyle', 'şikayet']","['şikayet zorla', 'böyle şikayet', 'kötü şikayet', 'billahi şikayet', 'şikayet hep']"
"['kimse', 'bura', 'para', 'transfer', 'arkadaş', 'iki', 'sefer', 'sıkıntı', 'yaşa', 'tam', 'yalan', 'dolandırıcı', 'galiba', 'kaç', 'gün', 'bekle', 'dekont', 'iste', 'bekle', 'geri', 'dönüş', 'sağla', 'akıl', 'var', 'transfer']","['galiba kaç', 'para transfer', 'bekle dekont', 'dolandırıcı galiba', 'bekle geri']"
"['güzel', 'hız', 'konu', 'biraz', 'iyi', 'bazen', 'kas']","['güzel hız', 'hız konu', 'hız', 'iyi bazen', 'biraz iyi']"
"['böyle', 'gerek', 'var', 'acikcasi', 'bil', 'ayrıca', 'şeker', 'pekmez', 'acil', 'acilmaz', 'kasa', 'çek', 'rezil', 'tek', 'yara', 'calistiginiz', 'marka', 'beraber', 'kullan']","['ayrıca şeker', 'calistiginiz marka', 'şeker pekmez', 'marka beraber', 'yara calistiginiz']"
"['yorum', 'üst', 'görün', 'yıldız', 'artık', 'kart', 'kart', 'para', 'kimlik', 'doğrula', 'iste', 'yaş', 'küçük', 'işlem', 'yapı', 'lütfen', 'doğrula', 'çöz', 'paycel', 'puan', 'desen', 'sür', 'eksik', 'var']","['artık kart', 'yıldız artık', 'görün yıldız', 'yıldız', 'kart para']"
"['iyi', 'biraz', 'hata']","['biraz hata', 'hata', 'biraz', 'iyi biraz', 'iyi']"
"['kardeş', 'aycell', 'sanal', 'kart', 'para', 'yükle', 'kullanamioz', 'heryer', 'kimlik', 'doğrula', 'tıkla', 'banka', 'çık', 'okey', 'anla', 'doğrul', 'ulan', 'din', 'bari', 'ziraat', 'banka', 'koy', 'kullanmadiğim', 'banka', 'koy', 'herhalde', 'siz', 'koy', 'siz', 'banka', 'doğrulicam']","['banka doğrulicam', 'siz banka', 'tıkla banka', 'kullanmadiğim banka', 'banka çık']"
"['gerek', 'saçma', 'abi', 'hesap', 'gir', 'hazır', 'kullan', 'limit', 'aycell', 'kart', 'aktar', 'mobil', 'öde', 'işlem', 'gercek', 'master', 'hizmet', 'ara', 'kapatiyolar', 'gerçekten', 'yoz', 'yok', 'napalm', 'normal', 'kart', 'bakiye', 'ekle', 'hazır', 'limit', 'ekle', 'sacmalik', 'hafta', 'ugrasiyorum', 'böyle', 'rezalet', 'gör', 'buda', 'yeni', 'dik', 'herhalde']","['kart bakiye', 'kart aktar', 'normal kart', 'hazır limit', 'kullan limit']"
"['siz', 'yıldız', 'bile', 'bile', 'siz', 'yüklem', 'i̇nternet', 'bağlantı', 'hata', 'saçma', 'sapan', 'yazık', 'siz', 'hayali', 'hediye', 'yer', 'sok', 'biz', 'aptal', 'yerine', 'koy', 'yetkili', 'allah', 'havale', 'kimse', 'inan', 'yalan', 'dol', 'hepsiiii', 'boşuna', 'kullan']","['biz aptal', 'aptal yerine', 'saçma sapan', 'siz yıldız', 'hepsiiii boşuna']"
"['berbat', 'berbat', 'arayüz', 'ulan', 'doğrula', 'kod', 'kabul', 'belli', 'saat', 'kadar', 'bekle', 'madem', 'sun', 'zaman', 'yara', 'siz', 'tercih', 'edeyimki', 'mağdur', 'sağolunarkadaşlar', 'papara', 'hatta', 'i̇ninala', 'git', 'cacık']","['edeyimki mağdur', 'mağdur sağolunarkadaşlar', 'mağdur', 'bekle madem', 'kadar bekle']"
"['hesap', 'bakiye', 'yetersiz', 'öde', 'tamam', 'hergün', 'tekrarla', 'kere', 'mesaj', 'gönder', 'yet', 'rahat', 'başla', 'artık', 'kadar', 'üstele', 'gerek', 'yok']","['kere mesaj', 'mesaj gönder', 'yetersiz öde', 'öde tamam', 'hesap bakiye']"
"['aşağı', 'yaz', 'hepsi', 'düzel', 'böyle', 'avantaj', 'durum', 'yemek', 'burger', 'kupon', 'getir', 'kupon', 'ücret', 'yüksek', 'aylık', 'ücret', 'var', 'başka', 'firma', 'aylık', 'ücret', 'yükle', 'puan', 'çabuk', 'sil', 'wifi', 'bağla', 'izin', 'güvenlik', 'kontrol', 'gerekçe', 'hat', 'i̇nternet', 'yok', 'diğer', 'hat', 'ait', 'aycell', 'aynı', 'telefon', 'kontrol', 'saçma', 'eski', 'hal', 'yıldız', 'yıldız', 'düşür']","['burger kupon', 'kupon ücret', 'getir kupon', 'kupon getir', 'burger']"
"['günlük', 'üstelik', 'kere', 'rağmen', 'hak', 'puamlarimin', 'süre', 'dolma', 'bekle', 'galiba', 'düzenle', 'kadar']","['bekle galiba', 'dolma bekle', 'puamlarimin süre', 'üstelik kere', 'kere rağmen']"
"['kimlik', 'doğrula', 'kendi', 'batır', 'şerit', 'doğru', 'parti', 'iptal', 'artık', 'kimlik', 'bilgi', 'gir', 'hata', 'ulan', 'gerizekalı', 'kimlik', 'yaz', 'aynı', 'siz', 'iyi', 'bil', 'salak', 'sistem', 'salak', 'ülke', 'uygulmasi', 'iptal']","['uygulmasi iptal', 'parti iptal', 'kimlik doğrula', 'artık kimlik', 'gerizekalı kimlik']"
"['güncelle', 'sonra', 'şifre', 'doğru', 'şekil', 'kere', 'gir', 'rağmen', 'şifre', 'yanlış', 'hesap', 'don', 'sonra', 'şifre', 'yenile', 'buton', 'bas', 'şifre', 'yenile', 'fakat', 'buton', 'çalış', 'şifre', 'yenile', 'tuş', 'herhangi', 'etkileşim', 'gir', 'çık', 'tuş', 'tıkır', 'tıkır', 'çalış', 'cidden', 'şaka', 'böyle', 'saçmalık', 'gör']","['şifre yenile', 'şifre yanlış', 'sonra şifre', 'rağmen şifre', 'çalış şifre']"
"['herşey', 'güzel', 'kötü', 'öze', 'salla', 'topla', 'puan', 'şans', 'falan', 'yok', 'gerçekten', 'siz', 'fazla', 'puan', 'lütfen', 'sorun', 'düzel', 'puan', 'lütfen', 'böyle']","['puan lütfen', 'fazla puan', 'lütfen', 'puan şans', 'düzel puan']"
"['yasal', 'düzenle', 'beri', 'para', 'üzeri', 'banka', 'alaka', 'yok', 'kimlik', 'doğrula', 'tıka']","['banka alaka', 'para üzeri', 'banka', 'üzeri banka', 'kimlik doğrula']"
"['böyle', 'üygünamanın', 'taaaaaaa', 'koy', 'saat', 'şehir', 'kayıt', 'hey', 'millet']","['üygünamanın taaaaaaa', 'saat şehir', 'şehir', 'şehir kayıt', 'kayıt hey']"
"['hesabi', 'dondirulmustur', 'diyorsifeq', 'yenile', 'yen', 'gir', 'fakat', 'kulmadigim', 'şifre', 'hatirlamadigim', 'i̇smail', 'git', 'yeni', 'mail', 'adres', 'gincelliyecem', 'yardimci', 'olur']","['hatirlamadigim smail', 'şifre hatirlamadigim', 'kulmadigim şifre', 'yen gir', 'yeni mail']"
"['kapa', 'kapa', 'acilmiyo', 'sok', 'böyle']","['kapa acilmiyo', 'sok böyle', 'böyle', 'acilmiyo sok', 'kapa kapa']"
"['giriş', 'işlem', 'devam', 'sorun', 'var', 'iyi', 'değil']","['sorun var', 'giriş işlem', 'iyi değil', 'devam sorun', 'giriş']"
"['sam', 'iyi', 'gün', 'önce', 'aycell', 'yükle', 'fakat', 'kaldirmistim', 'yeniden', 'yükle', 'şifre', 'unut', 'gir', 'şifre', 'yenile', 'bas', 'şifre', 'bin', 'guvenliginiz', 'don', 'lütfen', 'yardımcı', 'sevin', 'saygı']","['şifre yenile', 'şifre unut', 'şifre bin', 'şifre', 'yükle şifre']"
"['google', 'olay', 'kart', 'sat', 'yanlış', 'ancak', 'iptal', 'kullan', 'lira', 'boş', 'boşuna', 'git', 'google', 'olay', 'kod', 'iste', 'aycell', 'mail', 'kod', 'gerek', 'yok', 'telefon', 'numara', 'sat', 'kullan', 'anla', 'bedava', 'kazan', 'para']","['google olay', 'bedava kazan', 'google', 'olay kart', 'lira boş']"
"['başka', 'banka', 'hesap', 'para', 'kes', 'kes', 'bil', 'para', 'iade', 'dilekçe', 'yaz', 'mail', 'para', 'git', 'bil', 'yükle', 'git', 'kes', 'para', 'geri', 'iade', 'iste', 'git', 'mahkeme', 'baş', 'vur', 'gerek', 'bimer', 'şikayet', 'bulun', 'gariban', 'tamam', 'gibi', 'soy', 'dijital', 'soyguncu', 'allah', 'bela', 'siz', 'siz', 'gibi']","['banka hesap', 'başka banka', 'para git', 'banka', 'hesap para']"
"['kendi', 'telefon', 'numara', 'pos', 'kullan', 'kaydol', 'başka', 'başka', 'numara', 'dik', 'aciklarmisiniz', 'master', 'hizmetleriylede', 'konuş', 'böyle', 'yok', 'fakat', 'davet', 'kampanya', 'puan']","['numara pos', 'telefon numara', 'telefon', 'kendi telefon', 'hizmetleriylede konuş']"
"['sürekli', 'aycell', 'puan', 'yıldız', 'çıkar', 'hata', 'bulun', 'para', 'yükle', 'kork', 'yükle', 'geri', 'çek', 'kendi', 'numara', 'atilamiyor', ""i̇ran'dan"", 'gönder', 'işlem', 'uzun', 'sür', 'düzel', 'gerek']","['çıkar hata', 'yıldız çıkar', 'yükle kork', 'işlem uzun', 'hata bulun']"
"['son', 'gün', 'giriş', 'şifre', 'yenile', 'ekran', 'aktar', 'yenile', 'izin', 'sürekli', 'işlem', 'şua', 'gercek', 'gazi', 'dik']","['şifre yenile', 'şifre', 'giriş şifre', 'yenile ekran', 'aktar yenile']"
"['hesap', 'para', 'gün', 'geç', 'dandik', 'yara', 'sistem', 'gün', 'hafta', 'dijital', 'sistem', 'tefeci', 'arkin', 'yok', 'hoş', 'suç', 'biz', 'böyle', 'platform', 'bil', 'kullan', 'sonuç', 'tüket', 'hak', 'kullan', 'böyle', 'orta', 'kal']","['suç biz', 'dijital sistem', 'sonuç tüket', 'tüket hak', 'sistem gün']"
"['keşke', 'heryer', 'geçerli']","['keşke heryer', 'keşke', 'heryer geçerli', 'geçerli', 'heryer']"
"['ciğer', 'şikayet', 'gerek', 'dava', 'siz']","['ciğer şikayet', 'dava siz', 'ciğer', 'şikayet gerek', 'gerek dava']"
"['hesap', 'bloke', 'koy', 'gir', 'içeri', 'biz', 'ula', 'cevap', 'lazio', 'zaten', 'girişim', 'kisitlanmis', 'içeri', 'siz', 'ulasacagiz', 'bilgi', 'verebilirmisiniz', 'tamamen', 'saçmalık', 'hadi', 'yorum', 'alt', 'biz', 'ulaş']","['hadi yorum', 'biz ulaş', 'yorum alt', 'siz ulasacagiz', 'saçmalık hadi']"
"['tefeci', 'dijital', 'yöntem', 'faiz', 'hiçbir', 'avantaj', 'yok', 'bin', 'lira', 'faiz', 'lira', 'işlem', 'ücret', 'böyle', 'yok', 'mahalle', 'tefeci', 'bile', 'insaf', 'sil']","['faiz hiçbir', 'avantaj yok', 'yöntem faiz', 'hiçbir avantaj', 'lira faiz']"
"['tarih', 'aycell', 'kendi', 'hesap', 'para', 'gönder', 'harf', 'hata', 'dolayı', 'para', 'transfer', 'gerçek', 'sonra', 'müşteri', 'hizmet', 'görüş', 'para', 'hesap', 'gün', 'geri', 'iade', 'bil', 'talep', 'oluş', 'gün', 'sonra', 'talep', 'kapa', 'para', 'hesap', 'banka', 'ara', 'tarih', 'eksik', 'bilgi', 'neden', 'geri', 'iade', 'dene', 'ciğer', 'maliye', 'bakanlık', 'şikayet', 'oluş', 'çözüm', 'üre', 'çözüm', 'merkez']","['hesap banka', 'banka ara', 'banka', 'sonra müşteri', 'hesap gün']"
"['doğru', 'düzgün', 'çalış', 'hata', 'belli', 'değil', 'sürekli', 'böyle', 'iyi', 'ilgilen', 'turkcell']","['ilgilen turkcell', 'turkcell', 'düzgün çalış', 'iyi ilgilen', 'doğru düzgün']"
"['kaç', 'arkadaş', 'davet', 'hal', 'puan', 'iade', 'kendi', 'arkadaş', 'davet', 'buton', 'koy', 'puan', 'gerek', 'güncelle', 'gene', 'aymete', 'hafta', 'güncelle', 'bari', 'haber', 'herhangi', 'uyarı', 'yok', 'puan', 'geri', 'iade', 'iste']","['davet buton', 'arkadaş davet', 'davet hal', 'kaç arkadaş', 'davet']"
"[""i̇nternet'ini"", 'kapa', 'kapa', 'i̇nternet', 'gerek']","['kapa kapa', 'gerek', 'nternet ini', 'nternet gerek', 'kapa']"
"['yıl', 'fazla', 'aycell', 'kart', 'kullan', 'önce', 'papara', 'kart', 'kullan', 'papara', 'kart', 'sonra', 'aycell', 'yüz', 'bak', 'bugün', 'hala', 'telefon', 'gör', 'sil', 'işlem', 'kes', 'para', 'para', 'sadece', 'hesap', 'dur', 'yine', 'kes', 'para', 'banka', 'hesap', 'para', 'gönder', 'iste', 'yine', 'kes', 'para', 'gerçekten', 'kazık', 'sadece', 'turkcell', 'kullan', 'başla', 'keşke', 'kullan', 'not', 'papara', 'hiçbirşekilde', 'para', 'kes']","['kart sonra', 'kart kullan', 'para sadece', 'papara kart', 'para gönder']"
"['iki', 'hafta', 'gir', 'şifre', 'yaz', 'sürekli', 'dön', 'işlem', 'program', 'yenile', 'kaldır']","['iki hafta', 'hafta gir', 'hafta', 'yaz sürekli', 'program yenile']"
"['gayet', 'güzel', 'limit', 'bird', 'banka', 'hesap', 'yüklem', 'sadece', 'numara', 'baş', 'koy', 'unut', 'geç', 'gün', 'şua', 'sin', 'gün', 'geç', 'dönüş', 'yok', 'müşteri', 'hizmet', 'yetersiz']","['banka hesap', 'yok müşteri', 'banka', 'müşteri hizmet', 'müşteri']"
"['güzel', 'eksik', 'var', 'tabimesela', 'para', 'yüklem', 'ücret', 'fazla', 'düzenle', 'getir', 'lütfen']","['tabimesela para', 'getir lütfen', 'düzenle getir', 'para yüklem', 'yüklem ücret']"
"['sorun', 'puan', 'topla', 'öde', 'kampanya', 'katıl', 'iste', 'şey', 'herşey', 'tane', 'sorun', 'puan', 'gönderim', 'puan', 'gönder', 'limit', 'saçma', 'sorun', 'illa', 'kullan', 'hat', 'i̇nternet', 'var', 'gir', 'tablet', 'gir', 'çift', 'hat', 'telefon', 'var', 'neyse', 'sorun', 'çözüm', 'yok', 'uza', 'gerek', 'yok']","['öde kampanya', 'telefon var', 'kampanya katıl', 'gönder limit', 'hat telefon']"
"['zar', 'zor', 'millet', 'buklet', 'puan', 'i̇nternet', 'sıkıntı', 'var', 'bık', 'siz', 'ilgi', 'yet', 'artık', 'gerçekten', 'yor', 'git', 'paycel', 'kart', 'çık', 'bide', 'etraf', 'insan', 'kesinlikle', 'öner', 'sonra', 'herkes', 'sil', 'gerçekten', 'açık', 'net', 'konuş']","['net konuş', 'kart çık', 'etraf insan', 'herkes sil', 'çık bide']"
"['herkes', 'kullan', 'gerek', 'ücret', 'hediye', 'iyi', 'kendi', 'boz', 'kullan', 'git', 'şaşır', 'dilek']","['ücret hediye', 'hediye iyi', 'herkes kullan', 'hediye', 'kendi boz']"
"['aycell', 'haziran', 'gönder', 'garanti', 'banka', 'hesap', 'ekim', 'hala', 'para', 'yok', 'mail', 'gönder', 'şimdi', 'yorum', 'alt', 'durum', 'çöz', 'iste', 'yaz', 'inan', 'siz', 'ara', 'dönüş', 'müşteri', 'hizmet', 'süs', 'koy', 'papağan', 'aynı', 'söyle', 'para', 'hala', 'siz', 'haram', 'zehir', 'zıkkım']","['söyle para', 'banka hesap', 'haziran gönder', 'dönüş müşteri', 'garanti banka']"
"['şöyle', 'söyle', 'puan', 'i̇nternet', 'iste', 'hata', 'güncelle', 'sonra', 'düzel', 'düzel', 'yok']","['hata güncelle', 'iste hata', 'hata', 'düzel yok', 'güncelle sonra']"
"['puan', 'var', 'i̇nternet', 'sat', 'sonra', 'tekrar', 'dene', 'gün', 'böyle', 'çare', 'bulun', 'acele']","['bulun acele', 'dene gün', 'böyle çare', 'acele', 'puan var']"
"['gerek', 'çarp', 'yol', 'sakın', 'bulaş']","['yol sakın', 'sakın bulaş', 'sakın', 'gerek çarp', 'çarp yol']"
"['kar', 'gün', 'sadece', 'basın', 'koy', 'hafta', 'para', 'bakiye', 'yükle', 'iade', 'sürekli', 'mail', 'iste', 'yolla', 'sonuç', 'yok', 'çözüm', 'odak', 'değil', 'resmen', 'kesinlikle', 'kullan']","['kar gün', 'sürekli mail', 'mail', 'yok çözüm', 'mail iste']"
"['hazır', 'limit', 'alisveris', 'hata', 'verdiaradim', 'kullanamazsiniz', 'cevap', 'yoksonra', 'google', 'play', 'iste', 'sadece', 'fatura', 'hat', 'sahip', 'kullan', 'hata', 'aldi', 'zaten', 'faturaliyiminanmasi', 'guy', 'gerek', 'böyle', 'sacmalikla', 'dolu']","['faturaliyiminanmasi', 'zaten faturaliyiminanmasi', 'faturaliyiminanmasi guy', 'google play', 'alisveris hata']"
"['hazır', 'limit', 'bilgi', 'onay', 'işlem', 'para', 'çek', 'para', 'orta', 'yok', 'böyle', 'emtia', 'alt', 'saat', 'çek', 'para', 'orta', 'yok', 'ilgilen', 'yok', 'enayi', 'yerine', 'koy', 'insan', 'hak', 'son', 'kadar', 'ara', 'mahkeme', 'siz']","['limit bilgi', 'hazır limit', 'mahkeme siz', 'ara mahkeme', 'para çek']"
"['hesap', 'doğrula', 'rağmen', 'para', 'gönder', 'tıkla', 'hesap', 'dogrulamaniz', 'gerek', 'saçmalık']","['hesap dogrulamaniz', 'tıkla hesap', 'hesap doğrula', 'para gönder', 'hesap']"
"['mobil', 'işlem', 'limit', 'düşür', 'hergün', 'gün', 'beş', 'işlem', 'yeterli', 'bakiye', 'bulun', 'mesaj', 'arkadaş', 'siz', 'alıyorumki', 'hergün', 'aynı', 'mesaj', 'gına', 'bile', 'para', 'kes', 'işlem', 'limit', 'işlem', 'gerçek', 'mesaj', 'başladımşikayet', 'dilekçe', 'yaz', 'mesaj', 'çıktı', 'aldımsizden', 'talep', 'hal', 'dur', 'para', 'çalıyorsunuztüketici', 'hak', 'bimer', 'lazım']","['çalıyorsunuztüketici', 'limit düşür', 'çalıyorsunuztüketici hak', 'para çalıyorsunuztüketici', 'mobil işlem']"
"['ilk', 'i̇stanbul', 'kart', 'yükle', 'sorun', 'gece', 'yükle', 'ancak', 'ikinci', 'yol', 'kal', 'yükle', 'yükle', 'para', 'ilk', 'inan', 'sonra', 'boro', 'sonra', 'başka', 'birey', 'para', 'ilkin', 'böyle', 'yok', 'dolandır', 'galiba', 'yardım', 'yükle', 'rica', 'uzak', 'dur', 'zaten', 'gerek', 'yok', 'arkadaş']","['yükle rica', 'kart yükle', 'birey para', 'para ilk', 'yükle ancak']"
"['insan', 'turkcell', 'geçir', 'bugün', 'herşey', 'türkcell', 'gerek', 'acilen', 'düzel', 'gerek']","['düzel gerek', 'geçir bugün', 'bugün herşey', 'bugün', 'türkcell gerek']"
"['hesabi', 'şifre', 'unut', 'gmail', 'kod', 'gönder', 'mail', 'telefon', 'kayin', 'değil', 'gmail', 'gi̇zlemi̇şler', 'hesabi', 'bul', 'böyle', 'salak', 'salak', 'şey', 'hesabi', 'kurtulmasini', 'iste', 'üst', 'gocuk', 'i̇ldiz', 'i̇ldiz', 'bile', 'haket', 'berbat', 'allah', 'bel', 'pusu']","['şifre unut', 'hesabi şifre', 'değil gmail', 'gmail kod', 'hesabi kurtulmasini']"
"['kesinlikle', 'işlem', 'karşı', 'muhatap', 'bul', 'banka', 'hesap', 'para', 'yükle', 'hesap', 'para', 'çık', 'rağmen', 'aycell', 'kart', 'geç', 'hata', 'bil', 'kimse', 'yok', 'para', 'boşa', 'git', 'kimse', 'öner', 'işlem', 'yüksek', 'rakam', 'kesinlikle', 'işlem']","['para boşa', 'banka hesap', 'para çık', 'banka', 'hesap para']"
"['güzel', 'eksik', 'rağmen']","['güzel eksik', 'eksik rağmen', 'rağmen', 'eksik', 'güzel']"
"['para', 'kes', 'arkadaş', 'kart', 'para', 'aktar', 'kendi', 'hesap', 'ole', 'kendi', 'aycell', 'limit', 'kullan', 'ole', 'git', 'kes', 'para', 'bide', 'üye', 'ücret', 'tam', 'soygun', 'arkadaş', 'üye', 'iptal', 'hizmet', 'ara', 'gerek', 'yükle', 'gine', 'bil', 'bide', 'banka', 'değil', 'kanka', 'banka', 'siz', 'insaf']","['banka siz', 'banka değil', 'arkadaş kart', 'kendi hesap', 'hesap ole']"
"['fazla', 'işlem', 'ücret', 'biraz', 'dusurulse', 'işlem', 'ücret', 'iyi']","['ücret biraz', 'ücret iyi', 'fazla işlem', 'fazla', 'işlem ücret']"
"['kadar', 'telefon', 'sim', 'kart', 'aycell', 'kayıt', 'numara', 'birbiri', 'oğul', 'kafa', 'iyi', 'zaten', 'tane', 'hat', 'tane', 'numara', 'var', 'birbiri', 'turkcell', 'başka', 'numara', 'kal']","['kadar telefon', 'numara birbiri', 'numara var', 'telefon sim', 'tane numara']"
"['güzel', 'ancak', 'kullanım', 'ücret', 'kes', 'iyi']","['kes iyi', 'güzel ancak', 'güzel', 'kullanım ücret', 'iyi']"
"['aycell', 'hesap', 'don', 'durum', 'posta', 'yanlış', 'gir', 'şifre', 'yenile', 'soru', 'çözüm', 'fark', 'seçenek', 'sun', 'posta', 'sadece']","['posta yanlış', 'posta sadece', 'şifre yenile', 'durum posta', 'şifre']"
"['hediye', 'dünya', 'gir', 'yer', 'hata', 'tekrar', 'güncelle', 'gerek']","['hediye dünya', 'hediye', 'tekrar güncelle', 'dünya gir', 'hata tekrar']"
"['havale', 'isim', 'yaz', 'unut', 'normal', 'böyle', 'hata', 'gün', 'içeri', 'para', 'iade', 'lakin', 'tam', 'gün', 'bekle', 'efendi', 'teknik', 'hata', 'sıra', 'bekle', 'tamamen', 'algı', 'operasyon', 'zaten', 'eylül', 'siz', 'teknik', 'destek', 'iletişim', 'geç', 'lakin', 'hala', 'iade']","['yaz unut', 'hata gün', 'geç lakin', 'hata sıra', 'gün bekle']"
"['dakika', 'reklam', 'veri', 'dur', 'yeter', 'artık', 'bay', 'iyi', 'saçmalık', 'nekadar', 'bina', 'reklam']","['dakika reklam', 'bina reklam', 'reklam veri', 'reklam', 'yeter artık']"
"['turkcell', 'hesap', 'aycell', 'kullanım', 'çek', 'reklam', 'mobil', 'kullanım', 'ücret', 'ikinci', 'çeki', 'tut', 'işlem', 'kayıt', 'eksik', 'göster', 'turkcell', 'cep', 'git', 'yedi', 'yaz', 'zaten', 'turkcell', 'anladigim', 'aycell', 'turkcell', 'alaka', 'yok', 'şikayet', 'ileti', 'cevap', 'cevap', 'dön', 'açık', 'aycell', 'şikayet', 'uslu', 'kapa', 'turkcell', 'güven', 'yok']","['zaten turkcell', 'turkcell anladigim', 'göster turkcell', 'aycell turkcell', 'turkcell hesap']"
"['geliş', 'gerek']","['geliş gerek', 'gerek', 'geliş']"
"['güzel', 'zor', 'zaman', 'iyi']","['zaman iyi', 'güzel zor', 'zor zaman', 'iyi', 'güzel']"
"['iyi', 'lakin', 'aylık', 'aidat', ""i̇ldiz'i"", 'haket']","['aylık aidat', 'aidat ldiz', 'ldiz haket', 'lakin aylık', 'aidat']"
"['puan', 'bile', 'hakket', 'millet', 'dolandır', 'paycele', 'yükle', 'hafta', 'para', 'kullan', 'para', 'koy', 'çözüm', 'yol', 'bulun', 'siz', 'yuzunuzden', 'para', 'çekemiyorumda', 'öyle', 'kal']","['yuzunuzden para', 'para çekemiyorumda', 'kullan para', 'para kullan', 'çekemiyorumda öyle']"
"['para', 'yut', 'resmen', 'bugün', 'pazar', 'sabah', 'saat', 'yut', 'akşam', 'konu', 'yut', 'mail', 'saçma', 'böyle', 'dava', 'acacagim']","['mail saçma', 'dava acacagim', 'saçma böyle', 'konu yut', 'saat yut']"
"['dene', 'çekim', 'deneme', 'maksat', 'gün', 'sonra', 'işlem', 'masraf', 'birlikte', 'aycell', 'hesap', 'fark', 'banka', 'geri', 'iade', 'işlem', 'dekont', 'rapor', 'rağmen', 'öyle', 'böyle', 'görüşme', 'salla', 'dur', 'zaman', 'zaman', 'geç', 'kaç', 'sefer', 'ara', 'görüş', 'mail', 'hava', 'uçuş', 'hala', 'para', 'yok', 'orta', 'türkel', 'şirket', 'böle', 'ufak', 'tefek', 'şey', 'yakış', 'dolandırıcı', 'resmen', 'yazık']","['işlem masraf', 'deneme maksat', 'uçuş hala', 'masraf birlikte', 'banka geri']"
"['böyle', 'taha', 'oyna', 'paket', 'puan', 'pub', 'gir', 'puan', 'boşa', 'git', 'siz', 'şikayet']","['boşa git', 'siz şikayet', 'git siz', 'oyna paket', 'pub gir']"
"['aycell', 'hesap', 'giriş', 'şifre', 'yenile', 'iste', 'fakat', 'eski', 'posta', 'ileti', 'git', 'tekrar', 'yeni', 'posta', 'değişim']","['şifre yenile', 'posta değişim', 'giriş şifre', 'şifre', 'hesap giriş']"
"['geliş', 'ihtiyaç', 'var', 'gerek', 'ara', 'yüz', 'gerek', 'kampanya', 'tutar', 'gerekse', 'figen', 'marka', 'anlaşma', 'sayı', 'bakım', 'ciddi', 'eksik', 'içer', 'rakip', 'sağlam', 'iken', 'paycele', 'ilgi', 'göster']","['kampanya tutar', 'gerek kampanya', 'ihtiyaç var', 'marka anlaşma', 'anlaşma sayı']"
"['elektrik', 'şirket', 'bedaş', 'medaş', 'fatura', 'öde', 'koy', 'müthiş']","['elektrik şirket', 'fatura öde', 'öde', 'müthiş', 'koy müthiş']"
"['geç', 'mail', 'sistem', 'hakim', 'değil', 'geç', 'mail', 'kadar', 'amatör', 'sistem', 'ugrasayim', 'zaten', 'şikayet', 'oku', 'çoğu', 'şikayet', 'aynı', 'peş', 'koş', 'anlam', 'kredi', 'secenegi', 'turkcell', 'gerek', 'oparotor', 'zaten', 'kredi', 'bağış', 'çöz', 'iste', 'çöz']","['kredi secenegi', 'zaten kredi', 'çoğu şikayet', 'mail kadar', 'kredi']"
"['zor', 'gün', 'iyi']","['gün iyi', 'zor gün', 'gün', 'iyi', 'zor']"
"['giriş', 'şifre', 'yaz', 'dakika', 'sür', 'gir', 'bak', 'sonunda', 'gir', 'sefer', 'ana', 'ekran', 'orta', 'döngü', 'ikon', 'çık', 'git', 'sıç', 'böyle', 'telefon', 'kır', 'adam']","['telefon kır', 'ikon çık', 'böyle telefon', 'döngü ikon', 'sonunda gir']"
"['sorun', 'iyi', 'araştırlmalıdr', 'güven', 'değil', 'kesinlikle']","['güven değil', 'araştırlmalıdr güven', 'iyi araştırlmalıdr', 'araştırlmalıdr', 'güven']"
"['kart', 'iste', 'daha', 'istemiyecem']","['daha istemiyecem', 'istemiyecem', 'kart iste', 'iste daha', 'daha']"
"['google', 'play', 'güvenlik', 'açık', 'var', 'aycell', 'öde', 'öde', 'sonra', 'dolandır', 'para', 'geri', 'şans', 'kal', 'halbuki', 'kredi', 'kart', 'itiraz', 'geri', 'şans', 'yüksek', 'araştır', 'iade', 'sat', 'cin', 'gönder', 'oysa', 'aycell', 'ilk', 'aylık', 'oyun', 'deneme', 'sürüm', 'hafta', 'para', 'ödemicem', 'sun', 'yıllık', 'paket', 'ücret', 'cart', 'aycell', 'incele', 'bile', 'bahane', 'dediçok', 'alçak']","['aylık oyun', 'dolandır para', 'kredi kart', 'google play', 'aycell öde']"
"['sahtekar', 'kimse', 'kullan', 'tavsiye', 'para', 'yükle', 'bozuk', 'tam', 'para', 'yut', 'muhatap', 'ara', 'numara', 'bile', 'yok', 'eposta', 'yaz', 'geç', 'dalga', 'geç', 'konu', 'incele', 'yaz', 'ayrıca', 'doğru', 'düzgün', 'avantaj', 'sun', 'papara', 'tos', 'ensar', 'pokus', 'kullan', 'büyük', 'avantaj', 'var', 'sık', 'sık', 'kampanya']","['sık kampanya', 'yaz geç', 'yaz ayrıca', 'eposta yaz', 'incele yaz']"
"['gün', 'para', 'orta', 'yok', 'ara', 'muhatap', 'yok', 'yatır', 'işlem', 'hata', 'yok', 'teknik', 'aksak', 'gün', 'para', 'hak', 'yer', 'koy', 'turkcell', 'şikayet', 'büyük', 'pişmanlıgim', 'turkcell', 'hediye', 'kazan', 'teknolojik', 'hız', 'gün', 'para', 'gasp', 'bird', 'yatır', 'hata', 'gün', 'para', 'geri', 'iade', 'kaç', 'uygun', 'teknik', 'ekip', 'incele', 'incele', 'numara', 'belli', 'hesap', 'belli', 'dekont', 'var', 'dava', 'edi', 'firma', 'gün', 'fatura', 'öde', 'faiz']","['gün para', 'firma gün', 'gün fatura', 'para geri', 'fatura öde']"
"['böyle', 'sahte', 'saçma', 'para', 'tuzak', 'gıcık', 'gör']","['saçma para', 'böyle sahte', 'sahte saçma', 'saçma', 'sahte']"
"['kart', 'market', 'ürün', 'ilk', 'ürün', 'yaklaşık', 'fazla', 'rezalet', 'ürün', 'saat', 'normal', 'fazla', 'ürün', 'fiyat', 'gelir', 'fatura', 'yansı', 'kesinlikle', 'öner', 'bil', 'millet', 'soy', 'memnun', 'kal', 'öner', 'ilk', 'para', 'çek', 'yatır', 'iste', 'papara', 'yıl', 'dene', 'paycel', 'rezalet', 'kesinlikle', 'öner', 'tavsiye']","['kart market', 'ürün ilk', 'ilk ürün', 'ürün fiyat', 'ilk para']"
"['güvenlik', 'sistem', 'uğraş', 'ses', 'onay', 'kod', 'yaz', 'eposta', 'şifre', 'değiş', 'sonra', 'hat', 'takı', 'telefon', 'hat', ""i̇nternet'in"", 'iste', 'hat', 'wifi', 'paylaşım', 'bile', 'kabul', 'yüz', 'kaldır', 'yine', 'yüz', 'kaldır', 'çoğu', 'banka', 'bile', 'böyle', 'sistem', 'değil', 'ara', 'aycell', 'hat', ""i̇nternet'in"", 'ücret', 'telefon', 'arka', 'plan', 'veri', 'kullan', 'yüz', 'hat', 'kes', 'bilgi']","['wifi paylaşım', 'wifi', 'hat wifi', 'güvenlik sistem', 'eposta şifre']"
"['tamamen', 'dolandırıcı', 'kurul', 'yatır', 'para', 'hesap', 'geç', 'gerek', 'hukuk', 'işlem', 'başla']","['hukuk işlem', 'gerek hukuk', 'hesap geç', 'dolandırıcı', 'dolandırıcı kurul']"
"['hesap', 'hala', 'böyle', 'mağdur', 'para', 'açıkla', 'kısım', 'yaz', 'zorunlu', 'değil', 'zan', 'hemen', 'para', 'geri', 'iste', 'hala', 'hesap', 'yuki']","['para açıkla', 'hesap hala', 'hala hesap', 'hesap yuki', 'para geri']"
"['arkadaş', 'yükle', 'kullanmayınhesabınızı', 'onayla', 'para', 'yükle', 'gerek', 'hesap', 'para', 'yatır', 'onaylanmıyori̇ki', 'yüklem', 'gün', 'onaylamadılarmail', 'adres', 'dekont', 'gönder', 'hareket', 'yokbilginize']","['onaylamadılarmail', 'gün onaylamadılarmail', 'onaylamadılarmail adres', 'yükle kullanmayınhesabınızı', 'kullanmayınhesabınızı onayla']"
"['bazen', 'sorun', 'fakat', 'genellikle', 'iyi']","['genellikle iyi', 'bazen sorun', 'fakat genellikle', 'genellikle', 'sorun fakat']"
"['kart', 'anne', 'üst', 'kendi', 'banka', 'hesap', 'sırf', 'kimlik', 'bilgi', 'uyuş', 'para', 'ata', 'hangi', 'kimlik', 'doğrula', 'zaten', 'numara', 'belli', 'hesap', 'belli', 'yaşa', 'böyle', 'hazır', 'limit', 'para', 'çek', 'direkt', 'fatura', 'yansı', 'para', 'çek', 'kaç', 'gün', 'uğraş', 'siz', 'dava', 'edi', 'borç', 'para', 'kullan', 'saçmalık', 'bak']","['banka hesap', 'borç para', 'kendi banka', 'borç', 'fatura yansı']"
"['böyle', 'malca', 'giriş', 'sitil', 'yok', 'gir', 'wiki', 'kapa', 'kendi', 'internetçi', 'baglandirmaya', 'çalış', 'abe', 'gerizekalı', ""i̇nternet'in"", 'saten', 'wifi', 'bağla', 'paket', 'çalış', 'saten', 'herkes', 'yorum', 'gör']","['wifi bağla', 'internetçi baglandirmaya', 'saten wifi', 'wifi', 'kendi internetçi']"
"['giriş', 'esna', 'hane', 'şifre', 'hane', 'ses', 'onay', 'fakat', 'abone', 'ait', 'hat', 'telefon', 'takı', 'hata', 'giriş', 'şifre', 'giriş', 'güvenlik', 'hücre', 'veriylemi', 'sağla', 'çöz', 'artık', 'saçma', 'gerek', 'durum']","['şifre giriş', 'giriş şifre', 'şifre', 'hane şifre', 'şifre hane']"
"['memnun', 'kal', 'insan', 'salak', 'yerine', 'koy', 'aycell', 'hazır', 'limit', 'var', 'kullan', 'aktif', 'calisayim', 'fatura', 'para', 'yansı', 'anla', 'geri', 'iade', 'saçma', 'insan', 'uyarı', 'mesaj', 'gönder', 'dem', 'fatura', 'yansı', 'sırf', 'yüz', 'hat', 'fatura', 'fatura', 'çık', 'hat', 'taşı']","['fatura yansı', 'fatura çık', 'fatura fatura', 'dem fatura', 'fatura para']"
"['aycell', 'dene', 'yükle', 'havale', 'bile', 'hesap', 'geçir', 'böyle', 'öde', 'platform', 'üzeri', 'bugün', 'itibari', 'gün', 'geçmiş', 'hala', 'para', 'aycell', 'hesap', 'geçir', 'banka', 'hesap', 'geri', 'yatır', 'ayrıca', 'havale', 'işlem', 'ücret', 'değil', 'bilgi', 'ölü', 'yatırım', 'platform']","['banka hesap', 'hesap geri', 'geçir banka', 'banka', 'bile hesap']"
"['aynı', 'iyi']","['aynı iyi', 'iyi', 'aynı']"
"['gerek', 'para', 'çek']","['para çek', 'gerek para', 'gerek', 'çek', 'para']"
"['buçuk', 'kimlik', 'dogrulamadilar', 'kere', 'dogrulanmasi', 'para', 'i̇ldiz', 'bile', 'fazla', 'turkcell', 'vaz', 'geç', 'siz', 'vazgeç', 'öner', 'tesekkurler']","['dogrulamadilar kere', 'siz vazgeç', 'kimlik dogrulamadilar', 'vaz geç', 'vazgeç öner']"
"['yukarı', 'gözük', 'yıldız', 'arkadaş', 'para', 'yolla', 'para', 'düş', 'müşteri', 'hizmet', 'ara', 'mail', 'yol', 'dekont', 'mail', 'üzeri', 'dekont', 'talep', 'işle', 'dönüş', 'sağla', 'resmen', 'para', 'türlü', 'iade', 'hak', 'haram', 'zıkkım']","['yolla para', 'düş müşteri', 'para yolla', 'para türlü', 'para düş']"
"['aycell', 'para', 'iki', 'kat', 'çıkar', 'iste', 'berzo_oguz', 'ulaş', 'yeterli']","['iki kat', 'ulaş yeterli', 'para iki', 'berzo_oguz ulaş', 'yeterli']"
"['kafa', 'göre', 'kart', 'koy', 'aldi', 'kart', 'saçma', 'puan']","['kart saçma', 'göre kart', 'saçma puan', 'saçma', 'kafa göre']"
"['öncelik', 'yıldız', 'üste', 'dolandırıcı', 'resmen', 'havle', 'yol', 'para', 'yükle', 'yanlış', 'para', 'aycell', 'kart', 'geri', 'hesap', 'yükle', 'defalarca', 'ara', 'müşteri', 'hizmet', 'sürekli', 'aciliyet', 'bil', 'yoğun', 'gün', 'gerek', 'ücret', 'hafta', 'yok', 'yoğun', 'yoğun', 'değil', 'dolandırıcı', 'posta', 'zaman', 'talep', 'işle', 'geri', 'dönüş', 'sağla']","['müşteri hizmet', 'ara müşteri', 'müşteri', 'geri hesap', 'posta zaman']"
"['sevgili', 'aycell', 'yönet', 'tanımla', 'kredi', 'kart', 'pos', 'ara', 'para', 'çık', 'para', 'san', 'önce', 'gör', 'ilgi', 'duy', 'bahis', 'site', 'git', 'banka', 'hesap', 'onay', 'böyle', 'işlem', 'düpedüz', 'mir']","['para çık', 'çık para', 'kredi kart', 'banka hesap', 'git banka']"
"['son', 'güncelle', 'sonra', 'berbat', 'şifre', 'yenile', 'hal', 'hesap', 'gir', 'kaldırıyorumhayırlı']","['berbat şifre', 'şifre yenile', 'şifre', 'gir kaldırıyorumhayırlı', 'güncelle sonra']"
"['peki', 'hazır', 'limit', 'zaman', 'yad', 'gerek', 'bird', 'aycell', 'kart', 'nere']","['limit zaman', 'hazır limit', 'gerek bird', 'limit', 'zaman yad']"
"['herşey', 'iyi', 'aycell', 'puan', 'dolayı', 'silinti', 'saçma', 'puan', 'hediye', 'hafta', 'sure', 'duruk', 'okul', 'puan', 'hafta', 'verdiinuz', 'puan', 'sil', 'kadar', 'biriktirebilicezbuna', 'yoz', 'getir']","['yoz getir', 'verdiinuz puan', 'duruk okul', 'puan dolayı', 'hafta verdiinuz']"
"['eksik', 'açıkla', 'yüz', 'gün', 'içeri', 'iade', 'para', 'uzun', 'zaman', 'beri', 'iade', 'taraf', 'mail', 'çağrı', 'merkez', 'tarafından', 'kayıt', 'fayda', 'yaşa', 'mağduriyet', 'caba', 'gerekli', 'hak', 'yasal', 'işlem', 'başla', 'belir', 'iste']","['para uzun', 'yasal işlem', 'hak yasal', 'yüz gün', 'mağduriyet caba']"
"['böyle', 'saçma', 'gör', 'allah', 'bela', 'i̇nternet', 'alışveriş', 'yanlış', 'ürün', 'lal', 'geri', 'para', 'iade', 'istem', 'para', 'hesap', 'yatır', 'hala', 'yat', 'para', 'saçma', 'firma', 'yatır', 'paycel', 'ara', 'firma', 'ara', 'emek', 'geçen', 'herkes', 'allah', 'bela', 'hukuki', 'işlem', 'başla', 'bak', 'para', 'hesap', 'gönder']","['saçma firma', 'alışveriş yanlış', 'geri para', 'para saçma', 'hesap yatır']"
"['baş', 'koy', 'hesap', 'gönderim', 'para', 'gün', 'geri', 'iade', 'söyle', 'hala', 'gönder', 'turkcell', 'alt', 'böyle', 'yalan', 'izin', 'turkcell', 'kullan', 'çöp']","['izin turkcell', 'turkcell', 'gönder turkcell', 'turkcell kullan', 'hala gönder']"
"['yemin', 'puan', 'bile', 'dünya', 'boş', 'saçma', 'sapan', 'güvenlik', 'önlem', 'var', 'şifre', 'unut', 'hesap', 'kuruş', 'para', 'var', 'git', 'müşteri', 'hizmet', 'kadar', 'ara', 'muhatap', 'bula', 'biz', 'yok', 'papara', 'bin', 'kat', 'iyi', 'öner']","['sapan güvenlik', 'şifre unut', 'güvenlik', 'güvenlik önlem', 'var şifre']"
"['hediye', 'dünya', 'kısım', 'güzel', 'ancak', 'aylık', 'aycell', 'puan', 'harca', 'sınır', 'keşke', 'biraz', 'art', 'kaldır', 'sonuç', 'puan', 'kazan', 'sorun', 'yok', 'ancak', 'harca', 'limit', 'kötü']","['hediye dünya', 'hediye', 'sonuç puan', 'puan kazan', 'limit kötü']"
"['güzel', 'kullan', 'eksik', 'şey', 'var', 'söyle', 'gerek', 'düzel', 'puan', 'var', 'hafta', 'gir', 'sonra', 'girdi']","['hafta gir', 'var hafta', 'puan var', 'şey var', 'hafta']"
"['dolandır', 'arkadaş', 'seslen', 'git', 'chrome', 'tara', 'google', 'destek', 'bölüm', 'git', 'ardından', 'müşteri', 'hizmet', 'bağ', 'böyle', 'böyle', 'kısaç', 'kapa', 'dile', 'aptal', 'herif', 'konu', 'siz', 'söyle', 'gerek', 'yok', 'herhalde', 'dimi', 'söz', 'paycelebu', 'anla', 'telefon', 'giriş', 'efe', 'sim', 'kart', 'değil', 'saçma', 'sapan', 'bat', 'bahane', 'resmen', 'orospu', 'çocuk', 'dit', 'git']","['ardından müşteri', 'dile aptal', 'tara google', 'saçma sapan', 'müşteri hizmet']"
"['dan', 'günlük', 'puan', 'pub', 'seçil', 'oyun', 'i̇nternet', 'gelsmsine', 'rağmen', 'pub', 'mobil', 'gör', 'böyle', 'bati', 'lütfen', 'sonuç', 'bekle']","['pub seçil', 'rağmen pub', 'puan pub', 'pub mobil', 'pub']"
"['sakın', 'yükle', 'kampanya', 'kan', 'böyle', 'saçma', 'bakiye', 'yükle', 'geri', 'iste', 'lira', 'kes', 'işlem', 'yüksek', 'komisyon', 'kes', 'üst', 'aycell', 'kart', 'hazır', 'limit', 'yüklem', 'yapım', 'gerizekalı', 'kısa', 'yol', 'para', 'vur', 'çalış', 'insan', 'kadar', 'aptal', 'değil']","['yükle kampanya', 'para vur', 'kampanya kan', 'kadar aptal', 'bakiye yükle']"
"['numara', 'ancak', 'tek', 'numara', 'gir', 'saçma', 'sapan', 'sorun', 'çıkar', 'kimseyede', 'konu', 'hak', 'ulaş']","['numara ancak', 'tek numara', 'numara gir', 'numara', 'saçma sapan']"
"['aycell', 'banka', 'hesap', 'havale', 'ifade', 'gün', 'gerçek', 'gerek', 'hafta', 'gerçek', 'müşteri', 'hizmet', 'ara', 'muhatap', 'bul', 'asla', 'kullan']","['gerçek müşteri', 'müşteri hizmet', 'aycell banka', 'müşteri', 'banka hesap']"
"['boşa', 'yapmişiniz', 'puan', 'varit', 'hemen', 'puan', 'düş', 'kal', 'kadir', 'gerek', 'yaptiğiniza', 'deymemi̇ş']","['boşa yapmişiniz', 'yapmişiniz puan', 'yaptiğiniza deymemi', 'puan düş', 'puan varit']"
"['fazla', 'puan', 'iyi']","['fazla puan', 'puan iyi', 'iyi', 'fazla', 'puan']"
"['burger', 'kin', 'kampanya', 'yarar', 'hafta', 'durum', 'böyle', 'ayrıca', 'burger', 'kin', 'kampanya', 'katıl', 'aycell', 'üzeri', 'öde', 'rağmen', 'sefer', 'puan', 'yükle', 'son', 'hediye', 'menü', 'kampanya', 'katıl', 'i̇stanbul', 'kart', 'yükle', 'aycell', 'bakiye', 'yükle', 'rağmen', 'hediye', 'menü', 'tanımla']","['ayrıca burger', 'burger kin', 'burger', 'menü kampanya', 'hediye menü']"
"['sıfır', 'sıfır', 'sıfır', 'yazık', 'böyle', 'platform', 'bari', 'arka', 'dur', 'muhatap', 'müşteri', 'hizmet', 'bile', 'yok', 'hala', 'başla']","['sıfır sıfır', 'sıfır yazık', 'sıfır', 'bile yok', 'yok']"
"['resmen', 'dolarındırcısınız', 'baş', 'ilk', 'böyle', 'ilk', 'banka', 'havale', 'yatırım', 'açıkla', 'kısım', 'hata', 'ikinci', 'sefer', 'tam', 'düzgün', 'şekil', 'iki', 'havale', 'ses', 'seda', 'yok', 'mail', 'gönder', 'yine', 'yok', 'kadar', 'sahtekar', 'insan', 'mağdur', 'kurum', 'firma', 'ilk', 'gör', 'şaşkın']","['ilk banka', 'kadar sahtekar', 'banka havale', 'firma ilk', 'böyle ilk']"
"['martin', 'kendi', 'ait', 'tek', 'i̇badi', 'iyi', 'i̇ldiz', 'ora', 'kir']","['martin kendi', 'martin', 'ait tek', 'kendi ait', 'iyi ldiz']"
"['atla', 'gerek', 'yok']","['gerek yok', 'yok', 'atla gerek', 'gerek', 'atla']"
"['para', 'kes', 'iyi']","['kes iyi', 'iyi', 'para kes', 'para', 'kes']"
"['söz', 'hediye', 'şekil', 'kullan', 'sat', 'ora', 'düş', 'düşün', 'şekil', 'aycell', 'kullan', 'telefon', 'yer', 'işgal', 'gerek', 'yok']","['kullan telefon', 'telefon yer', 'gerek yok', 'hediye şekil', 'söz hediye']"
"['insani', 'cep', 'para', 'alinur', 'sokak', 'gerek', 'yok', 'aycell', 'alenen', 'cep', 'para', 'yem', 'ses', 'igrenc', 'yükle', 'lira', 'hiçbir', 'işlem', 'yapmadigim', 'hal', 'lira', 'işlem', 'ücret', 'adi', 'alt', 'kesinti', 'ayrıca', 'para', 'geri', 'iste', 'lira', 'ücret', 'kes', 'kes', 'ücret', 'helal', 'geri', 'iade', 'istiyorumallahim', 'zehir', 'nikki', 'turkcell', 'para', 'göz', 'kes', 'ücret', 'taraf', 'iade', 'iste']","['ayrıca para', 'ücret kes', 'lira ücret', 'ücret helal', 'para geri']"
"['tamamen', 'gerek']","['tamamen gerek', 'gerek', 'tamamen']"
"['ciddi', 'geliş', 'lazım', 'sürekli', 'hata', 'işlem', 'yarı', 'kes', 'zor', 'kal']","['sürekli hata', 'lazım sürekli', 'hata', 'kes zor', 'hata işlem']"
"['paycel', 'eskiden', 'böyle', 'değil', 'kart', 'tel', 'numara', 'bağ', 'giriş', 'sorun', 'mevcut', 'yanlış', 'değil', 'kişi', 'durum', 'rahat', 'açık', 'ört', 'bas', 'bırak', 'biraz', 'biz', 'ilgilen', 'sorun', 'ilgilen', 'böyle', 'git', 'başka', 'operatör', 'geç', 'üstelik', 'paha', 'paket', 'turkcell']","['numara bağ', 'operatör geç', 'tel numara', 'bas bırak', 'değil kart']"
"['saat', 'geç', 'dekont', 'fatura', 'öde', 'gönder', 'haas', 'aycell', 'hesap', 'geç', 'böyle', 'rezil', 'gör', 'keşke', 'banka', 'üzeri', 'fatura', 'yatır']","['fatura yatır', 'fatura öde', 'üzeri fatura', 'dekont fatura', 'geç dekont']"
"['böyle', 'saçma', 'sapan', 'doğrula', 'kod', 'bile', 'gönder', 'sistem', 'para', 'yatiracaz']","['saçma sapan', 'böyle saçma', 'doğrula kod', 'gönder sistem', 'saçma']"
"['saçma', 'hediye', 'dik', 'hesap', 'bak', 'yok', 'boş', 'gerek']","['saçma hediye', 'hediye dik', 'hediye', 'yok boş', 'dik hesap']"
"['saçma', 'işle', 'playstore', 'para', 'topla', 'kazan', 'dan', 'kullandırtmıyosunuz', 'para', 'hediye', 'direk', 'playstore', 'hesap', 'yönlen', 'lazım', 'yok', 'öde', 'şekil', 'seç', 'seç', 'bas', 'işle', 'düzel', 'yad', 'hediye']","['playstore', 'playstore hesap', 'direk playstore', 'işle playstore', 'playstore para']"
"['saçma', 'doğa', 'topla', 'fidan', 'katkı', 'birik', 'aycell', 'puan', 'çöp', 'ilk', 'aycell', 'puan', 'sinir', 'boz', 'kart', 'iste', 'git', 'ziraat', 'kart', 'çıkar', 'halet', 'bura', 'herşey', 'komisyon', 'dolu', 'baba', 'emek', 'para', 'komisyon', 'çöp']","['komisyon çöp', 'puan çöp', 'çöp ilk', 'çöp', 'herşey komisyon']"
"['parti', 'kapa', 'ara', 'gerek', 'dış', 'iyi']","['dış iyi', 'kapa ara', 'ara gerek', 'iyi', 'gerek']"
"['iyi', 'fakat', 'para', 'ywtirdigimda', 'kere', 'bakiye', 'gözük', 'makbuz', 'yalan']","['fakat para', 'makbuz yalan', 'iyi fakat', 'fakat', 'ywtirdigimda kere']"
"['bile', 'fazla', 'kimlik', 'doğrula', 'saçmalık', 'çıkar']","['fazla kimlik', 'doğrula saçmalık', 'saçmalık çıkar', 'saçmalık', 'kimlik']"
"['telefon', 'çift', 'simkartli', 'kayıt', 'numara', 'simkarti', 'takı', 'rağmen', 'aptal', 'programcinizin', 'lojik', 'mantık', 'hata', 'yüz', 'kayıt', 'simkartinin', 'telefon', 'takı', 'gerek', 'giriş', 'izin']","['simkartinin telefon', 'telefon takı', 'telefon çift', 'telefon', 'numara simkarti']"
"['koy', 'puan', 'kazan', 'ücret', 'baştan', 'yaz', 'turkcell', 'kadar', 'sahtekar', 'firma', 'tanı', 'soru', 'yuhhh', 'siz', 'para', 'çek', 'soygun']","['sahtekar firma', 'siz para', 'para çek', 'kadar sahtekar', 'ücret baştan']"
"['hayat', 'böyle', 'yara', 'gör', 'sevgili', 'turkcell', 'yönet', 'siz', 'cidden', 'adam', 'çalış', 'çekim', 'güç', 'övün', 'kadar', 'gün', 'övün', 'biz', 'utan']","['övün kadar', 'sevgili turkcell', 'turkcell yönet', 'yönet siz', 'gün övün']"
"['güzel', 'kullan', 'eksik', 'var']","['eksik var', 'kullan eksik', 'eksik', 'güzel kullan', 'kullan']"
"['limit', 'artır', 'gönder', 'gönder', 'para', 'kaybol', 'git', 'belli', 'değil', 'aycell', 'hesap', 'görün', 'google', 'olay', 'tunes', 'kart', 'iste', 'turkcell', 'müşteri', 'rağmen', 'turkcell', 'müşteri', 'değil', 'kimlik', 'doğrula', 'kimlik', 'doğrula', 'görün', 'tekrar', 'iste', 'görün', 'başka', 'işlem', 'iste', 'kimlik', 'doğrula', 'mail', 'yardım', 'dönüş', 'yok']","['turkcell müşteri', 'müşteri rağmen', 'gönder para', 'doğrula mail', 'rağmen turkcell']"
"['kendi', 'banka', 'hesap', 'para', 'gönder', 'kimlik', 'doğru', 'mail', 'hafta', 'dönüş', 'sağla']","['banka hesap', 'mail hafta', 'mail', 'para gönder', 'kendi banka']"
"['beş', 'para', 'program', 'para', 'yatır', 'saniye', 'geç', 'para', 'iade', 'önce', 'gün', 'geç', 'gün', 'çıkar', 'yüz', 'araba', 'yol', 'kal', 'öde', 'birdaha', 'kullan', 'kimse', 'tavsiye']","['öde birdaha', 'beş para', 'para yatır', 'geç para', 'kal öde']"
"['geçen', 'sene', 'gerçek', 'aycell', 'kullan', 'aylık', 'kullanım', 'lira', 'ücret', 'kes', 'bide', 'tam', 'komisyon', 'kullan', 'hal', 'pek', 'tavsiye', 'çoğu', 'kampanya', 'iyi', 'hak', 'yükle', 'cashback', 'geri', 'sen', 'dön']","['cashback geri', 'cashback', 'yükle cashback', 'aylık kullanım', 'kullan aylık']"
"['arkadaş', 'kullan', 'boşa', 'hazır', 'limit', 'bide', 'üye', 'çıkar', 'para', 'kes', 'yi̇yi̇ci̇', 'tim', 'kart', 'var', 'iptal']","['var iptal', 'çıkar para', 'üye çıkar', 'iptal', 'kullan boşa']"
"['aylık', 'kullanım', 'ücret', 'var', 'eksi', 'piyasa', 'var', 'ikinci', 'kaypa', 'muadil', 'hemen', 'para', 'iade', 'hesap', 'yansı', 'tarih', 'aralık', 'bekle', 'gerek', 'üçüncü', 'kampanya', 'alt', 'sürü', 'şart', 'şey', 'var', 'tüket', 'basit', 'tam', 'tam', 'yarı', 'yarım', 'kampanya', 'kampanya', 'kısa', 'net', 'büyük', 'eksik', 'kullanım', 'zor', 'hatta', 'soğutuyordaha', 'fazla', 'yor', 'gör']","['kampanya alt', 'aylık kullanım', 'üçüncü kampanya', 'eksi piyasa', 'yarım kampanya']"
"['berbat', 'yazık', 'yemin', 'siz', 'söyle', 'şifre', 'yenile', 'hesap', 'don', 'berbat']","['şifre yenile', 'söyle şifre', 'şifre', 'yazık yemin', 'berbat yazık']"
"['aycell', 'sadece', 'oyun', 'para', 'kullan', 'sıkıntı', 'yaşa', 'kredi', 'kart', 'degilki', 'yok', 'bil', 'kim', 'para', 'gönder', 'yok', 'yanlış', 'gönder', 'yok', 'bil', 'iyi', 'yan', 'yaş', 'kuvukler', 'oyun', 'kart']","['oyun kart', 'kredi kart', 'oyun para', 'yaşa kredi', 'para gönder']"
"['telefon', 'fatura', 'daha', 'iyi']","['telefon fatura', 'telefon', 'fatura daha', 'daha iyi', 'fatura']"
"['basari', 'biraz', 'üst', 'çalış', 'lazım', 'ince', 'ayrıntı', 'mağdur', 'kal']","['lazım ince', 'çalış lazım', 'biraz üst', 'basari biraz', 'üst çalış']"
"['iyi', 'yok', 'iyi']","['yok iyi', 'iyi yok', 'yok', 'iyi']"
"['güzel', 'değil', 'çıkar', 'geri', 'zeka']","['geri zeka', 'zeka', 'güzel değil', 'çıkar', 'çıkar geri']"
"['ilk', 'şua', 'kullan', 'gerçekten', 'zor', 'durum', 'para', 'ayarla', 'fatura', 'öde', 'zaman', 'kazan', 'iyi']","['öde zaman', 'fatura öde', 'para ayarla', 'ayarla fatura', 'durum para']"
"['kayıt', 'kafa', 'göre', 'sanal', 'kart', 'oluş', 'yanlış', 'seçenek', 'sun', 'kazan', 'kazan', 'yarış', 'soru', 'ücret', 'iyi', 'saçma', 'vodafonepay', 'i̇nternet', 'indirim', 'kod', 'ücret', 'sun', 'puan', 'kazan', 'zor', 'ayrıcalık', 'turkcell', 'kullan', 'diğer', 'operatör', 'kullan', 'avantaj', 'yok', 'yüz', 'sil', 'zor', 'kal', 'ileri', 'dönem', 'sorun', 'düzel', 'tekrar', 'kullan', 'başla']","['sanal kart', 'kart oluş', 'seçenek sun', 'yarış soru', 'sun kazan']"
"['gerek', 'yer', 'yüklem', 'işlem', 'para', 'kesinti', 'maruz', 'kal', 'gerek', 'millet', 'soynanin', 'kolay', 'yol', 'biri']","['para kesinti', 'işlem para', 'kolay yol', 'gerek millet', 'yer yüklem']"
"['iyi', 'değil', 'tavsiye', 'kesinlikle']","['değil tavsiye', 'iyi değil', 'tavsiye kesinlikle', 'tavsiye', 'değil']"
"['anla', 'gerek', 'yok']","['gerek yok', 'yok', 'anla gerek', 'gerek', 'anla']"
"['allah', 'böyle', 'program', 'bela', 'iyi', 'program', 'değil', 'tavsiye', 'arkadaş', 'sakin']","['tavsiye arkadaş', 'değil tavsiye', 'tavsiye', 'arkadaş sakin', 'bela iyi']"
"['banka', 'değil', 'kanka', 'böyle', 'karakter', 'kanka', 'sağ', 'turkcell', 'ses', 'değil', 'göt', 'tanı', 'gün', 'kart', 'yatır', 'para', 'türlü', 'iade', 'hesap', 'gözük', 'bile', 'dekont', 'var', 'allah', 'yok', 'para', 'üst', 'yat', 'yatırım', 'işlem', 'herhalde', 'müşteri', 'hizmet', 'aycell', 'destek', 'hat', 'işlem', 'kontrol', 'taraf', 'bilgi', 'yapılacaktırdan', 'başka', 'söyle', 'turkcell', 'eleman', 'kov', 'biz', 'sikle']","['banka değil', 'yok para', 'para türlü', 'söyle turkcell', 'herhalde müşteri']"
"['iğrenç', 'sürekli', 'şifre', 'iste', 'iyi', 'şifre', 'şifre', 'şifre', 'değiş', 'bas', 'posta', 'bak', 'posta', 'yok']","['şifre şifre', 'sürekli şifre', 'şifre', 'şifre iste', 'iyi şifre']"
"['turkcell', 'fatura', 'öde', 'hata', 'gerek']","['öde hata', 'fatura öde', 'hata gerek', 'turkcell fatura', 'fatura']"
"['hesap', 'don', 'posta', 'mesaj', 'gerek']","['posta mesaj', 'mesaj gerek', 'mesaj', 'posta', 'hesap don']"
"['iyi', 'güzel', 'güzel', 'değil']","['güzel değil', 'güzel', 'değil', 'güzel güzel', 'iyi güzel']"
"['böyle', 'kendi', 'baba', 'anne', 'hesap', 'gir', 'telefon', 'tuş', 'böyle', 'sil', 'yer']","['kendi baba', 'baba anne', 'gir telefon', 'anne hesap', 'telefon tuş']"
"['kampanya', 'sadece', 'turkcell', 'diğer', 'operatör', 'iyi', 'örnek', 'puan', 'burgerking', 'kullan', 'yemek', 'sadece', 'turkcell', 'operatör', 'kullan', 'diğer', 'operatör', 'eşit', 'süreç', 'iyi', 'değil']","['turkcell operatör', 'sadece turkcell', 'turkcell diğer', 'turkcell', 'burgerking kullan']"
"['şifre', 'unut', 'hotmail', 'iste', 'herşey', 'falan', 'şifre', 'yenile', 'tane', 'şifre', 'dene', 'birey', 'takip', 'cikicaktim', 'şifre', 'ardışık', 'tekrarla', 'rakam', 'oluş', 'dur', 'tane', 'tane', 'gir']","['şifre unut', 'şifre yenile', 'şifre ardışık', 'tane şifre', 'cikicaktim şifre']"
"['para', 'gasp', 'kimlik', 'doğrula', 'çıkar', 'para', 'gönder', 'sorun', 'yok', 'geri', 'kimlik', 'doğrula', 'yok', 'para']","['para gönder', 'çıkar para', 'kimlik doğrula', 'geri kimlik', 'yok para']"
"['böyle', 'kart', 'ilk', 'fark', 'numara', 'kaydet', 'kendi', 'telefon', 'gir', 'eskiden', 'böyle', 'yok', 'düzel', 'böyle', 'saçma', 'bekle', 'düzel', 'yok', 'güncelle', 'güzel', 'zannet', 'yanıl', 'düzel']","['kart ilk', 'böyle kart', 'numara kaydet', 'kendi telefon', 'telefon']"
"['puan', 'süre', 'lütfen', 'hiçbir', 'birik', 'böyle', 'önce', 'salla', 'kazan', 'dan', 'puan', 'öğren', 'giriş', 'sorun', 'düzel', 'lütfen']","['süre lütfen', 'lütfen', 'puan süre', 'puan öğren', 'önce salla']"
"['paycel', 'hazır', 'limit', 'kullan', 'gün', 'yaz', 'eposta', 'düzel', 'kaldır', 'yara', 'neyapayim', 'artık', 'güzel', 'yara', 'gerek', 'yok', 'biz', 'ulaş', 'ulaş', 'gün', 'düzel', 'sorun', 'cevap', 'bile', 'kadar', 'uzun', 'sür', 'mes', 'lafzi', 'aycell', 'güzel', 'oda', 'boş', 'çık']","['bile kadar', 'boş çık', 'neyapayim artık', 'düzel sorun', 'kullan gün']"
"['kadar', 'saçma', 'güvenlik', 'önlem', 'mobil', 'veri', 'giriş', 'gerek', 'peki', 'tablet', 'giriş']","['mobil veri', 'tablet giriş', 'önlem mobil', 'mobil', 'tablet']"
"['giriş', 'yapı', 'mobil', 'veri', 'gir', 'iste', 'kayıt', 'hat', 'sadece', 'kullan', 'giriş', 'illa', 'i̇nternetmi', 'yükle', 'lazım']","['mobil veri', 'mobil', 'kullan giriş', 'kayıt hat', 'yapı mobil']"
"['izin', 'üye', 'ücret', 'kes', 'hak', 'kazanç', 'sağla']","['üye ücret', 'hak kazanç', 'izin üye', 'ücret kes', 'ücret']"
"['ibb', 'kart', 'yüklem', 'hata', 'gerek', 'lütfen']","['kart yüklem', 'ibb kart', 'yüklem hata', 'hata', 'hata gerek']"
"[""i̇stanbulkart'a"", 'yüklem', 'kart', 'oku', 'para', 'git', 'kart', 'yüklem', 'aktivasyon', 'falan', 'değil', 'para', 'direkt', 'yok', 'ilk', 'yüklem', 'toplam', 'para', 'kayıp', 'eksik', 'alışveriş', 'geçersiz']","['para kayıp', 'kart yüklem', 'yüklem kart', 'alışveriş geçersiz', 'eksik alışveriş']"
"['fazla', 'para', 'kes', 'gerek', 'yer', 'puan', 'bile', 'değil', 'düzel', 'gerek']","['düzel gerek', 'fazla para', 'gerek yer', 'değil düzel', 'kes gerek']"
"['allah', 'aski', 'böyle', 'yok', 'işlem', 'dikkat', 'çekim', 'bil', 'bırak']","['allah', 'allah aski', 'yok işlem', 'bil bırak', 'aski böyle']"
"['pos', 'cihazlarinizda', 'musteriyetaksit', 'secenegi', 'lazım', 'artık', 'buçuk', 'eksik']","['cihazlarinizda musteriyetaksit', 'pos cihazlarinizda', 'cihazlarinizda', 'buçuk eksik', 'eksik']"
"['hayat', 'böyle', 'rezil', 'gör', 'hesap', 'para', 'hal', 'işlem', 'müşteri', 'temsilci', 'ara', 'yardımcı', 'falan', 'sorum']","['işlem müşteri', 'müşteri temsilci', 'müşteri', 'gör hesap', 'hesap para']"
"['aycell', 'öde', 'iade', 'kart', 'aylık', 'kullanım', 'ücret', 'kes', 'puan', 'hafta', 'sonra', 'siz', 'geri', 'harca', 'puan', 'üstelik', 'puan', 'şey', 'oldukça', 'fazla', 'puan', 'gerek']","['kart aylık', 'ücret kes', 'aycell öde', 'aylık kullanım', 'öde']"
"['kadar', 'gerek', 'güvenlik', 'abartı', 'güncelle', 'i̇nternet', 'paket', 'yok', 'wifi', 'bağ', 'yine', 'kabul', 'gör', 'bin', 'lira', 'limit', 'hesap', 'zaten', 'şifre', 'gir', 'üst', 'bide', 'telefon', 'şifre', 'gir', 'sim', 'kart', 'bağlantı', 'ısrar', 'sil', 'git', 'aycell']","['yok wifi', 'wifi bağ', 'wifi', 'telefon şifre', 'kart bağlantı']"
"['kendi', 'numara', 'giriş', 'sim', 'kart', 'numara', 'ayni', 'fakat', 'yine', 'hata', 'saçmalık', 'git', 'biz', 'salak', 'yerine', 'koy', 'gerçekten', 'yazık', 'kul', 'haki', 'başka']","['hata saçmalık', 'kart numara', 'numara ayni', 'saçmalık git', 'yine hata']"
"['aycell', 'giriş', 'hata', 'uyarı', 'uzun', 'zaman', 'önce', 'gir', 'giriş', 'ekran', 'hata', 'web', 'site', 'giriş', 'yeni', 'üye', 'oluş', 'geçmiş', 'dönem', 'ait', 'harca', 'tutar', 'göster', 'aycell', 'puan', 'sil', 'sebep', 'hata', 'kaldır', 'defalarca', 'yükle', 'telefon', 'kapa', 'süre', 'kullan', 'böyle']","['hata uyarı', 'hata web', 'uyarı uzun', 'ekran hata', 'giriş hata']"
"['telefon', 'sim', 'kart', 'numara', 'ait', 'hal', 'ait', 'değil', 'uyarı', 'iki', 'gir', 'çalış', 'numara', 'girdi', 'mesaj', 'aynı', 'temo', 'ancak', 'aynı', 'uyarı', 'mağdur', 'durum', 'gir', 'çözüm', 'kavuşmasini', 'talep', 'yetkili', 'konu', 'açıkla', 'iste', 'düzenle', 'kadar', 'yıldız']","['aynı uyarı', 'uyarı mağdur', 'uyarı iki', 'girdi mesaj', 'uyarı']"
"['biraz', 'eksik', 'var', 'idare']","['biraz eksik', 'eksik var', 'biraz', 'eksik', 'var idare']"
"['ilk', 'zaman', 'beri', 'kullan', 'zaman', 'ilk', 'fırsat', 'aycell', 'para', 'yüklem', 'ücret', 'aylık', 'kullanım', 'ücret', 'sürekli', 'arda', 'arka', 'kes', 'gerek', 'ücret', 'para', 'kes', 'asla', 'tavsiye', 'para', 'hak', 'yer', 'alın', 'sürekli', 'ilginç', 'sebep', 'kes', 'siz', 'çare', 'bırak', 'çare', 'kullan', 'tercih', 'iyi', 'müşteri', 'memnuniyet', 'önemse', 'var', 'puan', 'fakat', 'maalesef']","['tavsiye para', 'kullan tercih', 'kullanım ücret', 'aylık kullanım', 'gerek ücret']"
"['giriş', 'çık', 'sonra', 'sefer', 'mobil', 'veri', 'kontrol', 'can', 'sıkıcı', 'paycel', 'hesap', 'para', 'aktar', 'işlem', 'iste', 'işlem', 'ücret', 'kes', 'başka', 'ücret', 'alternatif', 'var', 'kullan', 'gerek']","['mobil veri', 'ücret alternatif', 'başka ücret', 'sefer mobil', 'ücret kes']"
"['ilgı', 'musterı', 'temsilci', 'var', 'fatura', 'ücret', 'yansı', 'fakat', 'hak', 'bedelını', 'yardımcı', 'mağdur', 'taraf', 'ara', 'sor', 'destek', 'mağdur', 'bayağı', 'fayda', 'borç', 'hizmet', 'numara', 'yıldız', 'kalite', 'marka', 'kok', 'dolu', 'dolu', 'bura', 'bura', 'ilgı', 'insan', 'yardım', 'sev', 'burger', 'kin', 'kahve', 'diyar', 'mısafır', 'server', 'iyi', 'güzel', 'insan', 'dolu', 'mağdur', 'allah', 'razı', 'hepsi', 'tek', 'sağol', 'iyi', 'calısmalar', 'sağlık', 'gün']","['var fatura', 'mağdur allah', 'yardımcı mağdur', 'temsilci var', 'bayağı fayda']"
"['böyle', 'saçmalık', 'doğrula', 'mobil', 'veri', 'iste', 'paket', 'i̇nternet', 'yok', 'paket', 'aşı']","['paket aşı', 'aşı', 'mobil veri', 'mobil', 'yok paket']"
"['böyle', 'belli', 'değil', 'işlem', 'twin', 'para', 'twitch', 'birey', 'dolandirici', 'çakal']","['işlem twin', 'twin para', 'para twitch', 'twin', 'twitch']"
"['sadece', 'turkcell', 'abone', 'ödül', 'var', 'diğer', 'operatör', 'kullan', 'yok', 'sadece', 'puan', 'birik', 'yad', 'trendyol', 'kupon', 'iyi']","['trendyol kupon', 'kupon iyi', 'abone ödül', 'kupon', 'sadece turkcell']"
"['ilk', 'baş', 'iyi', 'fakat', 'sonra', 'para', 'rağmen', 'alışveriş', 'üstelik', 'para', 'çek', 'fark', 'atme', 'çalış', 'yine']","['rağmen alışveriş', 'sonra para', 'para çek', 'alışveriş üstelik', 'üstelik para']"
"['berbat', 'mobil', 'öde', 'illaki', 'kart', 'iste', 'başliyacam', 'böyle']","['mobil öde', 'öde illaki', 'başliyacam böyle', 'berbat mobil', 'öde']"
"['kampanya', 'katıl', 'kart', 'lira', 'üzeri', 'para', 'yatır', 'puan', 'para', 'yatır', 'puan', 'kampanya', 'öyle', 'dur', 'dış', 'iyi']","['kampanya öyle', 'puan kampanya', 'para yatır', 'kampanya katıl', 'katıl kart']"
"['hazır', 'limit', 'aycell', 'kart', 'sanal', 'kart', 'bakiye', 'yükle', 'iste', 'yüksek', 'komisyon', 'sadece', 'turkcell', 'mağaza', 'aycell', 'kart', 'ücret', 'bakiye', 'yükle', 'tam', 'verde', 'komisyon', 'harca', 'puan', 'kazan', 'fakat', 'puan', 'pek', 'yara', 'aycell', 'fatura', 'falan', 'öde', 'avantaj', 'sağla']","['kart ücret', 'kart bakiye', 'aycell kart', 'sanal kart', 'ücret bakiye']"
"['yükle', 'gir', 'sonra', 'gir', 'dur', 'hemen', 'çıkar']","['yükle gir', 'hemen çıkar', 'sonra gir', 'gir sonra', 'gir dur']"
"['iyi', 'sadece', 'turkcell', 'aile', 'ayrıcalık', 'kötü', 'disinda', 'güzel', 'bimcell', 'şey', 'ayrıcalık', 'gerek']","['aile ayrıcalık', 'turkcell aile', 'şey ayrıcalık', 'ayrıcalık kötü', 'ayrıcalık gerek']"
"['fena', 'değil', 'iyi']","['fena değil', 'iyi', 'değil iyi', 'değil', 'fena']"
"['yıldız', 'sebep', 'usta', 'çık', 'ugulamay', 'yapıyosinuz', 'sonra', 'puan', 'puan', 'kala', 'süre', 'koy', 'yıldız']","['yıldız sebep', 'yıldız', 'koy yıldız', 'sonra puan', 'yapıyosinuz sonra']"
"['lanet', 'talep', 'oluş', 'hala', 'sonuç', 'yok', 'sakin', 'kart', 'para', 'yükle', 'bloke', 'koy', 'surunuyorusunuz']","['para yükle', 'sakin kart', 'yükle bloke', 'kart para', 'sonuç yok']"
"['turkcell', 'yer', 'kötü', 'zaten', 'fatura', 'olay', 'sürekli', 'iki', 'katı', 'fatura', 'aycell', 'çık', 'git', 'papara', 'iyi']","['zaten fatura', 'yer kötü', 'kötü zaten', 'aycell çık', 'fatura olay']"
"['bazen', 'iyi', 'bazen', 'kötü', 'sev', 'şebeke', 'konu', 'biraz', 'sıkıntı', 'var', 'lakin', 'gayet', 'iyi', 'yer', 'var', 'hat', 'kart', 'büyük', 'ayrıcalık']","['bazen kötü', 'bazen iyi', 'iyi bazen', 'sıkıntı var', 'biraz sıkıntı']"
"['son', 'güncelle', 'sonra', 'giriş', 'sim', 'kart', 'telefon', 'uyuş', 'hata', 'böyle', 'saçmalık', 'yeni', 'güncelle', 'düzenle', 'iste']","['kart telefon', 'telefon uyuş', 'telefon', 'sim kart', 'hata böyle']"
"['fırsat', 'puan', 'iyi', 'siz', 'rica', 'biraz', 'fazla', 'puan', 'salla', 'topla', 'puan', 'altı', 'lütfen']","['puan altı', 'rica biraz', 'altı lütfen', 'puan iyi', 'fırsat puan']"
"['böyle', 'sahtekar', 'kimlik', 'doğrula', 'bird', 'para', 'içeri', 'kal', 'genel', 'müdür', 'ara', 'başka', 'yer', 'sonra', 'ora', 'biz', 'yok', 'bekliceksiniz', 'yaklaşık', 'para', 'içeri', 'kal', 'böyle', 'saçmalık', 'dolandırıcı', 'hayır', 'bide', 'gir', 'gir', 'ilk', 'para', 'trend', 'cüzdan', 'aktar', 'hesap', 'sil']","['para içeri', 'cüzdan aktar', 'böyle sahtekar', 'ilk para', 'yaklaşık para']"
"['emek', 'geçen', 'herkes', 'allah', 'bells', 'numara', 'koy', 'para', 'gün', 'havuz', 'sistem', 'iade', 'hesap', 'yansı', 'kötü', 'müşteri', 'temsilci', 'işlem', 'iptal', 'onay', 'yetki̇si̇', 'yok', 'kısacası', 'berbat']","['kötü müşteri', 'iptal onay', 'müşteri temsilci', 'müşteri', 'işlem iptal']"
"['böyle', 'siz', 'sistem', 'allah', 'ceza', 'hırsız', 'sahtekar', 'dolandırıcı', 'siz']","['dolandırıcı siz', 'hırsız sahtekar', 'sahtekar dolandırıcı', 'ceza hırsız', 'siz sistem']"
"['öncelik', 'turkcell', 'için', 'ayrıca', 'yaz', 'sınır', 'yok', 'şahsen', 'turkcell', 'tavsiye', 'cunku', 'düşün', 'fazla', 'var', 'mesela', 'genç', 'hafta', 'tane', 'kazan', 'şans', 'var', 'şekil', 'fazla', 'kar', 'çıkart', 'daha', 'bekle']","['turkcell tavsiye', 'turkcell için', 'turkcell', 'öncelik turkcell', 'ayrıca yaz']"
"['sevgili', 'aycell', 'ekip', 'getir', 'güncelle', 'saçma', 'zaten', 'kod', 'onayla', 'var', 'gerek', 'var', 'sim', 'kart', 'bil', 'wifi', 'doğrul', 'güven', 'önce', 'gerek', 'yok', 'güncelle']","['wifi doğrul', 'bil wifi', 'yok güncelle', 'getir güncelle', 'wifi']"
"['dikkat', 'arkadaş', 'kaldır', 'kimse', 'soygun', 'müşteri', 'hizmet', 'ara', 'limit', 'kapa', 'soygun', 'inan', 'lütfen', 'nalet', 'böyle', 'limit', 'limit', 'müşteri', 'hizmet', 'ara', 'limit', 'gene', 'bugün', 'fatura', 'ekle', 'şeref', 'ancak', 'millet', 'soy', 'başka', 'yok']","['limit müşteri', 'ara limit', 'böyle limit', 'limit limit', 'soygun müşteri']"
"['iyi', 'puan', 'kötü']","['puan kötü', 'kötü', 'iyi puan', 'iyi', 'puan']"
"['güzel', 'sadece', 'puan', 'fazla', 'lazım']","['puan fazla', 'fazla lazım', 'güzel sadece', 'sadece puan', 'güzel']"
"['iyi', 'değil']","['iyi değil', 'değil', 'iyi']"
"['yorum', 'dikkat', 'aliço', 'yarar', 'vergi', 'biraz', 'para', 'çek', 'vergi', 'biraz', 'iyi', 'yine', 'güzel']","['vergi biraz', 'yarar vergi', 'çek vergi', 'vergi', 'biraz iyi']"
"['tarih', 'banka', 'hesap', 'aycell', 'kart', 'havale', 'tarih', 'hala', 'hesap', 'geç', 'mail', 'banka', 'dekont', 'müşteri', 'hizmet', 'ara', 'hala', 'orta', 'yok', 'aycell', 'kadar', 'saçma', 'yok', 'müşteri', 'hizmet', 'baş', 'buyruk', 'yardımcı', 'hal', 'başka', 'yardımcı', 'konu', 'var', 'böyle', 'sorum', 'böyle', 'ilgi', 'uzak', 'dur', 'aynı', 'sıkıntı', 'önce', 'yaşa', 'yaşa', 'düzel', 'havale', 'yine', 'aynı']","['tarih banka', 'banka hesap', 'mail banka', 'dekont müşteri', 'banka dekont']"
"['para', 'hesap', 'aktar', 'iyi', 'değil', 'mobil', 'öde', 'gerçek']","['öde gerçek', 'mobil öde', 'öde', 'hesap aktar', 'para hesap']"
"['fazla', 'puan', 'iyi']","['fazla puan', 'puan iyi', 'iyi', 'fazla', 'puan']"
"['yemin', 'sakın', 'böyle', 'çalış', 'bedava', 'para', 'kazan', 'düşün', 'sadece', 'siz', 'batır', 'siz', 'önce', 'söyle', 'başyıldız', 'hak', 'sadece', 'çık', 'yorum', 'çık', 'herkes', 'gör', 'lütfen', 'yorum', 'üst', 'yorum', 'gerçekten', 'sakın', 'siz', 'siz', 'bedava', 'hayır', 'lira', 'karşılık']","['siz bedava', 'yorum gerçekten', 'sakın siz', 'bedava hayır', 'yorum çık']"
"['güzel', 'ancak', 'adet', 'genişle', 'gerek', 'husus', 'var', 'turkcell', 'türkiye', 'sadece', 'turkcell', 'özel', 'gerek', 'türkiye', 'kurum', 'kuruluş', 'öde', 'para', 'çek', 'imkan', 'şart', 'başarı']","['türkiye sadece', 'sadece turkcell', 'var turkcell', 'turkcell türkiye', 'gerek türkiye']"
"['ilk', 'baş', 'sıkıntı', 'lakin', 'geçen', 'gün', 'iyi', 'git']","['sıkıntı lakin', 'lakin geçen', 'geçen gün', 'iyi git', 'baş sıkıntı']"
"['fazla', 'para', 'kes', 'iyi', 'aslindahat', 'bakiye', 'paket']","['fazla para', 'fazla', 'bakiye paket', 'paket', 'iyi aslindahat']"
"['parmak', 'giriş', 'seçenek', 'seç', 'rağmen', 'özellik', 'kendi', 'kendi', 'reaktif', 'düzel', 'sıkıntı', 'yok', 'keyif', 'kullan', 'hazır', 'limit', 'biraz', 'yüksel', 'hazır', 'limit', 'var', 'sini', 'çek', 'diğer', 'sadece', 'turkcell', 'harca', 'kullan', 'fazla', 'bin', 'sini', 'sek', 'iyi']","['limit biraz', 'rağmen özellik', 'kullan fazla', 'seç rağmen', 'hazır limit']"
"['i̇ldiz', 'üste', 'çikmasi', 'i̇çi̇n', 'telegram', 'youtube', 'abone', 'kas', 'gurup', 'sefa', 'adli', 'ki̇şi̇', 'i̇zleyi̇p', 'lise', 'tip', 'abone', 'kendi', 'i̇nsanlarin', 'hak', 'lütfen', 'gi̇bi̇', 'ki̇şi̇ler', 'böyle', 'i̇nsanlarin', 'hak', 'lütfen']","['youtube abone', 'telegram youtube', 'youtube', 'tip abone', 'abone kas']"
"['diğer', 'operatör', 'iyi', 'gerek']","['diğer operatör', 'operatör iyi', 'operatör', 'diğer', 'gerek']"
"['şifre', 'otomatik', 'onay', 'buton', 'onayla', 'giriş', 'kendi', 'girdi', 'emniyet', 'amaç', 'don', 'saçma', 'sapan', 'hassasiyet', 'gerek', 'kolay', 'yerine', 'sinir', 'boz']","['şifre otomatik', 'onay buton', 'buton onayla', 'otomatik onay', 'şifre']"
"['başlıca', 'hesap', 'bloke', 'şifre', 'yenile', 'ekran', 'kadar', 'bakla', 'yok', 'yıldız', 'bile', 'fazla', 'turkcell', 'sonuç', 'çal', 'vazife']","['hesap bloke', 'bloke şifre', 'şifre yenile', 'yok yıldız', 'şifre']"
"['gerçekten', 'şaka', 'şifre', 'yenile', 'posta', 'doğrula', 'gönder', 'saat', 'bekle', 'gönder', 'yok', 'insan', 'dalga', 'geç', 'bırak', 'artık']","['şaka şifre', 'gönder saat', 'posta doğrula', 'yenile posta', 'geç bırak']"
"['pek', 'anlaşma', 'gerek', 'yok']","['gerek yok', 'pek anlaşma', 'yok', 'anlaşma gerek', 'anlaşma']"
"['şifre', 'unut', 'şifre', 'yenile', 'iste', 'ancak', 'sebep', 'eposta', 'adres', 'kod', 'gönder', 'böylece', 'şifre', 'yenile', 'ancak', 'bekle', 'posta', 'posta', 'dış', 'şifre', 'yenile', 'başka', 'alternatif', 'seçenek', 'yok']","['şifre yenile', 'şifre unut', 'unut şifre', 'şifre', 'böylece şifre']"
"['iyi', 'zıvana', 'çık', 'vize', 'gir', 'uyarı', 'geçen', 'gün', 'kötü']","['çık vize', 'gün kötü', 'geçen gün', 'uyarı geçen', 'zıvana çık']"
"['hayat', 'böyle', 'nalet', 'denk', 'allah', 'kahret', 'hep']","['hayat böyle', 'denk allah', 'allah kahret', 'hayat', 'allah']"
"['alışveriş', 'site', 'reklam', 'gerek', 'kal']","['site reklam', 'alışveriş site', 'reklam', 'reklam gerek', 'alışveriş']"
"['hediye', 'puan', 'hediye', 'puan', 'fidan', 'dik', 'i̇nternet', 'seçenek', 'sun', 'sun', 'i̇nternet', 'hediye', 'sadece', 'vodafone', 'hat', 'türk', 'telekom', 'puan', 'belli', 'süre', 'sonunda', 'sil', 'saçmalık']","['türk telekom', 'hat türk', 'nternet hediye', 'puan hediye', 'hediye puan']"
"['yıldız', 'sebep', 'ara', 'gün', 'gece', 'rağmen', 'arkadaş', 'puan', 'gönder', 'iste', 'karşı', 'şöyle', 'uyarı', 'uyarı', 'çık', 'gün', 'içersi', 'puan', 'gönder', 'soru', 'kısa', 'zaman', 'çöz', 'iste', 'hariç', 'problem', 'yok', 'saygilarimla']","['gece rağmen', 'şöyle uyarı', 'uyarı çık', 'gün gece', 'gece']"
"['program', 'kullan', 'aylık', 'kullanım', 'ücret', 'tahsil', 'üst', 'aycell', 'cüzdan', 'bakiye', 'yükle', 'yatır', 'ücret', 'kes', 'turkcell', 'keriz', 'silkele', 'mantık', 'yaraş', 'tane', 'kart', 'var', 'tamamen', 'ücret', 'banka', 'işlem', 'ücret', 'alışveriş', 'varan', 'anlık', 'iade', 'tek', 'kuruş', 'işlem', 'ücret', 'iste', 'papara', 'var', 'saçmalık', 'gerek', 'var', 'anla', 'yanıt', 'süre', 'otur', 'geçir', 'yazı', 'hak']","['cüzdan bakiye', 'aycell cüzdan', 'cüzdan', 'ücret tahsil', 'tahsil üst']"
"['işlem', 'ücret', 'kesinti', 'var', 'banka', 'kredi', 'kart', 'var', 'aycell', 'kart', 'kullan', 'ufak', 'sebep', 'yok', 'sadece', 'kesinti', 'var', 'saçmalık', 'superonline', 'wifi', 'ücret', 'böyle', 'hizmet', 'bile', 'kullan']","['superonline wifi', 'wifi ücret', 'saçmalık superonline', 'wifi', 'kredi kart']"
"['böyle', 'rezil', 'hazır', 'bakiye', 'kart', 'bakiye', 'aktar', 'fatura', 'yansidigi', 'hal', 'para', 'çek', 'işlem', 'kullanmadigim', 'para', 'son', 'siz', 'öde', 'siz', 'bimer', 'şikayet']","['kart bakiye', 'para çek', 'aktar fatura', 'bakiye kart', 'siz öde']"
"['imkanlarini', 'sev', 'sadece', 'dış', 'başka', 'alışveriş', 'site', 'anla', 'keşke']","['başka alışveriş', 'alışveriş site', 'alışveriş', 'imkanlarini sev', 'dış başka']"
"['ilk', 'baş', 'ilan', 'numara', 'para', 'gönder', 'şimdi', 'sürekli', 'hata', 'eban', 'kabul', 'yad', 'para', 'gönder', 'işlem', 'kimlik', 'doğrula', 'gerek', 'yazı', 'çık', 'saçma', 'zaten', 'bilgi', 'güncel', 'kayıt', 'böyle', 'anla']","['para gönder', 'numara para', 'gönder işlem', 'güncel kayıt', 'kimlik doğrula']"
"['payne', 'sev', 'şey', 'sev', 'arkadaş', 'davet', 'kazan', 'puan', 'sayı', 'değil', 'kere', 'aycell', 'puan', 'kazan', 'zor', 'artır', 'sayı', 'lütfen', 'iyi']","['puan sayı', 'sayı lütfen', 'puan kazan', 'davet kazan', 'lütfen iyi']"
"['giriş', 'saçma', 'güvenlik', 'sistem', 'neden', 'ister', 'wifi', 'gir', 'ister', 'mobil', 'veri', 'tek', 'sefer', 'falan', 'geç', 'banka', 'böyle', 'salak', 'sistem', 'yok', 'yalan', 'yer', 'uğraş', 'ayrı', 'iki', 'tane', 'hat', 'var', 'tek', 'telefon', 'yönet', 'eskiden', 'şimdi', 'yok', 'yok', 'wifi', 'kapa', 'yok', 'sim', 'kart', 'değil', 'baş', 'hangi', 'arkadaş', 'var', 'değiş', 'saçma', 'karar']","['yok wifi', 'ister wifi', 'wifi gir', 'saçma güvenlik', 'wifi']"
"['beş', 'yıldız', 'bak', 'çık', 'saçma', 'oyun', 'şekil', 'harca', 'hadi', 'konu', 'geç', 'kullandigim', 'kullan', 'aycell', 'kart', 'şua', 'şekil', 'ekle', 'kullan', 'tane', 'bile', 'bali', 'kart', 'süreç', 'kart', 'ekle', 'limit', 'dol', 'saçma', 'boş', 'mail', 'otomatik', 'mail', 'ilgilen', 'geri', 'yok', 'cevap', 'başka', 'kısacası', 'boş', 'gerek']","['kart şua', 'kart ekle', 'süreç kart', 'kart süreç', 'aycell kart']"
"['mobil', 'öde', 'payceell', 'hesap', 'aktar', 'faturaliolmami', 'gerek']","['aktar faturaliolmami', 'mobil öde', 'faturaliolmami gerek', 'hesap aktar', 'faturaliolmami']"
"['turkcell', 'kullan', 'ayrıcalık', 'biraz', 'paha', 'kalite', 'hizmet', 'sun']","['turkcell kullan', 'turkcell', 'kalite hizmet', 'ayrıcalık biraz', 'hizmet']"
"['hediye', 'süre', 'iyi', 'bazı', 'git']","['hediye süre', 'hediye', 'bazı git', 'iyi bazı', 'süre iyi']"
"['mobil', 'veri', 'sadece', 'turkcell', 'hat', 'iste', 'arkadaş', 'hat', 'başka', 'operatör', 'taşı', 'iste', 'limit', 'aynı', 'sadece', 'aycell', 'kart', 'yenile', 'hat', 'taşı', 'git', 'yüz', 'gir', 'mobil', 'veri', 'iste', 'i̇nternet', 'paket', 'yok', 'güvenlik', 'ses', 'kod', 'yet', 'akbank', 'ses', 'ara', 'onay', 'iste', 'illa', 'veri', 'bağlantı', 'art', 'artniyetlilik', 'düşün', 'bırak', 'güvenlik', 'filan']","['mobil veri', 'gir mobil', 'mobil', 'veri bağlantı', 'limit aynı']"
"['sakın', 'kullan', 'tavsiye', 'para', 'kart', 'yat', 'hafta', 'çek', 'çalış', 'yok', 'kimlik', 'doğrula', 'iste', 'yok', 'şöyle', 'yok', 'böyle', 'tavsiye']","['böyle tavsiye', 'tavsiye para', 'kullan tavsiye', 'para kart', 'tavsiye']"
"['giriş', 'telefon', 'kendi', 'mobil', ""i̇nternet'in"", 'gerek', 'i̇nternet', 'paket', 'yok', 'hava', 'para', 'kes', 'i̇nternet', 'paket', 'bile', 'para', 'kes', 'ara', 'sil', 'telefon', 'ceset', 'tekrar', 'zaman', 'yine', 'aynı', 'şey', 'gerek', 'türlü', 'para', 'kitle', 'mesela', 'sil', 'yükle', 'tekrar', 'wifi', 'kapa', 'mobil', 'veri', 'giriş', 'iste', 'tam', 'para', 'tuzak']","['telefon ceset', 'mobil nternet', 'mobil veri', 'mobil', 'telefon kendi']"
"['aycell', 'para', 'yükle', 'iste', 'hata', 'sistem', 'sorun', 'var', 'para', 'aktar', 'işlem', 'başarı', 'müşteri', 'hizmet', 'ara', 'mail', 'maile', 'cevap', 'tekrar', 'ara', 'müşteri', 'hizmet', 'efendi', 'sistem', 'kontrol', 'fakat', 'böyle', 'işlem', 'karşılaş', 'biz', 'gör', 'telefon', 'kapa', 'hata', 'sistem', 'hata', 'kendi', 'hata', 'ara', 'suç', 'efendi', 'böyle', 'hata', 'böyle']","['sistem hata', 'sistem sorun', 'hata sistem', 'müşteri hizmet', 'hata']"
"['kötü', 'asır', 'kot', 'i̇nternet', 'baglantim', 'yok', 'giriş', 'guvenligimizi', 'kadar', 'onemsediginizi', 'bil', 'işlem', 'gerek', 'mobil', 'baglantim', 'yok', 'allah', 'kahret', 'lanet', 'olası', 'kaldır', 'özellik', 'aycell', 'turkcell', 'lider', 'gir', 'kot', 'turkcell']","['kot turkcell', 'turkcell lider', 'turkcell', 'nternet baglantim', 'yok giriş']"
"['kazan', 'yarış', 'çıkar', 'başlık', 'soru', 'yaz', 'cevapla', 'soru', 'hat', 'yansı', 'böyle', 'saçmalık', 'fatura', 'öde', 'haber', 'puan', 'fatura', 'düşün', 'saçma', 'sapan', 'başla']","['saçmalık fatura', 'düşün saçma', 'böyle saçmalık', 'saçma sapan', 'fatura düşün']"
"['kullan', 'kullan', 'kampanya', 'katılım', 'sağla', 'boş', 'boşuna', 'harca', 'kampanya', 'kriter', 'karşıla', 'mesaj', 'boş', 'boşuna', 'zaman', 'kayıp', 'yerine', 'papara', 'kullan', 'nakit', 'çekim', 'ücret', 'aylık', 'kullanım', 'ücret', 'para', 'gönder', 'bile', 'onay', 'iste', 'zaten', 'banka', 'kart', 'kullan', 'genç', 'söz', 'kullan', 'papara', 'kullan']","['kullan kampanya', 'para gönder', 'kampanya kriter', 'kart kullan', 'banka kart']"
"['şekil', 'giriş', 'önce', 'giriş', 'kullan', 'ilk', 'hesap', 'çalış', 'hesap', 'blok', 'hesap', 'blok', 'kurtar', 'mail', 'adres', 'eposta', 'gerek', 'kesinlikle', 'biz', 'eposta', 'gir', 'iste', 'türlü', 'kayıt', 'işlem', 'gerçek', 'diğer', 'yorum', 'oku', ""i̇nternet'ten"", 'biraz', 'araştır', 'yaşa', 'sorun', 'yaşa', 'onlarca', 'insan', 'var', 'aynı', 'şekil', 'hiçbiri', 'sorun', 'çöz', 'vakit', 'kaybet']","['kurtar mail', 'hesap blok', 'hesap çalış', 'blok hesap', 'ilk hesap']"
"['limit', 'son', 'telefon', 'fatura', 'bura', 'öde', 'iste', 'payne', 'dene', 'son', 'fatura', 'henüz', 'öde', 'limit', 'kullan', 'ses', 'prado', 'sok', 'kendi', 'neyse', 'sil', 'limit', 'siz', 'lazım', 'değil']","['son fatura', 'telefon fatura', 'öde limit', 'henüz öde', 'bura öde']"
"['önce', 'hesap', 'var', 'yıl', 'önce', 'sonra', 'sil', 'şimdi', 'tekrar', 'yükle', 'hesap', 'güvenlik', 'don', 'şifre', 'yenile', 'şey', 'zırvala', 'şifre', 'yenile', 'buton', 'bas', 'eposta', 'doğrula', 'doğrula', 'bil', 'yaz', 'yer', 'yok', 'yaz', 'eposta', 'sanir', 'sadece', 'baş', 'harf', 'son', 'harf', 'var', 'eposta', 'adres', 'bile', 'değil', 'şifre', 'ora', 'gönder', 'söyle', 'gör', 'düşük', 'puan', 'sorun', 'çöz']","['şifre yenile', 'zırvala şifre', 'şifre ora', 'şifre', 'değil şifre']"
"['berbat', 'güncelle', 'iyi', 'kendi', ""i̇nternet'inse"", 'gir', 'olay', 'kaldır']","['berbat güncelle', 'olay kaldır', 'güncelle iyi', 'güncelle', 'kendi nternet']"
"['youcamp', 'fotoğraf', 'düzenle', 'hizmet', 'çalış', 'öde', 'tür', 'seç', 'hata', 'siz', 'dönüş', 'rağmen', 'hala', 'tık', 'yok', 'hergün', 'gün', 'kaç', 'mesaj', 'sinir', 'boz', 'devam']","['youcamp fotoğraf', 'youcamp', 'kaç mesaj', 'yok hergün', 'mesaj']"
"['ilk', 'baş', 'kullan', 'hoş', 'git', 'i̇nternet', 'paket', 'kazan', 'hatta', 'ilk', 'baş', 'para', 'yükle', 'basit', 'işlem', 'eskiden', 'kimlik', 'doğrula', 'iste', 'şua', 'iste', 'garip', 'telefon', 'numara', 'tek', 'gir', 'adım', 'soyadı', 'göster', 'kimlik', 'doğrula', 'lazım', 'güncelle', 'önce', 'böyle', 'değil', 'banka', 'geri', 'dön', 'cevap', 'i̇nternet', 'paket', 'yok', 'gir', 'lira', 'illa', 'i̇nternet', 'paket', 'odeyecez', 'excuseskrktr']","['garip telefon', 'kimlik doğrula', 'telefon numara', 'telefon', 'göster kimlik']"
"['sık', 'numara', 'kod', 'gönderi', 'düşün', 'iyi']","['numara kod', 'kod gönderi', 'sık numara', 'numara', 'gönderi düşün']"
"['para', 'dakika', 'iyi', 'hani', 'saat', 'bekle', 'alay']","['saat bekle', 'dakika iyi', 'para dakika', 'bekle alay', 'bekle']"
"['şifre', 'unut', 'şifre', 'yen', 'çalış', 'fakat', 'posta', 'adres', 'gerek', 'bildirim', 'yüz', 'şifre', 'yenileyemiyorumuygulamaya', 'giriş', 'yapamıyorumyardım', 'sevin']","['şifre yenileyemiyorumuygulamaya', 'şifre unut', 'unut şifre', 'şifre', 'giriş yapamıyorumyardım']"
"['pişman', 'şifre', 'yenile', 'hane', 'şifre', 'oluş', 'giriş', 'hane', 'şifre', 'hesap', 'don', 'kez']","['pişman şifre', 'şifre yenile', 'şifre hesap', 'şifre', 'şifre oluş']"
"['ekran', 'bildirim', 'soru', 'cevap', 'müşteri', 'şok', 'market', 'çeki', 'bildirim', 'binaen', 'yarış', 'katıl', 'bütün', 'soru', 'doğru', 'cevap', 'hal', 'soru', 'baş', 'toplam', 'fatura', 'yansı', 'böyle', 'kazıkla', 'şeytan', 'akıl']","['bildirim soru', 'müşteri şok', 'fatura yansı', 'cevap müşteri', 'şok market']"
"['sil', 'iyi', 'değil']","['iyi değil', 'değil', 'sil iyi', 'iyi', 'sil']"
"['tamamen', 'üçkağıt', 'üzeri', 'kurulu', 'gerek', 'ödül', 'para', 'defa', 'kampanya', 'koşul', 'güncelle', 'sonra', 'ertele', 'para', 'yükle', 'bile', 'komisyon', 'katılım', 'sağla', 'gerekli', 'koşul', 'sağla', 'kampanya', 'sistem', 'kaldır', 'fatura', 'öde', 'seçenek', 'kadar', 'iste', 'firma', 'liste', 'bile', 'yok', 'boşuna', 'yükle', 'para', 'kap', 'fatura', 'falan', 'öde', 'git', 'fastpay', 'kullan', 'işle', 'komisyon', 'falan']","['öde seçenek', 'kampanya sistem', 'kampanya koşul', 'kaldır fatura', 'gerek ödül']"
"['arkadaş', 'para', 'gönder', 'gerek', 'kadar', 'rezalet', 'yaş', 'küçük', 'hiçbirşey']","['arkadaş para', 'para gönder', 'küçük hiçbirşey', 'arkadaş', 'gerek kadar']"
"['önce', 'gir', 'çalış', 'güvenlik', 'sistem', 'geliştir', 'güya', 'gir', 'böyle', 'saçmalık', 'yok', 'gir', 'ilk', 'hesap', 'sil', 'kaldır', 'güvenlik', 'sağla', 'gerçekten', 'kimse', 'gir']","['güvenlik sistem', 'güvenlik sağla', 'güvenlik', 'kaldır güvenlik', 'çalış güvenlik']"
"['siz', 'yedi', 'cet', 'atla', 'son', 'güncelle', 'sonra', 'hesap', 'gir', 'mobil', 'veri', 'iste', 'saçma', 'güvenlik', 'sistem', 'gerek', 'allah', 'siz', 'ıslah']","['mobil veri', 'güvenlik sistem', 'gir mobil', 'mobil', 'saçma güvenlik']"
"['aycell', 'sahtekar', 'yok', 'adam', 'koy', 'kampanya', 'haber', 'yok', 'google', 'olay', 'store', 'aycell', 'üzeri', 'oyun', 'alım', 'metin', 'kadar', 'yaz', 'ekran', 'görüntü', 'gönder', 'bide', 'boş', 'yer', 'oyun', 'uzak', 'dur', 'kaç', 'kere', 'mail', 'kendi', 'haber', 'yok']","['yok google', 'sahtekar yok', 'haber yok', 'yok adam', 'kampanya haber']"
"['işlem', 'aynı', 'tut', 'yaz', 'yeni', 'versiyon', 'iyi', 'değil']","['yaz yeni', 'yeni versiyon', 'versiyon', 'versiyon iyi', 'iyi değil']"
"['hak', 'gerek', 'iyi', 'siz', 'tek', 'sorum', 'var', 'git', 'çorum', 'sungurlu', 'ilçe', 'koy', 'milyon', 'kişi', 'yaşa', 'bursa', 'şehir', 'elektrik', 'koy', 'şaşır', 'bursa', 'elektrik', 'koy']","['şehir elektrik', 'bursa elektrik', 'elektrik', 'elektrik koy', 'şehir']"
"['iyi', 'sadece', 'i̇nternet', 'sıkıntı', 'yıl', 'düzel', 'lazım']","['yıl düzel', 'düzel lazım', 'sıkıntı yıl', 'nternet sıkıntı', 'lazım']"
"['gün', 'banka', 'hesap', 'aycell', 'hesap', 'para', 'yitir', 'yazikki', 'gün', 'geç', 'rağmen', 'iade', 'aycell', 'hesap', 'geç', 'gün', 'gerek', 'ara', 'gerek', 'mail', 'durum', 'izah', 'calisiyorum', 'yazikki', 'söyle', 'tek', 'kelime', 'çözüm', 'sure', 'çıldır', 'üzere', 'tam', 'dolandırıcı', 'aycell', 'kullan', 'turkcell', 'kullan', 'zaten', 'paycel', 'tam', 'tuzak', 'ilk', 'hazır', 'limit', 'kullan', 'banka', 'hesap', 'gönder', 'kesinti', 'kullan']","['hesap geç', 'gönder kesinti', 'gün banka', 'tam dolandırıcı', 'gün geç']"
"['artık', 'yara', 'başka', 'numara', 'gir', 'kendi', 'numara', 'asla', 'gir', 'sinir', 'boz', 'sim', 'kart', 'telefon', 'sim', 'kart', 'numara', 'kabul', 'eskiden', 'iyi', 'şimdi', 'yara']","['kart numara', 'numara kabul', 'numara gir', 'artık yara', 'şimdi yara']"
"['dur', 'kimlik', 'doğrula', 'dene', 'hata', 'işlem', 'gerek', 'işlem', 'acilen', 'eski', 'hal', 'getir']","['hata işlem', 'kimlik doğrula', 'dene hata', 'dur kimlik', 'kimlik']"
"['yeni', 'güncelle', 'böyle', 'saik', 'kere', 'lira', 'yatır', 'doğrula', 'hala', 'doğrula', 'iste', 'kendi', 'halkbank', 'i̇zban', 'numara', 'tanımıyorpara', 'transfer', 'yapamıyorumbu', 'sorun', 'çöz', 'artıkkaç', 'mail', 'boşacil', 'para', 'transfer', 'gerek']","['mail boşacil', 'tanımıyorpara transfer', 'artıkkaç mail', 'kendi halkbank', 'halkbank zban']"
"['iyi', 'saçmala', 'sürekli', 'hata']","['sürekli hata', 'saçmala sürekli', 'hata', 'iyi saçmala', 'saçmala']"
"['arkadaş', 'iyi', 'değil']","['arkadaş', 'arkadaş iyi', 'iyi değil', 'değil', 'iyi']"
"['cidden', 'insani', 'sabır', 'sına', 'hafta', 'perşembe', 'gün', 'salla', 'topla', 'puan', 'yara', 'verdigu', 'puan', 'fazla', 'puan', 'lazım', 'hediye', 'i̇nternet', 'kazan', 'hafta', 'puan', 'fazla', 'saçma', 'hani', 'bird', 'sure', 'hafta', 'kullan', 'lazım', 'puan', 'hafta', 'sıfırlandigi', 'türlü', 'puan', 'cidden', 'tam', 'zaman', 'kayıp', 'nadir', 'i̇nternet']","['hafta sıfırlandigi', 'hafta kullan', 'puan hafta', 'hafta puan', 'sure hafta']"
"['kar', 'saçma', 'gör', 'kar', 'para', 'yükle', 'hala', 'orda', 'kal', 'başka', 'gönder', 'sebep', 'kimlik', 'dogruluyamam', 'bütün', 'bilgi', 'doğru', 'gir', 'rağmen', 'hala', 'hata', 'madem', 'kimlik', 'doğrula', 'hata', 'var', 'zan', 'para', 'yıl', 'yükeledigimde', 'böyle', 'yok', 'yıldız', 'sebep', 'yorum', 'üste', 'görün']","['kimlik dogruluyamam', 'hala hata', 'sebep kimlik', 'doğrula hata', 'kimlik doğrula']"
"['son', 'güncelle', 'sonra', 'fark', 'numara', 'kayıt', 'aycell', 'hesap', 'telefon', 'açamıyorumson', 'güncelle', 'memnun', 'kal', 'iletebilirimi̇lgili', 'hat', 'sim', 'kart', 'tak', 'istiyorproblemin', 'çöz', 'rica', 'kere', 'mahsus', 'doğrula', 'işlem', 'gerek', 'fakat', 'devam', 'soruyorsürekli', 'sim', 'kart', 'değiştireceğizkonu', 'hak', 'destek', 'sağla', 'mısınızson', 'güncelle', 'gerçekten', 'kötüi̇yi', 'çalış', 'dile']","['kart değiştireceğizkonu', 'hesap telefon', 'sim kart', 'açamıyorumson güncelle', 'telefon açamıyorumson']"
"['kimlik', 'doğrula', 'dene', 'saçmalık', 'seç', 'gerek', 'banka', 'hiçbiri', 'hesap', 'yok', 'lira', 'faiz', 'yırtın', 'resmen', 'napıcam', 'şimdi', 'para', 'kart', 'kal', 'kimlik', 'doğrula', 'saçmalık', 'yüz', 'hiçbir', 'yet', 'artık', 'düzle', 'doğru', 'dürüst', 'insan', 'para', 'öyle', 'kal', 'kitle']","['insan para', 'banka hiçbiri', 'faiz yırtın', 'kimlik doğrula', 'şimdi para']"
"['aylık', 'ücret', 'öde', 'tutar', 'yüksek', 'diğer', 'firma', 'hiçbiri', 'böyle', 'yok', 'para', 'canavar', 'para', 'akis', 'iddia']","['öde tutar', 'ücret öde', 'yok para', 'firma hiçbiri', 'aylık ücret']"
"['son', 'güncelle', 'sonra', 'kafa', 'yedi', 'herhalde', 'güvenlik', 'kontrol', 'veri', 'geç', 'hat', 'aycell', 'numara', 'değil', 'alaka', 'kardeş', 'zaman', 'kullan', 'numara', 'kart', 'yetkili', 'çöz', 'iyi']","['numara kart', 'kullan numara', 'aycell numara', 'güvenlik kontrol', 'kart yetkili']"
"['kötü', 'giriş', 'güvenlik', 'kontrol', 'lütfen', 'ilgilen', 'bile', 'hemen', 'düzel', 'lazım']","['giriş güvenlik', 'güvenlik kontrol', 'güvenlik', 'kontrol lütfen', 'giriş']"
"['böyle', 'hırsız', 'tefeci', 'tahuttutum', 'bit', 'lanet', 'opreretorden', 'aile', 'gece', 'sülale', 'cikicaz', 'sok', 'böyle', 'operatör']","['böyle hırsız', 'hırsız tefeci', 'sülale cikicaz', 'hırsız', 'lanet opreretorden']"
"['son', 'guncellrmr', 'yüz', 'hesap', 'giriş', 'kendi', 'telefon', 'giriş', 'fakat', 'yine', 'aynı', 'sıkıntı', 'turkcell', 'ekip', 'alg', 'taraf', 'seferligr', 'mahsus', 'sefer', 'mahsus', 'değil', 'güvenlik', 'kalk', 'güvenlik', 'iste', 'sim', 'kart', 'hangi', 'tel', 'onay', 'mesaj', 'git', 'şekil', 'iyi']","['telefon giriş', 'tel onay', 'onay mesaj', 'kendi telefon', 'telefon']"
"['sürekli', 'sorun', 'para', 'yükle', 'kalk', 'işlem', 'devam', 'lütfen', 'sonra', 'dene', 'hediye', 'aycell', 'puan', 'kullan', 'yine', 'hata', 'sürekli', 'hata', 'hata', 'iste', 'zaman', 'para', 'yükle', 'sonra', 'hata', 'sonra', 'gerek', 'yok']","['sürekli hata', 'sorun para', 'hata sürekli', 'sonra hata', 'hata sonra']"
"['eski', 'hal', 'iyi', 'iste', 'wifi', 'hesap', 'gir', 'şimdi', 'mobil', 'veri', 'gerek', 'ayıp', 'böyle', 'paye', 'gıcık']","['wifi hesap', 'iste wifi', 'wifi', 'mobil veri', 'mobil']"
"['gayet', 'başarı', 'başla', 'tabi', 'kaç', 'eksik', 'var', 'kimse', 'şüphe', 'yok', 'hafta', 'salla', 'kazan', 'puan', 'nebze', 'art']","['kazan puan', 'gayet başarı', 'başarı', 'başarı başla', 'yok hafta']"
"['hesap', 'şifre', 'don', 'bil', 'posta', 'şifre', 'yenile', 'saçmalık']","['posta şifre', 'şifre yenile', 'hesap şifre', 'şifre don', 'şifre']"
"['gece', 'puan', 'biraz', 'çabuk', 'iyi']","['gece puan', 'çabuk iyi', 'biraz çabuk', 'gece', 'çabuk']"
"['iyi', 'değil']","['iyi değil', 'değil', 'iyi']"
"['faiz', 'böyle', 'kesinti']","['faiz böyle', 'böyle kesinti', 'faiz', 'kesinti', 'böyle']"
"['son', 'güncelle', 'gir', 'aynı', 'hat', 'gir', 'zaten', 'ayni', 'hat', 'var', 'üzeri', 'saçmalık', 'hemen', 'düzle', 'gerek']","['gir aynı', 'zaten ayni', 'düzle gerek', 'var üzeri', 'aynı hat']"
"['yenile', 'program', 'sonunda', 'turkcell', 'hat', 'kır', 'sık', 'artık', 'şeref', 'adam', 'değil']","['sonunda turkcell', 'turkcell', 'hat kır', 'turkcell hat', 'şeref adam']"
"['yeni', 'güncelle', 'aşırı', 'kötü', 'başka', 'hesap', 'başka', 'telefon', 'gir', 'para', 'gönder', 'kimlik', 'doğrula', 'zorunlu', 'falan', 'herkes', 'zora', 'sok', 'önce', 'hal', 'geri', 'lazım']","['hesap başka', 'gönder kimlik', 'başka telefon', 'kimlik doğrula', 'başka hesap']"
"['böyle', 'cam', 'yeni', 'güncelle', 'kötü', 'eski', 'hal', 'çevir', 'lütfen']","['böyle cam', 'cam yeni', 'eski hal', 'yeni güncelle', 'hal çevir']"
"['güvenlik', 'telefon', 'kod', 'gir', 'rağmen', 'sim', 'kart', 'uyuş', 'telefon', 'takı', 'sim', 'kart', 'numara', 'doğru', 'numara', 'giriş', 'alt', 'hesap', 'profil', 'biz', 'ulaş', 'yaz', 'yetkili', 'siz', 'ulaş', 'hesap', 'gir', 'lazım', 'cidden', 'yazık', 'koç', 'koca', 'turkcell', 'bak']","['telefon takı', 'güvenlik telefon', 'kart numara', 'uyuş telefon', 'telefon kod']"
"['iyi', 'hoş', 'sadece', 'türkcell', 'bil', 'vodafone', 'giyim', 'olay', 'store', 'kod', 'dahi', 'yok', 'bencil', 'kötü']","['yok bencil', 'hoş sadece', 'giyim olay', 'sadece', 'bencil kötü']"
"['güvenlik', 'kontrol', 'gerçek', 'mobil', 'veri', 'gerek', 'yahu', 'arkadaş', 'tablet', 'aciklarmisiniz', 'telefon', 'yeterli', 'alan', 'olmadigindan', 'tablet', 'kullan', 'saye', 'şimdi', 'giriş', 'hafıza', 'telefon', 'hediye', 'yok', 'bütün', 'işlem', 'payne', 'artık', 'kullan']","['mobil veri', 'hafıza telefon', 'gerçek mobil', 'tablet kullan', 'tablet aciklarmisiniz']"
"['puan', 'harca', 'sınırla', 'iyi', 'gez', 'insanımve', 'i̇nternet', 'ihtiyaç', 'puan', 'harca', 'kısıtla', 'dolayı', 'kendi', 'i̇nternet', 'hafta', 'puan', 'kazan', 'düşün']","['sınırla iyi', 'kısıtla dolayı', 'hafta puan', 'ihtiyaç puan', 'puan kazan']"
"['kimlik', 'doğrula', 'kaldır', 'lazım', 'arkadaş', 'para', 'kimlik', 'doğrula', 'yüz', 'banka', 'kart', 'yok', 'çözüm', 'yüz', 'yok']","['kart yok', 'banka kart', 'kimlik doğrula', 'para kimlik', 'kimlik']"
"['berbat', 'yarar', 'san', 'koskoca', 'turkcell', 'iyi', 'bekle']","['iyi bekle', 'turkcell iyi', 'bekle', 'koskoca turkcell', 'turkcell']"
"['son', 'güncelle', 'sonra', 'iyi', 'berbat', 'numara', 'yanlış', 'hata', 'soğut', 'aycell']","['numara yanlış', 'hata soğut', 'berbat numara', 'yanlış hata', 'hata']"
"['güzel', 'fakat', 'kazandibi', 'puan', 'sure', 'kısa', 'puan', 'birikim', 'yapilamiyor', 'hediye', 'faydalan', 'biraz', 'genişle', 'iyi']","['güzel fakat', 'kazandibi puan', 'hediye faydalan', 'yapilamiyor hediye', 'kazandibi']"
"['gayet', 'iyi', 'fakat', 'son', 'güncelle', 'gerçekten', 'berbat', 'telefon', 'sim', 'kart', 'aycell', 'hesap', 'ait', 'numara', 'fark', 'işle', 'hata', 'hatanınen', 'kısa', 'süre', 'çöz', 'talep', 'iyi', 'çalış']","['berbat telefon', 'telefon sim', 'telefon', 'sim kart', 'numara fark']"
"['şöyle', 'yorum', 'okul', 'aman', 'aman', 'kesinlikle', 'taahütümde', 'bit', 'operatör', 'hemen', 'değiş', ""i̇nternet'im"", 'yet', 'yet', 'anla', 'herşey', 'düşük', 'kalite', 'seyret', 'vodafone', 'kullan', 'hemen', 'aynı', 'gir', 'net', 'yet', 'art', 'paket', 'bit', 'üst', 'bird', 'şebeke', 'gayet', 'iyi', 'çek', 'aynı', 'neden', 'tel', 'çek', 'kardeş', 'turkcell', 'sev', 'harbi', 'herkes', 'turkcell']","['neden tel', 'herkes turkcell', 'turkcell', 'kardeş turkcell', 'vodafone kullan']"
"['hesap', 'doğru', 'hata', 'lazım']","['hata lazım', 'doğru hata', 'hata', 'hesap doğru', 'hesap']"
"['sadece', 'turkcell', 'olay', 'kod', 'yarar', 'bil', 'düzelt', 'iyi', 'yüz', 'puan']","['sadece turkcell', 'turkcell olay', 'turkcell', 'düzelt iyi', 'bil düzelt']"
"['hesap', 'don', 'şifre', 'yenile', 'gerek', 'hesap', 'gir', 'yen', 'şaka']","['don şifre', 'şifre yenile', 'yen şaka', 'hesap don', 'şifre']"
"['zaman', 'güncelle', 'iyi', 'kötü', 'yazık']","['zaman güncelle', 'zaman', 'güncelle iyi', 'güncelle', 'iyi kötü']"
"['iyi', 'değil']","['iyi değil', 'değil', 'iyi']"
"['böyle', 'saçma', 'aptal', 'görmedimhesabımdan', 'para', 'aktar', 'sürekli', 'hata', 'veriyorlimit', 'yüksel', 'temsilci', 'sistem', 'belirle', 'diyorrezalet']","['sürekli hata', 'saçma aptal', 'hata veriyorlimit', 'görmedimhesabımdan para', 'aptal görmedimhesabımdan']"
"['kendi', 'banka', 'hesap', 'parsel', 'para', 'yükle', 'iste', 'geç', 'yükle', 'şua', 'kadar', 'yükle', 'buçuk', 'saat', 'falan', 'hala', 'bakiye', 'gorünmuyor', 'sorun', 'var', 'fast', 'yaptiğim', 'para', 'yer', 'herhangi', 'sorun', 'tekrar', 'para', 'geri', 'iade', 'düşün', 'mesela', 'şua', 'şua', 'tek', 'sorun', 'diğer', 'açı', 'herşey', 'iyi', 'çöz', 'sıfır', 'sıkıntı']","['banka hesap', 'tekrar para', 'kendi banka', 'banka', 'geç yükle']"
"['aycell', 'başka', 'telefon', 'giriş', 'aycell', 'kayıt', 'telefon', 'zor', 'keşke', 'son', 'güncelle', 'dış', 'iyi']","['başka telefon', 'telefon zor', 'kayıt telefon', 'telefon giriş', 'telefon']"
"['telefon', 'takı', 'sim', 'kart', 'hesap', 'gir', 'sim', 'kart', 'numara', 'aynı', 'rağmen', 'aynı', 'değil', 'uyarı', 'dikkat', 'bütün', 'para', 'çöp', 'i̇nindal', 'iyi']","['kart numara', 'kart hesap', 'telefon takı', 'sim kart', 'para çöp']"
"['iyi', 'değil', 'mey']","['iyi değil', 'değil mey', 'değil', 'iyi', 'mey']"
"['illa', 'kendi', ""i̇nternet'in"", 'gerek', 'anla', 'gine', 'sağol', 'yaz', 'cevap', 'gmail']","['sağol yaz', 'illa kendi', 'sağol', 'kendi', 'gine sağol']"
"['para', 'yükle', 'kadar', 'zor', 'kendi', 'banka', 'kart', 'para', 'yükle', 'öde', 'harca', 'sistem', 'güncelle', 'kötü', 'git', 'maalesef', 'düzenle', 'mayıs', 'itibari', 'düzel', 'sorun']","['banka kart', 'kendi banka', 'güncelle kötü', 'banka', 'yükle öde']"
"['aycell', 'bakiye', 'sıfır', 'rağmen', 'fatura', 'yansı', 'ürün', 'ücret', 'onay', 'gerçek', 'yüz', 'yıldız', 'öyle', 'aycell', 'hesap', 'gerek', 'var', 'aycell', 'kart', 'gerek', 'var', 'direk', 'fatura', 'yansı', 'öyle']","['fatura yansı', 'rağmen fatura', 'direk fatura', 'fatura', 'kart gerek']"
"['tarih', 'market', 'işlem', 'sistem', 'hata', 'pos', 'cihaz', 'çek', 'çek', 'sistem', 'fiş', 'çıkar', 'üzeri', 'nakit', 'öde', 'ancak', 'git', 'bak', 'kasa', 'onayla', 'ancak', 'aycell', 'çek', 'mail', 'ekran', 'görüntü', 'paylaş', 'dönüş', 'yok', 'kimse', 'ilgilen', 'yok', 'hak', 'helal', 'etmiyorumsakin', 'kimse', 'kullan', 'para', 'rezil', 'siz', 'dolandırıcı', 'şirket']","['dolandırıcı şirket', 'üzeri nakit', 'öde ancak', 'çek mail', 'kullan para']"
"['aycell', 'sim', 'kart', 'aycell', 'hesap', 'ait', 'numara', 'fark', 'işle', 'devam', 'hata', 'fakat', 'numara', 'aynı', 'simkarttan', 'onay', 'mesaj', 'böyle', 'hata']","['numara fark', 'sim kart', 'numara aynı', 'onay mesaj', 'kart aycell']"
"['giriş', 'şifre', 'iste', 'şifre', 'yenile', 'hal', 'giriş', 'kaç', 'sil', 'tekrar', 'yine', 'giriş', 'güvenlik', 'hesap', 'don', 'yazı', 'ekran', 'saçmalık', 'önce', 'sorun', 'çare', 'bulun', 'yok', 'sefer', 'sil', 'inan', 'yıldız', 'bile', 'yorum', 'yıldız', 'zor', 'kal', 'memnun', 'kal', 'siz']","['şifre yenile', 'giriş şifre', 'şifre', 'şifre iste', 'iste şifre']"
"['artık', 'insan', 'kan', 'yorulmadınızmı', 'sene', 'önce', 'kadar', 'turkcell', 'ustunç', 'operatör', 'yok', 'son', 'dip', 'vur', 'yalan', 'kampanya', 'yalan', 'hediye', 'sikle', 'aaa', 'para', 'iste', 'yer', 'hediye', 'salla', 'kazan', 'insan', 'hakaret', 'saat', 'artık', 'fark', 'operatör', 'gece', 'zaman', 'iyi', 'telekom']","['yalan kampanya', 'kampanya yalan', 'yalan hediye', 'hakaret saat', 'kadar turkcell']"
"['merhaba', 'cima', 'havale', 'işlem', 'ücret', 'beş', 'lira', 'iste', 'tut', 'lira', 'bak', 'alt', 'çiz', 'çiz', 'lira', 'lira', 'para', 'beş', 'lira', 'ücret', 'öde', 'aycell', 'kuruş', 'koy', 'silk']","['öde aycell', 'beş lira', 'para beş', 'cima havale', 'lira para']"
"['anla', 'gerek', 'yok', 'sorun', 'var', 'tam', 'git', 'para', 'yatır', 'kart', 'şifre', 'girdi', 'para', 'yatirs', 'bas', 'parti', 'geri', 'diğer', 'atme', 'git', 'banka', 'işlem', 'onaylmaio', 'lütfen', 'yardım', 'eder']","['banka işlem', 'banka', 'kart şifre', 'git banka', 'şifre girdi']"
"['tane', 'tel', 'numara', 'bazen', 'diğer', 'mobil', 'veri', 'üzeri', 'gir', 'calistigimda', 'güvenlik', 'hata', 'son', 'güncelle', 'sonra', 'böyle', 'giriş', 'başka', 'tel', 'eser', 'aycell', 'hesap', 'giremicekmiyim']","['mobil veri', 'tel numara', 'mobil', 'tel', 'başka tel']"
"['wifi', 'telefon', 'değil', 'i̇nternet', 'kullan', 'paket', 'yok', 'paket', 'i̇nternet', 'kal', 'anla', 'güvenlik', 'doğrula', 'mobil', 'veri', 'gerek', 'var', 'hemen', 'soru', 'çöz', 'iste', 'gir']","['wifi telefon', 'telefon değil', 'mobil veri', 'wifi', 'mobil']"
"['böyle', 'çirkin', 'gör', 'yok', 'kimlik', 'onay', 'yok', 'vakıfbank', 'gönder', 'saçma', 'değ']","['yok kimlik', 'onay yok', 'gönder saçma', 'vakıfbank gönder', 'saçma değ']"
"['gün', 'ara', 'alın', 'lira', 'aylık', 'kullanım', 'ücret', 'geri', 'iade', 'iste', 'böyle', 'saçma', 'sapan', 'ücret', 'kes', 'dur', 'kullan', 'iyi', 'kanka', 'değil', 'hırsız', 'aycell', 'kesinti', 'iade', 'hukuki', 'başvuru', 'bulun']","['ücret kes', 'ücret geri', 'değil hırsız', 'alın lira', 'kullanım ücret']"
"['vallaha', 'yazık', 'içeri', 'sadece', 'kere', 'puan', 'transfer', 'önce', 'böyle', 'değil', 'salla', 'topla', 'desen', 'fazla', 'puan', 'fazla', 'puan', 'transfer', 'sayı', 'art', 'salla', 'topla', 'dan', 'fazla', 'puan', 'diğer', 'konu', 'sıkıntı', 'yok', 'fatura', 'öde']","['puan fazla', 'fazla puan', 'fazla', 'puan diğer', 'dan fazla']"
"['kendi', 'numara', 'hala', 'numara', 'doğru', 'giriş', 'yıl', 'kullan', 'böyle', 'hata', 'yok', 'şimdi', 'telefon', 'numara', 'doğrula']","['numara doğrula', 'numara hala', 'telefon numara', 'numara doğru', 'numara']"
"['aycell', 'kazan', 'puan', 'sadece', 'sadece', 'i̇nternet', 'ödül', 'alinabi̇li̇yor', 'öncelik', 'düzelti̇lmesi̇', 'lazım']","['puan sadece', 'öncelik düzelti', 'kazan puan', 'ödül', 'nternet ödül']"
"['para', 'gönderim', 'işlem', 'kimlik', 'bilgi', 'doğrula', 'kimlik', 'bilgi', 'doğrula', 'iste', 'ilan', 'ora', 'para', 'yatirilan', 'tutar', 'hesap', 'kimlik', 'onaylancagini', 'söyle', 'yaş', 'kucak', 'mobil', 'bankacilikta', 'kullan', 'puan', 'para', 'gönder', 'gerek', 'gönder', 'hesap', 'para', 'öyle', 'kal', 'nakit', 'ekmek', 'iste', 'komisyon', 'lütfen', 'kimlik', 'doğrula', 'başka', 'şekil', 'anlaş', 'banka', 'ara', 'banka', 'trajikomik']","['mobil bankacilikta', 'hesap kimlik', 'bankacilikta kullan', 'gönder hesap', 'kimlik doğrula']"
"['paycel', 'hesap', 'tanımla', 'banka', 'hesap', 'paycel', 'hesap', 'para', 'gir', 'sağla', 'hatta', 'lira', 'yatır', 'hal', 'gözük', 'fakat', 'yarım', 'saat', 'sonra', 'hesap', 'para', 'yok']","['banka hesap', 'hesap paycel', 'hesap para', 'tanımla banka', 'banka']"
"['hesabi', 'dondurulumustur', 'şifre', 'yenile', 'buton', 'basit', 'yeni', 'şifre', 'ali', 'orta', 'şifre', 'yenile', 'buton', 'yok', 'yüz', 'giriş', 'doğrula', 'ekran', 'şifre', 'gir', 'isle', 'devam', 'şifre', 'yenile', 'deyi', 'eposta', 'doğrula', 'hiçbir', 'mesaj']","['şifre yenile', 'yeni şifre', 'dondurulumustur şifre', 'ekran şifre', 'devam şifre']"
"['son', 'güncelle', 'iyi', 'değil', 'özellikle', 'wiki', 'kapa', 'i̇nternet', 'paket', 'yok', 'gir', 'şaka']","['paket yok', 'wiki kapa', 'özellikle wiki', 'wiki', 'iyi değil']"
"['güzel', 'arayüz', 'var', 'sadece', 'kart', 'tek', 'eksik', 'temas']","['sadece kart', 'kart tek', 'tek eksik', 'eksik temas', 'arayüz var']"
"['telefon', 'sim', 'kart', 'numara', 'fark', 'devam', 'kadar', 'saçmalık', 'sevgili', 'turkcell', 'kişi', 'aynı', 'hata', 'var', 'ara', 'kişi', 'bahset', 'böyle', 'sorun', 'yaşa']","['telefon sim', 'telefon', 'sevgili turkcell', 'kart numara', 'hata var']"
"['rica', 'yardımcı', 'yeni', 'güncelle', 'dolayı', 'gir', 'telefon', 'telefon', 'numara', 'uyuş', 'söyle', 'halbuki', 'böyle', 'yok']","['gir telefon', 'telefon numara', 'telefon telefon', 'telefon', 'numara uyuş']"
"['mobil', ""i̇nternet'in"", 'yok', 'gir', 'böyle']","['yok gir', 'gir böyle', 'in yok', 'böyle', 'yok']"
"['öde', 'tut', 'lira', 'üzeri', 'gecik', 'yok', 'finansbank', 'üzeri', 'para', 'godnerdim', 'hala', 'aycell', 'yok', 'yeni', 'güncelle', 'yaz', 'para', 'yükle', 'adım', 'adım', 'gerek', 'öyle', 'yine', 'limit', 'yüksel', 'insan', 'dalga', 'geci̇yosunuz', 'güncelle', 'geti̇ri̇yorsunuz', 'teyit', 'di̇yosunuz', 'yine', 'li̇mi̇t', 'art', 'yapami̇yorsani̇z', 'birk', 'abi', 'i̇şi̇', 'kapasite', 'yet', 'zorla', 'limit', 'yüksel', 'neredeyse', 'imkan', 'şube', 'aycell', 'aycell', 'şube', 'yönlen', 'sonuç', 'yok']","['yine limit', 'limit yüksel', 'zorla limit', 'üzeri para', 'finansbank üzeri']"
"['numara', 'yedek', 'diğer', 'telefon', 'çöz', 'illa', 'aycell', 'kayıt', 'numara', 'cihaz', 'zorla', 'sorun', 'gider', 'şimdi', 'sorun', 'çıkar']","['diğer telefon', 'numara cihaz', 'telefon çöz', 'telefon', 'numara yedek']"
"['lira', 'işlem', 'limit', 'koy', 'allah', 'saçmalık', 'aptal', 'adım', 'fiyasko', 'sakın', 'para', 'kap', 'yıl', 'lira', 'çek', 'limit', 'var', 'gün', 'sorun', 'çöz']","['sakın para', 'yıl lira', 'sorun çöz', 'saçmalık aptal', 'limit var']"
"['sil', 'geri', 'yükle', 'sorun', 'yaşa', 'böyle', 'saçma', 'gör']","['böyle saçma', 'saçma gör', 'sorun yaşa', 'saçma', 'sil geri']"
"['wifi', 'kapa', 'mobil', 'veri', 'gerek', 'söyle', 'fakat', 'önce', 'kullan', 'bil', 'herkes', 'i̇nternet', 'gerek', 'tablet', 'kullan', 'telefon', 'boz', 'şua', 'sim', 'kart', 'tuş', 'telefon', 'takı', 'giriş']","['mobil veri', 'kullan telefon', 'telefon takı', 'mobil', 'wifi']"
"['gerçekten', 'böyle', 'çık', 'yıldız', 'bile', 'gir', 'hat', 'numara', 'fark', 'böyle', 'saçmalık']","['yıldız bile', 'çık yıldız', 'yıldız', 'böyle saçmalık', 'fark böyle']"
"['kişisel', 'bilgi', 'iste', 'yasal', 'düzenle', 'dolayı', 'gir', 'kez', 'işle', 'devam', 'bakiye', 'kullan', 'izin', 'market', 'kala', 'kal', 'arkadaş', 'para', 'rezil']","['kişisel bilgi', 'izin market', 'yasal düzenle', 'arkadaş para', 'kişisel']"
"['iyi', 'değil']","['iyi değil', 'değil', 'iyi']"
"['sistem', 'hata', 'isim', 'sosis', 'doğum', 'tarih', 'gir', 'şua', 'iletişim', 'sağla', 'derhal', 'düzel', 'iste', 'şua', 'i̇spark', 'kişi', 'mağdur']","['doğum tarih', 'hata isim', 'sosis doğum', 'hata', 'sistem hata']"
"['anla', 'gerek', 'yok']","['gerek yok', 'yok', 'anla gerek', 'gerek', 'anla']"
"['beş', 'para', 'kız', 'para', 'gönder', 'türlü', 'gönder', 'güncelle', 'güncel', 'program', 'sil', 'şimdi', 'yükle', 'koy']","['gönder güncelle', 'para gönder', 'beş para', 'türlü gönder', 'kız para']"
"['abi', 'allah', 'razı', 'iyi']","['allah razı', 'abi allah', 'allah', 'razı iyi', 'iyi']"
"['saye', 'aycell', 'gir', 'güvenlik', 'kontrol', 'gerçek', 'mobil', 'verim', 'gerek', 'ulan', ""i̇nternet'in"", 'var', 'i̇nternet', 'zaten', 'superonline', 'amaç', 'aşırı', 'saçma', 'diğer', 'banka', 'bile', 'böyle', 'basit', 'mantık', 'şey', 'yok', 'insan', 'düşün', 'mobil', 'veri', 'yer']","['superonline amaç', 'mobil veri', 'gerçek mobil', 'zaten superonline', 'superonline']"
"['güncelle', 'güvenlik', 'kontrol', 'gerçek', 'hata', 'i̇nternet', 'bağlantı', 'yok', 'oysaki', ""i̇nternet'in"", 'var', 'böyle']","['bağlantı yok', 'güncelle güvenlik', 'güvenlik kontrol', 'güvenlik', 'nternet bağlantı']"
"['öncelik', 'üst', 'kal', 'puan', 'olumsuz', 'yaz', 'arkadaş', 'insan', 'yorum', 'oku', 'puan', 'bak', 'iyi', 'kadar', 'kötü', 'önce', 'komple', 'kapatırdımpara', 'aktar', 'zaten', 'fazlasıyla', 'kes', 'bide', 'kullan', 'kullan', 'kullan', 'ücret', 'kes', 'müşteri', 'temsilci', 'cevap', 'bak', 'para', 'süreç', 'kesinti', 'öde', 'para', 'bile', 'sırf', 'kart', 'kullanım', 'ücret', 'kesiyordolandırıcılık']","['ücret kesiyordolandırıcılık', 'kesinti öde', 'kes müşteri', 'kullan ücret', 'kesiyordolandırıcılık']"
"['turkcell', 'aile', 'tek', 'paket', 'kal', 'iyi']","['turkcell aile', 'aile tek', 'aile', 'paket kal', 'tek paket']"
"['tarih', 'nakit', 'çekim', 'işlem', 'sorun', 'yaşa', 'gün', 'halen', 'çöz', 'kullan', 'önce', 'lütfen', 'iyi', 'araştır', 'ufak', 'problem', 'fatura', 'hemen', 'işlem', 'tutar', 'yansı', 'problem', 'gün', 'aşağı', 'kesinlikle', 'çöz', 'şimdi', 'mesaj', 'alt', 'yorum', 'yetkili', 'konu', 'hemen', 'çöz', 'iste', 'çöz', 'iste', 'gün', 'uğraş', 'zaten', 'şimdi', 'kadar', 'çöz', 'iyi', 'düşün', 'araştır']","['fatura hemen', 'problem gün', 'problem fatura', 'konu hemen', 'hemen çöz']"
"['iğrenç', 'saçma', 'sapan', 'limit', 'kolay', 'para', 'gönder', 'sürekli', 'hata', 'turkcell', 'böyle', 'berbat', 'kullan', 'inan', 'kaldır', 'asalak']","['hata turkcell', 'para gönder', 'berbat kullan', 'saçma sapan', 'kolay para']"
"['kimse', 'siz', 'zorla', 'kullan', 'becer', 'kullanmayınyıllardır', 'kullan', 'dahi', 'hata', 'karşılaş', 'sağlık', 'çağrı', 'merkez', 'personel', 'daima', 'çözüm', 'odak', 'iyi', 'çalış']","['sağlık çağrı', 'personel daima', 'iyi çalış', 'karşılaş sağlık', 'çağrı merkez']"
"['güzel', 'kart', 'ancak', 'eksik', 'vareğer', 'turkcell', 'değil', 'hediye', 'dünya', 'kısım', 'alın', 'puan', 'boşa', 'git', 'ayrıca', 'katıl', 'kampanya', 'koşul', 'yerine', 'getir', 'hal', 'ödül', 'örnek', 'dijital', 'platform', 'üye', 'para', 'yarı', 'iade', 'amazon', 'prime', 'üye', 'iade']","['kart ancak', 'güzel kart', 'iade amazon', 'amazon prime', 'ödül örnek']"
"['azıcık', 'iyi', 'sadece', 'türk', 'wodafonlar', 'için', 'kadar']","['sadece türk', 'türk wodafonlar', 'türk', 'azıcık iyi', 'kadar']"
"['reklam', 'oyun', 'getir', 'para', 'kazan', 'gerek']","['reklam oyun', 'reklam', 'getir para', 'oyun getir', 'kazan gerek']"
"['ilk', 'eksi', 'taraf', 'sürekli', 'şifre', 'giriş', 'zor', 'papara', 'direkt', 'parmak', 'giriş', 'yok', 'ikinci', 'i̇stanbul', 'kart', 'direkt', 'yüklem', 'makine', 'onayla', 'gerek', 'aycell', 'hariç', 'garanti', 'kullan', 'parti', 'direkt', 'i̇stanbul', 'kart', 'bakiye', 'yükle', 'makine', 'oyna', 'gerek', 'kal', 'şimdilik', 'gör', 'iki', 'tane', 'eksi', 'taraf', 'aycell', 'hafta', 'hata', 'can', 'sık', 'duzetilerse', 'kullan']","['sürekli şifre', 'şifre giriş', 'kart bakiye', 'şifre', 'garanti kullan']"
"['berbat', 'işle', 'para', 'kes', 'işlem', 'bedel', 'vergi', 'kart', 'ücret', 'böyle', 'uza', 'git']","['bedel vergi', 'vergi kart', 'vergi', 'ücret böyle', 'işle para']"
"['kere', 'artık', 'deyip', 'cevap', 'yolla', 'rağmen', 'halen', 'iptal', 'yazık', 'siz', 'şikayet', 'lazım', 'yasa', 'uyun', 'lütfen']","['halen iptal', 'iptal yazık', 'iptal', 'siz şikayet', 'uyun lütfen']"
"['herşey', 'başka', 'hazır', 'limit', 'bayi', 'git', 'illa', 'onay', 'gerek', 'böyle', 'salgın', 'hastalık', 'durum', 'iken', 'yakış', 'hayal', 'gerçek', 'çapraz', 'ateş', 'alt', 'adeta', 'duygu', 'dağıl']","['böyle salgın', 'salgın hastalık', 'salgın', 'hastalık durum', 'ateş alt']"
"['geçen', 'gün', 'yakın', 'harca', 'katıl', 'kampanya', 'hediye', 'sorun', 'çöz', 'gerek', 'bin', 'puan', 'yakın', 'rakım', 'çöp', 'yardımcı', 'dilek']","['kampanya hediye', 'katıl kampanya', 'kampanya', 'çöp yardımcı', 'yardımcı dilek']"
"['iyi', 'değil', 'maalesef', 'papara', 'banka', 'geç', 'iyi', 'geçmiş', 'kötü', '____________________________', 'müşteri', 'hizmet', 'hizmet', 'sıkıntı', 'var', '____________________________']","['papara banka', 'banka geç', 'banka', 'kötü ____________________________', '____________________________ müşteri']"
"['kart', 'kaydet', 'çalış', 'işlem', 'şua', 'gerçek', 'para', 'çek', 'çalış', 'sistem', 'hata', 'bazen', 'dogrulanirken', 'sorun', 'geliş', 'lazım', 'eksik', 'var']","['kart kaydet', 'sistem hata', 'gerçek para', 'hata bazen', 'para çek']"
"['böyle', 'teknolojik', 'tam', 'siz', 'göre']","['böyle teknolojik', 'teknolojik tam', 'teknolojik', 'siz göre', 'böyle']"
"['numara', 'dolandırıcı', 'hemen', 'şöyle', 'anla', 'oyun', 'sat', 'lira', 'değer', 'kart', 'para', 'çık', 'lakin', 'olay', 'store', 'oyun', 'para', 'alım', 'dur', 'anlıyacaganız', 'lira', 'para', 'saat', 'uğraş', 'kere', 'ara', 'güzel', 'dil', 'söyle', 'yardım', 'fakat', 'ara', 'ağır', 'üslup', 'konuş', 'olay', 'büyü', 'anla', 'dakika', 'geç', 'para', 'hesap', 'yat', 'saat', 'sadece', 'dakika']","['anlıyacaganız lira', 'oyun para', 'dolandırıcı hemen', 'saat uğraş', 'uğraş kere']"
"['puan', 'sadece', 'i̇ntenet', 'yad', 'fidan', 'eskiden', 'böyle', 'değil']","['puan sadece', 'eskiden böyle', 'fidan eskiden', 'eskiden', 'böyle değil']"
"['iyi', 'eksik', 'var']","['iyi eksik', 'eksik var', 'eksik', 'iyi', 'var']"
"['şua', 'yeni', 'kullan', 'iyi', 'kötü', 'yorum']","['kötü yorum', 'iyi kötü', 'kötü', 'yorum', 'kullan iyi']"
"['yalnız', 'limit', 'daha', 'üste', 'çık']","['limit daha', 'yalnız limit', 'limit', 'daha üste', 'üste çık']"
"['çokgüzel', 'banka', 'kredi', 'kart', 'kullan', 'gerek', 'yok']","['kredi kart', 'banka kredi', 'kredi', 'çokgüzel banka', 'kart kullan']"
"['işlem', 'net', 'şekil', 'gör', 'şeffaf', 'siz', 'limit', 'üst', 'kendi', 'kendi', 'çık', 'emtia', 'sat', 'yüksek', 'işlem', 'ücret', 'yan', 'sıra', 'mobil', 'öde', 'çıkart', 'aycell', 'üye', 'iptal', 'kere', 'ara', 'zor', 'kal', 'öner']","['şeffaf siz', 'gör şeffaf', 'şeffaf', 'limit üst', 'öde çıkart']"
"['kötü', 'parti', 'tutar', 'bloke', 'parti', 'iptal', 'numara', 'tekrar', 'başka', 'hesap', 'acamayacagimi', 'oyla', 'master', 'temsilci', 'bil', 'sorun', 'boz', 'hala', 'çöz', 'kimse', 'öner', 'kat', 'kat', 'iyi', 'fark', 'fark', 'birsürü', 'fazla', 'kullabisli', 'kart', 'banka', 'var', 'para', 'bal', 'kart', 'bloke', 'durum', 'hala', 'herhangi', 'çözüm', 'ulasilmamis', 'gir']","['hesap acamayacagimi', 'kart banka', 'sorun boz', 'başka hesap', 'banka var']"
"['güzel', 'fakat', 'hak', 'puan', 'bazen', 'geliş', 'sistem', 'hata', 'düzel', 'iyi']","['hata düzel', 'sistem hata', 'düzel iyi', 'fakat hak', 'iyi']"
"['turkcell', 'kadar', 'dandik', 'program', 'gör', 'enteresan', 'şifre', 'oluş', 'mail', 'değiş', 'eski', 'maile', 'gönder', 'hadi', 'geç', 'şifre', 'yenile', 'hane', 'sıfırla', 'gönder', 'hane', 'şifre', 'iste', 'bırak', 'kaç', 'saat', 'sonra', 'tekrar', 'dene', 'sefer', 'şifre', 'yenile', 'gün', 'bekle', 'gerek', 'söyle', 'uğraş', 'kaldır', 'git']","['şifre yenile', 'sefer şifre', 'enteresan şifre', 'geç şifre', 'şifre oluş']"
"['iyi', 'değil', 'tabi', 'kötü', 'kullanılabilirgerekirse', 'olumsuz', 'bul', 'yön', 'sıra', 'hesap', 'nekadar', 'para', 'var', 'hepsi', 'siz', 'yarı', 'dış', 'hiçbirşekilde', 'kullan', 'göre', 'büyük', 'saçmalıkfatura', 'kesim', 'para', 'iste', 'yer', 'harca', 'hepsi', 'çek', 'gerek', 'diğer', 'önem', 'konu', 'para', 'aycell', 'kart', 'aktar', 'ayrı', 'ora', 'ilan', 'ayrı', 'ücret', 'kes', 'buda', 'bul', 'gerek', 'var', 'hayır']","['konu para', 'kötü kullanılabilirgerekirse', 'ayrı ücret', 'ücret kes', 'kullanılabilirgerekirse olumsuz']"
"['kendi', 'çıkar', 'ilk', 'kupon', 'bile', 'sil', 'yazık', 'çıkarcı', 'zihniyet', 'nisan', 'son', 'kullan', 'ilk', 'kupon', 'gün', 'bit', 'silis', 'şey', 'para', 'kes', 'soyguncu', 'zihniyet', 'göz', 'zaman', 'tüket', 'cep']","['ilk kupon', 'kupon bile', 'kupon gün', 'tüket cep', 'kes soyguncu']"
"['i̇stanbul', 'kart', 'para', 'yok', 'yan', 'nakit', 'yok', 'tam', 'biraz', 'uzak', 'üşen', ""i̇nternet'e"", 'bak', 'akp', 'çık', 'aman', 'allah', 'güvenlik', 'önlem', 'federal', 'biz', 'izle', 'sürü', 'adım', 'ekle', 'ekle', 'telefon', 'şifre', 'oku', 'son', 'zor', 'bela', 'yükle', 'para', 'tam', 'turnike', 'geç', 'yetersiz', 'bakiye', 'meğerse', 'para', 'yükle', 'sonra', 'dolu', 'nokta', 'git', 'onayla', 'gerek', 'anlam', 'kal', ""i̇nternet'ten"", 'gül', 'bak', 'sinir']","['allah güvenlik', 'yetersiz bakiye', 'para yok', 'akp çık', 'nakit yok']"
"['güven', 'sadece', 'puan', 'sür', 'iyi']","['güven sadece', 'güven', 'sadece puan', 'sür iyi', 'iyi']"
"['iyi', 'değil', 'sakin', 'para', 'aktar', 'işlem', 'kesinti', 'puan', 'siz', 'tavsiye', 'gerek', 'bur', 'sırf', 'para', 'kopar']","['sırf para', 'siz tavsiye', 'para aktar', 'tavsiye gerek', 'tavsiye']"
"['aylık', 'ücret', 'öde', 'sanal', 'hesap', 'sahip', 'iste', 'var', 'kullan', 'hesap', 'sahip', 'hemen', 'hemen', 'banka', 'bedava', 'gün', 'oldukça', 'saçma', 'üstelik', 'turkcell', 'kullan', 'bile', 'durum', 'böyle', 'hesap', 'kripto', 'para', 'düpedüz', 'hırsız', 'gerekli', 'yer', 'şikayet', 'kazan', 'hiçbir', 'yok', 'kaybet', 'var']","['hesap kripto', 'kripto para', 'banka bedava', 'öde sanal', 'kripto']"
"['yıldız', 'yorum', 'çık', 'müşteri', 'hizmet', 'sayfi', 'talebe', 'odak', 'değil', 'uzun', 'uzun', 'kullanım', 'şart', 'anla', 'para', 'yüklem', 'eski', 'kart', 'eski', 'kart', 'kullan', 'yeni', 'kart', 'geç', 'gün', 'kadar', 'bekle', 'gerek', 'para', 'transfer', 'komisyon', 'aylık', 'limit', 'artır', 'şube', 'ikametgah', 'kimlik', 'gerek', 'öde', 'kart', 'bırak', 'kadar', 'iste', 'kadar', 'yük', 'süre', 'gün', 'uğraş', 'kadar']","['kart kullan', 'kart geç', 'yeni kart', 'kart bırak', 'kart eski']"
"['iyi', 'bazen', 'heryer', 'aksak', 'değil', 'gine', 'iyi']","['iyi bazen', 'gine iyi', 'iyi', 'aksak değil', 'değil gine']"
"['önce', 'böyle', 'pis', 'gör', 'para', 'çek']","['gör para', 'para çek', 'böyle pis', 'pis gör', 'önce böyle']"
"['dene', 'kullan', 'şey', 'komisyon', 'ücret', 'kanka', 'böyle', 'kanka', 'ayrıca', 'fatura', 'kurum', 'fatura', 'yok', 'boş', 'anla']","['ayrıca fatura', 'komisyon ücret', 'ücret kanka', 'kurum fatura', 'fatura kurum']"
"['anla', 'gerek', 'yok', 'gör']","['gerek yok', 'yok gör', 'yok', 'anla gerek', 'gör']"
"['aycell', 'yorum', 'böyle', 'önce', 'yüksek', 'puan', 'var', 'boz', 'gelenek', 'git', 'baş', 'bile', 'artık', 'çık', 'insan', 'mahrum', 'bırak', 'ilgili', 'yer', 'ilet', 'kripto', 'para', 'bölüm', 'koy', 'hala', 'bura', 'çık', 'ziraat', 'geç', 'sen', 'banka', 'değil', 'kanki', 'aycell', 'dolandırıcı', 'muamele', 'banka', 'dönme', 'bura', 'herkes', 'para', 'peş', 'bak', 'sürekli', 'yorum', 'herkes', 'güven', 'hiçbir', 'firma', 'anlaş', 'değil']","['banka dönme', 'kripto para', 'kripto', 'sen banka', 'ilet kripto']"
"['usdunde', 'kanka', 'banka', 'gerek', 'yok', 'kanka', 'var']","['banka gerek', 'gerek yok', 'kanka banka', 'banka', 'yok kanka']"
"['gayet', 'güzel', 'kullan', 'yalnız', 'komisyon', 'ücret', 'biraz', 'düşük', 'iyi']","['ücret biraz', 'biraz düşük', 'komisyon ücret', 'yalnız komisyon', 'ücret']"
"['banka', 'hesap', 'nakit', 'aktardımfaturamı', 'öde', 'kazan', 'puan', 'alışveriş', 'indirim', 'kullandımhatta', 'harca', 'para', 'kazandımşikayetçi', 'arkadaş', 'olay', 'tam', 'çöz', 'gerek']","['nakit aktardımfaturamı', 'para kazandımşikayetçi', 'indirim kullandımhatta', 'banka hesap', 'aktardımfaturamı öde']"
"['saçma', 'sapan', 'aşırı', 'kullan', 'yön', 'cüzdan', 'göz', 'dik', 'para', 'koy', 'resmen', 'çek', 'transfer', 'izin']","['yön cüzdan', 'cüzdan göz', 'cüzdan', 'dik para', 'aşırı kullan']"
"['yıldız', 'yıldız', 'kes', 'sebep', 'fark', 'tam', 'para', 'yükle', 'komisyon', 'bedel', 'ortak', 'tam', 'yer', 'fatura', 'öde', 'kısım', 'bursa', 'liman', 'enerji', 'öde', 'bursa', 'elektrik', 'fatura', 'öde', 'böyle', 'seçenek', 'yok', 'güncelle', 'güzel', 'sistem', 'var', 'olanak', 'başka', 'hesap', 'transfer', 'ücret', 'paha', 'komisyon', 'kupon', 'bölüm', 'biraz', 'kupon', 'harca', 'seçenek', 'bırak', 'iyi']","['öde bursa', 'fatura öde', 'öde böyle', 'yer fatura', 'ücret paha']"
"['uzak', 'dur', 'sakın', 'lira', 'para', 'yükle', 'çek', 'diğer', 'çek', 'kimlik', 'teyit', 'yıllık', 'işlem', 'kardeş', 'madem', 'öyle', 'açık', 'seçik', 'şekil', 'baştan', 'belir', 'haftasonu', 'nere', 'git', 'turkcell', 'bayi', 'bul', 'borç', 'öde', 'lazım', 'resmen', 'para', 'kon', 'uzak', 'dur', 'turkcell', 'dolandırıcı', 'politika', 'benimse']","['borç öde', 'bul borç', 'git turkcell', 'borç', 'öde lazım']"
"['direk', 'ini', 'para', 'yol', 'lazım', 'artık', 'zorla', 'yolla', 'ininal', 'kart', 'gerek', 'önce', 'lazım']","['kart gerek', 'ininal kart', 'yol lazım', 'zorla yolla', 'para yol']"
"['böyle', 'para', 'transfer', 'iste', 'ila', 'saçmalık', 'böyle', 'para', 'gönder', 'anlam', 'kal', 'çokberbat']","['böyle para', 'para gönder', 'saçmalık böyle', 'ila saçmalık', 'saçmalık']"
"['yazılım', 'sorun', 'başka', 'hesap', 'giriş', 'bekle', 'gerek', 'sürekli', 'işlem', 'gerçek', 'fiyasko']","['yazılım sorun', 'hesap giriş', 'sürekli işlem', 'yazılım', 'başka hesap']"
"['gör', 'yarar', 'ciddi', 'anlam', 'bedavadan', 'kazan', 'indirim', 'yer', 'cidden', 'sev', 'kullan', 'öner']","['sev kullan', 'gör yarar', 'anlam bedavadan', 'indirim yer', 'yarar']"
"['masraf', 'tamamen', 'masraf', 'kimse', 'öner']","['masraf kimse', 'tamamen masraf', 'masraf tamamen', 'kimse öner', 'kimse']"
"['kesinlikle', 'kullan', 'tam', 'dolandırıcı', 'hazır', 'limit', 'ekle', 'güya', 'banka', 'çeki', 'sürekli', 'hata', 'sakın', 'sakın', 'akıl', 'kullan', 'önce', 'vallahi', 'resmi', 'böyle', 'dolandırıcı', 'sistem', 'gör']","['banka çeki', 'banka', 'hazır limit', 'dolandırıcı sistem', 'hata sakın']"
"['böyle', 'gör', 'hak']","['gör hak', 'böyle gör', 'böyle', 'hak', 'gör']"
"['etki', 'zor', 'destek', 'avantaj', 'sağla']","['destek avantaj', 'etki zor', 'zor destek', 'avantaj sağla', 'avantaj']"
"['i̇ldiz', 'bile', 'bırak', 'iste', 'cook', 'kot', 'kimse', 'öner', 'hatta', 'lanetle', 'i̇stanbulkart', 'para', 'ertesi', 'gün', 'i̇stanbul', 'kart', 'para', 'git', 'sor', 'bakiye', 'git', 'para', 'i̇stanbulkart', 'kullan', 'bil', 'para', 'haram', 'tüket', 'mahkeme', 'git', 'bil']","['para git', 'git para', 'bırak iste', 'bile bırak', 'stanbulkart para']"
"['dolandirilmama', 'sebep', 'lira', 'gasp', 'biz', 'yaş', 'insan', 'koru', 'gerek']","['biz yaş', 'yaş insan', 'dolandirilmama sebep', 'yaş', 'sebep lira']"
"['böyle', 'işlem', 'yanıt', 'hazır', 'limit', 'aycell', 'hesap', 'para', 'aktar', 'ora', 'aycell', 'kart', 'bulun', 'şaka', 'banka', 'görüş', 'mesaj', 'banka', 'hiçbir', 'sıkıntı', 'yok', 'tamamen', 'eksik', 'i̇nternet', 'sıkıntı', 'yok', 'fakat', 'inan', 'donuk', 'çalış', 'hiçbir', 'işlem', 'yürü']","['mesaj banka', 'banka hiçbir', 'hazır limit', 'hiçbir sıkıntı', 'banka görüş']"
"['yıldız', 'kart', 'kart', 'rağmen', 'yazık', 'şekil', 'giriş', 'neredeyse', 'sene', 'sefer', 'kullan', 'hesap', 'ulaş', 'aycell', 'gerek', 'turkcell', 'son', 'zaman', 'aşırı', 'problem', 'yaşa', 'sebep', 'zaten', 'hat', 'başka', 'oparetore', 'taşı', 'taşın', 'sıra', 'kart', 'fakat', 'yazık', 'kullan', 'şifre', 'ulaş', 'hesap', 'neyse', 'şekil', 'zengin', 'yazık']","['yıldız kart', 'kart rağmen', 'kart fakat', 'sıra kart', 'gerek turkcell']"
"['aycell', 'kart', 'bakiye', 'atme', 'çek', 'ilgili', 'şikayet', 'bura', 'yaz', 'sonra', 'bura', 'aycell', 'uygulamasıprofilbize', 'yazın', 'kısım', 'şikayet', 'ilet', 'iste', 'sorun', 'kimlik', 'teyit', 'gerek', 'şekil', 'cevap', 'bura', 'şikayet', 'hemen', 'cevap', 'demekki', 'müşteri', 'hizmet', 'telefon', 'kimlik', 'numara', 'anne', 'evlen', 'önce', 'soyisminin', 'harf', 'iste', 'kimlik', 'teyit', 'zor', 'git', 'iste']","['ilgili şikayet', 'kimlik numara', 'sorun kimlik', 'şikayet', 'şikayet ilet']"
"['iyi', 'gün', 'paycel', 'dek', 'puan', 'eksil', 'dur', 'hemen', 'çözüm', 'bul', 'çalış']","['hemen çözüm', 'hemen', 'dur hemen', 'iyi gün', 'çözüm bul']"
"['böyle', 'yeni', 'gör', 'fakat', 'aycell', 'kod', 'numara', 'gir', 'çalış', 'bak', 'abi', 'kere', 'kod', 'mübarek', 'yaz', 'bide', 'yuh']","['kod numara', 'kere kod', 'numara gir', 'numara', 'gir çalış']"
"['dunyanin', 'puan', 'varit', 'si̇li̇nmi̇ş', 'kadar', 'sahtekar', 'para', 'bin', 'program', 'uzak', 'dur', 'dolandiricilardan', 'böyle', 'git', 'turkcell', 'birakicam']","['sahtekar para', 'dur dolandiricilardan', 'dolandiricilardan böyle', 'kadar sahtekar', 'dunyanin puan']"
"['iyi', 'değil', 'aycell', 'puan', 'i̇nternet', 'hal', 'sen', 'mesaj']","['sen mesaj', 'mesaj', 'iyi değil', 'puan', 'hal sen']"
"['arkadaş', 'puan', 'birik', 'puan', 'topla', 'hafta', 'i̇nternet', 'kazan', 'yaz', 'puan', 'kalp', 'hemen', 'sil', 'insan', 'keriz', 'yerine', 'koy', 'puan', 'yapmıştımsabah', 'bak', 'silmişlerdikkatinize']","['puan yapmıştımsabah', 'yapmıştımsabah bak', 'bak silmişlerdikkatinize', 'silmişlerdikkatinize', 'yapmıştımsabah']"
"['val', 'siz', 'gibi', 'öyle', 'şey', 'kan', 'biz', 'değil', 'yüz', 'yüz', 'iyi']","['şey kan', 'kan biz', 'biz değil', 'biz', 'gibi']"
"['normal', 'pek', 'iyi', 'değil']","['iyi değil', 'normal pek', 'normal', 'değil', 'iyi']"
"['yükle', 'sala', 'topla', 'bas', 'puan', 'biraz', 'yüksek', 'puan', 'çık', 'iyi', 'olurbiraz', 'yükselti', 'salla', 'topla', 'puan', 'fazla']","['biraz yüksek', 'puan fazla', 'yüksek puan', 'puan çık', 'yüksek']"
"['kesinlikle', 'yükle', 'öner', 'para', 'puan', 'kendi', 'hesap', 'aktar', 'faiz', 'yansı', 'konu', 'memnun', 'değil', 'sözleşme', 'bittiğindede', 'gerek', 'yıldız', 'bile', 'hakket']","['faiz yansı', 'aktar faiz', 'sözleşme bittiğindede', 'kendi hesap', 'hesap aktar']"
"['finans', 'kuruluş', 'asla', 'asla', 'güven', 'değil', 'şifre', 'gir', 'şifre', 'yenile', 'iste', 'peki', 'deyip', 'şifre', 'yenile', 'işlem', 'basladim', 'şifre', 'hane', 'belirle', 'iste', 'belirle', 'kabul', 'hesap', 'giriş', 'iste', 'hane', 'şifre', 'iste', 'sonra', 'yeniden', 'şifre', 'sifirladi', 'yeniden', 'hane', 'şifre', 'iste', 'sonra', 'yine', 'sifirladi', 'sonra', 'hane', 'şifre', 'iste', 'girdi', 'hesabi', 'don', 'saka', 'gibi']","['şifre sifirladi', 'yeniden şifre', 'şifre yenile', 'şifre gir', 'şifre']"
"['fatura', 'yenile', 'herhangi', 'borç', 'yok', 'hatta', 'aycell', 'hesap', 'hazır', 'limit', 'var', 'kullanamıyorumher', 'zaman', 'kullandigim', 'birşey', 'şua', 'ihtiyaç', 'var', 'para', 'hala', 'hazır', 'limit', 'kullan', 'buton', 'hala', 'ulaş', 'taraf', 'ulaş', 'siz', 'müşteri', 'hizmet', 'kadar', 'ara', 'yok', 'yok', 'yok']","['herhangi borç', 'borç yok', 'borç', 'fatura yenile', 'kullanamıyorumher zaman']"
"['salla', 'topla', 'getir', 'puan', 'topla', 'iste', 'hediye', 'ali', 'puan', 'sür', 'illa', 'harca', 'calistiriyosunuz', 'biz', 'kopariyosunuz', 'kadar', 'gerek']","['calistiriyosunuz biz', 'calistiriyosunuz', 'kopariyosunuz kadar', 'kadar gerek', 'topla getir']"
"['rezil', 'igrenc', 'bosna', 'yükle', 'vakit', 'harca', 'yok', 'abi', 'para', 'rezil', 'iste', 'uzak', 'dur', 'yorum', 'oku', 'kim', 'aptal', 'yerine', 'koy', 'sorun']","['aptal yerine', 'kim aptal', 'dur yorum', 'koy sorun', 'yok abi']"
"['önce', 'para', 'kes', 'fark', 'yeni', 'var', 'bak', 'üzere', 'para', 'kes', 'sene', 'aycell', 'böyle', 'sorun', 'karsilasmamistim', 'harca', 'hal', 'para', 'kes', 'para', 'kullan', 'bitir', 'turkcell', 'bayi', 'baş', 'vur', 'yaz', 'yurtdisinda', 'yaşa', 'yüz', 'şikayet', 'siz', 'yaz', 'para', 'diğer', 'banka', 'yatır', 'faiz', 'siz', 'biz', 'kes', 'saçmalık', 'son']","['üzere para', 'para diğer', 'yaz para', 'faiz siz', 'para kullan']"
"['puan', 'paylasilamiyo', 'güzel', 'değil', 'öner']","['puan paylasilamiyo', 'güzel değil', 'paylasilamiyo güzel', 'puan', 'güzel']"
"['fatura', 'kesim', 'tarih', 'hazır', 'limit', 'yenile', 'fatura', 'tarih', 'değiş', 'hazır', 'limit', 'kullan', 'zaten', 'siz', 'kullanım', 'bedel', 'öde', 'ayrıca', 'müşteri', 'hizmet', 'berbat', 'çöz', 'sefer', 'paycel', 'müşteri', 'hizmet', 'ara', 'zaten', 'ora', 'ara', 'turkcell', 'böyle', 'git', 'hadım', 'değiş', 'kaç', 'yıl', 'kullan', 'artık', 'sorun', 'iste', 'kendi', 'para', 'rezil']","['yenile fatura', 'fatura tarih', 'fatura kesim', 'ayrıca müşteri', 'kullanım bedel']"
"['hayat', 'gör', 'saçma', 'kart', 'sakın', 'indirmeyinbkulan', 'mayın', 'kendi', 'para', 'siz', 'mağdur', 'para', 'çek', 'iste', 'zaman', 'iste', 'çek', 'bil', 'havale', 'iste', 'şua', 'işlem', 'market', 'sistem', 'yok', 'siz', 'anla', 'sen', 'para', 'nevi', 'koy', 'üstelik', 'kula', 'bedel', 'para', 'sanal', 'ortam', 'harç', 'sen', 'hesap', 'kart', 'bin', 'kat', 'iyi', 'saygı']","['saçma kart', 'kendi para', 'para siz', 'kart sakın', 'indirmeyinbkulan mayın']"
"['dijital', 'varlık', 'tekrar', 'getir', 'iste', 'aycell', 'tam', 'iyi', 'güncelle', 'boz', 'lütfen', 'dijital', 'varlık', 'tekrar', 'gör', 'iste']","['lütfen dijital', 'dijital varlık', 'dijital', 'tekrar getir', 'güncelle boz']"
"['iyi', 'puan', 'kazan', 'biraz', 'zor', 'bide', 'sadece', 'kere', 'kupon', 'biri', 'sorun', 'kalk', 'iyi']","['kazan biraz', 'kupon biri', 'puan kazan', 'iyi puan', 'kere kupon']"
"['ücret', 'fazla', 'destek', 'dip', 'vur', 'fatura', 'öde', 'sınıf', 'kal', 'sadece', 'ist', 'hizmet', 'san', 'öde', 'sistem', 'zayıf']","['fazla destek', 'ücret fazla', 'sistem zayıf', 'fatura öde', 'öde sistem']"
"['güzel', 'ara', 'kafa', 'banka', 'falan', 'para', 'para', 'yükle', 'düzel', 'gerek']","['banka falan', 'kafa banka', 'banka', 'falan para', 'düzel gerek']"
"['hata', 'şifre', 'yenile', 'yenile', 'mail', 'kod', 'gönder', 'kod', 'berbat']","['mail kod', 'yenile mail', 'hata şifre', 'şifre yenile', 'mail']"
"['dijital', 'para', 'kaldır', 'sikaye', 'önce', 'düzenle', 'iste', 'sadece', 'dijital', 'para', 'seç']","['dijital para', 'para seç', 'para kaldır', 'sadece dijital', 'dijital']"
"['paye', 'yemek', 'kart', 'bakiye', 'gör', 'eskiden', 'var', 'nekadar', 'para', 'kalıp', 'kal', 'konu', 'ilgili', 'bilgi', 'var', 'bira', 'önce', 'iyi', 'rica']","['yemek kart', 'kart bakiye', 'para kalıp', 'bilgi var', 'eskiden var']"
"['i̇nternet', 'yem', 'ucuz', 'iyi']","['yem ucuz', 'ucuz iyi', 'ucuz', 'iyi', 'nternet']"
"['puan', 'var', 'süre', 'git', 'kendi', 'kendi', 'eskiden', 'günlük', 'puan', 'şimdi', 'puan', 'salla', 'topla', 'desen', 'sonra', 'hafta', 'sıfırla', 'zaten', 'bari', 'hediye', 'puan', 'adam', 'kullan', 'böyle', 'böyle', 'millet', 'beleş', 'köle', 'kaç', 'mesaj', 'var', 'hizmet', 'hediye', 'kıs', 'fiyat', 'zaten', 'kazık', 'i̇nternet', 'hız', 'fiyat', 'haket', 'hediye', 'ayak', 'insan', 'kullan', 'yer', 'sonra', 'insan', 'hoş', 'git', 'değil']","['sıfırla zaten', 'sıfırla', 'hafta sıfırla', 'günlük puan', 'puan şimdi']"
"['anla', 'gerek', 'yok', 'turkcell', 'pişman', 'tır']","['turkcell pişman', 'yok turkcell', 'pişman', 'pişman tır', 'turkcell']"
"['yok', 'böyle', 'bidlşe']","['yok böyle', 'yok', 'böyle bidlşe', 'böyle', 'bidlşe']"
"['para', 'gerek', 'fazla', 'miktar', 'çal', 'tavsiye']","['para gerek', 'çal tavsiye', 'tavsiye', 'miktar çal', 'gerek fazla']"
"['para', 'yolla', 'yavaş', 'yavaş', 'kullanirim', 'çek', 'sonra', 'diğer', 'iyi', 'bek', 'bekle', 'para', 'çek', 'yine', 'ara', 'master', 'temsilci', 'dakika', 'bekle', 'hesabi', 'teyit', 'gerek', 'para', 'gönder', 'sinir', 'söyle', 'teyit', 'kart', 'lazım', 'para', 'transfer', 'şaka', 'adam', 'tefeci', 'resmen', 'cikamadiğim', 'para', 'çök', 'kesinlikle', 'tavsiye']","['para çek', 'bekle hesabi', 'cikamadiğim para', 'para gönder', 'bekle para']"
"['kardeş', 'para', 'yükle', 'paket', 'i̇nternet', 'paket', 'hal', 'yaklaşık', 'lira', 'tamamen', 'kes', 'i̇nternet', 'kullan', 'i̇nternet', 'paket', 'var', 'i̇nternet', 'bütün', 'para', 'kes', 'anla', 'turkcell', 'insan', 'tat', 'kaçır', 'başla', 'böyle', 'para', 'kazan', 'kendi', 'operatör', 'gün', 'müşteri', 'kaçır', 'yazık', 'gerçekten', 'yıldız', 'bile', 'hak', 'yorum', 'herkes', 'gör', 'yıldız']","['böyle para', 'bütün para', 'kardeş para', 'paket var', 'anla turkcell']"
"['kesinlikle', 'tavsiye', 'bile', 'kulanmadim', 'işlem', 'bile', 'kapattidim', 'virüs', 'ücret', 'yansı', 'telefon', 'fatura', 'söz', 'yıl', 'falan', 'kap', 'hal', 'iyi', 'düşün', 'kişi']","['kapattidim virüs', 'bile kapattidim', 'kapattidim', 'virüs ücret', 'kulanmadim işlem']"
"['yazık', 'millet', 'emek', 'para', 'sokak', 'topla', 'turkcell', 'turkcell', 'böyle', 'berbat', 'kampanya', 'gör', 'ücret', 'jesiyonuz', 'aktar', 'sanal', 'kat', 'kes', 'çöp']","['berbat kampanya', 'kampanya gör', 'turkcell turkcell', 'turkcell', 'kampanya']"
"['kot', 'para', 'hile', 'kullanmanizi', 'öner']","['hile kullanmanizi', 'kot para', 'kullanmanizi öner', 'kullanmanizi', 'para hile']"
"['insan', 'zorla', 'kullan', 'yönlen', 'kullan', 'iste', 'kardeş', 'zorunlu', 'hal', 'getir', 'ugly', 'iki', 'sat', 'alım', 'karşı', 'çıkar', 'numara', 'öde', 'iste', 'engelle', 'saçmalık']","['engelle saçmalık', 'insan zorla', 'zorla kullan', 'öde iste', 'alım karşı']"
"['arkadaş', 'iyi', 'sadece', 'bimer', 'kötü', 'genel', 'güzel']","['arkadaş iyi', 'arkadaş', 'iyi sadece', 'genel güzel', 'sadece']"
"['böyle', 'kart', 'gör', 'yükle', 'borç', 'rağmen', 'bakiye', 'yok', 'aycell', 'ara', 'yüklem', 'gözük']","['böyle kart', 'yükle borç', 'borç rağmen', 'borç', 'gör yükle']"
"['yıldız', 'bile', 'fazla', 'keşke', 'düşük', 'herşey', 'ücret', 'fazla', 'fazla', 'havale', 'çek', 'ücret', 'kal', 'kalan', 'para', 'tekrar', 'çek', 'yine', 'iste', 'fazla', 'akıl', 'üye', 'kapa', 'yok', 'müşteri', 'temsilci', 'yönlen']","['ücret fazla', 'ücret kal', 'kalan para', 'yok müşteri', 'çek ücret']"
"['artık', 'zırt', 'pırt', 'herşey', 'hata', 'başla', 'iyi', 'çök', 'sistem']","['çök sistem', 'herşey hata', 'hata başla', 'çök', 'iyi çök']"
"['fatura', 'öde', 'hal', 'hesap', 'para', 'çek', 'hoş', 'değil', 'turkcell', 'altyapı', 'destek', 'ihtiyaç', 'düşün', 'kuruş', 'tutar', 'hesap', 'fazla', 'çek', 'mütevellit', 'zarar', 'karşıla', 'takdirde', 'mağduriyet', 'gider', 'süreç', 'mart', 'itibari', 'sil', 'turkcell', 'hayat', 'çıkar']","['mağduriyet gider', 'takdirde mağduriyet', 'mağduriyet', 'turkcell hayat', 'hayat çıkar']"
"['sakin', 'bulaş', 'limit', 'koy', 'para', 'bile', 'hesap', 'kullandirmiyor', 'hesap', 'kal', 'öyle', 'sorun', 'ayrıca', 'ara', 'müşteri', 'hizmet', 'muhatap', 'yok', 'tel', 'acmiyorlar', 'yad', 'baş', 'sev']","['kullandirmiyor hesap', 'bile hesap', 'hesap kullandirmiyor', 'müşteri hizmet', 'muhatap yok']"
"['aycell', 'kart', 'alışveriş', 'adam', 'dene', 'hal', 'pos', 'cihaz', 'kart', 'reddet', 'ancak', 'aycell', 'hesap', 'para', 'çekil', 'kaybol', 'para', 'yarım', 'saat', 'uğraş', 'hala', 'sonuç', 'ilk', 'fırsat', 'kart', 'kullan', 'bırak', 'iyi', 'hizmet', 'kart', 'sistem', 'geç', 'planla']","['cihaz kart', 'hizmet kart', 'kart alışveriş', 'kart kullan', 'fırsat kart']"
"['sürekli', 'güncelle', 'gerek']","['sürekli güncelle', 'güncelle gerek', 'güncelle', 'sürekli', 'gerek']"
"['kupon', 'geri', 'durum', 'var', 'resmen', 'hediye', 'diren', 'ayrıca', 'genel', 'iyi', 'değil']","['hediye diren', 'kupon geri', 'resmen hediye', 'hediye', 'kupon']"
"['konuş', 'gerek', 'yok']","['gerek yok', 'yok', 'konuş', 'konuş gerek', 'gerek']"
"['herşey', 'iyi', 'güzel', 'paycel', 'zaten', 'zar', 'zor', 'puan', 'topla', 'puan', 'kafa', 'göre', 'sil', 'yıldız', 'bile', 'bird', 'biz', 'para', 'kes', 'pace', 'ilk', 'muhteri', 'önce', 'yok', 'puan', 'sil', 'kazan', 'puan', 'sil', 'hak', 'sen', 'sil', 'birik', 'paycel']","['zor puan', 'paycel zaten', 'sen sil', 'yıldız bile', 'biz para']"
"['resmen', 'dolandırıcı', 'salla', 'topla', 'puan', 'puan', 'zaten', 'müşteri', 'hizmet', 'birey', 'yok', 'atina', 'koy', 'müşteri', 'hizmet', 'yar', 'saat', 'baglaniyo', 'baglanincada', 'bura', 'birey', 'son', 'yakın']","['zaten müşteri', 'koy müşteri', 'müşteri', 'müşteri hizmet', 'baglanincada bura']"
"['biraz', 'iyi', 'sadece', 'dogrulanmiyo']","['sadece dogrulanmiyo', 'iyi sadece', 'biraz iyi', 'biraz', 'sadece']"
"['keşke', 'yaş', 'üst', 'birşey']","['keşke yaş', 'yaş üst', 'keşke', 'yaş', 'üst birşey']"
"['roos', 'cihaz', 'kullan', 'şaka', 'banka', 'hesap', 'var', 'böyle', 'sıkıntı', 'yok']","['şaka banka', 'banka hesap', 'hesap var', 'banka', 'roos cihaz']"
"['hata', 'fatura', 'yatiracam', 'lütfen', 'sonra', 'dene', 'müşteri', 'hizmet', 'ara', 'bil', 'kayıt', 'kayıt', 'cevap', 'anlaş', 'değil', 'turkcell', 'kalite', 'yakış', 'fırın', 'ekmek', 'gerek']","['fırın ekmek', 'ekmek gerek', 'hata fatura', 'yakış fırın', 'ekmek']"
"['iyi', 'değil', 'sadece', 'siz', 'para', 'çal', 'i̇stanbul', 'kart', 'otomatik', 'para', 'gönder', 'referans', 'not', 'yanlış', 'yazım', 'şekil', 'kolay', 'değil', 'sadece', 'para', 'koy', 'firma', 'kafa', 'göre', 'siz', 'para', 'çek', 'başka', 'yara', 'sadece', 'biz', 'dolandır', 'insan', 'kan', 'baş', 'başka', 'baş', 'itibari', 'sil', 'hat', 'başka', 'firma', 'taşı', 'sırf', 'kazık', 'başka', 'yara']","['para çal', 'para çek', 'para gönder', 'siz para', 'sadece para']"
"['güzel', 'şöyle', 'sorun', 'çık', 'pub', 'mobile', 'kupon', 'mobil', 'öde', 'seç', 'numara', 'yaz', 'hata', 'sebep']","['kupon mobil', 'mobile kupon', 'pub mobile', 'mobil öde', 'kupon']"
"['_papara_', 'var', 'enayi', 'aycell', 'söz', 'söyle', 'düş', 'üste', 'çığ', 'geliş', 'eksik', 'hata', 'error', 'ücret', 'idare', 'kötü', 'çöp', 'berbat', 'kötü']","['kötü çöp', 'çöp berbat', 'idare kötü', 'çöp', 'hata']"
"['giriş', 'hesap', 'don', 'şifre', 'yenile', 'bas', 'posta', 'çare', 'bul', 'iyi']","['şifre yenile', 'giriş hesap', 'şifre', 'don şifre', 'hesap don']"
"['erişim', 'güvenlik', 'iyi', 'yalnız', 'fatura', 'öde', 'aycell', 'cüzdan', 'para', 'kullan', 'zaten', 'fatura', 'hat', 'sakınca', 'vaki']","['erişim güvenlik', 'cüzdan para', 'aycell cüzdan', 'güvenlik iyi', 'cüzdan']"
"['iyi', 'değil', 'hafta', 'boyunca', 'hesap', 'para', 'yükle', 'sorun', 'cozemediler', 'mağdur']","['sorun cozemediler', 'hafta boyunca', 'değil hafta', 'hafta', 'iyi değil']"
"['kart', 'hesap', 'para', 'aktar', 'kart', 'ekli', 'hal', 'aycell', 'hesap', 'başka', 'hesap', 'aktar', 'iste', 'isle', 'devam', 'biz', 'böyle', 'akp', 'düzel', 'lütfen']","['aktar kart', 'kart hesap', 'kart ekli', 'hesap aktar', 'para aktar']"
"['off', 'resmen', 'kazık', 'puan', 'yok', 'bişi', 'yok', 'halt', 'yara', 'bira', 'önce', 'yenile', 'i̇nternet', 'kampanya', 'iste']","['nternet kampanya', 'kampanya iste', 'kampanya', 'resmen kazık', 'kazık puan']"
"['aycell', 'yıl', 'kullan', 'lira', 'çek', 'para', 'yükle', 'banka', 'para', 'yerine', 'turkcell', 'bayi', 'para', 'yüklem', 'ana', 'kadar', 'eksik', 'gör']","['para yerine', 'yükle banka', 'çek para', 'banka para', 'banka']"
"['dijital', 'varlık', 'hesap', 'onaylatabildimuygulama', 'hata', 'neden', 'birçok', 'mail', 'rağmen', 'dijital', 'varlık', 'hatta', 'şua', 'öyle', 'seçenek', 'bile', 'yok', 'eee', 'üst', 'işlem', 'ücret', 'kes', 'sakın', 'sakın', 'bulaş', 'fırın', 'ekmek', 'gerek']","['rağmen dijital', 'dijital varlık', 'mail rağmen', 'hesap onaylatabildimuygulama', 'onaylatabildimuygulama hata']"
"['kart', 'yeni', 'kart', 'paranyatıramıyorum', 'kaç', 'tane', 'kart', 'kula', 'ilk', 'böyle', 'sorun', 'karşılaş', 'lütfen', 'yardım', 'eder']","['kart paranyatıramıyorum', 'yeni kart', 'kart yeni', 'tane kart', 'paranyatıramıyorum kaç']"
"['google', 'play', 'turkcell', 'mobil', 'öde', 'aycell', 'sanal', 'parti', 'yaptigim', 'harca', 'puan', 'hediye', 'kazan', 'kazandibi', 'hediye', 'para', 'kupon', 'google', 'olay', 'üzeri', 'alisveris', 'para', 'eksik', 'kalan', 'para', 'bakiye', 'cekiliyormus', 'bakiye', 'hangi', 'bakiye', 'aycell', 'sanal', 'kart', 'bakiye', 'yok', 'başka', 'bakiye', 'sanal', 'kart', 'bakiye', 'yuklemicem', 'göre', 'yumlu', 'alisveris', 'hediye', 'kazan', 'iste', 'yardimci', 'sevin']","['kupon google', 'para kupon', 'google play', 'kart bakiye', 'google olay']"
"['iyi', 'herkes', 'tercih', 'çıkar', 'mesaj', 'biraz', 'boş', 'sjsjsjksjdu', 'uuduuejh', 'yurudjdkjcy', 'uudhdhxt', 'ttchhdhehct', 'yydhdhhdh', 'hcudhch', 'hchdhhddj', 'hdududuu']","['mesaj biraz', 'çıkar mesaj', 'biraz', 'ttchhdhehct yydhdhhdh', 'çıkar']"
"['müşteri', 'hizmet', 'dolu', 'sistem', 'kimse', 'öner', 'başka', 'kart', 'kullan', 'aylık', 'kesinti', 'ücret', 'fazla', 'akıl', 'kullan', 'berbat', 'aycell']","['kart kullan', 'başka kart', 'müşteri hizmet', 'ücret fazla', 'müşteri']"
"[""i̇zban'a"", 'transfer', 'var', 'şaka', 'olay', 'gerçekten', 'sistem', 'bozuk', 'gerek']","['sistem bozuk', 'gerçekten sistem', 'bozuk gerek', 'şaka olay', 'var şaka']"
"['banka', 'değil', 'kanka', 'iyi']","['banka değil', 'banka', 'değil kanka', 'kanka iyi', 'iyi']"
"['pub', 'geçerli', ""i̇nternet'tiniz"", 'var', 'keşke', 'fren', 'fire', 'getir', 'doy', 'doy']","['keşke fren', 'fire getir', 'getir doy', 'var keşke', 'getir']"
"['arkadaş', 'papara', 'kullan', 'iyi', 'dene', 'paycele', 'lira', 'yatır', 'geri', 'çek', 'bakiye', 'yetersiz', 'işlem', 'ücret', 'beş', 'lira', 'iste']","['ücret beş', 'çek bakiye', 'beş lira', 'kullan iyi', 'papara kullan']"
"['aylık', 'kullanım', 'ücret', 'üstelik', 'ekli', 'aycell', 'kart', 'var', 'içeri', 'kullanım', 'ücret', 'fatura', 'öde', 'turkcell', 'başka', 'yer', 'yüklem', 'yok', 'müşteri', 'hizmet', 'muahttap', 'yok', 'şikayet', 'maile', 'cevap', 'yok', 'hizmet', 'yok', 'işletim', 'ücret', 'var', 'turkcell', 'iyi', 'konu', 'zaten', 'paha', 'yok', 'para', 'başka', 'marifet', 'yıllarca', 'gör']","['yok müşteri', 'kullanım ücret', 'fatura öde', 'yok para', 'aylık kullanım']"
"['diğer', 'göre', 'iyi', 'sıkıntı', 'var']","['iyi sıkıntı', 'sıkıntı var', 'diğer göre', 'sıkıntı', 'göre iyi']"
"['say', 'ilgili', 'önce', 'mesaj', 'oku', 'bekle', 'zor', 'ulaş', 'nbc', 'özellik', 'var', 'kullan', 'cihaz', 'iki', 'i̇stanbul', 'kullan', 'biri', 'öyle', 'sorun', 'yasa', 'kart', 'kadim', 'taksit', 'özellik', 'var', 'var', 'yok', 'var', 'cip', 'yok', 'gerçekten', 'bugün', 'dusunmeme', 'sebep', 'üye', 'iptal', 'başka', 'kart', 'var', 'böyle', 'insan', 'saat', 'telefon', 'bekle']","['telefon bekle', 'saat telefon', 'bekle zor', 'telefon', 'iptal başka']"
"['kimlik', 'bilgi', 'ekle', 'sürekli', 'hata', 'uzun', 'zaman', 'böyle']","['sürekli hata', 'hata uzun', 'kimlik bilgi', 'ekle sürekli', 'hata']"
"['si̇zi̇n', 'kadar', 'beleşci̇', 'si̇zi̇n', 'kadar', 'mezar', 'bin', 'kurum', 'kuruluş', 'gör', 'boş', 'mezar', 'bul', 'gi̇receksi̇ni̇z', 'kupon', 'var', 'ist', 'kart', 'yükli̇vem', 'işlem', 'ücret', 'kuruş', 'ulan', 'normal', 'dükkan', 'almiyo', 'kaldiki̇', 'mi̇lyarlik', 'fi̇rmasiniz', 'böyle', 'mi̇lleti̇n', 'kani', 'vampir', 'gi̇bi̇', 'emdi̇ği̇ni̇z', 'i̇çi̇n', 'mi̇lyarliksiniz', 'zaten', 'haram', 'bin', 'zukkim', 'siz']","['vampir gi', 'vampir', 'kani vampir', 'kadar mezar', 'boş mezar']"
"['yıldız', 'bile', 'hak', 'kampanya', 'şua', 'puan', 'kazan', 'lazım', 'puan', 'kal']","['kazan lazım', 'kampanya şua', 'puan kazan', 'lazım puan', 'şua puan']"
"['kadar', 'kot', 'herşey', 'para', 'clio', 'rezalet', 'hemen', 'iptal', 'demisiinizki', 'işlem', 'gizli', 'ücret', 'gerek', 'bunuygulamayi', 'kulaniorum', 'siz', 'para', 'zaten', 'kazandiriorum', 'siz', 'gibi', 'fazlasini', 'iste', 'iptal', 'getir', 'kimse', 'kullan', 'saçma']","['siz para', 'para zaten', 'iptal getir', 'iste iptal', 'gizli ücret']"
"['bugün', 'kurt', 'ancak', 'kripto', 'yazı', 'dahi', 'çık', 'lazım']","['kripto yazı', 'ancak kripto', 'kripto', 'bugün kurt', 'yazı dahi']"
"['kripto', 'para', 'özellik', 'ancak', 'şua', 'saat', 'alım', 'işlem', 'hata', 'iyi', 'fazla', 'para', 'yatır', 'mağdur', 'şimdi']","['kripto para', 'kripto', 'para özellik', 'para yatır', 'fazla para']"
"['berbat', 'güç', 'yalan', 'dol', 'yok', 'kadar', 'buka', 'hediye', 'insan', 'boş', 'harca', 'mesele', 'kazan', 'hediye', 'aman', 'ekran', 'görüntü', 'aman', 'geç', 'tip', 'bide', 'kesinlikle', 'gerek', 'sakin', 'bulaş']","['insan boş', 'sakin bulaş', 'yok kadar', 'gerek sakin', 'boş harca']"
"['aycell', 'gün', 'önce', 'kripto', 'para', 'hadi', 'komisyon', 'gün', 'sonra', 'kripto', 'para', 'düş', 'tam', 'alım', 'fırsat', 'fakat', 'işlem', 'gerçek', 'gün', 'sorun', 'çözüm', 'bul', 'aycell', 'zaten', 'herkes', 'böyle', 'sorun', 'var', 'dün', 'şimdi', 'kar', 'kanada', 'yazık', 'değil', 'lütfen', 'dijital', 'varlık', 'bölüm', 'yeni', 'getir', 'kripto', 'para', 'git', 'aycell', 'kart', 'yatır', 'fakat', 'sorun', 'acilen', 'çöz']","['sonra kripto', 'önce kripto', 'getir kripto', 'kripto para', 'kripto']"
"['kötü', 'berbat', 'çık', 'böyle', 'kot', 'yuklemeyın']","['berbat çık', 'yuklemeyın', 'çık böyle', 'böyle kot', 'kot yuklemeyın']"
"['keşke', 'puan', 'değil', 'hafta']","['değil hafta', 'hafta', 'puan değil', 'keşke puan', 'keşke']"
"['gün', 'dijital', 'varlık', 'gmail', 'yaz', 'yanıt', 'yok', 'müşteri', 'hizmet', 'ara', 'biz', 'herhangi', 'bilgi', 'yok', 'yeni', 'hizmet', 'sıkıntı', 'gün', 'sür', 'gerçekten', 'gerek']","['yok müşteri', 'gün dijital', 'müşteri hizmet', 'yeni hizmet', 'gmail']"
"['kullan', 'fatura', 'lira', 'yansı', 'akıl', 'sıra', 'trajedi', 'komik', 'taraf', 'çözüm', 'git', 'bayi', 'destek', 'hizmet', 'rahatla', 'böyle', 'zor', 'dönem', 'zor', 'geçin', 'tarz', 'şey', 'yaşa', 'biz', 'bitir', 'yorum', 'gör', 'helal', 'süt', 'yardımcı', 'fatura', 'düzel', 'talep']","['kullan fatura', 'yardımcı fatura', 'fatura lira', 'fatura düzel', 'trajedi komik']"
"['güncelle', 'getiri', 'dijital', 'varlık', 'bölüm', 'çalış', 'hata', 'reklam', 'kesinlikle', 'karşıla', 'kısa', 'süre', 'çözüm', 'bulun', 'lazım']","['hata reklam', 'dijital varlık', 'getiri dijital', 'dijital', 'reklam']"
"['anla', 'gerek', 'yok']","['gerek yok', 'yok', 'anla gerek', 'gerek', 'anla']"
"['gayet', 'iyi', 'sadece', 'kart', 'i̇badi', 'yok', 'disinda', 'gayet', 'guzrl', 'birbuygalama']","['sadece kart', 'iyi sadece', 'kart badi', 'badi yok', 'gayet guzrl']"
"['berbat', 'yeni', 'hesap', 'numara', 'yaz', 'gönder', 'ses', 'tek', 'şifre', 'gir', 'ses', 'gonderdigi', 'yok', 'yükle', 'geri', 'sil', 'siz', 'boşa', 'yükle', 'zaman', 'kayıp', 'berbat', 'şifre', 'yarım', 'saat', 'sonra', 'sil', 'sonra', 'yorum', 'öyle', 'düzenle', 'hatta']","['berbat şifre', 'şifre gir', 'şifre', 'tek şifre', 'şifre yarım']"
"['pub', 'mobile', 'ilk', 'kupon', 'ancak', 'google', 'olay', 'store', 'kullan', 'yüz', 'yorum', 'geri', 'düzel', 'lazım']","['ilk kupon', 'kupon ancak', 'kupon', 'pub mobile', 'google olay']"
"['say', 'turkcell', 'yetkilileridefalarca', 'bil', 'rağmen', 'aycell', 'hesap', 'lira', 'hazır', 'limit', 'kullan', 'aile', 'uzun', 'yıl', 'turkcel', 'adet', 'fatura', 'turkcell', 'hat', 'var', 'superonline', 'abone', 'var', 'aycell', 'fatura', 'öde', 'para', 'transfer', 'limit', 'engel', 'koy', 'aile', 'i̇nternet', 'abone', 'iptal', 'başka', 'operatör', 'geç']","['fatura turkcell', 'say turkcell', 'turkcell yetkilileridefalarca', 'turkcell', 'turkcell hat']"
"['hesap', 'don', 'şifre', 'yenile', 'yara']","['şifre yenile', 'şifre', 'don şifre', 'hesap don', 'hesap']"
"['şifre', 'güvenlik', 'neden', 'dur', 'hata', 'eposta', 'doğrula', 'gönder', 'şikayet', 'uzun', 'zaman', 'kullan', 'böyle', 'sorun', 'çık']","['şifre güvenlik', 'şifre', 'eposta doğrula', 'gönder şikayet', 'güvenlik neden']"
"['hediye', 'puan', 'gönder', 'limit', 'var', 'zaten', 'puan', 'zor', 'kazan', 'kadar', 'cimri', 'kardeş', 'market', 'ödül', 'gir', 'i̇nternet', 'saat', 'boyunca', 'puan', 'bari', 'i̇nternet', 'koy', 'puan', 'kadar', 'iğrenç', 'sistem', 'parti', 'kullanicam']","['gönder limit', 'hediye puan', 'limit var', 'limit', 'ödül gir']"
"['fidan', 'bağış', 'iyi', 'düşün']","['fidan bağış', 'bağış iyi', 'bağış', 'iyi düşün', 'düşün']"
"['şifre', 'alaka', 'problem', 'yarat', 'ilk', 'girişim', 'problem', 'nere', 'kaynak', 'anla', 'değil', 'şifre', 'yenile', 'önce', 'değişim', 'işlem', 'başka', 'kanallardanbunda', 'problem', 'var', 'hesap', 'don', 'çözüm', 'herşey', 'saçma', 'ilerle', 'şifre', 'gün', 'bugün', 'girdi', 'aycell', 'şifre', 'kendi', 'bil', 'zaman', 'kullan', 'yaz', 'soru', 'işaret', 'var', 'çöz']","['şifre alaka', 'şifre yenile', 'aycell şifre', 'değil şifre', 'ilerle şifre']"
"['kripto', 'para', 'özellik', 'iyi', 'kısa', 'süre', 'fazla', 'kripto', 'para', 'seçenek', 'ekle', 'dodge']","['kripto para', 'fazla kripto', 'kripto', 'para özellik', 'seçenek ekle']"
"['kesinlikle', 'kimse', 'tavsiye', 'yükle', 'yükle', 'para', 'yükle', 'defalarca', 'sonra', 'kart', 'bloke', 'allah', 'para', 'yok', 'master', 'temsilci', 'konuş', 'bloke', 'para', 'alamazdiniz', 'cevap', 'mahkeme', 'yol', 'söyle', 'böyle', 'sistem', 'duy', 'gör', 'böyle', 'alaka', 'sorum', 'müşteri', 'temsilci', 'gör', 'mail', 'ati', 'başka', 'yara', 'maile', 'ayni', 'yazilari', 'sistem', 'sürekli', 'gönder', 'muhatapyok']","['para alamazdiniz', 'müşteri temsilci', 'tavsiye yükle', 'sonra kart', 'sorum müşteri']"
"['sene', 'turkcell', 'böyle', 'saçma', 'gör']","['sene turkcell', 'turkcell böyle', 'böyle saçma', 'saçma gör', 'turkcell']"
"['keşke', 'puan', 'aslı', 'bile']","['keşke puan', 'puan aslı', 'keşke', 'puan', 'aslı bile']"
"['lütfen', 'puan', 'paylasimini', 'kusur', 'böyle', 'paylaş', 'zor']","['paylasimini kusur', 'puan paylasimini', 'paylasimini', 'lütfen puan', 'böyle paylaş']"
"['kullanım', 'ücret', 'kes', 'i̇nternet', 'alışveriş', 'komisyon', 'kes', 'başka', 'kart', 'para', 'yolla', 'yüksek', 'ücret', 'kes', 'böyle', 'parti', 'kullan', 'kapa', 'siz', 'tavsiye', 'kullan']","['ücret kes', 'alışveriş komisyon', 'yüksek ücret', 'kullanım ücret', 'başka kart']"
"['bitcoin', 'özellik', 'ekle', 'fakat', 'böyle', 'ekle', 'saçma', 'bitcoin', 'nere']","['bitcoin özellik', 'saçma bitcoin', 'bitcoin', 'bitcoin nere', 'ekle fakat']"
"['katıl', 'kampanya', 'sayaç', 'ekle', 'kadar', 'harca', 'kadar', 'gerek', 'tamamla', 'dair', 'sayaç', 'tam', 'otur', 'sistemböyle', 'işlem', 'say', 'düşün', 'süreklilütfen', 'güncelle', 'yakın', 'zaman', 'iste']","['katıl kampanya', 'kampanya sayaç', 'süreklilütfen güncelle', 'kampanya', 'katıl']"
"['iyi', 'yalnızca', 'para', 'kullan', 'işlem', 'ücret', 'fazla', 'kes']","['ücret fazla', 'yalnızca para', 'para kullan', 'ücret', 'fazla']"
"['arkadaş', 'kimse', 'yükle', 'dol', 'kart', 'çek', 'haber', 'müşteri', 'hizmet', 'ara', 'beyefendi', 'biz', 'böyle', 'saçmalık']","['haber müşteri', 'böyle saçmalık', 'müşteri', 'beyefendi biz', 'müşteri hizmet']"
"['yalan', 'saçma', 'salla', 'topla', 'dan', 'puan', 'öbür', 'hafta', 'oda', 'git', 'puan', 'kal', 'puan', 'gerek', 'i̇nternet', 'zor']","['oda git', 'puan kal', 'git puan', 'saçma salla', 'hafta oda']"
"['aynı', 'sorun', 'var', 'tam', 'ihtiyaç', 'para', 'yükle', 'ihtiyaç', 'duy', 'para', 'yükle', 'gerek', 'var', 'sil', 'hemen']","['ihtiyaç para', 'yükle ihtiyaç', 'yükle gerek', 'para yükle', 'gerek var']"
"['bile', 'giriş', 'cunku', 'posta', 'ait', 'değil', 'şifre', 'yenile', 'posta', 'gönder', 'posta', 'adres', 'yenile', 'yar', 'eder']","['şifre yenile', 'posta adres', 'yenile posta', 'gönder posta', 'şifre']"
"['uzun', 'müddet', 'kullan', 'güzel', 'fakat', 'ara', 'insan', 'kart', 'para', 'hal', 'bloke', 'koy', 'gün', 'siz', 'dönüş', 'sağla', 'kart', 'para', 'kullandırmıyorlarbu', 'ara', 'san', 'kişi', 'para', 'değer', 'faiz', 'yiyorlari̇çindeki', 'para', 'para', 'kuruş', 'bile', 'siz', 'fakat', 'siz', 'para', 'siz', 'vermiyorlarsakın', 'sakın', 'siz', 'tavsiye', 'aycell', 'kart', 'almayınvarsada', 'para', 'yatır']","['kart almayınvarsada', 'almayınvarsada para', 'sağla kart', 'çindeki para', 'para yatır']"
"['paycel', 'hediye', 'dünya', 'kısım', 'dikkat', 'bak', 'düşük', 'güzel', 'birey', 'bin', 'puan', 'başla', 'gör', 'bide', 'salla', 'topla', 'çıkar', 'puan', 'merak', 'zaman', 'bin', 'puan', 'önem', 'puan', 'hadi', 'para', 'harca', 'kart', 'limit', 'şaka', 'isjsjjsjsueue', 'puan', 'bin', 'puan', 'harcicam', 'para', 'harca', 'öğrenci', 'var', 'arsa', 'zaten', 'paycel', 'kullan', 'jsjsjjddjdj']","['hediye dünya', 'çıkar puan', 'hadi para', 'bin puan', 'hediye']"
"['arkadaş', 'davet', 'puan', 'iste', 'sadece', 'kere', 'puan', 'diğer', 'puan', 'bekle', 'gerek', 'puan', 'kazan', 'zor', 'artı', 'puan', 'kes', 'zaman', 'salla', 'puan', 'kazan', 'anlam', 'var', 'ayrıca', 'uzun', 'zaman', 'kullan', 'hediye', 'artı', 'puan', 'üst', 'harca', 'tiz', 'saçma', 'değil', 'artık', 'millet', 'sevin', 'güzel', 'kampanya', 'hediye']","['kazan anlam', 'kampanya hediye', 'artı puan', 'puan kazan', 'puan üst']"
"['güzel', 'aycell', 'fizik', 'kart', 'güzel', 'i̇ninala', 'göre', 'kat', 'kat', 'iyi', 'ininal', 'nefes', 'bile', 'para', 'çek', 'puan', 'sistem', 'problem', 'var', 'i̇stanbul', 'kart', 'kupon', 'iste', 'bekle', 'gerek', 'ayrıca', 'kupon', 'kendi', 'kart', 'etkin', 'hazır', 'limit', 'etkin', 'gerek', 'turkcell', 'fatura', 'yansı', 'dış', 'sıkıntı', 'yok']","['kart kupon', 'kart güzel', 'kendi kart', 'kupon iste', 'ayrıca kupon']"
"['para', 'transfer', 'iste', 'aycell', 'kullan', 'sorun', 'yok', 'fakat', 'son', 'gün', 'bil', 'para', 'transfer', 'defa', 'işlem', 'gerçek', 'sonra', 'tekrar', 'dene', 'yazı', 'çık', 'gün', 'böyle', 'güç', 'alt', 'üst', 'yüz', 'öde', 'gerek', 'millet', 'para', 'gönder', 'hırsız', 'durum', 'düşür', 'siz', 'tercih', 'pişman']","['para gönder', 'öde gerek', 'para transfer', 'öde', 'transfer defa']"
"['tam', 'gün', 'diğer', 'kart', 'paycel', 'yükle', 'hemen', 'şüphe', 'işlem', 'bloke', 'koy', 'talep', 'gün', 'şüphe', 'işlem', 'bildirim', 'kal', 'gün', 'sonra', 'tekrar', 'hesabi', 'acilamayacagini', 'para', 'ifade', 'söyle', 'paycel', 'para', 'koy', 'iade', 'yok', 'kart', 'fiziki', 'kart', 'karşılık', 'kart', 'kullanım', 'acmiyorlar', 'dolandırıcı', 'millet', 'para', 'koy', 'hak', 'artık', 'hukuk', 'çöz', 'git', 'başka', 'çare', 'birakmadilar']","['karşılık kart', 'kart karşılık', 'kart kullanım', 'hesabi acilamayacagini', 'diğer kart']"
"['kullan', 'iyi', 'tek', 'sıkıntı', 'sadece', 'puan', 'tek', 'paylaş', 'lütfen', 'düzel', 'başka', 'biri', 'puan', 'amca', 'kendi', 'bekle', 'saçma']","['puan tek', 'amca kendi', 'puan amca', 'tek paylaş', 'biri puan']"
"['herkes', 'kötü', 'yorum', 'neden', 'sadece', 'iyi', 'herhalde', 'arkadaş', 'iyi', 'kart', 'kullan', 'tavsiye', 'sadece', 'kere', 'para', 'kes', 'sıkıntı', 'değil']","['iyi kart', 'kötü yorum', 'yorum neden', 'arkadaş iyi', 'tavsiye sadece']"
"['berbat', 'soygun', 'haram', 'paralarresmen', 'para', 'koy']","['soygun haram', 'haram paralarresmen', 'haram', 'paralarresmen para', 'berbat soygun']"
"['anla', 'gerek', 'yok', 'gör']","['gerek yok', 'yok gör', 'yok', 'anla gerek', 'gör']"
"['fatura', 'fazla', 'para', 'yansı', 'aycell', 'fatura', 'yansı', 'böyle', 'yolsuz', 'kagir', 'hırsız', 'para', 'geri', 'iade']","['hırsız para', 'böyle yolsuz', 'yolsuz kagir', 'yolsuz', 'fatura yansı']"
"['turkcell', 'müşteri', 'aycell', 'işlem', 'ücret', 'öde', 'cevap', 'ithafen', 'diğer', 'finansal', 'işlem', 'sun', 'fazla', 'işlem', 'düzgün', 'kesinti', 'ücret', 'bil']","['işlem ücret', 'ücret öde', 'turkcell müşteri', 'diğer finansal', 'finansal işlem']"
"['allah', 'bela', 'youtube', 'music', 'ücret', 'dene', 'sonra', 'iptal', 'rağmen', 'aycell', 'gece', 'yarı', 'saat', 'yetersiz', 'bakiye', 'mesaj', 'böyle', 'saçmalık', 'gece', 'yarı', 'uyku', 'hak', 'böl', 'anla', 'çalış', 'insan', 'telefon', 'tamamen', 'ses', 'bık', 'artık']","['telefon tamamen', 'ses bık', 'youtube music', 'insan telefon', 'yarı uyku']"
"['iyi', 'fakat', 'puan', 'kazan', 'zor']","['kazan zor', 'fakat puan', 'puan kazan', 'iyi fakat', 'iyi']"
"['gerçekten', 'iyi', 'fakat', 'arkadaş', 'puan', 'telefon', 'fatura', 'yansı', 'neden']","['telefon fatura', 'fatura yansı', 'puan telefon', 'iyi fakat', 'fakat arkadaş']"
"['aycell', 'kaç', 'gün', 'kişi', 'davet', 'kod', 'gir', 'kayıt', 'puan', 'kazan', 'hiçbir', 'puan', 'gelmedieskiden', 'böyle', 'sorun', 'başla']","['kayıt puan', 'kaç gün', 'puan kazan', 'davet kod', 'gir kayıt']"
"['yükle', 'sürekli', 'hata', 'aycell', 'müşteri', 'hizmet', 'bağla', 'dan', 'aşağı', 'sür', 'konu', 'iyi', 'mağdur']","['sürekli hata', 'aycell müşteri', 'müşteri hizmet', 'müşteri', 'iyi mağdur']"
"['fatura', 'kart', 'hepsi', 'kaydet', 'yönet', 'kolay', 'bide', 'limit', 'problem', 'turkcell', 'bayi', 'çöz', 'zor', 'kal', 'hallet', 'iyi']","['fatura kart', 'problem turkcell', 'kart hepsi', 'limit problem', 'fatura']"
"['kere', 'sadece', 'iyi', 'puan', 'sakin', 'yükle']","['sakin yükle', 'puan sakin', 'kere sadece', 'sakin', 'iyi puan']"
"['resmen', 'dolandırıcı', 'anla', 'google', 'olay', 'dan', 'bilgi', 'dış', 'yapliyor', 'fatura', 'yansı', 'turkcell', 'müşteri', 'hizmet', 'ara', 'biz', 'durum', 'değil', 'google', 'olay', 'görüş', 'böyle', 'saçmalık']","['google olay', 'anla google', 'değil google', 'google', 'böyle saçmalık']"
"['gerek', 'biıuygulama', 'hiösevmedim']","['biıuygulama hiösevmedim', 'hiösevmedim', 'biıuygulama', 'gerek biıuygulama', 'gerek']"
"['ara', 'kötü', 'iyi']","['kötü iyi', 'ara kötü', 'kötü', 'iyi', 'ara']"
"['biraz', 'paha', 'fiyat', 'kazık', 'kampanya', 'kötü', 'iyi']","['kampanya kötü', 'paha fiyat', 'fiyat kazık', 'kötü iyi', 'kötü']"
"['taraf', 'para', 'tuzak', 'yarış', 'katıl', 'i̇nternet', 'kazan', 'soru', 'bil', 'i̇nternet', 'oku', 'onayla', 'fatura', 'yansı', 'böyle', 'terbiye', 'sakın']","['yarış katıl', 'tuzak yarış', 'fatura yansı', 'onayla fatura', 'yarış']"
"['hesap', 'telefon', 'numara', 'gir', 'kod', 'gönder', 'giilriyom', 'güvenlik', 'hesap', 'dur', 'yeni', 'posta', 'tikloyorum', 'kod', 'siz', 'öner', 'kötü', 'inşallah', 'para', 'almamissindir']","['hesap telefon', 'güvenlik hesap', 'yeni posta', 'posta', 'telefon numara']"
"['böyle', 'gör', 'netflix', 'öde', 'ger', 'para', 'kes', 'kes', 'sami']","['netflix öde', 'gör netflix', 'netflix', 'öde ger', 'öde']"
"['sel', 'yakıt', 'iste', 'anlaş', 'bile', 'sel', 'yakıt', 'anlaşma', 'yok', 'böyle', 'şey', 'haber', 'bile', 'yok', 'lütfen', 'şey', 'süs', 'yaz']","['yok lütfen', 'yok böyle', 'lütfen şey', 'anlaşma yok', 'yok']"
"['böyle', 'puan', 'yalan', 'boşuna']","['yalan boşuna', 'puan yalan', 'yalan', 'boşuna', 'böyle']"
"['masraf', 'koy', 'masraf']","['masraf koy', 'koy masraf', 'masraf', 'koy']"
"['güzel', 'hata', 'öde', 'şua', 'işlem', 'geçek', 'hata', 'véreyor', 'kasa', 'kal', 'tan', 'gerçekten', 'sıkıl', 'lütfen', 'gerek', 'yad', 'böyle', 'var', 'bilgi', 'gün', 'önce', 'gir', 'git', 'lütfen', 'gerek']","['sıkıl lütfen', 'lütfen gerek', 'şua işlem', 'lütfen', 'gerek yad']"
"['memnun', 'kal', 'doğru', 'ilk', 'baş', 'iyi', 'birçok', 'arkadasimi', 'davet', 'i̇nternet', 'kazan', 'meyer', 'bird', 'sinir', 'var', 'ten', 'fazla', 'i̇nternet', 'turkcell', 'başka', 'paket', 'var', 'vodafone', 'yok', 'yüksel', 'bütün', 'sınırla', 'kaldır', 'gerek']","['turkcell başka', 'meyer bird', 'bird sinir', 'birçok arkadasimi', 'bird']"
"['kesinlikle', 'kullan', 'kart', 'yükle', 'gün', 'geç', 'düş', 'geç', 'düş', 'resmen', 'para', 'tuzak', 'geri', 'sil', 'yıldız', 'bile', 'haket', 'kimse', 'öner', 'paralizi']","['kullan kart', 'kart yükle', 'yıldız bile', 'bile haket', 'öner paralizi']"
"['aycell', 'hesap', 'bin', 'pişman', 'yanlış', 'posta', 'girdi', 'değiş', 'posta', 'doğrula', 'lazım', 'posta', 'hesap', 'yok', 'abi', 'hemen', 'güncelle', 'getir', 'posta', 'onayla', 'değiş', 'olay', 'kaldır', 'lütfen', 'pişman', 'para', 'çekmessi̇ni̇z', 'borç', 'yaz', 'hak', 'haram', 'zakkum', 'allah', 'bel', 'borç', 'yaz']","['posta doğrula', 'posta girdi', 'yanlış posta', 'allah bel', 'yok abi']"
"['sırf', 'üste', 'çık', 'yıldız', 'gün', 'belirli', 'saat', 'mesaj', 'öde', 'işlem', 'devam', 'lütfen', 'paycel', 'kullan', 'mesaj', 'savcı', 'suç', 'duyuru', 'bulun', 'artık', 'yet', 'gerek', 'arz']","['mesaj öde', 'belirli saat', 'saat mesaj', 'mesaj savcı', 'gün belirli']"
"['böyle', 'türkiye', 'düşün', 'güzel', 'yarar', 'puan', 'karşılık', 'i̇nternet', 'hesap', 'para', 'gönder', 'alışveriş', 'harca', 'kadar', 'fatura', 'yansı']","['fatura yansı', 'kadar fatura', 'para gönder', 'gönder alışveriş', 'hesap para']"
"['hesap', 'don', 'şifre', 'yenile', 'hesap', 'kayıt', 'posta', 'erişim', 'yok', 'değiş', 'böyle', 'saçma', 'sorun', 'acilen', 'çöz', 'iste']","['şifre yenile', 'don şifre', 'şifre', 'hesap kayıt', 'hesap don']"
"['paket', 'yenile', 'paket', 'içerik', 'aylık', 'paycel', 'itele', 'söz', 'ücret', 'kullan', 'lise', 'lira', 'hava', 'para', 'turkcell', 'yakış', 'hareket', 'müşteri', 'hizmet', 'ara', 'paket', 'içerik', 'tecavüz', 'kacinilmazsa', 'zevk', 'bild', 'öyle']","['paket yenile', 'paket içerik', 'söz ücret', 'ücret kullan', 'yenile paket']"
"['iyi', 'ancak', 'hediye', 'tutar', 'biraz', 'yüksek']","['ancak hediye', 'hediye tutar', 'hediye', 'iyi ancak', 'biraz yüksek']"
"['biraz', 'kompleks', 'genel', 'iyi']","['biraz kompleks', 'kompleks', 'kompleks genel', 'genel iyi', 'biraz']"
"['komisyon', 'ücret', 'lira', 'böyle', 'saçma', 'yok', 'para', 'yükle', 'para', 'fatura', 'öde', 'yara', 'program']","['fatura öde', 'ücret lira', 'para fatura', 'komisyon ücret', 'öde']"
"['değer', 'aycell', 'çalış', 'siz', 'kullan', 'öneri', 'sorun', 'var', 'baş', 'fatura', 'öde', 'zor', 'çık', 'sürekli', 'kurum', 'mutabakat', 'uyarı', 'sorun', 'çöz', 'ikinci', 'genelde', 'tür', 'öde', 'sistem', 'kullan', 'insan', 'bekle', 'gerek', 'detay', 'sıkıl', 'insan', 'kampanya', 'basit', 'katılım', 'kolay', 'mobil', 'öde', 'zorunlu', 'meselai̇yi', 'çalış', 'dile']","['öde zor', 'öde zorunlu', 'tür öde', 'fatura öde', 'kullan öneri']"
"['yıldız', 'bile', 'böyle', 'dolandırıcı', 'gör', 'bide', 'koskoca', 'turkcell', 'kadar', 'arkadaş', 'çağır', 'puan', 'kazan', 'kuş', 'aynı', 'tekrarla', 'dur', 'küfür', 'eder', 'kadar', 'düş', 'yazık']","['kazan kuş', 'kuş', 'kuş aynı', 'bide koskoca', 'koskoca turkcell']"
"['iyi', 'olmadigini', 'kaç', 'hafta', 'birik', 'calisipta', 'birik', 'salla', 'kazan', 'puan', 'öğren', 'eksil', 'git', 'puanlarimi', 'biriktiremiyorumsaf', 'değil', 'farkindayim', 'puanlarimi', 'aldiginizdan', 'yedi', 'gerek', 'dortyuzu', 'geç']","['puanlarimi biriktiremiyorumsaf', 'farkindayim puanlarimi', 'puan öğren', 'kazan puan', 'biriktiremiyorumsaf']"
"['hayat', 'gör', 'saçma', 'gerek']","['hayat gör', 'saçma gerek', 'gör saçma', 'hayat', 'saçma']"
"['posta', 'adres', 'güncelle', 'iste', 'eski', 'posta', 'link', 'şifre', 'yenile', 'işlem', 'eski', 'posta', 'bil', 'kısır', 'döngü', 'gir', 'yarım', 'kal', 'turkcell', 'şaşır']","['eski posta', 'posta adres', 'şifre yenile', 'adres güncelle', 'posta']"
"['hayat', 'böyle', 'saçma', 'gör', 'puan', 'gıdım', 'gıdım', 'hani', 'dol', 'puan', 'bak', 'geri', 'çek', 'numara', 'kan']","['gıdım gıdım', 'puan gıdım', 'gıdım hani', 'gıdım', 'böyle saçma']"
"['turkcell', 'alternatif', 'biraz', 'fiyat', 'konu', 'alternatif', 'art', 'iyi', 'bol', 'fiyat', 'uygun', 'tarife', 'bekle']","['fiyat uygun', 'biraz fiyat', 'fiyat konu', 'bol fiyat', 'turkcell alternatif']"
"['sun', 'hizmet', 'karşılık', 'ücret', 'elbette', 'kimse', 'söz', 'sorun', 'i̇stanbul', 'kart', 'yükle', 'nbc', 'oku', 'zayıf', 'telefon', 'sorun', 'zannet', 'fastpay', 'sorun', 'yaşa', 'ayrıca', 'öde', 'talimat', 'sonra', 'yanlış', 'anasayfa', 'tıkla', 'nbc', 'kesinti', 'uğra', 'kapa', 'öde', 'talimat', 'kaybol', 'tekrar', 'öde', 'zorunlu', 'kıl', 'buda', 'hoş', 'durum', 'değil']","['öde talimat', 'öde zorunlu', 'ayrıca öde', 'karşılık ücret', 'ücret elbette']"
"['hazır', 'limit', 'lira', 'koy', 'kullan', 'sonra', 'yara', 'kullan', 'mail', 'incele', 'geri', 'dönüş', 'şey', 'para', 'kes', 'lira', 'çek', 'lira', 'kesinti', 'böyle', 'yakın', 'zaman', 'borç', 'kapa', 'ilk', 'siz', 'sil', 'iyi', 'gün', 'dile']","['borç kapa', 'kesinti böyle', 'lira kesinti', 'kesinti', 'siz sil']"
"['ihtiyaç', 'gir', 'transfer', 'sürekli', 'hata', 'komisyon', 'normal', 'sonuç', 'hizmet', 'sun', 'fakat', 'hak', 'normal', 'değil']","['komisyon normal', 'hata komisyon', 'transfer sürekli', 'sürekli hata', 'transfer']"
"['kazan', 'kazan', 'dan', 'kere', 'doğru', 'cevap', 'kere', 'gerek', 'puan', 'puan', 'kullan', 'i̇nternet', 'şimdi', 'sor', 'para', 'yansı', 'fakat', 'yarar', 'dokun', 'konu', 'ilgili', 'çözüm', 'iste']","['puan kullan', 'gerek puan', 'para yansı', 'fakat yarar', 'kazan dan']"
"['kazık', 'zaman', 'kayıp', 'puan', 'alın', 'yad', 'puan', 'süre', 'uza', 'lazım', 'hala', 'boş', 'kal', 'devam']","['zaman kayıp', 'süre uza', 'kazık zaman', 'kayıp puan', 'hala boş']"
"['iyi', 'değil', 'lira', 'kes', 'fast', 'pay', 'iyi']","['pay iyi', 'kes fast', 'iyi', 'iyi değil', 'fast']"
"['hesap', 'para', 'izin', 'hazır', 'limit', 'çek', 'para', 'böyle', 'şey', 'onay', 'aycell', 'hesap', 'sil', 'kimse', 'öner']","['para izin', 'çek para', 'hesap para', 'limit çek', 'para böyle']"
"['kendi', 'kendi', 'kredi', 'belirle', 'kere', 'kullan', 'ertesi', 'madem', 'kullan', 'kredi', 'yarı', 'düşür', 'gör', 'yine', 'kendi', 'kendi', 'kredi', 'yarı', 'düşün', 'garip', 'doğru', 'kredi', 'iste', 'hadi', 'madem', 'haris', 'geri', 'hakikaten', 'iyi']","['kendi kredi', 'kullan kredi', 'kredi belirle', 'doğru kredi', 'kredi yarı']"
"['oyna', 'paket', 'pub', 'mobile', 'oyna', 'fakat', 'kendi', ""i̇nternet'imde"", 'yedi', 'hata', 'düzel', 'gerek']","['pub mobile', 'mobile oyna', 'oyna paket', 'yedi hata', 'paket pub']"
"['sadece', 'aycell', 'pub', 'para', 'yatır', 'kullan', 'konu', 'iyi', 'yara', 'disindada', 'zaten', 'puan', 'nadiren', 'oduller', 'aycell', 'i̇ldiz', 'kaydi', 'cunku', 'kök', 'kar', 'biz', 'biraz', 'keklik']","['biz biraz', 'biraz keklik', 'disindada zaten', 'yara disindada', 'sadece aycell']"
"['insan', 'aptal', 'yerine', 'koy', 'saçma', 'sapan', 'hak', 'kolay', 'kolay', 'böyle', 'yorum', 'yaz', 'iste', 'aycell', 'abart', 'biraz', 'salla', 'topla', 'var', 'puan', 'birik', 'i̇nternet', 'hafta', 'puan', 'puan', 'hediye', 'yok', 'üstelik', 'yet', 'puan', 'birik', 'çoğu', 'kullanım', 'süre', 'dol', 'zavallı', 'davran', 'sergile']","['aptal yerine', 'saçma sapan', 'insan aptal', 'abart biraz', 'koy saçma']"
"['soru', 'anla', 'böyle', 'yerine', 'paket', 'yaptırirdim', 'saçmalık']","['paket yaptırirdim', 'yaptırirdim saçmalık', 'yerine paket', 'saçmalık', 'yaptırirdim']"
"['boooooooooşş', 'i̇ndi̇rme', 'gerek', 'yok', 'sonra', 'borç', 'falan', 'gir']","['gerek yok', 'yok sonra', 'borç falan', 'boooooooooşş ndi', 'sonra borç']"
"['birgün', 'bulan', 'iki', 'gün', 'oluş', 'keşke']","['iki gün', 'birgün', 'birgün bulan', 'bulan iki', 'gün oluş']"
"['para', 'aktar', 'sürekli', 'hata', 'mobil', 'öde', 'isle', 'gercek', 'hata', 'limit', 'var', 'hata', 'master', 'hizmet', 'ara', 'sistem', 'hata', 'var', 'hatay', 'bil', 'dun', 'böyle', 'kucak', 'hatay', 'düzel', 'bile', 'böyle', 'cikarmayin', 'becer', 'sürekli', 'hata', 'sürekli', 'hata', 'hata', 'hata', 'düzel', 'bile', 'sistem', 'yapmissiniz', 'sürekli', 'hata']","['hata sürekli', 'sürekli hata', 'hata düzel', 'gercek hata', 'hata hata']"
"['yemin', 'para', 'tuzak', 'başka', 'değilsakın', 'kesinlikle', 'öner', 'hak', 'kazanç', 'ediyorlarpara', 'yükle', 'para', 'kaliyopara', 'transfer', 'iste', 'işlem', 'ücret']","['yemin para', 'kazanç ediyorlarpara', 'ediyorlarpara yükle', 'ücret', 'hak kazanç']"
"['böyle', 'kart', 'kart', 'hafta', 'hafta', 'kart', 'para', 'yükle', 'çalış', 'rezil', 'kart', 'kesinlikle', 'tavsiye']","['hafta kart', 'kart hafta', 'rezil kart', 'böyle kart', 'kart kesinlikle']"
"['kimlik', 'onayla', 'fatura', 'öde', 'başka', 'yaramadısirf', 'dijital', 'cüzdan', 'edin', 'gerek', 'var']","['dijital cüzdan', 'cüzdan edin', 'cüzdan', 'fatura öde', 'onayla fatura']"
"['val', 'karışık', 'sistem', 'önce', 'kart', 'bile', 'kredi', 'kart', 'banka', 'kart', 'tanımla', 'arkadaş', 'gör', 'fatura', 'baş', 'ücret', 'kart', 'ücret', 'kart', 'kapa', 'heves', 'kadar', 'işlem', 'vaki', 'yanlış', 'düzel', 'kes', 'yol', 'bil', 'yol', 'sil', 'kafa', 'rahat', 'chp', 'tınaz', 'mahsuben', 'gerek', 'yok']","['kredi kart', 'banka kart', 'kart tanımla', 'kart banka', 'önce kart']"
"['merhaba', 'aycell', 'ekip', 'eksik', 'turkcell', 'özel', 'güzel', 'paket', 'mevcut', 'değil', 'para', 'oyun', 'geçerli', 'pub', 'zula', 'sat', 'kart', 'kod', 'bölüm', 'bura', 'spotify', 'site', 'üye', 'kod', 'sat']","['eksik turkcell', 'paket mevcut', 'turkcell özel', 'turkcell', 'sat kart']"
"['böyle', 'birşey', 'üye', 'sebep', 'ücret', 'kes', 'resmen', 'hırsız', 'ücret', 'iade', 'iste']","['hırsız ücret', 'hırsız', 'resmen hırsız', 'sebep ücret', 'ücret iade']"
"['ilk', 'kullan', 'fazla', 'ayık', 'değil', 'iyi', 'yan', 'yakala']","['iyi yan', 'ayık değil', 'iyi', 'yan yakala', 'ilk kullan']"
"['böyle', 'kadar', 'şikayet', 'kullan', 'var', 'google', 'bin', 'puan', 'şaşır', 'turkcell', 'böyle', 'saçma', 'sapan', 'kullan', 'kadar', 'net']","['şaşır turkcell', 'saçma sapan', 'kadar şikayet', 'böyle saçma', 'puan şaşır']"
"['şimdi', 'şöyle', 'didem', 'çoğu', 'kişi', 'imza', 'destek', 'topla', 'ara', 'kişi', 'gir', 'dava', 'kişi', 'saye', 'bak', 'millet', 'para', 'çal', 'hesap', 'kapa', 'fazlasıyla', 'alıç', 'hesabi', 'kullan', 'gerek']","['çal hesap', 'hesabi kullan', 'para çal', 'alıç hesabi', 'imza destek']"
"['herşey', 'güzel', 'sadece', 'aycell', 'puan', 'git', 'sürekli', 'yetersiz', 'bakiye', 'mesaj', 'sat', 'sürekli', 'yetersiz', 'bakiye', 'keşke', 'yetersiz', 'bakiye', 'gör', 'para', 'alan', 'abone', 'iptal', 'güzel']","['abone iptal', 'alan abone', 'sürekli yetersiz', 'abone', 'keşke yetersiz']"
"['aysel', 'var', 'git', 'git', 'lira', 'lira', 'kayıp', 'cuzdanimda', 'delik', 'yok', 'anla', 'neden', 'aysel', 'puan', 'puan', 'kullan', 'cebe', 'kullan', 'program', 'değil', 'iyi', 'sil', 'program', 'tavsiye', 'para', 'tuzak']","['kayıp cuzdanimda', 'puan kullan', 'tavsiye para', 'cuzdanimda delik', 'neden aysel']"
"['aylık', 'kullanım', 'ücret', 'kart', 'para', 'yükle', 'alın', 'hizmet', 'bedel', 'fazla', 'ayrıca', 'migros', 'sanal', 'market', 'şekil', 'öde', 'onayla', 'akaryakıt', 'işlem', 'liste', 'rağmen', 'benzin', 'istasyon', 'böyle', 'işlem', 'kısaç', 'yeterli', 'değil', 'kısıt', 'organizasyon', 'ağı', 'var', 'yeterince', 'profesyonel', 'değil']","['benzin istasyon', 'kullanım ücret', 'ücret kart', 'hizmet bedel', 'aylık kullanım']"
"['iyi', 'tek', 'sıkıntı', 'payceell', 'şifre', 'unut', 'giriş', 'eski', 'posta', 'üzeri', 'giriş', 'eski', 'posta', 'hesap', 'ses', 'yol', 'yardimci']","['şifre unut', 'payceell şifre', 'şifre', 'posta hesap', 'eski posta']"
"['hesap', 'oluş', 'oluş', 'aylık', 'aidat', 'kes', 'mil', 'turkcell', 'böyle', 'saçmalık', 'gör']","['turkcell böyle', 'mil turkcell', 'turkcell', 'saçmalık gör', 'böyle saçmalık']"
"['böyle', 'yokkkkkkkkkk', 'öğrenci', 'kardeş', 'lira', 'yatır', 'bakiye', 'yaziyooooooooo', 'yeterrrrrrrrrrrt']","['yaziyooooooooo yeterrrrrrrrrrrt', 'bakiye yaziyooooooooo', 'yeterrrrrrrrrrrt', 'böyle yokkkkkkkkkk', 'yaziyooooooooo']"
"['aynı', 'fikir', 'yıldız', 'üst', 'görün', 'aycell', 'kart', 'var', 'adres', 'kimlik', 'teyit', 'iste', 'turkcell', 'mağaza', 'git', 'biri', 'bil', 'diğer', 'sadece', 'kimlik', 'bilgi', 'gün', 'sonra', 'mesaj', 'eksik', 'evrak', 'biz', 'dalga', 'geç', 'lira', 'fatura', 'öde', 'siz', 'müşteri', 'önem', 'yok', 'anlaş', 'sözleşme', 'şubat', 'bit', 'lira', 'fatura', 'karşılık', 'iyi', 'hizmet', 'başka', 'operatör', 'geç']","['siz müşteri', 'müşteri önem', 'müşteri', 'fatura öde', 'anlaş sözleşme']"
"['nere', 'başla', 'vipvipyo', 'eglencepteye', 'kayıt', 'dolay', 'para', 'gerek', 'yad', 'puan', 'yet', 'kaybol', 'öner', 'gine', 'salla', 'kazan', 'para', 'civar', 'kullan', 'iyi']","['kazan para', 'başla vipvipyo', 'para gerek', 'gine salla', 'kaybol öner']"
"['baş', 'jêbir', 'iyi', 'değil', 'sil']","['jêbir iyi', 'baş jêbir', 'iyi değil', 'değil sil', 'iyi']"
"['puan', 'var', 'google', 'olay', 'kupon', 'alaca', 'kupon', 'gözük', 'lütfen', 'çöz', 'önce', 'puan', 'eksik', 'gözük']","['kupon gözük', 'olay kupon', 'kupon', 'alaca kupon', 'kupon alaca']"
"['insani', 'aptal', 'yerine', 'koy', 'kullandirmadiginiz', 'limit', 'aciyorsunuzher', 'işlem', 'işlem', 'ücret', 'nedirmuhattap', 'tane', 'iletişim', 'kanal', 'yok', 'zaman', 'kalp', 'git']","['limit aciyorsunuzher', 'kullandirmadiginiz', 'koy kullandirmadiginiz', 'kullandirmadiginiz limit', 'ücret nedirmuhattap']"
"['para', 'kesinti', 'büyük', 'puan', 'topla', 'puan', 'tarih', 'koy', 'sil', 'yazık', 'boşuna']","['para kesinti', 'kesinti büyük', 'puan tarih', 'yazık boşuna', 'tarih koy']"
"['don', 'aksa', 'var', 'düzel', 'gerek']","['düzel gerek', 'don aksa', 'var düzel', 'aksa var', 'düzel']"
"['keşke', 'burulaş', 'kart', 'yüklem', 'geliş', 'rica']","['burulaş kart', 'kart yüklem', 'keşke burulaş', 'geliş rica', 'keşke']"
"['turkcell', 'aycell', 'alaka', 'hal', 'fatura', 'çıkar', 'buda', 'yeni', 'dolandır', 'yöntem', 'herhalde', 'utan', 'yok', 'siz', 'yazık', 'yıldız', 'üst', 'görün']","['fatura çıkar', 'hal fatura', 'yeni dolandır', 'çıkar buda', 'yazık yıldız']"
"['adet', 'musterı', 'danışman', 'ula', 'isle', 'hata', 'ilgı', 'bile', 'siz', 'geri', 'bonus', 'sağla', 'bılkı', 'dun', 'bugün', 'musterı', 'danışman', 'ara', 'helak']","['musterı danışman', 'danışman ara', 'sağla bılkı', 'danışman ula', 'bile siz']"
"['herşey', 'numara', 'çek', 'katıl', 'çekiliş', 'hak', 'var', 'inşallah', 'phone', 'çıkar', 'aile', 'turkcell', 'kullan']","['inşallah phone', 'var inşallah', 'inşallah', 'çekiliş', 'çekiliş hak']"
"['eskiden', 'gene', 'iyi', 'şimdi', 'iğrenç', 'salla', 'topla', 'puan', 'birik', 'izin', 'yine', 'geri', 'günlük', 'bile', 'kaldır', 'puan', 'hediye', 'topla', 'izin', 'puan', 'sil']","['kaldır puan', 'izin yine', 'puan hediye', 'geri günlük', 'bile kaldır']"
"['gerçekten', 'berbat', 'yorum', 'görün', 'i̇ldiz', 'telefon', 'numarasimi', 'gerek', 'lütfen', 'posta', 'koy']","['telefon numarasimi', 'lütfen posta', 'numarasimi gerek', 'ldiz telefon', 'numarasimi']"
"['merhaba', 'birden', 'aycell', 'sanal', 'kart', 'oluş', 'sonra', 'aycell', 'telefon', 'numara', 'yaz', 'kart', 'site', 'ait', 'kart', 'son', 'kullanım', 'tarih', 'iste', 'ait', 'değil', 'şifre', 'eposta', 'yaz', 'sonra', 'hata', 'oluş', 'sonra', 'dene', 'hata', 'cözum', 'lazım', 'kart', 'sil', 'hata', 'düzel']","['yaz kart', 'şifre eposta', 'kart oluş', 'lazım kart', 'eposta yaz']"
"['sakın', 'kullan', 'tam', 'şark', 'kurnaz', 'puan', 'topla', 'i̇stanbulkart', 'yükle', 'puan', 'topla', 'sayfa', 'kaldır', 'puan', 'sadece', 'fidan', 'hafta', 'alışveriş', 'çık', 'puan', 'düşür', 'sefer', 'diğer', 'hediye', 'gözük', 'kısaç', 'puan', 'hesap', 'siz', 'sun', 'puan', 'topla', 'şey', 'orta', 'kalk', 'hesap', 'sil', 'kullan']","['kalk hesap', 'puan hesap', 'kaldır puan', 'hesap siz', 'yükle puan']"
"['siz', 'şirket', 'dahası', 'dolandırıcı', 'hizmet', 'altın', 'hak', 'kazanç', 'sağla', 'arkadaş', 'akıl', 'kullan', 'hazır', 'limit', 'kullan', 'bile', 'ücret', 'kes', 'hiçbir', 'yer', 'öde', 'kabul', 'para']","['bile ücret', 'kabul para', 'yer öde', 'öde kabul', 'hak kazanç']"
"['rezalet', 'rezaletmüşteri', 'hizmet', 'kalite', 'posta', 'cevap', 'kadar', 'zormubir', 'hala', 'cevap', 'yokbirazcık', 'müşteri', 'hizmet', 'önemseyinay', 'dol', 'vergi', 'kes', 'iyi', 'biliyorsunuziş', 'hizmet', 'fos']","['hizmet kalite', 'yokbirazcık müşteri', 'kalite posta', 'müşteri hizmet', 'hizmet önemseyinay']"
"['iyi', 'kötü', 'diğer', 'fatura', 'ilgili', 'calista', 'saat']","['diğer fatura', 'fatura ilgili', 'fatura', 'kötü diğer', 'calista saat']"
"['yapcaniz', 'allah', 'bells', 'hesabi', 'uzun', 'sure', 'gir', 'dodurulmus', 'bide', 'eski', 'posta', 'kayin', 'yeni', 'şifre', 'ora', 'git', 'olay', 'master', 'temsilci', 'cozemiyor', 'böyle', 'sacmalikmi', 'bey', 'i̇ldiz', 'usstte', 'torun']","['şifre ora', 'şifre', 'yeni şifre', 'bells hesabi', 'allah bells']"
"['fatura', 'yansı', 'hak', 'öde', 'hak', 'helal', 'haram', 'inşallah', 'bütün', 'çevre', 'ilet', 'para', 'tuzak', 'tavsiye', 'anlaşma', 'iyi', 'oku', 'oku', 'onayla']","['helal haram', 'haram inşallah', 'inşallah bütün', 'inşallah', 'hak helal']"
"['siz', 'bile', 'aycell', 'kart', 'yok', 'ulaş', 'maksimum', 'kart', 'seviye', 'ulaş', 'çık', 'sanal', 'kart', 'oluş', 'aycell', 'cart', 'sistem', 'yükle', 'bil', 'gerek', 'kullanamıyacagımız', 'hazır', 'limit', 'zaman']","['kart seviye', 'maksimum kart', 'kart oluş', 'kart yok', 'hazır limit']"
"['hediye', 'dünya', 'kampanya', 'google', 'olay', 'kod', 'kötü', 'keşke', 'puan', 'google', 'olay', 'kod']","['google olay', 'kampanya google', 'puan google', 'google', 'hediye dünya']"
"['kadar', 'iyi', 'i̇nternet', 'bit', 'bayi', 'git', 'gerek', 'kal', 'paket', 'para', 'gönder', 'iyi', 'para', 'lazım', 'arkadaş']","['para lazım', 'iyi para', 'para gönder', 'lazım arkadaş', 'gönder iyi']"
"['böyle', 'saçma', 'yok', 'puan', 'topla', 'sonra', 'hafta', 'sil']","['hafta sil', 'sonra hafta', 'hafta', 'böyle saçma', 'yok puan']"
"['kötü', 'şifre', 'unut', 'tekrar', 'yenile', 'türlü', 'hesap', 'gir', 'sakın', 'berbat']","['şifre unut', 'kötü şifre', 'şifre', 'unut tekrar', 'sakın berbat']"
"['yetkili', 'arkadaş', 'paycel', 'limit', 'biz', 'sor', 'oyun', 'kullan', 'çocuk', 'bil', 'kullan', 'şua', 'iade', 'saglıyacagız', 'siz', 'insan', 'borcbatagına', 'fark', 'deyılsınız', 'siz', 'arıcan', 'para', 'iade', 'sağla', 'tek']","['saglıyacagız siz', 'insan borcbatagına', 'iade saglıyacagız', 'siz arıcan', 'saglıyacagız']"
"['ilan', 'para', 'yatır', 'tck', 'doğrula', 'yaz', 'bilgi', 'eksik', 'doğru', 'şekil', 'errorhata', 'yardımcı', 'memnun', 'puan', 'görüş', 'değiş', 'tabii']","['yaz bilgi', 'errorhata yardımcı', 'ilan para', 'doğrula yaz', 'tck doğrula']"
"['gerçekten', 'puan', 'düşük', 'son', 'güncelle', 'iyi']","['güncelle iyi', 'puan düşük', 'gerçekten puan', 'son güncelle', 'iyi']"
"['aycell', 'puan', 'getir', 'ilk', 'turkcell', 'kupon', 'kaybol', 'kere', 'böyle', 'söyle', 'umut', 'kaybet', 'ilet', 'siz', 'hala', 'chp', 'yok', 'kart']","['kupon kaybol', 'yok kart', 'turkcell kupon', 'kaybol kere', 'kupon']"
"['davet', 'kod', 'gir', 'yer', 'var', 'kaç', 'saat', 'sonra', 'girdi', 'paycele', 'davet', 'kod', 'gir', 'yer', 'kaybol', 'daha', 'bula', 'düzel']","['davet kod', 'saat sonra', 'gir yer', 'yer kaybol', 'kaybol daha']"
"['paycel', 'mali', 'durum', 'yok', 'para', 'yardım', 'bulun', 'çök', 'iyi']","['yok para', 'para yardım', 'çök iyi', 'bulun çök', 'iyi']"
"['böyle', 'para', 'içeri', 'kal', 'lütfen', 'geri']","['para içeri', 'lütfen geri', 'böyle para', 'geri', 'kal lütfen']"
"['işlem', 'sorun', 'çıkar', 'bazen', 'saat', 'ugrasirsiniz', 'lise', 'para', 'biraz', 'para', 'asla', 'tavsiye', 'sıkıntı']","['ugrasirsiniz lise', 'para biraz', 'biraz para', 'lise para', 'çıkar bazen']"
"['para', 'gönder', 'iste', 'işlem', 'ücret', 'başka', 'kart', 'para', 'gönder', 'iste', 'hesap', 'iste', 'lazım', 'millet', 'biraz', 'tatmin', 'edin', 'işlem', 'ücret', 'zaman', 'gayle']","['para gönder', 'başka kart', 'ücret başka', 'ücret', 'ücret zaman']"
"['puan', 'yenile', 'sakın', 'google', 'olay', 'kod', 'falan', 'kendi', 'kep', 'puan', 'birik', 'yeter', 'kadar', 'puan', 'topla', 'bölüm', 'sil', 'acilen', 'tüket', 'hak', 'başvur', 'gerek', 'dava', 'açı']","['google olay', 'sakın google', 'tüket hak', 'google', 'hak başvur']"
"['sanal', 'kart', 'kullan', 'şimdilik', 'normal', 'kart', 'çıkar', 'iste', ""i̇nternet'ten"", 'hemen', 'seçenek', 'tıkla', 'pound', 'hata', 'yardım', 'nere', 'temin']","['kart kullan', 'kart çıkar', 'normal kart', 'sanal kart', 'tıkla pound']"
"['fena', 'değil', 'iyi']","['fena değil', 'iyi', 'değil iyi', 'değil', 'fena']"
"['puan', 'yenile', 'rezil', 'beş', 'para', 'işlem', 'baş', 'ücret', 'ancak', 'hizmet', 'hatta', 'turkcell', 'kapasite', 'değil', 'herşey', 'posta', 'sorun', 'ilet', 'müşteri', 'hizmet', 'sorun', 'cozemeyecekseniz', 'gerek', 'var', 'müşteri', 'kart', 'para', 'ancak', 'hafta', 'sonra', 'aktar', 'hesap']","['müşteri kart', 'beş para', 'müşteri hizmet', 'ücret ancak', 'ilet müşteri']"
"['iyi', 'değil']","['iyi değil', 'değil', 'iyi']"
"['puan', 'sebep', 'pub', 'indirim', 'alcaktim', 'ilk', 'puan', 'birik', 'ilk', 'indirim', 'kupon', 'kaybol', 'sadece', 'fidan', 'bağış', 'i̇nternet', 'düzel', 'duzeldigi', 'yorum', 'düzenle', 'yıldız']","['indirim kupon', 'kupon kaybol', 'ilk indirim', 'indirim alcaktim', 'kupon']"
"['val', 'numara', 'biraz', 'zor', 'google', 'olay', 'kod', 'falan', 'iste', 'bedava', 'puan', 'bide', 'üst', 'puan', 'iyi', 'yapım', 'sağlık']","['google olay', 'zor google', 'puan iyi', 'numara biraz', 'google']"
"['ata', 'iki', 'gün', 'gir', 'hesap', 'don', 'eposta', 'adres', 'doğrula', 'ora', 'eposta', 'adres', 'değil', 'başka', 'tanı', 'posta', 'çık', 'biçim', 'olay', 'store', 'the', 'akp', 'storm', 'kaldır', 'böyle']","['posta çık', 'tanı posta', 'iki gün', 'posta', 'eposta adres']"
"['biz', 'ulaşım', 'gir', 'üzeri', 'tıkla', 'zaman', 'paylaş', 'iste', 'saçma', 'yazı', 'orda', 'olay', 'hiçbiryere', 'bağ', 'gerçekten', 'saçma', 'geri', 'kalan', 'iyi']","['saçma geri', 'iste saçma', 'gerçekten saçma', 'saçma yazı', 'üzeri tıkla']"
"['başarı', 'tüket', 'fayda', 'böyle', 'örnek']","['başarı tüket', 'tüket fayda', 'fayda', 'fayda böyle', 'başarı']"
"['iyi', 'değil']","['iyi değil', 'değil', 'iyi']"
"['iyi', 'kötü', 'ara', 'giriş', 'bura']","['kötü ara', 'iyi kötü', 'giriş bura', 'bura', 'kötü']"
"['ilk', 'baş', 'istek', 'son', 'hüsran', 'kart', 'para', 'kal', 'git', 'gün', 'ara', 'lira', 'lira', 'kes', 'aynı', 'kart', 'yakın', 'var', 'para', 'kes', 'sürekli', 'para', 'kes', 'aylık', 'üye', 'ücret', 'alt', 'para', 'kes', 'devam', 'böyle', 'devam', 'iptal', 'üst', 'gözük', 'yıldız']","['aynı kart', 'kart yakın', 'kes devam', 'sürekli para', 'hüsran kart']"
"['kötü', 'keşke']","['kötü keşke', 'keşke', 'kötü']"
"['kötü', 'kes', 'saf', 'para', 'tuzak', 'yakın', 'kes', 'sakın', 'böyle', 'şey', 'yok', 'para', 'siz', 'gir']","['para siz', 'yok para', 'saf para', 'kötü kes', 'kes sakın']"
"['kredi', 'kart', 'aycell', 'hesap', 'para', 'çek', 'kredi', 'kart', 'nakit', 'avans', 'hesap', 'bulun', 'gerek', 'sadece', 'kullan', 'limit', 'yeterli', 'değil', 'tek', 'eksik']","['kredi kart', 'çek kredi', 'kredi', 'kullan limit', 'hesap para']"
"['abla', 'kart', 'oyun', 'yatır', 'para', 'yükle', 'para', 'kullan', 'fatura', 'hat', 'gerek', 'yardım', 'kısım', ""i̇nternet'ten"", 'bilgi', 'para', 'abla', 'kart', 'geri', 'iste', 'böyle', 'para', 'tuzak', 'kan', 'tem', 'çöp']","['kart oyun', 'kart geri', 'böyle para', 'para kullan', 'bilgi para']"
"[""i̇zban'a"", 'transfer', 'para', 'kes', 'iyi', 'lütfen', 'düzel']","['iyi lütfen', 'lütfen düzel', 'lütfen', 'zban transfer', 'kes iyi']"
"['hazır', 'limit', 'düzen', 'öde', 'rağmen', 'önce', 'sonra', 'hazır', 'kullanım', 'limit', 'müşteri', 'hizmet', 'görüş', 'fatura', 'öde', 'sorun', 'yok', 'anla', 'konu', 'kapa', 'akıl', 'var', 'kullan', 'kart', 'yok', 'maaş', 'hesap', 'alt', 'kart', 'çıkart', 'kullan', 'böyle', 'neyaptığı', 'belirsiz', 'kullan', 'hiçbir', 'şekil', 'fayda', 'yokpaycell', 'konu', 'i̇lgi̇li̇', 'bi̇ri̇mlere', 'aktar', 'kendi̇leri̇', 'gi̇bi̇', 'fayda']","['limit müşteri', 'öde rağmen', 'öde sorun', 'düzen öde', 'fayda yokpaycell']"
"['cidden', 'artık', 'sadece', 'gül', 'mesaj', 'puan', 'apple', 'bari', 'duygu', 'incit', 'amele', 'bekle', 'orda', 'bari', 'yalan', 'söyle', 'böyle', 'operatör', 'yazık']","['puan apple', 'artık sadece', 'sadece', 'bari yalan', 'gül mesaj']"
"['güzel', 'fakat', 'biraz', 'incele', 'lazım', 'gine', 'iyi']","['gine iyi', 'biraz incele', 'güzel fakat', 'iyi', 'incele lazım']"
"['önce', 'puan', 'durum', 'hak', 'iyi', 'ancak', 'yorum', 'geri', 'puan', 'sistem', 'rezalet', 'puan', 'yok', 'siz', 'puan', 'google', 'olay', 'kupon', 'oyun', 'para', 'kupon', 'indirim', 'kupon', 'pek', 'sun', 'örnek', 'puan', 'lira', 'google', 'olay', 'kupon', 'appstore', 'kupon', 'ancak', 'puan', 'kupon', 'kaybol', 'geri', 'pani', 'yok', 'siz', 'göster', 'yeterli', 'seviye', 'ulaş', 'yok']","['kupon ancak', 'kupon kaybol', 'indirim kupon', 'para kupon', 'kupon oyun']"
"['abi', 'hazır', 'limit', 'var', 'kart', 'yükle', 'böyle', 'saçmalık', 'güzel', 'hoş', 'söz', 'konu', 'para', 'yavaşla', 'müşteri', 'temsilci', 'ara', 'bekle', 'bağ', 'yarın', 'fon', 'bağ', 'gerek', 'arz']","['konu para', 'yarın fon', 'kart yükle', 'hazır limit', 'para yavaşla']"
"['ilk', 'baş', 'iyiydison', 'zaman', 'özellikle', 'hediye', 'dünya', 'bölüm', 'hak', 'vardoğru', 'düzgün', 'hediye', 'çeki', 'konulmuyorpaycell', 'orman', 'fidan', 'çeki', 'şirket', 'kendi', 'dönük', 'çek', 'koy', 'sadeceorman', 'kur', 'aycell', 'değil', 'devlet', 'müşteri', 'ilk', 'memnun', 'edin', 'zaman', 'yemek', 'sepetigetirteknosaikea', 'çek', 'yeniden', 'koy', 'lütfen', 'yılbaşı', 'hiçbir', 'çek', 'yok']","['hediye çeki', 'hediye dünya', 'düzgün hediye', 'özellikle hediye', 'hediye']"
"['saçma', 'son', 'güncelle', 'hazır', 'limit', 'yenile', 'hazır', 'limit', 'tıkla', 'isle', 'menü', 'gerçek', 'kanser', 'kullan', 'çöz', 'iste']","['limit tıkla', 'kanser kullan', 'tıkla isle', 'gerçek kanser', 'kanser']"
"['zaman', 'zaman', 'küçük', 'sıkıntı', 'genelde', 'iyi', 'ayrıca', 'hazır', 'limit', 'kullanım', 'zor', 'gün', 'iyi', 'düşün', 'ancak', 'komisyon', 'ücret', 'biraz', 'fazla']","['ücret biraz', 'hazır limit', 'limit kullanım', 'sıkıntı genelde', 'ancak komisyon']"
"['iyi', 'kafa', 'agritmiyor', 'yok']","['agritmiyor yok', 'kafa agritmiyor', 'agritmiyor', 'yok', 'iyi kafa']"
"['arkadaşlarpaycell', 'böyle', 'mesaj', 'cumartesi', 'sürpriz', 'bugün', 'aycell', 'sürpriz', 'saat', 'apple', 'airpods', 'sadece', 'aycell', 'puan', 'hemen', 'giriş', 'sans', 'hediye', 'kap', 'takip', 'kal', 'mathis', 'first', 'kacirma', 'gün', 'dakika', 'bazen', 'dakika', 'girdi', 'yok', 'sadece', 'kandır', 'inan', 'kardeş', 'vallaha', 'şikayet', 'zaten']","['saat apple', 'sürpriz bugün', 'sürpriz saat', 'aycell sürpriz', 'dakika girdi']"
"['tüket', 'hak', 'mahkemesi', 'vali', 'icerisindemi', 'arkadaş', 'adliye', 'yakın', 'say', 'biz', 'enayi', 'yerine', 'koy', 'imza', 'toplu', 'gorursnz']","['hak mahkemesi', 'mahkemesi vali', 'mahkemesi', 'tüket hak', 'adliye']"
"['ömür', 'böyle', 'altyapı', 'zayıf', 'rezalet', 'yöntem', 'gör', 'hayat', 'gör', 'saçma', 'sapan', 'alt', 'yapı', 'zayıf', 'müşteri', 'mağdur', 'bırak', 'öde', 'şekil', 'hayat', 'böyle', 'rezalet', 'sistem', 'gör', 'dakika', 'onay', 'market', 'bekle', 'bekle', 'kal', 'onay', 'sayfa', 'mağduriyet', 'başka', 'hiçbir', 'değil', 'aycell', 'kullan']","['mağduriyet başka', 'zayıf müşteri', 'ömür böyle', 'hayat gör', 'rezalet yöntem']"
"['hesabi', 'güvenlik', 'amaç', 'don', 'şifre', 'yenile', 'posta', 'hesap', 'kod', 'gönder', 'kod', 'ulasmiyo']","['şifre yenile', 'şifre', 'posta hesap', 'hesabi güvenlik', 'don şifre']"
"['numara', 'bil', 'bilgi', 'onay', 'kredi', 'iste', 'iyi', 'öde', 'fatura', 'var', 'yok', 'hesap', 'bakiye', 'mobil', 'öde', 'limit', 'dahil', 'hesap', 'çek', 'derhal', 'iptal', 'kimse', 'kullan', 'sahtekar', 'kısa', 'zaman', 'vodafone', 'geç']","['kredi iste', 'onay kredi', 'öde fatura', 'fatura var', 'hesap çek']"
"['puan', 'paylaş', 'bölüm', 'dokun', 'hata', 'acilen', 'çöz', 'gerek']","['hata acilen', 'hata', 'puan paylaş', 'dokun hata', 'bölüm dokun']"
"['güzel', 'sadece', 'puan', 'paylaş', 'başka', 'hesap', 'gerek', 'acil', 'lütfen', 'yorum', 'gör', 'dön', 'sevin']","['puan paylaş', 'lütfen yorum', 'yorum gör', 'paylaş', 'paylaş başka']"
"['defa', 'fazla', 'sürekli', 'şifre', 'yenile', 'yazı', 'çık', 'yenile', 'şifre', 'yıl', 'gir', 'gine', 'para', 'var', 'hafta', 'fazla', 'uğraş', 'yor', 'artık', 'bil', 'para', 'kullan', 'hat', 'para']","['şifre yıl', 'sürekli şifre', 'fazla sürekli', 'yıl gir', 'şifre yenile']"
"['faturalarimi', 'bura', 'öde', 'iste', 'boğaziçi', 'kurum', 'anlaşma', 'yok', 'elektrik', 'fatura', 'bura', 'öde', 'mobil', 'banka', 'şekil', 'öde', 'kolay', 'sağla', 'zaten', 'aycell', 'dene', 'iste', 'anlaşma', 'şaşır', 'ülke', 'büyük', 'abone', 'boğaz', 'iki', 'anlaşma', 'kabul', 'değil', 'yakın', 'zaman', 'anlaşma', 'sağla']","['faturalarimi', 'elektrik fatura', 'bura öde', 'faturalarimi bura', 'öde iste']"
"['para', 'koy', 'sakın', 'kullan', 'para', 'adli', 'sure', 'başla']","['kullan para', 'sure başla', 'sakın kullan', 'başla', 'koy sakın']"
"['ücret', 'fatura', 'üye', 'bedel', 'yansı', 'açıkla', 'bile', 'yok', 'peş', 'düş', 'deyi', 'ancak', 'öğren', 'servis', 'kes', 'önce', 'tüket', 'doğru', 'bilgi', 'sonra', 'bedel', 'talep', 'ücret', 'yer', 'ilan', 'servis', 'sonra', 'bedel', 'çıkar', 'hizmet', 'sembolik', 'bedel', 'cevap', 'yaz', 'siz', 'hak', 'alın', 'bedel', 'iptal', 'talep']","['bedel yansı', 'bedel iptal', 'ücret fatura', 'sonra bedel', 'bedel cevap']"
"['sadece', 'dolandırıcı', 'herşey', 'işlem', 'ücret', 'kart', 'aidat', 'mecbur', 'türkcell', 'gerek', 'banka', 'hesap', 'kart', 'işlem', 'ücret', 'bak', 'bak']","['ücret kart', 'kart işlem', 'hesap kart', 'gerek banka', 'banka hesap']"
"['düzenle', 'getir', 'lütfen', 'sorun', 'var', 'para', 'gönderim', 'bas', 'kaybol', 'yeni', 'tip', 'san', 'dijital', 'kimlik', 'kontrol', 'ister', 'hala', 'acilen', 'düzenle', 'zaten', 'yolla', 'sonuç', 'yok', 'bira', 'önce', 'mail', 'hesap', 'yolla', 'cevap', 'bira', 'önce']","['mail hesap', 'önce mail', 'mail', 'dijital kimlik', 'para gönderim']"
"['gir', 'siren', 'dondurlmus', 'şifre', 'yenile', 'gonderyorum']","['gir siren', 'siren dondurlmus', 'dondurlmus şifre', 'yenile gonderyorum', 'gonderyorum']"
"['iyi', 'değil']","['iyi değil', 'değil', 'iyi']"
"['hız', 'pratik', 'arayüz', 'anlaş', 'hoş', 'sanal', 'cüzdan', 'ancak', 'kadar', 'iyi', 'tasar', 'emek', 'geçen', 'herkes', 'tebrik']","['hoş sanal', 'sanal cüzdan', 'hız pratik', 'herkes tebrik', 'hız']"
"['biraz', 'fazla', 'kampanya', 'iyi']","['kampanya iyi', 'fazla kampanya', 'kampanya', 'biraz fazla', 'biraz']"
"['abi', 'sakın', 'böyle', 'saçma', 'gör', 'eski', 'telefon', 'numara', 'üst', 'kart', 'kaybet', 'şimdi', 'tekrar', 'kart', 'eski', 'kart', 'posta', 'iste']","['kart eski', 'eski kart', 'tekrar kart', 'kart kaybet', 'eski telefon']"
"['yorum', 'üst', 'gözük', 'böyle', 'türlü', 'hakaret', 'hak', 'gir', 'turkcell', 'gerçi', 'kötü', 'üre', 'bütün', 'toplum', 'göster', 'değil', 'helal', 'yine']","['turkcell gerçi', 'hakaret hak', 'türlü hakaret', 'turkcell', 'gir turkcell']"
"['kesin', 'önem', 'değil', 'hazır', 'limit', 'hepsi', 'kullan', 'izin', 'fatura', 'öde', 'zaten', 'başka', 'yer', 'geç', 'hazır', 'limit', 'yemeksepeti', 'trendyol', 'anlaş', 'iyi']","['limit yemeksepeti', 'yemeksepeti trendyol', 'fatura öde', 'öde zaten', 'hazır limit']"
"['online', 'işlem', 'son', 'dış', 'söz', 'kazan', 'kampanya', 'salla', 'toplam', 'yıl', 'puan', 'nadiren', 'çık', 'tam', 'adam', 'akıl', 'puan', 'süre', 'dol', 'boş', 'bırak', 'yüksek', 'puan', 'çıkar', 'hata', 'oluş', 'tekrar', 'salla', 'puan', 'tek', 'kelime', 'akis']","['kazan kampanya', 'kampanya salla', 'puan çıkar', 'kampanya', 'yıl puan']"
"['vodafone', 'rağmen', 'kulnıyorum', 'iyi', 'bütün', 'i̇nternet', 'paket', 'bin', 'puan', 'boşa', 'git', 'lütfen', 'yardımcı']","['lütfen yardımcı', 'lütfen', 'kulnıyorum iyi', 'paket', 'kulnıyorum']"
"['arkadaş', 'bozuk', 'gör', 'kendi', 'numara', 'giriş', 'sıkıntı', 'çıkar', 'sis', 'düzel', 'güzel', 'çöp', 'git', 'yüz']","['çöp git', 'çıkar sis', 'kendi numara', 'çıkar', 'arkadaş bozuk']"
"['val', 'yıldız', 'böl', 'sadece', 'sadece', 'yıldız', 'köşe', 'saçma', 'ilk', 'baş', 'alıştırma', 'sonra', 'sonra', 'geri', 'karşı', 'resmen', 'enayi', 'yerine', 'bırak', 'sadece', 'fatura', 'borç', 'gör', 'kullan', 'yok', 'kuruş', 'keşke', 'fatura', 'kaldır', 'tamamiyle', 'sil', 'insan', 'kullan', 'vazgeç', 'kalite', 'art', 'tavsiye']","['fatura kaldır', 'vazgeç kalite', 'sadece fatura', 'kullan vazgeç', 'keşke fatura']"
"['rezil', 'böyle', 'puan', 'kazan', 'google', 'olay', 'kod', 'hemen', 'kaldır', 'google', 'olay', 'kod', 'buton', 'koca', 'turkcell', 'düş', 'durum', 'bak', 'yazık', 'kadar', 'üst', 'para', 'kazan', 'haram', 'zıkkım']","['google olay', 'kaldır google', 'kazan google', 'haram zıkkım', 'google']"
"['hatta', 'turkcell', 'aycell', 'hesap', 'var', 'iptal', 'limit', 'düşür', 'adam', 'turkcell', 'ara', 'siz', 'başvuru', 'siz', 'böyle', 'yok', 'hal', 'iptal', 'ücret', 'iade', 'siz', 'şifre', 'gönder', 'hat', 'sahip', 'şifre', 'teyit', 'hemen', 'aycell', 'üye', 'ardından', 'i̇stanbul', 'kart', 'ora', 'bura', 'para', 'yolla', 'hatta', 'şifre', 'var', 'alt', 'kimse', 'payla', 'rağmen']","['sahip şifre', 'hatta turkcell', 'siz şifre', 'şifre gönder', 'hatta şifre']"
"['sürekli', 'para', 'kes', 'diğer', 'banka', 'kart', 'böyle', 'yok', 'insan', 'kullan', 'bird', 'yanıtla', 'aferin', 'değil', 'kesin', 'giyim']","['banka kart', 'kart böyle', 'sürekli para', 'banka', 'diğer banka']"
"['limit', 'yenile', 'fatura', 'öde', 'rağmen']","['limit yenile', 'yenile fatura', 'fatura öde', 'limit', 'öde rağmen']"
"['iyi', 'sıkıntı', 'var', 'aycell', 'paylaş', 'kısım', 'hata', 'var', 'aycell', 'paylaş', 'arkadaş', 'puan', 'biz', 'amaç', 'puan', 'kazan', 'puan']","['puan biz', 'paylaş arkadaş', 'arkadaş puan', 'paylaş', 'sıkıntı var']"
"['yenile', 'eski', 'iyi']","['eski iyi', 'yenile eski', 'yenile', 'iyi', 'eski']"
"['lira', 'limit', 'var', 'sini', 'aycell', 'kart', 'aktar', 'ora', 'banka', 'hesap', 'çekiç', 'fakat', 'fazla', 'çek', 'böyle', 'saçmalık', 'yok']","['hesap çekiç', 'fazla çek', 'ora banka', 'kart aktar', 'fakat fazla']"
"['para', 'kasa', 'öde', 'direk', 'kapa', 'böyle']","['kapa böyle', 'kasa öde', 'para kasa', 'öde', 'böyle']"
"['üşen', 'puan', 'birik', 'hikmet', 'olay', 'store', 'kupon', 'tam', 'puan', 'yok', 'biz', 'ulaş', 'buton', 'bas', 'çalış', 'puan', 'sure', 'dol', 'sonra', 'büyük', 'ihtimal', 'geri', 'gelir', 'çıkar', 'hediye']","['kupon tam', 'store kupon', 'kupon', 'çıkar hediye', 'gelir çıkar']"
"['kimse', 'kimse', 'beleş', 'bişi', 'yok', 'adam', 'puan', 'puan', 'zula', 'alt', 'git', 'insan', 'bayi', 'yerine', 'koy']","['kimse beleş', 'yok adam', 'git insan', 'bayi yerine', 'bişi yok']"
"['yıldız', 'bile', 'turkcell', 'güncelle', 'takdirde', 'aycell', 'puan', 'yaz', 'güncelle', 'fakat', 'puan', 'turkcell', 'sıkıntı', 'hala', 'turkcell', 'kendi', 'şaşırıyorummadem', 'sorun', 'çöz', 'yorum', 'dikkat', 'ali', 'i̇nternet', 'harca', 'güncelle', 'i̇nternet', 'harca', 'sömür', 'turkcell', 'biz', 'keşke', 'para', 'karşılık']","['turkcell güncelle', 'turkcell kendi', 'bile turkcell', 'hala turkcell', 'puan turkcell']"
"['işlem', 'ücret', 'biraz', 'azal', 'iyi']","['ücret biraz', 'biraz azal', 'işlem ücret', 'ücret', 'azal iyi']"
"['iyi', 'değil', 'puan', 'geri', 'aliyoo']","['puan geri', 'iyi değil', 'değil puan', 'değil', 'geri aliyoo']"
"['keşke', 'puan', 'kullanım', 'süre', 'uzun', 'türlü', 'puan', 'ulaş', 'turcelll', 'çözüm', 'bul']","['türlü puan', 'puan ulaş', 'puan kullanım', 'turcelll çözüm', 'ulaş turcelll']"
"['merhaba', 'arkadaş', 'aycell', 'güzel', 'kendi', 'kullan', 'bil', 'durum', 'mağdur', 'kullan', 'kolay', 'ücret', 'hiçbir', 'ücret', 'öde', 'kullan', 'şirin', 'bedel', 'yansı', 'böyle', 'kuruş', 'sadece', 'aylık', 'değer', 'vergi', 'ara', 'kart', 'vergi', 'var', 'hediye', 'kazan', 'hiçbir', 'sıkıntı', 'yaşa', 'sadece', 'elektrik', 'fatura', 'boğaziçi', 'elektrik', 'elektrik', 'sıkıntı', 'yaşa', 'yatır']","['şirin bedel', 'yaşa sadece', 'öde kullan', 'fatura boğaziçi', 'kuruş sadece']"
"['eksik', 'var']","['eksik var', 'eksik', 'var']"
"['daha', 'geliş', 'basit', 'fark', 'özellik', 'keşfet', 'banka', 'kart', 'çok', 'fark', 'yok']","['basit fark', 'banka kart', 'fark özellik', 'çok fark', 'fark']"
"['paycel', 'puan', 'yarın', 'kal', 'gerek', 'i̇nternet']","['yarın kal', 'puan yarın', 'yarın', 'kal gerek', 'paycel puan']"
"['uzun', 'zaman', 'kullan', 'eskiden', 'sanal', 'kart', 'kapa', 'var', 'kesi̇nli̇kle', 'kart', 'kapa', 'geri', 'lazım']","['eskiden sanal', 'kle kart', 'sanal kart', 'kullan eskiden', 'uzun zaman']"
"['üst', 'gözük', 'yıldız', 'iyi', 'banka', 'değil', 'ilk', 'baş', 'hiçbir', 'sorun', 'süre', 'sonra', 'yükle', 'geri', 'kullan', 'izin', 'para', 'geri', 'yol', 'var', 'başka', 'tel', 'numara', 'üzeri', 'yeni', 'hesap', 'kendi', 'hesap', 'para', 'yeni', 'hesap', 'yolla', 'ora', 'kullan', 'izin', 'banka', 'tak', 'ilk', 'hesap', 'kullan', 'izin', 'uzun', 'süre', 'kullan', 'artık', 'süre', 'sonra', 'yükle', 'para', 'kullan', 'izin']","['banka tak', 'izin banka', 'iyi banka', 'banka', 'hesap kullan']"
"['hazır', 'limit', 'var', 'kullan', 'böyle', 'kimse', 'sorun', 'gider', 'üst', 'dünya', 'para', 'kes', 'işle', 'biz', 'ulaş', 'kısım', 'yaz', 'ekran', 'görüntü', 'şekil', 'ilgilen']","['yaz ekran', 'kısım yaz', 'hazır limit', 'biz ulaş', 'üst dünya']"
"['merhaba', 'para', 'gönder', 'kısım', 'tıkla', 'çök', 'önce', 'böyle']","['merhaba para', 'merhaba', 'gönder', 'para gönder', 'tıkla']"
"['biraz', 'geliş', 'gerek']","['biraz geliş', 'geliş gerek', 'biraz', 'gerek', 'geliş']"
"['puan', 'var', 'lira', 'pub', 'yükle', 'orda', 'gözük', 'lira', 'var', 'gerek', 'arz']","['puan var', 'gözük lira', 'gerek arz', 'orda gözük', 'var gerek']"
"['iyi', 'değil', 'yükle', 'i̇nternet', 'hat', 'tanımla', 'ara', 'söyle', 'incele', 'hala', 'haber', 'iyi', 'değil', 'kimse', 'tavsiye']","['iyi değil', 'kimse tavsiye', 'değil yükle', 'söyle incele', 'ara söyle']"
"['para', 'gönder', 'iste', 'hata', 'geri', 'böyle', 'saçmalık']","['iste hata', 'para gönder', 'hata geri', 'böyle saçmalık', 'hata']"
"['sahtekar', 'başka', 'değil', 'yeni', 'dün', 'sun', 'puan', 'play', 'para', 'takas', 'ertesi', 'gün', 'şekil', 'puan', 'bul', 'sun', 'şekil', 'kalk', 'yerine', 'puan', 'play', 'para', 'takas', 'emin', 'puan', 'sefer', 'takas', 'kaldır', 'dış', 'hazır', 'kart', 'kullan', 'güven', 'sahtekar', 'mecburen', 'yıldız', 'bile', 'hak']","['kart kullan', 'sahtekar mecburen', 'hazır kart', 'sahtekar başka', 'yerine puan']"
"['giriş', 'güvenlik', 'hesap', 'don', 'şifre', 'yenile', 'posta', 'eski', 'kullan', 'yardımcı']","['şifre yenile', 'şifre', 'güvenlik hesap', 'don şifre', 'giriş güvenlik']"
"['cook', 'iyi', 'değil', 'puan', 'birik', 'puan', 'iste', 'kaybol', 'anla']","['cook iyi', 'cook', 'iyi değil', 'değil puan', 'iste kaybol']"
"['böyle', 'saçma', 'gör', 'önce', 'saçma', 'sapan', 'hesap', 'hesap', 'don']","['sapan hesap', 'saçma sapan', 'böyle saçma', 'hesap hesap', 'hesap don']"
"['i̇ldiz', 'puan', 'birik', 'puan', 'süre', 'var', 'kadir', 'böyle', 'git', 'sil', 'zor', 'kal']","['puan süre', 'süre var', 'git sil', 'zor kal', 'süre']"
"['hediye', 'dünya', 'şey', 'kullan', 'tamam', 'var', 'neredeyse', 'kullan', 'hiçbirşey', 'yok', 'neden', 'bil', 'böyle']","['hediye dünya', 'hediye', 'dünya şey', 'hiçbirşey yok', 'kullan hiçbirşey']"
"['böyle', 'yok', 'puan', 'alcaktim', 'hata', 'dik', 'gir', 'baktiim', 'kalk', 'kadar', 'rezil', 'yaipslar']","['baktiim kalk', 'alcaktim hata', 'kadar rezil', 'hata dik', 'gir baktiim']"
"['biraz', 'fırsat', 'sun', 'iyi', 'genellikle', 'i̇nternet', 'iyi']","['biraz fırsat', 'iyi genellikle', 'nternet iyi', 'genellikle', 'genellikle nternet']"
"['abi', 'aycell', 'kart', 'kısa', 'sıradapaycell', 'izle', 'para', 'kullan', 'saniye', 'saniye', 'gör', 'magna', 'çık', 'para', 'havale', 'gör', 'izle', 'etki', 'geldiğindebenim', 'derece', 'yukarı', 'izle', 'sevin', 'gerek', 'sorun', 'aycell', 'izle', 'turkcell', 'şirket', 'dolayı', 'müteşekkir']","['saniye gör', 'aycell kart', 'sıradapaycell izle', 'izle turkcell', 'para kullan']"
"['superpuan', 'birik', 'zaten', 'bayati', 'ugrasmak', 'lazım', 'tam', 'yara', 'sure', 'dol', 'bura', 'saçma', 'olmys', 'öncelik', 'düzel']","['ugrasmak lazım', 'zaten bayati', 'birik zaten', 'superpuan birik', 'lazım tam']"
"['aysel', 'eksik', 'bab', 'biraz', 'çalış', 'çabala', 'anla', 'sen']","['bab biraz', 'eksik bab', 'biraz çalış', 'aysel eksik', 'biraz']"
"['iyi', 'sadece', 'kart', 'para', 'yükle', 'ücret', 'iyi']","['ücret iyi', 'sadece kart', 'yükle ücret', 'ücret', 'kart para']"
"['sırf', 'mesaj', 'üst', 'gözük', 'beş', 'yıldız', 'verdimindirecek', 'kişi', 'kesinlikle', 'öner', 'kötü', 'tamamen', 'kazık', 'zaten', 'turkcell', 'kendi', 'sadece', 'siz', 'kazıkla', 'çalış', 'puan', 'siz', 'para', 'harca', 'çalış']","['yıldız verdimindirecek', 'siz kazıkla', 'kazık zaten', 'beş yıldız', 'gözük beş']"
"['kullan', 'para', 'çek', 'fatura', 'yansı', 'i̇stanbul', 'kart', 'para', 'yükle', 'akaryakıt', 'konu', 'iyi', 'mesela', 'sadece', 'shell', 'var', 'anlaş', 'petrol', 'sayı', 'taahhüt', 'bit', 'başka', 'operatör', 'geç', 'sırf', 'aycell', 'var', 'turkcell', 'devam', 'başarı', 'fakat', 'iyi']","['anlaş petrol', 'yükle akaryakıt', 'petrol sayı', 'petrol', 'turkcell devam']"
"['arkadaş', 'hesap', 'son', 'varit', 'hafta', 'kaya', 'harca', 'abone', 'yenile', 'işlem', 'hangi', 'almadimnereye', 'gir', 'para', 'saçma', 'sapan', 'sistem', 'var', 'millet', 'soy', 'resmen']","['abone yenile', 'harca abone', 'arkadaş hesap', 'abone', 'hesap']"
"['herşey', 'güzel', 'tek', 'sorun', 'var', 'oda', 'iste', 'kişi', 'iste', 'kadar', 'puan', 'ata', 'sorun', 'salla', 'puan', 'biraz', 'fazla', 'güzel', 'gerek', 'arz', 'saygilarimla']","['sorun var', 'sorun salla', 'ata sorun', 'puan biraz', 'tek sorun']"
"['iyi', 'kötü']","['iyi kötü', 'kötü', 'iyi']"
"['iyi', 'puanlarimin', 'git', 'pek', 'iyi']","['iyi puanlarimin', 'puanlarimin git', 'pek iyi', 'puanlarimin', 'iyi']"
"['aycell', 'geçerli', 'hediye', 'alışveriş', 'hediye', 'kullan', 'başar', 'alışveriş', 'tamamla', 'tane', 'mail', 'çeki', 'sonra', 'alışveriş', 'kullan', 'otomatik', 'mesaj', 'gönder', 'son', 'ısrar', 'yaz', 'incele', 'mesaj', 'sefer', 'hemen', 'kapa', 'hiçbir', 'suret', 'gir', 'iyi', 'düşün', 'çabuk', 'değer', 'kaybet', 'göz', 'güncelle', 'mail', 'gün', 'aynı', 'cevap', 'yom']","['mail çeki', 'mail gün', 'güncelle mail', 'mail', 'tane mail']"
"['daha', 'iyi']","['daha iyi', 'daha', 'iyi']"
"['httındn', 'fazla', 'gerek']","['httındn fazla', 'fazla gerek', 'fazla', 'gerek', 'httındn']"
"['geçen', 'güzel', 'şimdi', 'boz', 'kart', 'para', 'hata', 'üst', 'hata', 'sene', 'türkel', 'böyle', 'bekle']","['hata sene', 'böyle bekle', 'şimdi boz', 'para hata', 'güzel şimdi']"
"['kare', 'kod', 'pek', 'iyi', 'değil']","['iyi değil', 'kare kod', 'kod', 'değil', 'pek']"
"['üst', 'gözük', 'yıldız', 'şöyle', 'sorun', 'var', 'hesabi', 'dogrulanamiyor']","['yıldız şöyle', 'gözük yıldız', 'yıldız', 'hesabi dogrulanamiyor', 'dogrulanamiyor']"
"['güzel', 'kaç', 'eksik', 'mevcut', 'aycell', 'üzeri', 'harca', 'puan']","['kaç eksik', 'eksik mevcut', 'eksik', 'üzeri harca', 'mevcut aycell']"
"['böyle', 'saçma', 'saçmalık']","['böyle saçma', 'saçma saçmalık', 'saçmalık', 'saçma', 'böyle']"
"['güzel', 'fiyat', 'iyi', 'değil', 'hatır', 'değiş']","['fiyat iyi', 'güzel fiyat', 'fiyat', 'iyi değil', 'iyi']"
"['gün', 'bakiye', 'başka', 'hesap', 'aktar', 'tam', 'sahtekar', 'kere', 'iletişim', 'geç', 'sinle', 'hiçbir', 'sonuç', 'ulaş', 'insan', 'enayi', 'yerine', 'koy', 'iste', 'buyur', 'bukle', 'tek', ""i̇ldiz'i"", 'bile', 'hak', 'yorum', 'mecbur', 'ara']","['tam sahtekar', 'sahtekar kere', 'iletişim geç', 'sahtekar', 'hak yorum']"
"['iyi', 'sadece', 'puan', 'topla', 'zor']","['sadece puan', 'iyi sadece', 'sadece', 'iyi', 'puan']"
"['yıllık', 'türkcell', 'hediye', 'kullan', 'yeni', 'içerik', 'avantaj', 'iyi', 'yanlış', 'yetkili', 'seslen', 'ağır', 'zar', 'zor', 'işlem', 'düzel']","['hediye kullan', 'hediye', 'içerik avantaj', 'türkcell hediye', 'yeni içerik']"
"['iste', 'paket', 'sadece', 'siz', 'belirle', 'paket', 'halbuki', 'para', 'aynı', 'para', 'üstelik', 'kesinti', 'bile', 'banka', 'kart', 'kal', 'iyi']","['aynı para', 'para aynı', 'para üstelik', 'banka kart', 'bile banka']"
"['yeni', 'güncelle', 'iyi', 'gerek', 'güncelle', 'kötü', 'gittikçe', 'hata', 'olay', 'art', 'gece', 'zaten', 'sürekli', 'sistem', 'hata', 'kalite', 'sorun', 'program', 'hal', 'getir', 'yad', 'program', 'geliş', 'kişi', 'güncelle', 'turkcell', 'kalite', 'tekrar', 'orta', 'koy', 'şua', 'operatör', 'siz', 'etkin', 'konu', 'fiyat', 'uygun', 'artı', 'kalite', 'fark', 'var', 'şua', 'dip', 'çök', 'durum', 'arge', 'berbat', 'işle']","['hata kalite', 'gittikçe hata', 'güncelle kötü', 'kalite sorun', 'kalite fark']"
"['uzun', 'zan', 'kullan', 'bırakmistim', 'tekrar', 'gir', 'iste', 'doğrul', 'şifre', 'yanis', 'kabul', 'don', 'yenile', 'eposta', 'yenile', 'gönder', 'gerek', 'lütfen', 'yardımcı', 'gir', 'yenile', 'eposta']","['şifre', 'doğrul şifre', 'yenile eposta', 'eposta yenile', 'şifre yanis']"
"['ömür', 'böyle', 'berbat', 'gör', 'sefer', 'yeni', 'şifre', 'iste', 'kimse', 'yükle', 'yemin', 'kötü', 'berbat', 'berbat', 'berbat', 'öte']","['yeni şifre', 'yemin kötü', 'böyle berbat', 'berbat öte', 'kötü berbat']"
"['iyi', 'paha']","['iyi paha', 'iyi', 'paha']"
"['üst', 'görün', 'yıldız', 'lakin', 'hafta', 'aşk', 'yükle', 'hala', 'kart', 'geç', 'böyle', 'rezil', 'gör', 'para', 'iade', 'konu', 'detay', 'ilet', 'müşteri', 'hizmet']","['kart geç', 'hala kart', 'hafta aşk', 'ilet müşteri', 'geç böyle']"
"['aycell', 'puan', 'kullanım', 'süre', 'tam', 'puan', 'birik', 'i̇nternet', 'çalış', 'hala', 'hafta', 'puan', 'hafta', 'aynı', 'gün', 'süre', 'bit', 'böyle', 'turkcell', 'çık', 'kesinlikle', 'zaten', 'eskiden', 'kullanım', 'süre', 'saçmalık', 'yok', 'şimdi', 'böyle', 'insan', 'birik', 'iste', 'tabii', 'siz', 'böyle', 'dinle', 'turkcell', 'çin']","['süre saçmalık', 'böyle turkcell', 'hala hafta', 'süre bit', 'kullanım süre']"
"['son', 'derece', 'güzel', 'akıl', 'işlem', 'kolay', 'sağla', 'fakat', 'puan', 'konu', 'sorun', 'var', 'geçerli', 'süre', 'biraz', 'uzun', 'tarih', 'kullan', 'şekil', 'gine', 'takıl', 'gerek', 'hariç', 'herşey', 'kusur', 'görün', 'ayrıcalık', 'turkcell', 'mahsus']","['kolay sağla', 'akıl işlem', 'işlem kolay', 'güzel akıl', 'biraz uzun']"
"['dikkat', 'para', 'aycell', 'çöplük', 'ziyan', 'git', 'papara', 'kart', 'hiçbir', 'ücret', 'kuruş', 'dahi', 'kadar', 'kes', 'bird', 'cashback', 'özellik', 'var', 'dürüm', 'lira', 'lira', 'geri', 'cep', 'var', 'iyi', 'anlaş', 'firma', 'kadar', 'indirim', 'var', 'aycell', 'sıra', 'para', 'insan', 'sömür', 'bin', 'türlü', 'yol', 'ara', 'böyle', 'devam', 'paycelledittamam', 'tamam', 'inan', 'bak', 'öyle']","['çöplük ziyan', 'indirim var', 'kadar indirim', 'aycell çöplük', 'sıra para']"
"['fena', 'değil', 'gine', 'iyi', 'yan', 'tavsiye']","['fena değil', 'gine iyi', 'iyi yan', 'yan tavsiye', 'iyi']"
"['paket', 'düşük', 'kardeş', 'öze', 'i̇nternet', 'iyi']","['kardeş öze', 'nternet iyi', 'düşük kardeş', 'iyi', 'öze nternet']"
"['iyi', 'değil']","['iyi değil', 'değil', 'iyi']"
"['iyi', 'değil', 'iyi', 'calısıyır']","['değil iyi', 'iyi değil', 'iyi calısıyır', 'calısıyır', 'iyi']"
"['iyi', 'değil']","['iyi değil', 'değil', 'iyi']"
"['topla', 'aycell', 'puan', 'kaybol', 'yeni', 'kazan', 'zaten', 'gör', 'bile', 'telefon', 'boşuna', 'yer', 'kapla', 'böyle', 'devam', 'sil']","['telefon boşuna', 'bile telefon', 'kaybol yeni', 'puan kaybol', 'boşuna yer']"
"['iyi', 'zor', 'gün', 'dost']","['gün dost', 'zor gün', 'gün', 'iyi zor', 'iyi']"
"['iyi', 'değil', 'puan']","['iyi değil', 'değil puan', 'değil', 'iyi', 'puan']"
"['gün', 'önce', 'yüklem', 'hala', 'hesap', 'geç', 'kötü', 'dandik', 'bulaş', 'şiddet', 'öner', 'bulaş']","['geç kötü', 'bulaş şiddet', 'dandik bulaş', 'şiddet öner', 'gün önce']"
"['puan', 'kır', 'hafta', 'iyi']","['hafta iyi', 'hafta', 'kır hafta', 'iyi', 'puan kır']"
"['güzel', 'puan', 'paylaş', 'kere', 'öyle', 'güzel', 'değil', 'artır', 'iyi']","['güzel puan', 'artır iyi', 'puan paylaş', 'güzel', 'iyi']"
"['iyi', 'kötü']","['iyi kötü', 'kötü', 'iyi']"
"['şöyle', 'söyle', 'gerek', 'sala', 'kazan', 'puan', 'puan', 'duruk', 'puan', 'gunn', 'zorla', 'puan', 'topla', 'obur', 'kazandibi', 'puan', 'kule', 'sure', 'dol', 'böylelikle', 'birey', 'kazan', 'anlam', 'kal', 'sala', 'topla', 'guncelemesinde', 'puan', 'i̇nternet', 'şey', 'kazan', 'dem', 'yine', 'saadi', 'puan', 'hafta', 'puan', 'gerçekten', 'anlam', 'kalp', 'kulanilamaz', 'pilayce', 'tesekurler']","['zorla puan', 'kazan anlam', 'obur kazandibi', 'kazan puan', 'puan gerçekten']"
"['böyle', 'saçmalık', 'para', 'süre', 'sonra', 'git', 'lanet', 'var', 'harca', 'kal']","['para süre', 'saçmalık para', 'sonra git', 'süre sonra', 'süre']"
"['sadece', 'tek', 'eksik', 'rahat', 'hatta', 'fatura', 'yansı']","['eksik rahat', 'hatta fatura', 'tek eksik', 'fatura yansı', 'eksik']"
"['berbat', 'hayat', 'yaşa', 'büyük', 'pişman', 'lira', 'git', 'lanet', 'yüz', 'öner', 'dur', 'yer', 'para', 'kes', 'geri']","['pişman lira', 'berbat hayat', 'büyük pişman', 'pişman', 'yer para']"
"['ara', 'sıra', 'hediye', 'para', 'iyi']","['hediye para', 'para iyi', 'hediye', 'sıra hediye', 'iyi']"
"['allah', 'siz', 'razı', 'allah', 'cennet', 'koy', 'hafta']","['allah cennet', 'allah siz', 'allah', 'razı allah', 'siz razı']"
"['bozuk', 'lütfen', 'gerek']","['bozuk lütfen', 'lütfen gerek', 'lütfen', 'gerek', 'bozuk']"
"['aycell', 'kanka', 'sadece', 'turkcell', 'operatör', 'iyi']","['sadece turkcell', 'turkcell operatör', 'turkcell', 'operatör iyi', 'aycell kanka']"
"['kadar', 'iyi', 'kart', 'para', 'yatır', 'gerçekten', 'can', 'sıkıcı', 'dün', 'dene', 'tam', 'kal', 'hepsi', 'aynı', 'sorun', 'banka', 'işle', 'izin', 'saçma', 'sorun', 'çöz']","['sorun banka', 'banka işle', 'para yatır', 'saçma sorun', 'banka']"
"['kötü', 'vodafone', 'giyim', 'çoğu', 'haktan', 'turkcell', 'faydalan', 'tek', 'iyi', 'yan', 'kullan']","['vodafone giyim', 'giyim çoğu', 'kötü vodafone', 'giyim', 'vodafone']"
"['baş', 'kötü', 'şimdi', 'düzel', 'öneri', 'kayıt', 'fatura', 'çık', 'bildirim', 'gönder', 'zor', 'gerek']","['kayıt fatura', 'fatura çık', 'gönder zor', 'fatura', 'öneri kayıt']"
"['harca', 'kazan', 'herkes', 'kullan', 'gerek', 'kart', 'sanal', 'kart', 'oluş', 'güven', 'alışveriş', 'harca', 'puan', 'birik', 'puan', 'i̇nternet', 'olay', 'store', 'bakiye', 'kazan', 'banka', 'değil', 'kanka']","['gerek kart', 'kart oluş', 'sanal kart', 'güven alışveriş', 'oluş güven']"
"['sakın', 'üye', 'fatura', 'yansı', 'önce', 'yansı', 'gerek', 'kredi', 'kart', 'zaten', 'herkes', 'var', 'uğraş', 'değ']","['kredi kart', 'kart zaten', 'gerek kredi', 'fatura yansı', 'kredi']"
"['herşey', 'güzel', 'sev', 'kart', 'zaman', 'kullan', 'gerek', 'alışveriş', 'gerekse', 'fatura', 'öde', 'sık', 'fatura', 'aycell', 'öde', 'tek', 'sıkıntı', 'artık', 'bayi', 'git', 'iste', 'üzeri', 'kart', 'para', 'yatır', 'i̇nternet', 'üzeri', 'önce', 'böyle', 'problem', 'yok', 'sonradan', 'lütfen', 'evvel', 'çözüm', 'getir', 'iste', 'saygı']","['gerekse fatura', 'fatura öde', 'alışveriş gerekse', 'gerek alışveriş', 'üzeri kart']"
"['ister', 'optimizasyon', 'ister', 'işlev', 'açı', 'rezalet', 'içersi', 'birçok', 'içer', 'sadece', 'para', 'kazan', 'herhalde', 'örnek', 'i̇nternet', 'kazan', 'kart', 'para', 'sonradan', 'lazım', 'malum', 'yer', 'geç', 'kart', 'kendi', ""i̇van'ıma"", 'çek', 'kaç', 'lira', 'yok', 'ana', 'sat', 'para', 'gönder', 'kısım', 'full', 'hata', 'baş', 'sil', 'çalış', 'eksik', 'yaz', 'ilan', 'sonra', 'hata', 'salak', 'saçma', 'aycell', 'yerine', 'ininal', 'tos', 'öner', 'iyi']","['ister optimizasyon', 'optimizasyon ister', 'ister işlev', 'kazan kart', 'herhalde örnek']"
"['bil', 'kaç', 'kullan', 'başka', 'kart', 'kullan', 'iyi', 'aycell']","['kart kullan', 'başka kart', 'kaç kullan', 'kullan iyi', 'kullan başka']"
"['aycell', 'turkcell', 'hediye', 'çeki', 'puan', 'çeki', 'kullan', 'dijital', 'para', 'sek', 'kaldır', 'sonunda', 'müşteri', 'hizmet', 'ara', 'yardımcı', 'çeki', 'kullan', 'fatura', 'yansı', 'otomatik', 'düş', 'son', 'dusmesi', 'gerek', 'fatura', 'yansitmislar', 'turkcell', 'müşteri', 'hizmet', 'kesinlikle', 'sahip', 'çık', 'paycel', 'harca', 'aman', 'düş', 'düş', 'çözüm', 'ekip', 'basın', 'arkadaş', 'yazık', 'sakin']","['sonunda müşteri', 'turkcell müşteri', 'fatura yansitmislar', 'fatura yansı', 'gerek fatura']"
"['iyi', 'fena', 'değil']","['fena değil', 'iyi', 'iyi fena', 'değil', 'fena']"
"['hal', 'salla', 'puan', 'böyle', 'böyle', 'bin', 'puan', 'i̇nternet', 'alican', 'bide', 'puan', 'süre', 'bitityo']","['puan böyle', 'puan süre', 'bin puan', 'böyle bin', 'süre bitityo']"
"['kot', 'harca', 'soruşturmamaksızın', 'maç', 'kazan', 'takım', 'var', 'yüz', 'burak', 'yasin', 'kupa', 'kasti', 'son', 'zaman', 'tarih', 'itibari', 'ilk', 'baş', 'gir', 'ara', 'iste', 'dik', 'iyi', 'kullaniyom', 'elif', 'zor', 'sen', 'napiyon', 'nasıl', 'ayim', 'iyi', 'akşam', 'can', 'yarın', 'okul', 'tatil', 'yaziyon', 'yaa', 'tek', 'baş', 'dünya', 'savaş', 'özür', 'dile']","['akşam can', 'maç', 'sen napiyon', 'maç kazan', 'baş dünya']"
"['menü', 'yükle', 'süre', 'biraz', 'hız', 'hal', 'güzel', 'işlem', 'takip', 'iyi', 'yön']","['menü yükle', 'biraz hız', 'hız hal', 'hız', 'menü']"
"['siz', 'resmen', 'dolandırıcı', 'kart', 'üzeri', 'i̇stanbul', 'kart', 'yüklem', 'sonra', 'bak', 'işlem', 'bedel', 'sekiz', 'fatura', 'yansı', 'bre', 'vicdan', 'madem', 'böyle', 'işlem', 'bedel', 'bilgi', 'yazık', 'cevap', 'üzeri', 'yaz', 'ebet', 'kurum', 'işlem', 'bedel', 'gizli', 'insan', 'işlem', 'bedel', 'kadar', 'kes', 'aycell']","['dolandırıcı kart', 'kart üzeri', 'bedel kadar', 'fatura yansı', 'kart yüklem']"
"['önce', 'biraz', 'iyi', 'şimdi', 'kesin', 'puan', 'kullan', 'durum', 'getir', 'lazım', 'bide', 'kesinlikle', 'puan', 'sil', 'puan', 'kullan', 'sil', 'son', 'zaman', 'boş', 'dönüş', 'düzelt', 'hediye', 'puan', 'git']","['puan kullan', 'puan git', 'kesin puan', 'şimdi kesin', 'kesinlikle puan']"
"['olay', 'store', 'kullan', 'puan', 'gönder', 'fakat', 'hiçbir', 'şekil', 'kullan', 'sürekli', 'hata', 'madem', 'kullan', 'böyle', 'gerek', 'mesaj', 'gönder', 'zaman']","['mesaj', 'hata madem', 'mesaj gönder', 'sürekli hata', 'gerek mesaj']"
"['berbat', 'paycel', 'hesap', 'para', 'transfer', 'böyle', 'gör', 'hafta', 'para', 'kes', 'birdaha', 'siz', 'kullan']","['hafta para', 'hesap para', 'paycel hesap', 'gör hafta', 'hesap']"
"['böyle', 'saçma', 'gör', 'puan', 'sınır', 'saçma', 'kimse', 'gönder', 'kimse', 'hafta', 'puan', 'hafta', 'dol', 'git', 'kullan', 'anlam', 'var']","['kimse hafta', 'saçma kimse', 'sınır saçma', 'böyle saçma', 'saçma gör']"
"['kart', 'berbat', 'para', 'yatiriyosunuz', 'para', 'cekiyosunuz', 'para', 'kes', 'siz', 'tavsiye', 'cari', 'alicaginiza', 'ininal', 'papara', 'kart', 'ali', 'iyi', 'paycellkart', 'yer', 'gecerlidegil']","['para yatiriyosunuz', 'yatiriyosunuz para', 'papara kart', 'iyi paycellkart', 'cekiyosunuz para']"
"['google', 'olay', 'kod', 'hediye', 'bölüm', 'aktif', 'yaz', 'bas', 'olay', 'store', 'atiye', 'olay', 'store', 'aycell', 'ekle', 'hay', 'kod', 'olay', 'store', 'var', 'hak', 'helal', 'yerine', 'i̇nternet', 'iyi', 'ulaş', 'say', 'turkcell']","['google olay', 'olay store', 'google', 'kod olay', 'kod hediye']"
"['gerçekten', 'güzel', 'ulaşım', 'şekil', 'iyi', 'kapanyalari', 'aynı', 'şekil', 'iyi', 'fakat', 'hesap', 'işlem', 'kes', 'ücretkomisyon', 'fazla', 'örnek', 'yükle', 'öyle', 'gerek', 'yükle', 'gerek']","['örnek yükle', 'gerek yükle', 'ücretkomisyon fazla', 'ulaşım şekil', 'güzel ulaşım']"
"['güzel', 'yön', 'diğer', 'operatör', 'fatura', 'öde', 'güzel', 'eksik', 'yön']","['operatör fatura', 'fatura öde', 'diğer operatör', 'öde güzel', 'fatura']"
"['keşke', 'fazla', 'i̇nternet', 'kampanya']","['nternet kampanya', 'kampanya', 'keşke fazla', 'fazla', 'keşke']"
"['güzel', 'eksik', 'var', 'örnek', 'aycell', 'kart', 'cip', 'temas', 'özellik']","['kart cip', 'cip temas', 'temas özellik', 'aycell kart', 'örnek']"
"['berbat', 'turkcell', 'kart', 'para', 'yatır', 'sonra', 'para', 'çek', 'zaman', 'banka', 'kart', 'koy', 'uyduruk', 'kimse', 'tavsiye']","['banka kart', 'turkcell kart', 'para yatır', 'para çek', 'sonra para']"
"['baş', 'gorunsundiye', 'yıldız', 'tam', 'rezalet', 'para', 'rezil', 'iste', 'iyi', 'günlük', 'çekim', 'söyle', 'zorla', 'çek', 'sakın', 'kullan', 'tavsiye']","['çek sakın', 'sakın kullan', 'zorla çek', 'gorunsundiye yıldız', 'yıldız tam']"
"['tam', 'rezalet', 'koskoca', 'turkcell', 'abone', 'kan', 'böyle', 'acmasi', 'utanç', 'verici', 'sadece', 'yazık']","['utanç verici', 'acmasi utanç', 'utanç', 'sadece yazık', 'kan böyle']"
"['kredi', 'kar', 'mil', 'master', 'hal', 'iyi', 'değil']","['kredi kar', 'kredi', 'iyi değil', 'mil master', 'mil']"
"['yıldız', 'üst', 'gör', 'tamam', 'güzel', 'keşke', 'turkcell', 'para', 'çek', 'atp', 'çek', 'zaman', 'kesinti', 'paycel', 'kart', 'var', 'bağ', 'hesap', 'sil', 'lütfen']","['keşke turkcell', 'turkcell para', 'paycel kart', 'çek atp', 'sil lütfen']"
"['turkcell', 'mobil', 'öde', 'aycell', 'alt', 'müşteri', 'soy', 'sadece', 'faiz', 'töhaş', 'fahiş', 'geç', 'tahsilat', 'bedel', 'alt', 'hak', 'kazanç', 'sağla', 'soyguncu', 'operatör', 'turkcell', 'aycell', 'tüket', 'hak', 'git', 'başvuru', 'vodafone', 'geç']","['sağla soyguncu', 'operatör turkcell', 'turkcell mobil', 'turkcell aycell', 'turkcell']"
"['üzeri', 'telefon', 'numara', 'para', 'gönder', 'para', 'puan', 'böyle', 'saçmalık', 'kart', 'para', 'cekemiyceksek', 'kart', 'fatura', 'para', 'yansı', 'ekim', 'yapılacagina', 'dair', 'mesaj', 'şifre', 'hicbirsey', 'acilen', 'hallet', 'boş', 'boş', 'git', 'para', 'iade']","['saçmalık kart', 'kart fatura', 'gönder para', 'para gönder', 'cekemiyceksek kart']"
"['turkcell', 'aycell', 'geç', 'tahsilat', 'bedel', 'töhaş', 'alt', 'müşterilerilerinden', 'hak', 'kazanç', 'sağla', 'ücret', 'ödemeyimin', 'tüket', 'hakem', 'heyet', 'götür', 'sözleşme', 'hak', 'sebep', 'fesih']","['tüket hakem', 'geç tahsilat', 'ücret ödemeyimin', 'ödemeyimin tüket', 'götür sözleşme']"
"['turkcell', 'aycell', 'hak', 'kazanç', 'sağla', 'kimse', 'bulaş', 'mobil', 'öde', 'aycell', 'para', 'tuzağidir', 'töhaş', 'geç', 'tahsilat', 'bedel', 'adi', 'alt', 'vurgun', 'haberi̇ni̇z']","['öde aycell', 'para tuzağidir', 'tuzağidir', 'tuzağidir töhaş', 'kazanç sağla']"
"['sev', 'puan', 'puan', 'yad', 'bide', 'puan', 'kazan', 'puan', 'yad', 'şöyle', 'puan', 'puan', 'sil', 'zaten', 'sadece', 'puan', 'kazan', 'sağlık', 'gün']","['puan kazan', 'sadece puan', 'şöyle puan', 'kazan puan', 'yad şöyle']"
"['turkcell', 'firma', 'yetersiz', 'gör', 'aycell', 'kazan', 'kazan', 'yarış', 'kazan', 'rağmen', 'puan', 'soru', 'para', 'cevapla', 'böyle', 'şirket', 'dolandır', 'ilgili', 'kur']","['turkcell firma', 'firma yetersiz', 'turkcell', 'kazan rağmen', 'rağmen puan']"
"['sahtekar', 'dolandırıcı', 'kuruluş', 'turkcell', 'finansal', 'erken', 'yaptiğim', 'bayi', 'erken', 'kapa', 'yaptigim', 'eksik', 'finansman', 'hala', 'borç', 'var', 'konu', 'öde', 'kabul', 'öde', 'bayi', 'banka', 'kendi', 'finansman', 'bolumleride', 'dahil', 'borç', 'bulun', 'rağmen', 'borç', 'var', 'deyip', 'ustumede', 'acil', 'takip', 'koy', 'saat', 'cozecez', 'rağmen', 'saat', 'geç', 'yoz', 'gün', 'ara', 'rame', 'yoz', 'sun', 'muhatap', 'dahi', 'bul', 'acil', 'takip', 'koy', 'banka', 'sorun', 'yasa', 'sahtekar', 'dolandirici', 'kurulu', 'gör']","['rağmen borç', 'banka sorun', 'hala borç', 'finansman bolumleride', 'finansman hala']"
"['aycell', 'aycell', 'kart', 'para', 'aktar', 'dahi', 'kes', 'böyle', 'sacmalik', 'olamazdusunun', 'kendi', 'hesabi', 'kendi', 'kartiniza', 'aktar', 'sarf', 'yüz', 'siz', 'talep', 'kredi', 'yad', 'banka', 'parti', 'var', 'tamamen', 'gerek']","['kartiniza aktar', 'kredi', 'kredi yad', 'talep kredi', 'kendi kartiniza']"
"['karakul', 'iste', 'yaş', 'kardeş', 'öner']","['kardeş öner', 'yaş kardeş', 'kardeş', 'karakul iste', 'iste yaş']"
"['kesinlikle', 'kullanmayınher', 'kullanım', 'ücret', 'ödersinizkredi', 'parti', 'debi', 'cari', 'kullan', 'iyi', 'para', 'cep', 'kal', 'para', 'turkcell', 'beklenirdimilleti', 'dolandır']","['ödersinizkredi parti', 'ödersinizkredi', 'ücret ödersinizkredi', 'kullanım ücret', 'iyi para']"
"['i̇ninaldan', 'iyi', 'giyim', 'işlem', 'ücret', 'yok', 'fazla']","['giyim işlem', 'iyi giyim', 'giyim', 'ücret yok', 'yok fazla']"
"['iyi', 'yalnız', 'ekim', 'ayı', 'tam', 'aycell', 'kart', 'yatır', 'şua', 'hesap', 'gözük', 'yardımcı', 'sevin']","['kart yatır', 'şua hesap', 'hesap gözük', 'aycell kart', 'iyi']"
"['yeterince', 'net', 'var', 'yine', 'güncelle', 'illet', 'wifi', 'gerek']","['wifi gerek', 'wifi', 'illet wifi', 'yeterince net', 'yeterince']"
"['kötü', 'gerek']","['kötü gerek', 'kötü', 'gerek']"
"['kart', 'var', 'iyi', 'i̇nternet', 'kazan']","['iyi nternet', 'iyi', 'var iyi', 'kazan', 'nternet kazan']"
"['konu', 'hemen', 'çöz', 'iste', 'yaz', 'tam', 'gün', 'çöz', 'insan', 'uğraş', 'hoş', 'git', 'aycell', 'kart', 'yat', 'şua', 'tam', 'gün', 'geç', 'halen', 'kart', 'yükle', 'cüzdan', 'bölüm', 'görün', 'siz', 'kim', 'şikayet', 'gerek', 'bira', 'önce', 'para', 'kart', 'yükle', 'yet', 'artık', 'bık', 'siz', 'uygulamnizdan', 'allah', 'bela', 'para', 'nekadar', 'hayat', 'anla', 'müşteri', 'hizmet', 'anla']","['anla müşteri', 'yükle cüzdan', 'siz uygulamnizdan', 'gün geç', 'insan uğraş']"
"['kimlik', 'doğrula', 'zahmet', 'limit', 'artır', 'işkence', 'muadil', 'kart', 'program', 'basit', 'kampanya', 'katıl', 'ilgili', 'harca', 'hal', 'puan', 'yat', 'çözüm', 'bulun', 'gerek', 'öneri', 'beklenti', 'sun', 'bil', 'fazla', 'yardım', 'iste', 'maaş', 'bağlama', 'lazım', 'bedava', 'çalış']","['artır işkence', 'maaş bağlama', 'limit artır', 'basit kampanya', 'kampanya katıl']"
"['iyi', 'değil', 'iyi']","['değil iyi', 'iyi değil', 'değil', 'iyi']"
"['geliş', 'lazım', 'eksik', 'basit', 'program']","['basit program', 'eksik basit', 'lazım eksik', 'program', 'eksik']"
"['salla', 'kaz', 'toplam', 'sonra', 'bak', 'düş', 'böyle', 'sani', 'adam', 'akıl']","['sani adam', 'adam akıl', 'bak düş', 'düş böyle', 'sonra bak']"
"['henüz', 'fayda', 'zarar', 'gör', 'vasat', 'anlasilmasi', 'zor', 'ban', 'fibabanka', 'tam', 'kart', 'koy', 'zorla', 'geri', 'saat']","['ban fibabanka', 'anlasilmasi zor', 'fibabanka', 'geri saat', 'fibabanka tam']"
"['güzel', 'eposta', 'adres', 'değiş', 'gerek', 'düzenle', 'bölüm', 'düzel', 'çalistigim', 'zaman', 'tekrar', 'kendi', 'kendi', 'eski', 'eposta', 'adres', 'dön', 'aycell', 'kullan', 'berbat']","['adres değiş', 'eski eposta', 'adres dön', 'eposta adres', 'güzel eposta']"
"['elektrik', 'fatura', 'öde', 'medaş', 'yok', 'öde', 'elektrik', 'fatura', 'medaş', 'meram', 'elektrik', 'getir', 'lazım', 'acil']","['elektrik fatura', 'öde elektrik', 'meram elektrik', 'elektrik getir', 'elektrik']"
"['genel', 'iyi', 'fatura', 'kayıt', 'sıkıntı', 'yaşa', 'kayıt', 'fatura', 'sil', 'sil', 'buton', 'yok', 'ayrıca', 'öde', 'bile', 'yeni', 'fatura', 'kayıt', 'gerek', 'özellik', 'eksik', 'önce', 'kaydet', 'fatura', 'kurum', 'aycell', 'anlaşma', 'bit', 'rağmen', 'görün', 'sil', 'dolayısıyla', 'başka', 'banka', 'otomatik', 'öde', 'talimat', 'çöz', 'iyi']","['kaydet fatura', 'fatura kayıt', 'kayıt fatura', 'banka otomatik', 'yeni fatura']"
"['ilk', 'bile', 'dol', 'üye', 'ücret', 'gönder', 'demekki', 'alt', 'hız', 'git', 'yazı', 'dikkat', 'oku', 'gerek', 'aycell', 'pişman', 'tek']","['ücret gönder', 'hız git', 'git yazı', 'pişman tek', 'demekki alt']"
"['güzel', 'anla', 'biraz', 'kafa', 'patla', 'gerek', 'bird', 'bildirim', 'fırsat', 'takip', 'gerek', 'yok', 'kaçır', 'son', 'varan', 'komisyon', 'biraz', 'düşün', 'kullan', 'mesela', 'sadece', 'acil', 'durum', 'kullan']","['komisyon biraz', 'bildirim fırsat', 'sadece acil', 'varan komisyon', 'anla biraz']"
"['yanlış', 'şifre', 'gir', 'hesap', 'don', 'şifre', 'yenile', 'posta', 'gönder', 'geri', 'dönüş', 'lütfen', 'hesap', 'geri']","['yanlış şifre', 'hesap geri', 'şifre yenile', 'şifre', 'şifre gir']"
"['güzel', 'ancak', 'topla', 'puan', 'karşılık', 'hediye', 'sınır', 'biraz', 'hediye', 'art', 'lazım']","['hediye sınır', 'biraz hediye', 'hediye art', 'karşılık hediye', 'hediye']"
"['program', 'form', 'dol', 'onayla', 'gerek', 'bilgi', 'var', 'oku', 'iste', 'iki', 'boş', 'sayfa', 'alt', 'onay', 'tuş', 'var', 'onayla']","['program form', 'oku', 'alt onay', 'onayla gerek', 'oku iste']"
"['soygun', 'vurgun', 'ara', 'var', 'karti̇nda', 'kars', 'geçir', 'böyle', 'kart', 'si̇li̇yorum', 'seyi̇mi̇']","['kars geçir', 'böyle kart', 'nda kars', 'var karti', 'soygun vurgun']"
"['genellikle', 'gece', 'saat', 'giriş', 'yapilmiyor', 'kafa', 'yedi', 'iyi']","['genellikle gece', 'gece saat', 'gece', 'yapilmiyor kafa', 'genellikle']"
"['önce', 'güzel', 'şimdi', 'boş', 'kesinlikle', 'tavsiye', 'puan', 'zaten', 'hafta', 'boyunca', 'puan', 'puan', 'hiçbir', 'değer', 'yok', 'üstelik', 'hafta', 'bit', 'böyle', 'saçmalık']","['hafta bit', 'zaten hafta', 'üstelik hafta', 'hafta boyunca', 'puan hiçbir']"
"['sadece', 'sorun', 'puan', 'sür', 'olmasıqpuanlar', 'sil', 'iyi']","['sil iyi', 'olmasıqpuanlar sil', 'olmasıqpuanlar', 'iyi', 'sadece']"
"['hayat', 'büyük', 'hata', 'kart', 'kullan', 'para', 'bloke', 'maddi', 'manevi', 'zarar', 'uğrat', 'müşteri', 'gönder', 'şüphe', 'bloke', 'koy', 'rezil', 'para', 'alim', 'kart', 'asla', 'kullanmicam', 'tanı', 'herkesede', 'kullandirtmicam', 'turkcell', 'başka', 'oparotere', 'geç', 'tavsiye', 'sakın', 'kullan']","['hata kart', 'kart kullan', 'alim kart', 'kullan para', 'müşteri gönder']"
"['fatura', 'çoğu', 'yok', 'elektrik', 'fatura', 'yatiramiyrom', 'eksik', 'var', 'kötü']","['elektrik fatura', 'yok elektrik', 'fatura yatiramiyrom', 'yatiramiyrom eksik', 'fatura çoğu']"
"['hesap', 'birik', 'bin', 'lira', 'yatır', 'allah', 'bela', 'para', 'koy', 'müşteri', 'hizmet', 'ara', 'para', 'iste', 'söyle', 'miktar', 'muş', 'denet', 'gerek', 'muş', 'denetle', 'bit', 'zehir', 'allah', 'bin', 'bela', 'hala', 'para', 'yok', 'sakın', 'kullanmanmayında', 'asıl', 'dolandırıcı']","['asıl dolandırıcı', 'koy müşteri', 'dolandırıcı', 'söyle miktar', 'müşteri']"
"['pek', 'iyi']","['pek iyi', 'iyi', 'pek']"
"['oyun', 'kupon', 'kısım', 'var', 'valorant', 'kupon', 'iste', 'salla', 'topla', 'yerine', 'bas', 'topla', 'iyi', 'cihaz', 'eski', 'salla', 'olay', 'yad', 'salla', 'kazan', 'belli', 'süre', 'sonra', 'kendi', 'otomatik', 'ödül']","['oyun kupon', 'valorant kupon', 'otomatik ödül', 'kupon iste', 'kupon']"
"['kredi', 'kart', 'para', 'yük', 'işlem', 'ücret', 'öde', 'fatura', 'direk', 'kredi', 'kart', 'öde', 'aycell', 'gerek', 'yok']","['kredi kart', 'direk kredi', 'kredi', 'öde fatura', 'fatura direk']"
"['hediye', 'para', 'kullan', 'hediye', 'kod', 'üre', 'gerek', 'lakin', 'kredi', 'yansı', 'yorum', 'cevap', 'nitelik', 'turkcell', 'bilişim', 'servis', 'taraf', 'yorum', 'önce', 'üzeri', 'taraf', 'ilet', 'maalesef', 'dahi', 'dikkat', 'üzgün', 'belir', 'iste']","['kredi yansı', 'lakin kredi', 'yorum cevap', 'yansı yorum', 'taraf yorum']"
"['sürekli', 'güncelle', 'iste', 'basit', 'gerek']","['sürekli güncelle', 'güncelle', 'güncelle iste', 'basit gerek', 'iste basit']"
"['yorum', 'zor', 'mecburiyet', 'yaş', 'inan', 'hayat', 'büyük', 'pişman', 'kadar', 'rezil', 'resmen', 'insan', 'dolandır', 'sebep', 'yer', 'para', 'bloke', 'iade', 'işlem', 'binbir', 'zor', 'çıkar', 'para', 'hafta', 'kullan', 'engelle', 'ifade', 'işlem', 'fahiş', 'masraf', 'kes', 'minimum', 'hafta', 'siz', 'iade', 'müşteri', 'hizmet', 'bugün', 'kadar', 'muhatap', 'kötü', 'merkez', 'bilgi', 'yetki', 'etki']","['muhatap kötü', 'dolandır sebep', 'mecburiyet yaş', 'yorum zor', 'çıkar para']"
"['sıkıntı', 'para', 'yatır', 'yat', 'mesela', 'kal', 'kardeş', 'kes', 'para', 'insan', 'lazım', 'para', 'lazım', 'yatır']","['lazım para', 'para lazım', 'para yatır', 'sıkıntı para', 'insan lazım']"
"['sen', 'paragöz', 'şirket', 'turkcell', 'söz', 'bilgi', 'yarış', 'koy', 'oda', 'bile', 'para', 'iste', 'pes']","['bilgi yarış', 'şirket turkcell', 'turkcell söz', 'bile para', 'turkcell']"
"['iyi', 'değil', 'ağır', 'çalış']","['ağır çalış', 'çalış', 'iyi değil', 'değil ağır', 'iyi']"
"['kusur', 'bak', 'böyle', 'cakallik', 'gör', 'para', 'geri', 'iste', 'işlem', 'ücret', 'kardeş', 'banka', 'bile', 'işlem', 'ücret', 'parti', 'layik', 'ücret', 'ayiliyorsunuz', 'bide']","['ücret ayiliyorsunuz', 'banka bile', 'ücret parti', 'layik ücret', 'gör para']"
"['aycell', 'puan', 'eksik', 'göster', 'bin', 'fazla', 'puan', 'lazım', 'hafta', 'puan', 'düş', 'yıldız', 'neden', 'üste', 'dur', 'için']","['puan eksik', 'fazla puan', 'puan düş', 'puan lazım', 'hafta puan']"
"['alın', 'gerek', 'para', 'geç', 'mobil', 'öde', 'para', 'kes', 'hat', 'bil', 'iade', 'teşşekür', 'bura', 'yorum', 'unut', 'geç', 'teşşekür', 'kusur', 'bak']","['para geç', 'bura yorum', 'geç teşşekür', 'geç', 'geç mobil']"
"['oyna', 'kazan', 'oyun', 'boş', 'yok', 'soru', 'cevapla', 'iste', 'geri', 'zeka', 'geri', 'zeka', 'sun']","['geri zeka', 'zeka sun', 'zeka geri', 'zeka', 'oyun boş']"
"['öncelik', 'uzun', 'zaman', 'ailecek', 'turkcell', 'hizmet', 'memnun', 'ancak', 'şöyle', 'vaki', 'fiyat', 'paha', 'fakat', 'hizmet', 'para', 'haket', 'tabii', 'ucuz', 'ayrıca', 'fiyat', 'konu', 'yan', 'işlem', 'para', 'kes', 'fatura', 'yansı', 'maalesef', 'kötü', 'yıldız', 'bura', 'kır', 'fakat', 'turkcell', 'gayet', 'memnun']","['fakat turkcell', 'fiyat paha', 'turkcell hizmet', 'fiyat konu', 'ucuz ayrıca']"
"['sürekli', 'dön', 'dur', 'ardından', 'işlem', 'işlem', 'gerçek', 'hata', 'işkence', 'geliş', 'piyasa', 'alelacele', 'sun', 'san']","['gerçek hata', 'hata', 'ardından işlem', 'piyasa', 'geliş piyasa']"
"['kullan', 'puan', 'birik', 'çalış', 'fakat', 'puan', 'birik', 'puan', 'eri', 'keşke', 'fayda', 'yükle', 'pişman', 'açık']","['fakat puan', 'birik puan', 'kullan puan', 'puan birik', 'yükle pişman']"
"['öde', 'işlem', 'ücret', 'nes', 'vatandaş', 'ücret', 'hiçbir', 'türkcell', 'çalış', 'helal', 'dikkat', 'sun']","['vatandaş ücret', 'öde işlem', 'ücret hiçbir', 'ücret nes', 'öde']"
"['böyle', 'birey', 'haber', 'yok', 'iki', 'defa', 'öde', 'mesaj', 'alaka', 'hangi', 'bilgi', 'iletişim', 'numara', 'yok', 'mesaj', 'sadece', 'hey', 'allah']","['yok mesaj', 'öde mesaj', 'mesaj sadece', 'mesaj alaka', 'numara yok']"
"['anla', 'gerek', 'yok', 'gör']","['gerek yok', 'yok gör', 'yok', 'anla gerek', 'gör']"
"['para', 'yüklem', 'başka', 'yer', 'git', 'tür', 'fatura', 'borç', 'iyi', 'çalış', 'memnu', 'değil']","['fatura borç', 'borç iyi', 'borç', 'tür fatura', 'fatura']"
"['kullan', 'cook', 'fayda', 'eksik', 'var', 'katiliyorum', 'ancak', 'banka', 'kart', 'iyi', 'tavsiye', 'kullanamiyorsaniz', 'yardimci', 'hayati', 'paycel', 'dursun']","['tavsiye kullanamiyorsaniz', 'kullanamiyorsaniz yardimci', 'ancak banka', 'cook fayda', 'banka kart']"
"['hesap', 'rağmen', 'sadece', 'kullan', 'bakiye', 'göster', 'berbat', 'kesinlikle', 'öner']","['hesap rağmen', 'göster berbat', 'rağmen sadece', 'rağmen', 'berbat kesinlikle']"
"['aycell', 'kullan', 'limit', 'var', 'yüklem', 'iste', 'böyle', 'kart', 'yok', 'borç', 'yatirdiginizda', 'limit', 'yükle', 'sev']","['yatirdiginizda limit', 'borç yatirdiginizda', 'limit yükle', 'kullan limit', 'yok borç']"
"['siz', 'kan', 'artık', 'yön', 'vatandaş', 'dolandır', 'vatandaş', 'fark', 'varıncayyakadar', 'para', 'çal', 'kişi', 'hesap', 'para', 'aktar', 'kişi', 'iste', 'hal', 'aktar', 'ondansonra', 'kat', 'çal', 'geri', 'faiz', 'birlikte', 'gerek', 'firma', 'sahip', 'gerekse', 'çalış', 'hep', 'üçkağıt', 'tek', 'kelime', 'siz', 'kan', 'oyun', 'hesap', 'aktar', 'harca', 'hal', 'gün', 'kes', 'dalavere', 'siz']","['varıncayyakadar para', 'para çal', 'dalavere siz', 'dolandır vatandaş', 'vatandaş fark']"
"['iyi', 'kır', 'sen']","['kır sen', 'iyi kır', 'iyi', 'kır', 'sen']"
"['aycell', 'hazır', 'limit', 'kart', 'aktar', 'iste', 'fakat', 'öyle', 'seçenek', 'yok', 'müşteri', 'temsilci', 'ara', 'zaman', 'gerekli', 'şart', 'sağla', 'fatura', 'evet', 'fatura', 'kesinti', 'öde', 'evet', 'şart', 'allah', 'sev']","['limit kart', 'kart aktar', 'kesinti öde', 'sağla fatura', 'müşteri temsilci']"
"['bütün', 'güzel', 'tek', 'eksik', 'puan', 'transfer', 'gün', 'sadece', 'kere', 'kere']","['sadece kere', 'transfer gün', 'tek eksik', 'kere kere', 'eksik puan']"
"['iyi', 'kot', 'dil', 'kop', 'bak', 'göre', 'yar', 'konusmayin', 'fos', 'geri', 'hazır', 'limit', 'para', 'aldi', 'para', 'üzeri', 'ekle', 'fatura', 'yansottilar', 'böyle', 'turkcell', 'olmaznolsun', 'dilekçe', 'zaten', 'yar']","['fatura yansottilar', 'para üzeri', 'ekle fatura', 'olmaznolsun dilekçe', 'turkcell olmaznolsun']"
"['gerçekten', 'böyle', 'saçma', 'gir', 'işlem', 'gerçek', 'kal', 'öyle', 'güven', 'değil', 'bura', 'para', 'gir', 'biz', 'ulaş']","['güven değil', 'öyle güven', 'böyle saçma', 'saçma gir', 'güven']"
"['abi', 'para', 'iste', 'para', 'gönder', 'aycell', 'devam', 'iki', 'iyi']","['iki iyi', 'para gönder', 'devam iki', 'iki', 'aycell devam']"
"['iyi', 'değil', 'izin', 'fatura', 'lira', 'yansı', 'fatura', 'lira']","['yansı fatura', 'fatura lira', 'fatura', 'lira yansı', 'izin fatura']"
"['kaşık', 'sap', 'çıkar', 'puan', 'kazan', 'dere', 'getir', 'gerek', 'bide', 'üye', 'ücret', 'var', 'uzun', 'ömür', 'san', 'cevaben', 'yaz', 'peki', 'ücret', 'puan', 'belli', 'tarih', 'sil', 'sacmapuanı', 'kullan', 'taktik', 'koca', 'turkcell', 'hesapla', 'puan', 'deli', 'uğraş', 'önce', 'mesaj', 'kart', 'para', 'yük', 'neyse', 'gün']","['ücret var', 'turkcell hesapla', 'yük neyse', 'para yük', 'peki ücret']"
"['iyi', 'daha', 'iyi']","['daha iyi', 'iyi daha', 'daha', 'iyi']"
"['olay', 'puan', 'kas', 'siz', 'hafta', 'puan', 'düşük', 'puan', 'ödül', 'puan', 'zaten', 'puan', 'birik', 'kadar', 'puan', 'süre', 'dol', 'saçma', 'turkcell', 'iyi', 'bok', 'sarma', 'para', 'koper', 'başla', 'akıl', 'var', 'türktelekom']","['saçma turkcell', 'puan ödül', 'kadar puan', 'puan düşük', 'puan süre']"
"['aycell', 'önce', 'iptal', 'yine', 'fatura', 'yazmis', 'böyle', 'soyguncu']","['yine fatura', 'fatura yazmis', 'iptal yine', 'önce iptal', 'böyle soyguncu']"
"['banka', 'kart', 'tanımla', 'çek', 'kardeş', 'illa', 'para', 'yükle', 'lazım', 'böyle', 'saçmalık', 'gör', 'kaldır', 'hemen']","['banka kart', 'kart tanımla', 'banka', 'yükle lazım', 'saçmalık gör']"
"['puan', 'bile', 'hak', 'kimse', 'yükle', 'böyle', 'gör', 'kesinlikle', 'kimse', 'yükle', 'kötü', 'diğer', 'yorum', 'oku', 'tamamen', 'para', 'gönder', 'yok', 'lira', 'hesap', 'para', 'aktar', 'yok', 'lira', 'resmen', 'dolandiricilik']","['kimse yükle', 'tamamen para', 'puan bile', 'aktar yok', 'para gönder']"
"['acil', 'para', 'ihtiyaç', 'var', 'para', 'yükle', 'bloke', 'koy', 'şimdi', 'gün', 'peki', 'siz', 'mahkeme', 'kadar', 'kesinti', 'allah']","['mahkeme kadar', 'siz mahkeme', 'kadar kesinti', 'koy şimdi', 'kesinti allah']"
"['ömür', 'böyle', 'sahtekar', 'para', 'tuzak', 'gör', 'hemen', 'kaldır', 'banka', 'kart', 'para', 'gönder', 'fatura', 'öde', 'kesinti', 'meğerse', 'işlem', 'para', 'kesinti', 'yaşa', 'haber', 'yok', 'muş', 'tahsilat', 'ücret', 'üye', 'ücret', 'herşey', 'ücret', 'bağla', 'fatura', 'aşağı', 'bilgi', 'mesaj', 'akıl', 'memnun', 'kal', 'düzel', 'san', 'emek', 'geç', 'allah', 'havale', 'berbat']","['öde kesinti', 'para kesinti', 'fatura öde', 'fatura aşağı', 'sahtekar para']"
"['aycell', 'mobil', 'memnun', 'değil', 'sürekli', 'don', 'yaşa', 'sistem', 'gir', 'zor', 'çek', 'çoğu', 'zaman', 'gir', 'yeterince', 'iyi', 'değil', 'puan']","['değil sürekli', 'iyi değil', 'çoğu zaman', 'yaşa sistem', 'zor çek']"
"['arkadaş', 'uzak', 'dur', 'yüklemeyi̇nsizin', 'sun', 'hizmet', 'allah', 'bela', 'versinsorun', 'bil', 'gün', 'sonra', 'dön', 'kaldırıyorumemin', 'olunuygulamanız', 'hak', 'insan', 'bilgi', 'kullanmasınlarhiç', 'memnun', 'değil']","['kaldırıyorumemin olunuygulamanız', 'bilgi kullanmasınlarhiç', 'hizmet allah', 'olunuygulamanız hak', 'olunuygulamanız']"
"['önce', 'insan', 'giriş', 'saglayin', 'giriş', 'yaptigimizda', 'hata', 'puan', 'işlem', 'gercek', 'yaz', 'böyle', 'sacmalik']","['yaptigimizda hata', 'hata puan', 'hata', 'puan işlem', 'giriş yaptigimizda']"
"['sakın', 'para', 'yatır', 'koy', 'sonra', 'banka', 'görüş', 'banka', 'gönder', 'hal', 'hesap', 'para', 'görün', 'işlem', 'yıldız', 'bile', 'hak', 'mecburen']","['sonra banka', 'banka gönder', 'banka görüş', 'para yatır', 'banka']"
"['daha', 'güzel']","['daha güzel', 'güzel', 'daha']"
"['para', 'yatirdigimda', 'kes', 'bird', 'aylık', 'işletim', 'ücret', 'para', 'yatır', 'işlem', 'ücret', 'kes', 'lazım', 'dün', 'yatır', 'kes', 'aylık', 'ücret', 'kadar', 'önem', 'değil', 'yatır', 'para', 'kesme', 'iste', 'para', 'kes']","['aylık ücret', 'ücret kes', 'ücret para', 'ücret kadar', 'para yatır']"
"['şua', 'memnunumşuan', 'yorum', 'oku', 'çoğu', 'olumsuz', 'kelime', 'kullan', 'arkadaş', 'güzel', 'acil', 'nakit', 'ihtiyaç', 'kimse', 'hazır', 'limit', 'yara', 'banka', 'fakat', 'san', 'faiz', 'biftek', 'fazla', 'konu', 'san', 'düzel', 'bil', 'not', 'hazır', 'limit', 'bit', 'fatura', 'öde', 'bit', 'hazır', 'limit', 'sağla', 'güzel']","['banka fakat', 'fatura öde', 'bit fatura', 'öde', 'öde bit']"
"['yarar', 'kesintilerolmasa', 'iyi']","['yarar kesintilerolmasa', 'kesintilerolmasa iyi', 'yarar', 'iyi', 'kesintilerolmasa']"
"['salla', 'topla', 'puan', 'sür', 'boşuna', 'sadece', 'para', 'yatirinca', 'puan', 'salla', 'topla', 'sür', 'belki', 'para', 'harcayincaa', 'sür', 'süre', 'kaldır', 'iyi', 'kapmanyasi', 'kanpayami', 'yapiyonuz', 'yok', 'para', 'harç', 'kadar', 'puan', 'kazan', 'kullan', 'adam', 'salla', 'kazndanda', 'puan', 'durum']","['sadece para', 'belki para', 'kadar puan', 'boşuna sadece', 'yok para']"
"['özellikle', 'ara', 'para', 'yükle', 'oldukça', 'sıkıntı', 'günlük', 'veri', 'aktarım', 'bahai', 'söyle', 'fakat', 'gün', 'kısım', 'işlem', 'kart', 'çıkar', 'para', 'yükle', 'suç', 'kişi', 'kampanya', 'indirim', 'kaçır', 'konu', 'şekil', 'devam', 'şikayet', 'fark', 'kurum', 'mecra']","['yükle suç', 'suç kişi', 'kampanya indirim', 'indirim kaçır', 'devam şikayet']"
"['hata', 'öde', 'işlem', 'reddet', 'oyun', 'para', 'yatır', 'böyle', 'lütfen', 'hata', 'düzel', 'puan', 'güzel']","['reddet oyun', 'hata öde', 'oyun para', 'hata düzel', 'lütfen hata']"
"['berat', 'turkcell', 'aracılığıyla', 'insan', 'dolan', 'çalış', 'parsel', 'tamamen', 'kaldır', 'lazım', 'sinir', 'puan']","['tamamen kaldır', 'lazım sinir', 'dolan çalış', 'çalış parsel', 'turkcell aracılığıyla']"
"['böyle', 'rezalet', 'gör', 'hat', 'degistirecem', 'turkcell', 'yedir', 'git', 'türk', 'telekom', 'yediririmarkdaslar', 'mal', 'yükle', 'biz', 'yazık', 'yıldız', 'üst', 'gözük', 'koy', 'yok', 'yıldız', 'mal']","['turkcell yedir', 'yok yıldız', 'yazık yıldız', 'degistirecem turkcell', 'yıldız üst']"
"['salla', 'kazan', 'dan', 'hediye', 'google', 'olay', 'fakat', 'hat', 'turkcell', 'rahat', 'kullan', 'madem', 'kullan', 'hak', 'sevin', 'rahat', 'paket', 'salla', 'kazan', 'engelle', 'zor', 'gerek']","['hediye google', 'google olay', 'rahat paket', 'dan hediye', 'hediye']"
"['gün', 'hata', 'kullan', 'böyle', 'sorun', 'yok', 'açilinca', 'artık', 'bakiye', 'para', 'durum', 'bile', 'göster', 'dün', 'paket', 'yükle', 'bile', 'dur', 'hata']","['dün paket', 'gün hata', 'göster dün', 'hata kullan', 'açilinca artık']"
"['güzel', 'ancak', 'puan', 'topla', 'biraz', 'zor', 'puan', 'topla', 'bura', 'i̇nternet', 'ali', 'cam', 'emel', 'sağlık', 'paycel', 'diğer', 'yorum', 'ilgilen', 'fatura', 'falan', 'odemiyom', 'iyi', 'geliş', 'lazım', 'biraz', 'çaba', 'göster', 'sevin', 'türkiye', 'iyi', 'yer', 'biraz', 'fazla', 'salla', 'topla', 'hak', 'iyi', 'hediye', 'ancak', 'anla', 'alışveriş', 'puan', 'alacaktımiyi']","['türkiye iyi', 'sevin türkiye', 'yer biraz', 'iyi yer', 'lazım biraz']"
"['salla', 'topla', 'fazla', 'puan', 'kazan', 'iyi', 'bird', 'kazan', 'puan', 'geri', 'alın', 'kötü']","['fazla puan', 'puan kazan', 'puan geri', 'kazan puan', 'kazan iyi']"
"['başla', 'böyle', 'kendi', 'telefon', 'numara', 'gir', 'başka', 'telefon', 'gir', 'işlem', 'hata', 'sorun', 'düzenle', 'turkcell', 'kullan', 'numara', 'var', 'aynı', 'telefon', 'tane', 'giriş', 'tel', 'gir', 'işlem', 'hata', 'sorun', 'düzel']","['aynı telefon', 'telefon tane', 'telefon gir', 'başka telefon', 'telefon numara']"
"['hesap', 'gönder', 'gün', 'kayıp', 'tek', 'bil', 'hesabimprofil', 'biz', 'ulaş', 'bölüm', 'biz', 'yazın', 'kere', 'yaz', 'ara', 'halen', 'cevap', 'sorun', 'çöz', 'yok', 'yorum', 'yukarı', 'tırnak', 'yaz', 'metin', 'cevap', 'kesinlikle', 'uzak', 'dur', 'gerek', 'firma']","['biz yazın', 'yaz ara', 'hesabimprofil biz', 'bil hesabimprofil', 'yaz metin']"
"['puan', 'fazla', 'iyi']","['puan fazla', 'fazla iyi', 'fazla', 'iyi', 'puan']"
"['tavsiye', 'kullan', 'gerek', 'para', 'öde', 'puan', 'hiçbir', 'pek', 'eksik', 'var', 'tavsiye']","['tavsiye kullan', 'tavsiye', 'var tavsiye', 'pek eksik', 'gerek para']"
"['iyi', 'tos', 'para', 'kes', 'iste', 'hatta', 'kendi', 'yatır', 'bedavadan', 'yatır', 'harca', 'olay', 'winmantığındalar', 'hatta', 'birsürü', 'indirim', 'oyun', 'alışveriş', 'tos', 'saye', 'tos', 'alınbu', 'reklam', 'değil', 'kişisel', 'görüş']","['oyun alışveriş', 'winmantığındalar hatta', 'indirim oyun', 'winmantığındalar', 'olay winmantığındalar']"
"['avantaj', 'fazla', 'eksik', 'var', 'para', 'çek', 'yüklem', 'olay', 'para', 'kes', 'puan', 'fazla', 'süre', 'olay', 'fazla', 'kampanya', 'insan', 'fazla', 'dikkat', 'çek', 'geliş', 'kendi']","['fazla kampanya', 'kampanya insan', 'insan fazla', 'fazla dikkat', 'kampanya']"
"['i̇nternet', 'saat', 'değil', 'hafta', 'iyi']","['değil hafta', 'hafta iyi', 'hafta', 'saat değil', 'nternet saat']"
"['böyle', 'kendi', 'para', 'rezil', 'sürekli', 'öde', 'zaman', 'hata', 'ürün']","['sürekli öde', 'öde zaman', 'kendi para', 'zaman hata', 'öde']"
"['neden', 'para', 'yat', 'zaman', 'sürekli', 'arıza', 'hata', 'para', 'hesap', 'biraz', 'kal', 'böyle', 'sahtekar', 'gör', 'oku', 'yıldız']","['neden para', 'sürekli arıza', 'böyle sahtekar', 'hesap biraz', 'hata para']"
"['eksik', 'var', 'bari', 'doğru', 'yapsaydiniz']","['doğru yapsaydiniz', 'yapsaydiniz', 'bari doğru', 'eksik var', 'doğru']"
"['bozuk', 'bide', 'arasıra', 'turkcell', 'bekle', 'böyle', 'iyi', 'firma']","['turkcell bekle', 'arasıra turkcell', 'turkcell', 'bekle böyle', 'bekle']"
"['eksik', 'var']","['eksik var', 'eksik', 'var']"
"['katıl', 'hazır', 'kampanya', 'rezalet', 'hazır', 'limit', 'üzeri', 'yük', 'hediye', 'yükle', 'yüklem', 'ücret', 'kes', 'yükle', 'kal', 'iyi', 'turkcel', 'fatura', 'ayrıca', 'mobil', 'öde', 'ücret', 'yansı', 'yer', 'kal', 'siz', 'hediye', 'etik', 'dış', 'aldatmaca', 'biraz', 'dürüst', 'ayrıca', 'market', 'harca', 'harca', 'söz', 'dur', 'kart', 'iptal', 'iste', 'sürekli', 'hata', 'sonra', 'anons']","['fatura ayrıca', 'ücret yansı', 'turkcel fatura', 'yük hediye', 'aldatmaca biraz']"
"['telefon', 'boşuna', 'yer', 'kapla', 'gerek', 'hiçbir', 'avantaj', 'yok', 'yara', 'anla', 'telefon', 'kendi', 'zaten', 'kod', 'öde', 'kullan']","['telefon boşuna', 'telefon kendi', 'telefon', 'anla telefon', 'avantaj yok']"
"['anlık', 'hiçbir', 'sıkıntı', 'yok', 'güzel', 'yalnız', 'yıllık', 'nakit', 'çekim', 'limit', 'iyi', 'tamam', 'yüksel', 'çevre', 'turkcell', 'zor']","['limit iyi', 'yıllık nakit', 'sıkıntı yok', 'hiçbir sıkıntı', 'yalnız yıllık']"
"['kanka', 'iyi', 'ﾟヮﾟ']","['iyi ﾟヮﾟ', 'ﾟヮﾟ', 'kanka', 'iyi', 'kanka iyi']"
"['aycell', 'para', 'gönder', 'seçenek', 'gir', 'dur', 'bildiri', 'uzun', 'zaman', 'böyle', 'durum', 'var', 'bira', 'önce', 'düzel', 'talep']","['para gönder', 'gönder seçenek', 'düzel talep', 'seçenek gir', 'bildiri uzun']"
"['pay', 'var', 'kullan', 'gerek']","['kullan gerek', 'gerek', 'kullan', 'var kullan', 'pay var']"
"['hayat', 'buka', 'iyi', 'gör', 'helal']","['hayat buka', 'hayat', 'buka iyi', 'iyi gör', 'gör helal']"
"['buski', 'yok', 'fatura', 'öde', 'yem', 'koy', 'bak', 'iste']","['yok fatura', 'fatura öde', 'öde yem', 'bak iste', 'fatura']"
"['i̇ldiz', 'bile', 'adam', 'bak', 'hesabi', 'don', 'yem', 'gir', 'kadar', 'gir', 'calissamada', 'numara', 'üzeri', 'posta', 'şifre', 'git', 'şimdi', 'numara', 'üzeri', 'posta', 'ugraas', 'tavsiye', 'kisacasi', 'sarf', 'turkcel', 'kazıkla', 'acmislar', 'gerek', 'yok', 'ara', 'üzeri']","['şifre git', 'gir kadar', 'üzeri posta', 'kadar gir', 'calissamada numara']"
"['puan', 'bile', 'haket', 'işlem', 'para', 'kes', 'karmaşık', 'yanıltı', 'kazan', 'puan', 'kullanım', 'süre', 'turkcell', 'gol', 'düşür', 'gerek']","['yanıltı kazan', 'süre turkcell', 'turkcell gol', 'karmaşık yanıltı', 'turkcell']"
"['hak', 'şekil', 'para', 'bloke', 'koy', 'talep', 'rağmen', 'para', 'iade', 'aynı', 'kart', 'arkadaş', 'yüklem', 'talep', 'bloke', 'kaldır', 'bloke', 'turkcell', 'dolandiricilik', 'işlem', 'başla', 'hukuki', 'hak', 'kullan', 'başla', 'kısa', 'süre', 'sonra', 'faiz', 'para', 'geri']","['sonra faiz', 'rağmen para', 'kart arkadaş', 'faiz para', 'aynı kart']"
"['burger', 'kin', 'git', 'hazır', 'limit', 'öde', 'rağmen', 'sadece', 'bağ', 'kart', 'öde', 'onayla', 'hazır', 'limit', 'göster', 'bile', 'böyle', 'rezalet', 'gör', 'kadar', 'insan', 'utan', 'rezil', 'ilk', 'fırsat', 'turkcell', 'hat', 'iptal']","['burger kin', 'burger', 'öde rağmen', 'hat iptal', 'limit öde']"
"['hesabi', 'don', 'şifre', 'yenile', 'bas', 'diyorki', 'posta', 'adres', 'gönder', 'posta', 'değil', 'siz', 'posta', 'gir', 'çalisiyorum', 'lütfen', 'yardım', 'olur']","['posta adres', 'gönder posta', 'adres gönder', 'diyorki posta', 'şifre yenile']"
"['sakin', 'gi̇rmeyi̇n', 'arkadaş', 'hesap', 'transfer', 'bin', 'bloke', 'koy', 'gün', 'para', 'i̇şleti̇yorlar', 'fai̇zi̇ni̇', 'öde', 'sakin', 'sakin', 'i̇ndi̇rmeyi̇n', 'yan', 'bari', 'yan', 'karşı', 'muhatap', 'bul']","['arkadaş hesap', 'para şleti', 'öde sakin', 'hesap transfer', 'gün para']"
"['artık', 'yar', 'olucakmi', 'numara', 'yaz', 'güvenlik', 'dolayı', 'hesabi', 'dondurulnustur', 'yeni', 'şifre', 'belirle', 'yaz', 'öyle', 'yer', 'yok', 'herşey', 'dene', 'yüz', 'hesap', 'gir', 'bak', 'acilen', 'düzel', 'lazım']","['yeni şifre', 'şifre belirle', 'şifre', 'hesabi dondurulnustur', 'olucakmi numara']"
"['gün', 'kere', 'puan', 'paylaş', 'saçma', 'sınırsız', 'hal', 'iyi']","['puan paylaş', 'paylaş saçma', 'kere puan', 'gün kere', 'saçma sınırsız']"
"['mail', 'kutu', 'zaman', 'bak', 'düşün', 'uzun', 'zaman', 'mail', 'henüz', 'maile', 'cevap', 'aycell', 'önem', 'sorun', 'açıkla', 'hemen', 'düzel', 'gerek', 'sorun']","['mail kutu', 'mail henüz', 'zaman mail', 'henüz maile', 'mail']"
"['yıldız', 'bile', 'fazla', 'puan', 'art', 'art', 'yer', 'azal', 'dur', 'kaldır', 'iyi', 'bak', 'sar']","['yıldız bile', 'yıldız', 'azal dur', 'fazla', 'fazla puan']"
"['gir', 'hesap', 'güvenlik', 'don', 'şifre', 'yenile', 'buton', 'bas', 'yeni', 'şifre', 'iste', 'şifre', 'anla', 'yardımcı', 'sevin', 'tşkr']","['şifre yenile', 'yeni şifre', 'şifre', 'şifre anla', 'iste şifre']"
"['iyi', 'kampanya', 'var', 'alışveriş', 'keyif', 'aycell', 'aycell', 'banka', 'sistem', 'kötü', 'üst', 'üste', 'sorun', 'mağdur', 'müşteri', 'hizmet', 'ugrastiriyorlar', 'sürekli', 'problem', 'hemen', 'boz', 'ayrıca', 'telefon', 'müşteri', 'hizmet', 'ara', 'problem', 'söyle', 'sistem', 'tam', 'rezalet', 'dan', 'baştan', 'tekrar', 'güncelle', 'gerek', 'sürekli', 'sorun', 'yaşa', 'düşün', 'müşteri', 'hizmet', 'kötü']","['sistem kötü', 'mağdur müşteri', 'düşün müşteri', 'hizmet kötü', 'müşteri hizmet']"
"['yorum', 'mantık', 'cevap', 'yerine', 'biz', 'ulaş', 'bölüm', 'yazın', 'şikayet', 'bura', 'yaz', 'iste', 'bide', 'utan', 'detay', 'konuş', 'teklif', 'sun', 'hayır', 'bura', 'şikayet', 'yaz', 'yorum', 'açık', 'resmen', 'tefeci', 'hırsız', 'dolandırıcı', 'para', 'siz', 'yatır', 'yem', 'kesinti', 'efendi', 'hız', 'hizmet', 'sun', 'için', 'para', 'kullan', 'katla', 'baş', 'bide', 'minnet']","['bura şikayet', 'yazın şikayet', 'şikayet yaz', 'şikayet bura', 'şikayet']"
"['yet', 'artık', 'banka', 'iletişim', 'geç', 'kariyo', 'hata', 'gör', 'bık', 'hemen', 'yazın', 'cevap', 'iletişim', 'geç', 'ila', 'ila', 'müşteri', 'hizmet', 'ara', 'ara', 'böyle', 'sorun', 'ara', 'kas', 'ömür', 'boy', 'biraz', 'istikrar', 'banka', 'değil', 'kanka', 'neyseki', 'böyle', 'istikrar', 'yakın', 'yok']","['banka iletişim', 'artık banka', 'istikrar banka', 'banka', 'banka değil']"
"['herşey', 'güzel', 'tek', 'eksik', 'para']","['eksik para', 'tek eksik', 'herşey', 'eksik', 'güzel tek']"
"['eski', 'versiyon', 'iyi', 'ana', 'sayfa', 'gir', 'hazır', 'limit', 'kart', 'bakiye', 'birleş', 'göster', 'kötü', 'dış', 'kampanya', 'iyi', 'hediye', 'para', 'trendyol', 'site', 'alışveriş', 'kupon', 'iyi', 'elbette', 'bedava', 'değil', 'siz', 'kes']","['alışveriş kupon', 'kupon iyi', 'bedava değil', 'site alışveriş', 'kupon']"
"['hesap', 'don', 'posta', 'mesaj', 'böyle', 'kal', 'hesap', 'çözüm', 'bulun']","['posta mesaj', 'hesap don', 'posta', 'don posta', 'mesaj']"
"['puan', 'süre', 'çabuk', 'dol', 'kimse', 'puan', 'faydalan', 'ismet', 'var', 'adeta', 'süre', 'uza', 'puan', 'art', 'yerine', 'azal', 'eğilim', 'sarı', 'kutu', 'iyi']","['sarı kutu', 'azal eğilim', 'eğilim sarı', 'puan süre', 'puan faydalan']"
"['daha', 'güzel']","['daha güzel', 'güzel', 'daha']"
"['leş', 'turkcell', 'sadece', 'hazır', 'paket', 'limit', 'var', 'böyle', 'banka']","['paket limit', 'böyle banka', 'turkcell sadece', 'limit var', 'banka']"
"['tos', 'infial', 'papara', 'iyi']","['papara iyi', 'iyi', 'papara', 'infial papara', 'tos']"
"['hazır', 'limit', 'sini', 'aktar', 'fakat', 'hikmet', 'aktar', 'mobil', 'öde', 'işlem', 'gercek', 'başka', 'öde', 'yöntem', 'dene', 'hata', 'fatura', 'düzen', 'dene', 'gecik', 'yok', 'master', 'hizmet', 'sik', 'yok', 'kisitlama', 'yok', 'kullanilamiyor', 'mail', 'yine', 'düzel', 'güncelle', 'yapacaksiniz', 'başka', 'biseymi', 'yapacaksiniz', 'ihtiyaç', 'zaman', 'kullan', 'başka', 'zaman', 'gerek', 'var', 'turkcell', 'yakismiyor', 'tur', 'uyduruk', 'hata']","['kullanilamiyor mail', 'fatura düzen', 'mail yine', 'öde yöntem', 'hata fatura']"
"['şahane', 'limit', 'yetersiz', 'biraz', 'artır', 'daha', 'güzel', 'bird', 'transfer', 'ücret', 'online', 'rağmen', 'transfer', 'karşılık', 'yüksek']","['bird transfer', 'transfer ücret', 'rağmen transfer', 'transfer karşılık', 'transfer']"
"['bura', 'geniş', 'aile', 'aysel', 'turkcell', 'servis', 'yillardir', 'yarar', 'fayda', 'kampanya', 'katilimlari', 'eksik', 'etmedikdesteklerimizi', 'kisitliyoruzve', 'ayriliyoruz']","['fayda kampanya', 'eksik etmedikdesteklerimizi', 'etmedikdesteklerimizi kisitliyoruzve', 'yillardir yarar', 'kisitliyoruzve ayriliyoruz']"
"['kötü', 'keşke', 'sıfır']","['keşke sıfır', 'sıfır', 'kötü keşke', 'kötü', 'keşke']"
"['iyi', 'değil', 'gir', 'sorun']","['iyi değil', 'gir sorun', 'değil gir', 'sorun', 'değil']"
"['henüz', 'tam', 'kullan', 'sun', 'fırsat', 'ilgi', 'çek']","['ilgi çek', 'fırsat ilgi', 'tam kullan', 'fırsat', 'sun fırsat']"
"['fazla', 'puan', 'puan', 'i̇nternet', 'iyi']","['fazla puan', 'nternet iyi', 'puan puan', 'fazla', 'iyi']"
"['eksik', 'yok', 'atp', 'kart', 'gonderiliomu', 'bilmiom']","['atp kart', 'gonderiliomu', 'gonderiliomu bilmiom', 'kart gonderiliomu', 'eksik yok']"
"['satılık', 'çıkar', 'hat', 'sat', 'sıfır', 'zannet', 'hiçbir', 'bilgi', 'hat', 'söyle', 'ara', 'denk', 'şifre', 'iste', 'şifre', 'unut', 'dan', 'başka', 'seçenek', 'koy', 'unut', 'bas', 'ilk', 'sahip', 'mai', 'bulun', 'yenile', 'link', 'maile', 'gönder', 'peki', 'sor', 'kadar', 'kalın', 'fatura', 'millet', 'sorun', 'getir', 'asıl', 'hak', 'getir', 'sorun', 'çıkar']","['şifre unut', 'şifre iste', 'şifre', 'iste şifre', 'denk şifre']"
"['böyle', 'rezil', 'hizmet', 'gör', 'turkcell', 'aycell', 'turkcell', 'superonlineına', 'fatura', 'öde', 'çalış', 'online', 'alışveriş', 'açık', 'yeterli', 'para', 'bil', 'fark', 'kart', 'öde', 'çalış', 'kabul', ""i̇nternet'in"", 'kes', 'para', 'var', 'borç', 'öde', 'çalış', 'öde', ""i̇nternet'imi"", 'kes', 'temel', 'işlev', 'bile', 'yerine', 'getir', 'bari', 'olay', 'storm', 'kaldır', 'uğraş', 'bayi', 'öde']","['turkcell superonlineına', 'superonlineına fatura', 'öde çalış', 'fatura öde', 'öde nternet']"
"['eksik', 'var', 'herşey', 'ücret', 'aliyorlimit', 'biraz', 'fazla', 'lazimbunlari', 'sevin']","['aliyorlimit biraz', 'biraz fazla', 'herşey ücret', 'ücret aliyorlimit', 'fazla']"
"['iyi', 'çok', 'kötü', 'değil', 'puan', 'kazan', 'hediye', 'çeki', 'alabiliyorsunuzsadece', 'kota', 'sıkıntı', 'var', 'kart', 'işlem', 'gör', 'çöz', 'iyi', 'olurbazı', 'kurum', 'eksik', 'ekle', 'iyi', 'olurmüşteri', 'hizmet', 'gayet', 'iyi', 'yardımcı', 'oluyorbence', 'aylık', 'üye', 'ücret', 'tabi', 'ekip', 'para', 'kazan', 'lazım']","['çeki alabiliyorsunuzsadece', 'üye ücret', 'kazan hediye', 'kötü değil', 'ücret tabi']"
"['iyi', 'geliş', 'eksik', 'yer', 'düzel', 'gerekli']","['eksik yer', 'düzel gerekli', 'geliş eksik', 'eksik', 'gerekli']"
"['fark', 'operatör', 'geç', 'gün', 'gerek', 'mesaj', 'paycelden', 'şikayet', 'mesaj', 'engelle']","['şikayet mesaj', 'mesaj engelle', 'operatör geç', 'mesaj paycelden', 'mesaj']"
"['selamünaleyküm', 'turkcell', 'ekip', 'diğer', 'operatör', 'abone', 'kampanya', 'günlük', 'var', 'puan', 'lütfen', 'i̇nternet', 'hediye', 'artır']","['selamünaleyküm turkcell', 'abone kampanya', 'kampanya günlük', 'turkcell ekip', 'abone']"
"['kötü', 'söyle', 'söz', 'yok', 'mesaj', 'iyi', 'emoji', 'açıkla']","['emoji açıkla', 'iyi emoji', 'emoji', 'mesaj iyi', 'mesaj']"
"['salla', 'toplam', 'puan', 'biraz', 'fazla', 'puan', 'gerek']","['toplam puan', 'fazla puan', 'puan biraz', 'puan gerek', 'salla toplam']"
"['rezil', 'hazır', 'limit', 'koy', 'fatura', 'borç', 'gecik', 'herhangi', 'öde', 'yok', 'şekil', 'kullan']","['fatura borç', 'borç gecik', 'borç', 'hazır limit', 'limit']"
"['heryer', 'kullan', 'düşün', 'akaryakıt', 'restoran', 'sadr', 'fatura', 'öde', 'kullan', 'kısıt', 'iyi', 'boşuna', 'yükle']","['akaryakıt restoran', 'düşün akaryakıt', 'restoran sadr', 'öde kullan', 'boşuna yükle']"
"['kötü', 'kart', 'para', 'gönder', 'oley', 'değiş', 'lazım']","['kötü kart', 'para gönder', 'değiş lazım', 'kart para', 'oley değiş']"
"['yemin', 'gerek', 'çalış', 'lakayt', 'i̇stanbul', 'kart', 'lira', 'para', 'yükle', 'para', 'i̇stanbul', 'kart', 'yükle', 'talimat', 'yok', 'hala', 'çöz', 'ora', 'mail', 'bura', 'mail', 'para', 'tuzak', 'gerek']","['bura mail', 'mail bura', 'mail para', 'ora mail', 'mail']"
"['iyi', 'değil']","['iyi değil', 'değil', 'iyi']"
"['böyle', 'saçma', 'gör', 'hesap', 'var', 'paye', 'kart', 'kullanicisiyim', 'sok', 'market', 'çalış', 'kart', 'kasa', 'alışveriş', 'tamam', 'geç', 'onayla', 'program', 'biz', 'aycell', 'yetersiz', 'bakiye', 'öde', 'mağaza', 'mağdur', 'biz', 'mağdur', 'ayrı', 'mağaza', 'dene', 'sorun', 'ayni', 'konuş', 'arkadaş', 'aynı', 'sıkıntı', 'yaşa', 'belir']","['paye kart', 'kart kullanicisiyim', 'çalış kart', 'kasa alışveriş', 'bakiye öde']"
"['aylık', 'abone', 'ücret', 'açık', 'para', 'söyle', 'lütfen', 'kısa', 'zaman', 'düzel', 'kulanıyıyoruz', 'para', 'iyi', 'birey', 'değil']","['abone ücret', 'aylık abone', 'ücret açık', 'kulanıyıyoruz para', 'açık para']"
"['güzel', 'sadece', 'puan', 'soğut', 'bazen', 'puan', 'yad', 'iyi']","['puan soğut', 'sadece puan', 'soğut bazen', 'yad iyi', 'güzel sadece']"
"['aylık', 'vergi', 'banka', 'para', 'yükle', 'para', 'kes', 'can', 'sıkıcı', 'durum', 'tosla', 'öner']","['aylık vergi', 'vergi banka', 'vergi', 'banka para', 'banka']"
"['ağız', 'dol', 'eleştiri', 'iste', 'gör', 'herkes', 'gerek', 'söyle', 'hala', 'sorun', 'çöz', 'yelten', 'bile', 'yok', 'kendi', 'tek', 'çözüm', 'yol', 'gir', 'ulaş', 'bil', 'sen', 'ulaş', 'zaten', 'haket', 'yer', 'ortalama', 'düşük', 'şikayet', 'alan', 'firma', 'baş', 'buda', 'zaten', 'yet']","['düşük şikayet', 'şikayet alan', 'şikayet', 'sorun çöz', 'zaten haket']"
"['banka', 'ücret', 'kes', 'banka', 'para', 'yatır', 'banka', 'para', 'çek', 'aynı', 'şekil', 'insan', 'tek', 'banka', 'ücret', 'kişi', 'kullan', 'çevre', 'payccel', 'iste', 'fuar', 'fahiş', 'dış', 'şirket', 'güzel', 'puan', 'ücret', 'zaten', 'kes', 'kredi', 'kart', 'güzel', 'kart', 'gerek', 'ücret', 'tek', 'banka', 'ücret', 'herşey', 'ayrı', 'ücret', 'zaten', 'kes']","['banka ücret', 'tek banka', 'banka para', 'kes banka', 'kes kredi']"
"['uzak', 'dur', 'kart', 'para', 'dur', 'yer', 'koy']","['dur kart', 'dur yer', 'uzak dur', 'para dur', 'kart para']"
"['iyi', 'değil']","['iyi değil', 'değil', 'iyi']"
"['eksik', 'var']","['eksik var', 'eksik', 'var']"
"['cezbet', 'papara', 'kart', 'kadar', 'müşteri', 'dost', 'aycell', 'herşey', 'masraf', 'aidat', 'komisyon', 'inan', 'herkes', 'onca', 'kampanya', 'rağmen', 'aycell', 'kart', 'para', 'yükle', 'kork', 'para', 'yükle', 'komisyon', 'aidat', 'ıvırzıvırınıza', 'git', 'papara', 'kart', 'dert', 'yok', 'üstelik', 'eczane', 'harca', 'iade', 'gerek', 'yok', 'paycele']","['kart kadar', 'kork para', 'papara kart', 'herşey masraf', 'yükle kork']"
"['güzel', 'ancak', 'kampanya', 'katılım', 'üzeri', 'gerek', 'şura', 'ses', 'gönder', 'kal', 'hangi', 'cağ', 'bütün', 'katılım', 'üzeri', 'artık', 'aycell', 'kal', 'eski', 'usul']","['kampanya katılım', 'ancak kampanya', 'kampanya', 'katılım üzeri', 'bütün katılım']"
"['yanlış', 'iyi', 'değil']","['iyi değil', 'yanlış iyi', 'yanlış', 'değil', 'iyi']"
"['ilk', 'baş', 'iyi', 'git', 'herşey', 'tam', 'banka', 'kart', 'para', 'ata', 'kadar', 'kesinti', 'resmen', 'insan', 'soy', 'sözleşme', 'bitti', 'zaten', 'bırak', 'turkcell', 'sırf', 'kesinti', 'dolayı', 'turkcell', 'soğu']","['sözleşme bitti', 'bırak turkcell', 'dolayı turkcell', 'sırf kesinti', 'kesinti dolayı']"
"['eski', 'iyi', 'değil']","['iyi değil', 'eski iyi', 'eski', 'değil', 'iyi']"
"['üstün', 'yok', 'iyi']","['yok iyi', 'üstün yok', 'yok', 'iyi', 'üstün']"
"['yükle', 'paye', 'kart', 'üzeri', 'qrkodu', 'sefer', 'kart', 'seç', 'gerek', 'bakiye', 'tanım', 'sanal', 'kart', 'ana', 'kart', 'görün', 'bakiye', 'sürekli', 'sorun', 'çıkar', 'alışveriş', 'hata', 'basit', 'güncelle', 'iyi', 'karmaşık', 'hal']","['sefer kart', 'paye kart', 'kart seç', 'kart üzeri', 'kart görün']"
"['eksik', 'var']","['eksik var', 'eksik', 'var']"
"['geri', 'tuş', 'bank', 'aniden', 'çık', 'çık', 'yad', 'çık', 'tekrar', 'bası', 'sor', 'iyi']","['aniden çık', 'çık tekrar', 'çık çık', 'çık yad', 'çık']"
"['değer', 'yetkili', 'servis', 'aycell', 'kart', 'işlem', 'işlem', 'ücret', 'sun', 'zor', 'git', 'lütfen', 'işlem', 'ücret']","['ücret sun', 'kart işlem', 'işlem ücret', 'ücret', 'yetkili servis']"
"['kesinti', 'parti', 'var', 'pace', 'kar', 'sene', 'kullaniykrumturkcell', 'sev', 'böyle', 'cakalligi']","['kar sene', 'kesinti parti', 'parti var', 'kullaniykrumturkcell sev', 'böyle cakalligi']"
"['güzel', 'eksik']","['güzel eksik', 'eksik', 'güzel']"
"['biraz', 'ufak', 'geliş', 'iyi', 'önce', 'tşkrlr']","['ufak geliş', 'biraz', 'biraz ufak', 'iyi önce', 'önce tşkrlr']"
"['biz', 'ulaş', 'bölüm', 'siz', 'ulaş', 'ora', 'belirli', 'soru', 'koy', 'biz', 'çöz', 'buton', 'yok', 'siz', 'sorulariniza', 'görev', 'dert', 'anlaticaz']","['sorulariniza görev', 'siz sorulariniza', 'soru koy', 'sorulariniza', 'belirli soru']"
"['berbat', 'temmuz', 'beri', 'kullan', 'barkod', 'oku', 'herşey', 'normal', 'onay', 'onay', 'yerine', 'kart', 'ekle', 'çık', 'iptal', 'secenegi', 'var', 'master', 'hizmet', 'sor', 'kart', 'ekle', 'parsel', 'odemedigi', 'otomatik', 'cekecekmis', 'alaka', 'herkes', 'kullan', 'sorun', 'yok', 'sadece', 'kart', 'iste', 'güncelle', 'hesabi', 'var', 'parti', 'yok', 'yapacagim', 'hesapmi', 'lazım']","['yerine kart', 'kart ekle', 'sadece kart', 'hesabi var', 'onay yerine']"
"['saçma', 'şekil', 'geforce', 'new', 'üye', 'yenile', 'paramin', 'ininal', 'kart', 'gönder', 'dene', 'ora', 'yapı', 'konu', 'başar', 'şua', 'para', 'dur', 'bura', 'yok', 'akıncı', 'aliexpresste', 'kart', 'kabul', 'kere', 'dene', 'sürekli', 'başka', 'öde', 'yöntem', 'seçmen', 'söyle', 'san', 'ininaldan', 'başka', 'kart', 'büyük', 'hata']","['kart kabul', 'kart gönder', 'başka kart', 'aliexpresste kart', 'ininal kart']"
"['iyi', 'kötü', 'başla', 'gerçekten', 'kredi', 'kart', 'para', 'aktar', 'aycell', 'gözük', 'kendi', 'geliş', 'yok', 'müşreti', 'kaybet', 'şekil']","['kredi kart', 'gerçekten kredi', 'kredi', 'para aktar', 'kart para']"
"['güzel', 'ancak', 'para', 'transfer', 'iyi', 'tokatla', 'adam', 'ininalda', 'aycell', 'azalt', 'ücret']","['ancak para', 'azalt ücret', 'transfer iyi', 'ücret', 'para transfer']"
"['android', 'sonra', 'uyum', 'rağmen', 'öde', 'modül', 'çalış', 'android', 'iki', 'adet', 'telefon', 'var', 'fakat', 'fatura', 'öde', 'iste', 'doğrula', 'ekran', 'boş', 'sayfa', 'kal', 'ses', 'yeni', 'model', 'telefon', 'dene', 'sorun', 'yok', 'öde', 'sorun', 'eski', 'destekle', 'android', 'sürüm', 'çöz', 'gerek', 'telefon', 'destekle', 'güncelle', 'fakat', 'fatura', 'öde', 'iste', 'öde']","['android sonra', 'çalış android', 'android iki', 'android', 'android sürüm']"
"['iyi', 'değil']","['iyi değil', 'değil', 'iyi']"
"['iyi', 'aliskanlik', 'değil']","['aliskanlik değil', 'iyi aliskanlik', 'değil', 'iyi', 'aliskanlik']"
"['zaman', 'kayıp', 'dene', 'fakat', 'karmaşık', 'kötü', 'papara', 'ininal', 'var', 'gerek', 'yok', 'turkcell', 'siz', 'yakış']","['papara ininal', 'zaman kayıp', 'turkcell siz', 'ininal var', 'yok turkcell']"
"['iyi', 'hafta', 'i̇nternet', 'boğ', 'aliya']","['hafta nternet', 'boğ aliya', 'iyi hafta', 'aliya', 'hafta']"
"['güzel', 'kişi', 'özel', 'kampanya', 'ücret', 'ifade', 'hemen', 'yat', 'takip', 'gerek', 'kesinlikle', 'tür', 'iade', 'aylık', 'üye', 'ücret', 'var', 'işlem', 'hesap', 'ücret', 'fark', 'kurum', 'var', 'turkcell', 'büyük', 'kurum', 'müşteri', 'üye', 'ücret', 'salla', 'kazan', 'ilk', 'zaman', 'yüksek', 'puan', 'gelir', 'son', 'zaman', 'sürekli', 'düşük', 'puan', 'çek', 'azal']","['kampanya ücret', 'ücret ifade', 'ücret salla', 'ücret var', 'hesap ücret']"
"['sal', 'olay', 'artık', 'gerek', 'yüz', 'puan']","['yüz puan', 'sal olay', 'artık gerek', 'olay artık', 'artık']"
"['paye', 'kart', 'kullanimi', 'kot', 'heryer', 'yaygın', 'gerek', 'şok', 'market', 'alisveris', 'sadece', 'kisminda', 'ekmek', 'degilmi', 'ekmek', 'ali', 'vitrin', 'süs', 'koy', 'zaten', 'saçma', 'silah', 'yok', 'kus', 'avla', 'cirim', 'yazık', 'siz', 'yüz', 'puan', 'duruk', 'puan', 'basari', 'şey', 'yazilirda', 'yazma', 'harf', 'bayi']","['kart kullanimi', 'saçma silah', 'paye kart', 'basari şey', 'zaten saçma']"
"['güzel', 'puan', 'sür', 'iyi', 'değil']","['iyi değil', 'güzel puan', 'değil', 'puan sür', 'iyi']"
"['gerek', 'turkcell', 'kalite', 'şirket', 'olur', 'müşteri', 'soy', 'anlam']","['kalite şirket', 'şirket olur', 'müşteri soy', 'olur müşteri', 'gerek turkcell']"
"['son', 'zaman', 'konum', 'iletişim', 'sik', 'var', 'tel', 'çek', 'ses', 'git', 'böyle', 'git', 'sat', 'turkseldende', 'vaz', 'gece']","['vaz gece', 'konum iletişim', 'var tel', 'gece', 'tel çek']"
"['kötü', 'giriş', 'turkcell', ""i̇nternet'tiniz"", 'yad', 'wifi', 'üzeri', 'giriş', 'gerek']","['wifi üzeri', 'wifi', 'yad wifi', 'turkcell nternet', 'giriş turkcell']"
"['güzel', 'kullan', 'eksik', 'var', 'hediye', 'seç', 'iste', 'puan', 'değer', 'yüksek']","['hediye seç', 'var hediye', 'hediye', 'değer yüksek', 'değer']"
"['sanal', 'kart', 'öde', 'gerek', 'var', 'öde', 'bil', 'yardımcı', 'lütfen']","['öde gerek', 'sanal kart', 'öde', 'var öde', 'kart öde']"
"['ölüm', 'aycell', 'turkcell', 'fatura', 'yansı', 'kazık', 'tat', 'bak', 'iste', 'fark', 'iyi', 'getir']","['kazık tat', 'turkcell fatura', 'fatura yansı', 'iyi getir', 'bak iste']"
"['zula', 'kampanya', 'falan', 'var', 'yaz', 'yalan', 'para', 'yitir', 'fatura', 'öde', 'gerek', 'yok', 'puan', 'kazan']","['kampanya falan', 'kampanya', 'var yaz', 'zula kampanya', 'yitir fatura']"
"['kart', 'öze', 'hangi', 'bakiye', 'kullan', 'iste', 'dair', 'seçenek', 'yok', 'bakiye', 'yönet', 'gerek', 'harca', 'takip', 'geliş', 'gerek', 'hız', 'ilgi', 'helal', 'başka', 'ilgi', 'bırak']","['hız ilgi', 'gerek hız', 'kart öze', 'hız', 'dair seçenek']"
"['gir', 'numara', 'yaz', 'sürekli', 'bil', 'posta', 'adres', 'yenile', 'şifre', 'yolla', 'bugün', 'yeni', 'şifre', 'yine', 'gir', 'yardım', 'lütfen']","['yenile şifre', 'şifre yine', 'yeni şifre', 'şifre yolla', 'şifre']"
"['hiçbir', 'yara', 'insan', 'vakit', 'boşa', 'harca', 'aptal', 'i̇nternet', 'bitti', 'hediye', 'indirdimkisacasi', 'eşek', 'koy', 'deyi']","['hediye indirdimkisacasi', 'bitti hediye', 'yara insan', 'indirdimkisacasi eşek', 'hiçbir yara']"
"['sene', 'önce', 'aycell', 'kart', 'para', 'durum', 'bile', 'kulanamadim', 'böyle', 'birey', 'gör', 'yetkili', 'biri', 'yok']","['bile kulanamadim', 'kulanamadim böyle', 'kulanamadim', 'biri yok', 'sene önce']"
"['son', 'hafta', 'geliş', 'var', 'kal', 'sonuç', 'müşteri', 'kurum', 'var', 'sonuç', 'biz', 'sun', 'kampanya', 'şart', 'baştan', 'net', 'belir', 'göre', 'ayarla', 'kendi', 'böylece', 'mağdur', 'şikayet', 'maruz', 'kal']","['sun kampanya', 'sonuç müşteri', 'kampanya şart', 'hafta geliş', 'kampanya']"
"['bazen', 'hata', 'iyi']","['bazen hata', 'hata iyi', 'hata', 'iyi', 'bazen']"
"['faz', 'zune', 'gerek', 'yok', 'yalancila', 'i̇nternet']","['yok yalancila', 'yalancila nternet', 'faz zune', 'yok', 'faz']"
"['kadar', 'saçma', 'tek', 'artı', 'bile', 'yok', 'boş', 'boşuna', ""i̇nternet'imi"", 'yedi', 'düzel', 'iyi', 'eski', 'puan', 'ancak', 'biz', 'kandirmayi', 'tercih', 'yalan', 'dol', 'kazan', 'bird', 'git', ""i̇nternet'imi"", 'keşke', 'sözleşme', 'dakika', 'dur', 'operatör']","['puan ancak', 'eski puan', 'sözleşme dakika', 'yedi düzel', 'dakika dur']"
"['aycell', 'kendi', 'kendi', 'sözleşme', 'imzala', 'para', 'kes', 'sürekli', 'öde', 'gerek', 'aycell', 'sadece', 'biryer', 'salla', 'kazan', 'para', 'resmen', 'dolandiricilik', 'neredeyse', 'lira', 'kes']","['sürekli öde', 'imzala para', 'öde gerek', 'öde', 'kendi sözleşme']"
"['bol', 'bol', 'kampanya', 'var', 'iyi']","['bol kampanya', 'kampanya var', 'kampanya', 'var iyi', 'iyi']"
"['üste', 'düzenle', 'herkes', 'yıldız', 'değiş', 'bip', 'görev', 'hafta', 'tamamla', 'görev', 'hediye', 'iyi', 'eskiden', 'geçmiş', 'hafta', 'hediye', 'var', 'kaldır', 'resmen', 'aylık', 'kullanım', 'ücret', 'yüklem', 'ücret', 'işlem', 'işlem', 'ücret', 'cep', 'para', 'fazla', 'kullan', 'herkes', 'puan', 'ortalama', 'üzeri', 'anla', 'mümkün', 'değil']","['ücret cep', 'ücret yüklem', 'ücret işlem', 'yüklem ücret', 'kullanım ücret']"
"['başarı', 'hız', 'çözüm', 'sun', 'fatura', 'öde', 'bura', 'başla', 'emek', 'geç', 'tebrik']","['başarı hız', 'hız çözüm', 'hız', 'başarı', 'geç tebrik']"
"['paye', 'kart', 'lütfen', 'güncelle', 'siz', 'liste', 'bulun', 'restoran', 'market', 'durum', 'haber', 'yok', 'ayrıca', 'harita', 'özellik', 'ekle', 'lazım']","['bulun restoran', 'restoran market', 'restoran', 'market durum', 'ayrıca harita']"
"['böyle', 'berbat', 'lanet', 'kötü', 'turkcell', 'türk', 'utan', 'kesinlikle', 'tavsiye', 'boşa', 'uğraş', 'günah', 'gir', 'üzeri']","['kötü turkcell', 'türk utan', 'turkcell türk', 'türk', 'böyle berbat']"
"['keşke', 'sıfır', 'puan', 'çalış', 'şeytan', 'insan', 'kafa', 'karış', 'para', 'kazan', 'hedef', 'edin', 'yok', 'bilye', 'geçerli', 'yok', 'lifboxta', 'geçerliinsanların', 'güç', 'yok', 'siz', 'takip', 'alt', 'üst', 'bütün', 'mesele', 'anneablakardeşler', 'konuş', 'fazla', 'görüntü', 'konuş', 'fiyat', 'geç']","['keşke sıfır', 'sıfır puan', 'çalış şeytan', 'fiyat geç', 'puan çalış']"
"['kampanya', 'söz', 'kadar', 'yük', 'kadar', 'kazan', 'kadar', 'alışveriş', 'kadar', 'kazan', 'yat', 'para', 'sonra', 'telefon', 'sonuç', 'yok', 'mesaj', 'yol', 'katıl', 'dair', 'dedektif', 'lazım', 'kanıt', 'topla', 'kampanya', 'hatır', 'müşteri', 'temsilci', 'ulaş', 'yet', 'mail', 'bekle', 'cevap', 'kere', 'öde', 'peş', 'düş', 'yok', 'ilk', 'beş', 'bin', 'dol', 'sayaç', 'koy', 'zaman', 'kumar', 'oyna', 'berbat', 'berbat', 'müşteri', 'ilişki', 'berbat', 'kampanya']","['berbat müşteri', 'berbat kampanya', 'kampanya hatır', 'para sonra', 'kadar alışveriş']"
"['lira', 'yükle', 'lira', 'biz', 'yükle', 'gene', 'alamıyorumresmi', 'dolandırıcı', 'gerek', 'lira', 'para', 'çek', 'lira', 'para', 'kesiyorsunuzlanet']","['para kesiyorsunuzlanet', 'biz yükle', 'para çek', 'alamıyorumresmi dolandırıcı', 'dolandırıcı gerek']"
"['böyle', 'hafta', 'puan', 'hafta', 'süre', 'bit', 'puan', 'git', 'saçma', 'gadrol', 'turkcell']","['böyle hafta', 'puan hafta', 'hafta süre', 'git saçma', 'hafta puan']"
"['puan', 'ugraşiyorum', 'hafta', 'puan', 'sil', 'böyle', 'kampanya', 'iyi', 'kazan', 'varit', 'silis', 'utan']","['böyle kampanya', 'kampanya iyi', 'iyi kazan', 'kampanya', 'puan ugraşiyorum']"
"['emel', 'sağlık', 'gayet', 'başarı', 'tek', 'eksik', 'ankara', 'yasa', 'i̇stanbul', 'kart', 'ankara', 'kart', 'secenegi', 'ekle', 'tavsiye', 'geliş', 'lazım', 'biraz']","['emel sağlık', 'ekle tavsiye', 'tavsiye geliş', 'sağlık gayet', 'ankara kart']"
"['böyle', 'eskiden', 'puan', 'kal', 'şimdi', 'iki', 'hafta', 'puan', 'hirsizcell', 'puan', 'hirsizcell', 'gün', 'beri', 'kere', 'hediye', 'rica', 'düzelt', 'iyi', 'gün']","['gün beri', 'şimdi iki', 'beri kere', 'kere hediye', 'hirsizcell gün']"
"['merhaba', 'mobil', 'öde', 'limit', 'var', 'limit', 'var', 'limit', 'kaldır', 'tekrar', 'yıldız', 'veri', 'ilk', 'limit', 'var', 'kaldır', 'özellik', 'gerek']","['limit kaldır', 'limit var', 'ilk limit', 'var limit', 'limit']"
"['yetersiz', 'gerek', 'uygulamabirde', 'sor', 'iste', 'paycel', 'puan', 'hafta', 'sonra', 'puan', 'sil', 'mantık', 'nedirçok', 'para', 'harca', 'mizacen', 'turkcell', 'bol', 'para', 'sıra', 'hizmet', 'hal', 'dönüş']","['nedirçok para', 'para sıra', 'turkcell', 'turkcell bol', 'gerek uygulamabirde']"
"['gayet', 'iyi', 'şimdilik', 'ileri', 'eksik', 'yaz']","['ileri eksik', 'şimdilik ileri', 'eksik yaz', 'iyi şimdilik', 'şimdilik']"
"['öncelik', 'eski', 'program', 'iyi', 'sanal', 'kart', 'para', 'yükle', 'rağmen', 'kart', 'görün', 'müşteri', 'hizmet', 'ara', 'mail', 'söyle', 'mail', 'yorum', 'yaz', 'başvur', 'ilgili', 'biryer', 'yok', 'kart', 'yok', 'eski', 'stabildikonuyla', 'ilgili', 'dönüş', 'sevin']","['rağmen kart', 'yok kart', 'kart yok', 'kart görün', 'kart para']"
"['fayda', 'değil', 'gerek']","['fayda değil', 'değil gerek', 'değil', 'gerek', 'fayda']"
"['puan', 'sür', 'fazla', 'kere', 'fayda', 'saçma', 'böyle', 'bura', 'defalarca', 'yaz', 'salla', 'yok', 'hikaye', 'anla']","['defalarca yaz', 'fazla kere', 'fayda saçma', 'bura defalarca', 'fazla']"
"['iyi', 'kullan', 'eksik', 'gör', 'şimdilik', 'yok']","['eksik gör', 'kullan eksik', 'eksik', 'şimdilik yok', 'yok']"
"['kötü', 'artık', 'hafta', 'puan', 'veri̇yi̇yor', 'hafta', 'puan', 'puan', 'puan', 'geri', 'zaten', 'sanal', 'kart', 'para', 'kupon', 'lazım']","['kupon lazım', 'hafta puan', 'para kupon', 'puan geri', 'artık hafta']"
"['hediye', 'bol', 'turkcell', 'bulun', 'gerek', 'kart', 'tavsiye']","['kart tavsiye', 'gerek kart', 'hediye bol', 'hediye', 'bol turkcell']"
"['küsür', 'puan', 'var', 'birgün', 'sonra', 'düş', 'sil', 'bil', 'böyle', 'devam', 'sil']","['sonra düş', 'birgün sonra', 'var birgün', 'böyle devam', 'küsür puan']"
"['güzel', 'hoş', 'ancak', 'para', 'gönder', 'ücret', 'biraz', 'düşük', 'iyi', 'yerine', 'güzel']","['yerine güzel', 'ücret biraz', 'hoş ancak', 'güzel hoş', 'iyi yerine']"
"['iyi', 'puan', 'sil', 'iyi', 'değil', 'puan', 'sil', 'lazım']","['iyi puan', 'iyi değil', 'değil puan', 'sil iyi', 'lazım']"
"['sev', 'önce', 'ininal', 'kullan', 'fakat', 'para', 'kes', 'resmen', 'para', 'tuzak', 'kart', 'iyi', 'herkes', 'tavsiye']","['kart iyi', 'tuzak kart', 'fakat para', 'kullan fakat', 'para tuzak']"
"['eski', 'sürüm', 'bakiye', 'gör', 'yeni', 'sürüm', 'bakiye', 'gözük', 'eksi', 'bakiye', 'göster', 'düzenle', 'iste']","['eski sürüm', 'gör yeni', 'yeni sürüm', 'sürüm bakiye', 'bakiye gözük']"
"['cenk', 'oral', 'gerek', 'siz', 'masraf', 'sok', 'kart', 'ayrı', 'ücret', 'hesap', 'işletim', 'ücret', 'öde', 'ayrı', 'masraf', 'havale', 'efece', 'banka', 'kart', 'cokcok', 'üst', 'ücret', 'öde', 'ayrı', 'masraf', 'puan', 'aldan', 'kupon', 'kula', 'manisa', 'belirli', 'süre', 'var', 'harca', 'bile', 'ölüm', 'bazen', 'kupon', 'var', 'bakiye', 'ücret', 'gerek', 'berbat', 'para', 'tuzak', 'kendi', 'ait', 'banka', 'kart', 'var', 'kesinlikle', 'aycell', 'kart', 'kullan']","['banka kart', 'kart cokcok', 'kart kullan', 'öde ayrı', 'ücret hesap']"
"['şey', 'işlem', 'ücret', 'alan', 'yet', 'aylık', 'aidat', 'ücret', 'kes', 'para', 'zaman', 'kart', 'aktar', 'iste', 'fahiş', 'ücret', 'koy', 'saçma', 'sapan', 'öde', 'kart', 'cevap', 'sonra', 'diğer', 'öde', 'kart', 'banka', 'kart', 'yarar', 'zarar', 'var', 'kart', 'belli', 'ücret', 'turkcell', 'harici', 'fatura', 'öde', 'ekstra', 'işlem', 'ücretiyine', 'kart', 'kalan', 'para', 'kredi', 'kart', 'aktar', 'iste', 'ücret', 'üstelik', 'puan', 'zaman', 'tam', 'saçmalık']","['ücretiyine kart', 'fatura öde', 'diğer öde', 'sapan öde', 'ücret üstelik']"
"['bakiye', 'kontör', 'kart', 'yüklem', 'eksik', 'genel', 'güzel', 'zaman', 'düzelt', 'bilgi']","['kart yüklem', 'kontör kart', 'zaman düzelt', 'yüklem eksik', 'düzelt bilgi']"
"['merhaba', 'aycell', 'ara', 'i̇stanbul', 'kart', 'dolu', 'tarih', 'turkcell', 'fatura', 'ücret', 'yansı', 'ancak', 'akil', 'kart', 'dolu', 'cihaz', 'koy', 'şekil', 'bakiye', 'yükle', 'gözük', 'lütfen', 'geri', 'iade']","['turkcell fatura', 'kart dolu', 'akil kart', 'tarih turkcell', 'stanbul kart']"
"['böyle', 'yok', 'salla', 'topla', 'sal', 'salla', 'hediye', 'düş', 'sil', 'tekrar', 'yükle', 'gene', 'aynı', 'ilgilen', 'biraz']","['hediye düş', 'salla hediye', 'ilgilen biraz', 'biraz', 'tekrar yükle']"
"['fazla', 'para', 'yatır', 'iyi', 'mesela']","['fazla para', 'para yatır', 'fazla', 'iyi mesela', 'iyi']"
"['vodafone', 'biraz', 'öze', 'koy']","['vodafone biraz', 'vodafone', 'biraz öze', 'biraz', 'öze koy']"
"['sev', 'istek', 'var', 'fatura', 'öde', 'sonra', 'kaydet', 'düzenle', 'kaldır', 'can', 'sıkıcı', 'iste', 'sol', 'cidden', 'tatlı', 'yok', 'düzenle', 'kaldirabiliyoz']","['var fatura', 'fatura öde', 'öde sonra', 'tatlı yok', 'öde']"
"['iyi', 'değil', 'yükle']","['iyi değil', 'değil yükle', 'değil', 'yükle', 'iyi']"
"['yüklem', 'hesap', 'para', 'aktar', 'onayla', 'sorun', 'yaşa', 'kar', 'gün', 'böyle', 'lütfen', 'durum', 'düzel', 'hesap', 'para', 'aktaramıyorumsorun', 'devam', 'sil', 'hesap', 'lira', 'var', 'aktarılmiyorcok', 'sacmaaaaa']","['para aktaramıyorumsorun', 'para aktar', 'hesap para', 'aktaramıyorumsorun devam', 'aktaramıyorumsorun']"
"['gerek', 'galiba', 'hata', 'kapa']","['hata kapa', 'gerek galiba', 'galiba hata', 'galiba', 'gerek']"
"['kart', 'para', 'yatır', 'faiz', 'ücret', 'kes', 'önle', 'kullan', 'gerek', 'yok']","['yatır faiz', 'faiz ücret', 'para yatır', 'kart para', 'faiz']"
"['steam', 'para', 'yükleyemiyorumdiğer', 'öde', 'kart', 'team', 'pin', 'yüklem', 'sayfa', 'gerek', 'yok', 'team', 'harca', 'zor', 'böyle', 'git', 'kart', 'değer', 'hemen', 'kapa', 'zor', 'kal']","['git kart', 'yükleyemiyorumdiğer öde', 'para yükleyemiyorumdiğer', 'kart değer', 'pin yüklem']"
"['geliş', 'eksik', 'geri', 'sil', 'hemen', 'telefon']","['hemen telefon', 'telefon', 'geliş eksik', 'eksik geri', 'geliş']"
"['keşke', 'geri']","['keşke geri', 'geri', 'keşke']"
"['puan', 'topla', 'süre', 'süre', 'bit', 'puan', 'biraz', 'boşa', 'git', 'düzel', 'lazım']","['puan biraz', 'biraz boşa', 'topla süre', 'boşa git', 'süre bit']"
"['önce', 'ziraat', 'ate', 'miktar', 'aycell', 'kart', 'biraz', 'yatırım', 'tam', 'para', 'yut', 'kart', 'geri', 'iade', 'hemen', 'aycell', 'müşteri', 'hizmet', 'ara', 'durum', 'izah', 'bugün', 'halen', 'ilgilen', 'halen', 'para', 'geri', 'iade', 'konu', 'sadece', 'değil', 'aycell', 'işlemleriylede', 'eksik', 'var', 'yaz', 'çiz', 'bit', 'yüz', 'tek', 'yıldız', 'bile', 'fazla']","['kart biraz', 'kart geri', 'para geri', 'biraz yatırım', 'aycell kart']"
"['türk', 'telekom', 'hediye', 'aynı', 'iyi']","['türk telekom', 'türk', 'telekom hediye', 'telekom', 'aynı iyi']"
"['para', 'kazan', 'brawn', 'star', 'yatır', 'iste', 'iyi']","['star yatır', 'iste iyi', 'brawn star', 'iyi', 'para kazan']"
"['banka', 'değil', 'kanka', 'şaka', 'şaka', 'bird', 'sürekli', 'güvenlik', 'neden', 'oturum', 'son', 'mesaj', 'keşke']","['sürekli güvenlik', 'güvenlik', 'güvenlik neden', 'mesaj keşke', 'son mesaj']"
"['merhaba', 'paycel', 'eskiden', 'iyi', 'puan', 'üzeri', 'sanal', 'kart', 'kapa', 'kaldirmissiniz', 'defa', 'master', 'temsilci', 'arıcak', 'dur', 'konu', 'zaman', 'düzel']","['kapa kaldirmissiniz', 'dur konu', 'sanal kart', 'üzeri sanal', 'puan üzeri']"
"['son', 'güncelle', 'arayüz', 'iyi', 'olmuşgüzel', 'kullan', 'eksik', 'var', 'işlem', 'geçmiş', 'ayrintili', 'bilgi', 'yaz', 'iyi', 'olursadece', 'harca', 'yaziyorbir', 'aycell', 'kart', 'banka', 'kart', 'para', 'iste', 'lira', 'işlem', 'ücret', 'kes', 'fazlaonun', 'dış', 'iyi']","['banka kart', 'kart banka', 'kart para', 'lira işlem', 'ücret kes']"
"['harca', 'puan', 'kazan', 'güzel', 'yıldız', 'kır', 'sebep', 'birik', 'puan', 'alın', 'playstore', 'para', 'fazla', 'yalnızca', 'tane', 'durum', 'iyi', 'yıldız', 'fazla', 'haket', 'gerçekten']","['iyi yıldız', 'yıldız fazla', 'puan kazan', 'puan alın', 'yıldız kır']"
"['başarı', 'ancak', 'geliş', 'lazım', 'bakiye', 'yüklem', 'adım', 'işlem', 'tamamla', 'buton', 'aktif', 'deneme', 'rağmen', 'yüklem']","['buton aktif', 'tamamla buton', 'buton', 'yüklem adım', 'adım işlem']"
"['böyle', 'rezil', 'yok', 'puan', 'birik', 'madem', 'yok', 'puan']","['rezil yok', 'madem yok', 'yok puan', 'yok', 'böyle rezil']"
"['önce', 'göre', 'düzel', 'var', 'eskiden', 'para', 'yükle', 'komisyon', 'şua', 'komisyon', 'almıyorkatıldığım', 'kampanya', 'geri', 'dönüş', 'ödül', 'ulaştırılıyorbirkaç', 'eksik', 'söyle', 'puan', 'süre', 'gerek', 'siz', 'büyük', 'şirket', 'yak', 'kal', 'ayrıca', 'alın', 'hediye', 'alın', 'kullanım', 'azal']","['ödül ulaştırılıyorbirkaç', 'komisyon almıyorkatıldığım', 'eskiden para', 'almıyorkatıldığım kampanya', 'şua komisyon']"
"['böyle', 'gerizekalı', 'puan', 'hediye', 'gün', 'bit', 'puan', 'süre', 'para', 'tuzak', 'cahil', 'dolandırıcı', 'mantık']","['böyle gerizekalı', 'gerizekalı puan', 'dolandırıcı mantık', 'süre para', 'puan hediye']"
"['kaç', 'eksik', 'var', 'mesela', 'cüzdan', 'bölüm', 'kredi', 'limit', 'kullan', 'limit', 'ayır', 'güzel', 'kart', 'bölüm', 'aycell', 'kart', 'sil', 'işlem', 'iyi', 'sanal', 'kart', 'sil', 'iste', 'sil', 'güncelle', 'önce', 'hal', 'iyi']","['kredi limit', 'kart bölüm', 'güzel kart', 'mesela cüzdan', 'cüzdan bölüm']"
"['yeni', 'iyi', 'herhalde']","['yeni iyi', 'iyi herhalde', 'iyi', 'yeni', 'herhalde']"
"['sadece', 'kere', 'kullan', 'oda', 'yemek', 'ücret', 'yat', 'bakiye', 'kalıp', 'sefer', 'kullan', 'dene', 'sistem', 'çalış', 'neden', 'göre', 'anlam', 'yarar', 'madem', 'güncelle', 'sistem', 'kurulum', 'yenile', 'bil', 'çözüm', 'bul', 'şart']","['güncelle sistem', 'sistem çalış', 'sistem kurulum', 'dene sistem', 'kullan oda']"
"['kart', 'para', 'yatır', 'ücret', 'yüksek', 'böyle', 'devam', 'şayet', 'geçerli', 'kal', 'kullanım', 'yara', 'maalesef', 'artık', 'değer', 'kaybet', 'başla', 'son', 'yüklem']","['değer kaybet', 'para yatır', 'yatır ücret', 'artık değer', 'kart para']"
"['daha', 'iyi']","['daha iyi', 'daha', 'iyi']"
"['son', 'güncelle', 'güzel', 'gayet', 'iyi', 'fakat', 'puan', 'para', 'aktarım', 'fatura', 'öde', 'cüzi', 'puan', 'salla', 'kazan', 'sadece', 'var', 'biraz', 'cesur', 'tesekkurler']","['fatura öde', 'güncelle güzel', 'para aktarım', 'aktarım fatura', 'öde']"
"['google', 'olay', 'para', 'hediye', 'kullan', 'turkcell', 'mobil', 'öde', 'kısım', 'açık', 'lazım', 'fakat', 'tıkla']","['google olay', 'google', 'turkcell mobil', 'para hediye', 'fakat tıkla']"
"['eksik', 'var', 'gerek', 'tut', 'acilen', 'düzel']","['gerek tut', 'var gerek', 'gerek', 'eksik var', 'tut acilen']"
"['turkcell', 'kullan', 'puan', 'iyi', 'yaptığınizi', 'san', 'kadar', 'para', 'paket', 'kat', 'telefon', 'çek', 'aycell', 'salla', 'kazan', 'puan', 'kullan', 'turkcell', 'kullanicjlari', 'geçerli', 'anla', 'kısacası', 'sınıf', 'kal', 'yakın', 'zaman', 'başka', 'tarife', 'gece', 'bıktırdınıžzzzzzz', 'artık']","['kullan turkcell', 'puan kullan', 'turkcell', 'bıktırdınıžzzzzzz artık', 'turkcell kullan']"
"['merhaba', 'kere', 'kullanım', 'ücret', 'neden', ""i̇nternet'ten"", 'aldigimda', 'ücret', 'kes', 'iyi', 'kotulesmeye', 'basladi', 'artık', 'banka', 'kart', 'yapacagim', 'kuponlarimi', 'geri']","['kuponlarimi geri', 'aldigimda ücret', 'yapacagim kuponlarimi', 'kuponlarimi', 'banka kart']"
"['kesin', 'tavsiye', 'böyle', 'saçma', 'yok', 'kendi', 'paralizi', 'kullan', 'şirket', 'kart', 'fazla', 'bekle', 'gerek', 'kesi̇nli̇kle', 'tavsiye']","['paralizi kullan', 'kendi paralizi', 'şirket kart', 'tavsiye böyle', 'kesin tavsiye']"
"['şok', 'market', 'çalış', 'yat', 'yemek', 'para', 'kullan', 'böyle', 'saçma', 'sadece', 'wifi', 'üzeri', 'gir', 'acil', 'çözüm']","['wifi üzeri', 'sadece wifi', 'wifi', 'acil çözüm', 'para kullan']"
"['say', 'turkcell', 'yönetim', 'seslen', 'hoş', 'ancak', 'eksik', 'var', 'öde', 'ulaşım', 'yüklem', 'iyi', 'temenni']","['turkcell yönetim', 'say turkcell', 'turkcell', 'iyi temenni', 'var öde']"
"['ayşegül', 'akdoğan', 'hanım', 'yorum', 'tamamen', 'katıl', 'siz', 'iletişim', 'mail', 'adres', 'ekran', 'video', 'kayıt', 'gönder', 'turkcell', 'fatura', 'öde', 'gir', 'hemen', 'giriş', 'ekran', 'çözüm', 'sun', 'bira', 'önce', 'çöz', 'aksi', 'hal', 'kullan', 'vazgeç']","['turkcell fatura', 'hanım yorum', 'gönder turkcell', 'gönder', 'yorum']"
"['merhaba', 'aysel', 'kart', 'iyi', 'iste', 'çalış', 'sadece', 'mesela', 'kart', 'para', 'aktar', 'sade', 'havale', 'ata', 'bil']","['kart iyi', 'kart para', 'aysel kart', 'para aktar', 'iste çalış']"
"['güzel', 'fakat', 'sadece', 'turkcell', 'fatura', 'öde', 'bil', 'yüz', 'büyük', 'sıkıntı', 'yaşa', 'vodafone', 'türk', 'telekom', 'herhangi', 'hat', 'fatura', 'öde', 'bil', 'gerçekten', 'iyi']","['türk telekom', 'türk', 'vodafone türk', 'sadece turkcell', 'turkcell fatura']"
"['güvenlik', 'hesap', 'don', 'hata', 'şifre', 'yenile', 'fark', 'mail', 'çık', 'karşı']","['şifre yenile', 'güvenlik hesap', 'hata şifre', 'şifre', 'fark mail']"
"['keşke', 'kullan', 'zor', 'sorun', 'yasa', 'alt', 'hapis', 'kadar', 'hazır', 'parti', 'hizmet', 'sun']","['parti hizmet', 'hapis kadar', 'hazır parti', 'kullan zor', 'yasa alt']"
"['hesap', 'bloke', 'tekrar', 'lazım', 'giriş', 'izin']","['hesap bloke', 'giriş izin', 'hesap', 'giriş', 'bloke tekrar']"
"['iyi', 'ancak', 'son', 'gün', 'salla', 'kazan', 'çalış', 'salla']","['son gün', 'ancak son', 'iyi ancak', 'kazan çalış', 'iyi']"
"['biz', 'ula', 'bolu', 'gir', 'resmen', 'dalga', 'geciyosunuz', 'hesabi', 'kim', 'sor', 'google', 'olay', 'konu', 'biraz', 'sorumluluk', 'google', 'play', 'var', 'garantorluglunu', 'google', 'olay', 'saglamasi', 'lazım', 'google', 'olay', 'yetkili', 'biraz', 'adam', 'yapmis', 'biz', 'ula', 'bolu', 'yok', 'gir', 'para', 'neredeyse', 'git', 'turkcell', 'yetki', 'mail', 'gondrrmis', 'biz', 'ula', 'bplumden', 'ulasamadim', 'ula', 'lütfen']","['garantorluglunu google', 'lazım google', 'sorumluluk google', 'google olay', 'geciyosunuz hesabi']"
"['salladigimizda', 'puan', 'biraz', 'fazla', 'iyi', 'gene']","['puan biraz', 'salladigimizda puan', 'fazla iyi', 'biraz fazla', 'salladigimizda']"
"['anla', 'gerek', 'yok', 'gör']","['gerek yok', 'yok gör', 'yok', 'anla gerek', 'gör']"
"['puan', 'gönder', 'limit', 'koy', 'çoook', 'kötü', 'paycellide', 'boz']","['çoook kötü', 'puan gönder', 'kötü paycellide', 'gönder limit', 'limit']"
"['tam', 'payceel', 'gir', 'şayet', 'gir', 'zaten', 'işlem', 'yapı', 'kesim', 'kesinlikle', 'akıl', 'var', 'payceel', 'kart', 'ilgili', 'hesap', 'para', 'şok', 'market', 'alışveriş', 'girişim', 'işlem', 'gerçek', 'asla', 'asla', 'kullan', 'böyle', 'rezi̇lli̇k', 'gör', 'aydirmi', 'gi̇ri̇lmez', 'kardeş', 'kaç', 'kere', 'si̇li̇p', 'i̇ndi̇rdi̇ği̇mi̇', 'hatirlamiyorum', 'acil', 'destek', 'sağlaminizi', 'rica']","['kart ilgili', 'payceel kart', 'sağlaminizi rica', 'şok market', 'asla kullan']"
"['fırat', 'deaş', 'şehir', 'bingöl', 'fatura', 'hizmet', 'ekle', 'öde', 'doğu', 'anadolu', 'bölge', 'eksik', 'fatura', 'öde', 'konu', 'dış', 'gayet', 'iyi']","['eksik fatura', 'fatura hizmet', 'fatura öde', 'bingöl fatura', 'şehir bingöl']"
"['yarar', 'düşün', 'kullan', 'kart', 'ancak', 'iki', 'sefer', 'aym', 'para', 'yut', 'sorun', 'yasa', 'iki', 'para', 'yut', 'dert', 'anla', 'çağrı', 'merkez', 'var', 'şükür', 'muhatap', 'bul', 'ilgilen', 'incele', 'süreç', 'uzun', 'iki', 'hafta', 'çöz', 'bile', 'tam', 'derin', 'para', 'yut', 'problem', 'çözüm', 'bulun', 'böyle', 'işlev', 'hizmet', 'tam', 'para', 'yut']","['kullan kart', 'kart ancak', 'iki para', 'anla çağrı', 'çözüm bulun']"
"['sistem', 'çalış', 'hata', 'böyle', 'berbat', 'gör', 'mağdur', 'sorun', 'hay', 'çözüm', 'kavuş']","['çalış hata', 'mağdur sorun', 'hata böyle', 'gör mağdur', 'hata']"
"['berbat', 'para', 'ptt', 'cekemiyosun', 'işlem', 'ücret', 'aliye', 'i̇stanbul', 'kart', 'direk', 'yüklem', 'yapmiyo', 'biketmatiklerden', 'onayliyosunuz', 'anliyacaginiz', 'ugrasitiriyi', 'gerek', 'aycell']","['ücret aliye', 'işlem ücret', 'ücret', 'biketmatiklerden onayliyosunuz', 'onayliyosunuz anliyacaginiz']"
"['tam', 'iste', 'tam', 'para', 'çek', 'fazla', 'kesinti', 'düzel', 'lazım']","['para çek', 'çek fazla', 'fazla kesinti', 'düzel lazım', 'fazla']"
"['bi̇ri̇kti̇rdi̇ği̇m', 'puan', 'sat', 'google', 'geçerli', 'biz', 'bak', 'hesap', 'yükle', 'böyle', 'şua', 'si̇ni̇rli̇yi̇m', 'adil', 'değil', 'şua', 'si̇li̇necek', 'siz', 'si̇li̇n', 'bi̇şi̇', 'doğru', 'düzgün', 'sen', 'gi̇bi̇', 'kanka']","['google geçerli', 'google', 'sat google', 'adil değil', 'bak hesap']"
"['merhaba', 'güzel', 'fakat', 'puan', 'puan', 'ilk', 'puan', 'alın', 'ucuz', 'şey', 'yet', 'sonra', 'biraz', 'biraz', 'puan', 'bazen', 'iyi', 'puan', 'dolayı', 'yıldız', 'lütfen', 'düzel', 'bayram', 'özel', 'salla', 'topla', 'lütfen', 'düzel']","['biraz puan', 'puan alın', 'iyi puan', 'fakat puan', 'puan dolayı']"
"['saçma', 'yara', 'can', 'sık', 'hediye', 'puan', 'arkadasina', 'puan', 'yolla', 'bil', 'sefer', 'gunn', 'paycel', 'puan', 'puan', 'birik', 'cihaz', 'ali', 'odedigin', 'fatura', 'puan', 'oda', 'yalan', 'dik', 'mahsus', 'i̇ldiz', 'üst', 'torun', 'yükle', 'arkadaş', 'gerek', 'yer', 'kapliyo', 'bide', 'cevap', 'güncelle', 'sil', 'isim', 'aycell', 'falan']","['sık hediye', 'saçma yara', 'kapliyo bide', 'hediye', 'oda yalan']"
"['puan', 'sil', 'fakirmisinizde', 'kar', 'çalış', 'puan', 'birik', 'sil', 'puan', 'aldi', 'yem', 'sil', 'tefeci', 'bile', 'resmen', 'siz', 'tercih', 'insan', 'ihanet', 'hain', 'yapiorsunuz', 'sanal', 'parti', 'kır', 'puan', 'sil', 'fikir', 'onayla', 'yürürlük', 'koy', 'puan', 'latin', 'ustunç', 'otur']","['hain yapiorsunuz', 'sil fakirmisinizde', 'yapiorsunuz', 'siz tercih', 'resmen siz']"
"['rezil', 'amatör', 'önce', 'alisveris', 'sorun', 'yok', 'bura', 'yükle', 'iste', 'parti', 'kabul', 'şirin', 'ekmek', 'lazım', 'doğru', 'durgun', 'yapı']","['bura yükle', 'ekmek lazım', 'yükle iste', 'şirin ekmek', 'lazım doğru']"
"['para', 'kes', 'iyi']","['kes iyi', 'iyi', 'para kes', 'para', 'kes']"
"['turkcell', 'hesap', 'paket', 'aycell', 'hesap', 'paket', 'bura', 'kolay', 'işlem', 'ücret', 'yok', 'yarar', 'böyle', 'konu', 'sıkıntı', 'çek', 'fikir']","['turkcell hesap', 'paket bura', 'böyle konu', 'yok yarar', 'turkcell']"
"['arkadaş', 'si̇zi̇', 'uyar', 'asla', 'dolandiricilarin', 'uygulamasini', 'i̇ndi̇rmeyi̇n', 'kendi', 'kendi', 'abone', 'ali', 'i̇ptâl', 'i̇şlemi̇ni̇', 'bile', 'gerçekleşti̇rmi̇yorlar', 'i̇ptâl', 'i̇şlemi̇', 'i̇çi̇n', 'sun', 'saat', 'di̇li̇mi̇', 'çok', 'geç', 'hala', 'mesaj', 'i̇nceli̇yoruz', 'koskoca', 'gün', 'i̇ptâl', 'sanal', 'saçmaliğini', 'abone', 'ücret', 'haram', 'nikki']","['kendi abone', 'abone ücret', 'abone', 'abone ali', 'saçmaliğini abone']"
"['kardeş', 'fatura', 'öde', 'puan', 'efendi', 'önce', 'kampanya', 'katılım', 'mesaj', 'tür', 'uğraş', 'işlem', 'koy', 'otomatik', 'kırtasiye', 'art', 'katılım', 'azal', 'puan', 'hata', 'düzel', 'düşün', 'düzel', 'biraz', 'paycel', 'turkcell', 'abone', 'çık', 'kadar', 'var']","['abone çık', 'kampanya katılım', 'katılım mesaj', 'önce kampanya', 'fatura öde']"
"['turkcell', 'icat', 'göre', 'kullan', 'bile', 'gerek', 'yok', 'kesin', 'berbat', 'şey', 'zaten', 'kullan', 'yaz', 'doğrula']","['yaz doğrula', 'turkcell icat', 'kullan yaz', 'turkcell', 'kullan bile']"
"['posta', 'kod', 'google', 'play', 'alican', 'paycel', 'puan', 'posta', 'kod', 'iste', 'cevap', 'iste', 'gerek', 'şey', 'meşgul', 'sorum', 'cevap', 'söyle']","['google play', 'kod google', 'google', 'posta', 'posta kod']"
"['iğrenç', 'müşteri', 'deneyim', 'sun', 'yanlış', 'dokun', 'yuzunden', 'mağdur', 'düzel', 'oyla', 'sakin', 'yuklemeyi̇n', 'hata', 'edersi̇ni̇z', 'parani̇za', 'yazi̇k', 'parani̇zla', 'rezil', 'mail', 'sorun', 'detay', 'yazın', 'yaz', 'hala', 'ses', 'yok', 'kadar', 'zaman', 'geç']","['iğrenç müşteri', 'müşteri deneyim', 'müşteri', 'rezil mail', 'zaman geç']"
"['gerçek', 'kanka', 'puan', 'biraz', 'art', 'lazım', 'fazla']","['lazım fazla', 'fazla', 'gerçek kanka', 'biraz art', 'puan biraz']"
"['kart', 'beraber', 'koy', 'inan', 'müşteri', 'hizmet', 'para', 'söyle', 'şaka', 'para', 'gasp', 'edildii̇çinde', 'para', 'gidecektiasla', 'asla', 'pişman']","['para gidecektiasla', 'para söyle', 'kart beraber', 'inan müşteri', 'müşteri']"
"['turkcell', 'kullan', 'fakat', 'yükle', 'para', 'devam', 'para', 'kes', 'iyi', 'hat', 'taşı', 'aycell', 'kapatım', 'kafa', 'şua', 'rahat', 'keyif', 'yerinde']","['fakat yükle', 'para devam', 'kes iyi', 'devam para', 'rahat']"
"['çoğu', 'kart', 'iyi']","['çoğu kart', 'kart iyi', 'çoğu', 'iyi', 'kart']"
"['super', 'hallet', 'bil', 'böyle', 'yapildigi', 'turkcell', 'tesekur']","['turkcell tesekur', 'yapildigi turkcell', 'super hallet', 'turkcell', 'böyle yapildigi']"
"['git', 'ininal', 'kart', 'kullaninyilda', 'nakit', 'çek', 'limit', 'varislemlerde', 'sürekli', 'hata', 'aliço', 'gerek', 'kalp', 'banka', 'hesap', 'parti', 'ali', 'kar', 'iyi']","['kalp banka', 'kart kullaninyilda', 'gerek kalp', 'ininal kart', 'nakit çek']"
"['nere', 'bulaş', 'lanet', 'şey', 'bil', 'siz', 'şikayet', 'hesap', 'sil', 'iste', 'çağrı', 'numara', 'ara', 'işlem', 'mail', 'posta', 'adres', 'güya', 'hesap', 'yok', 'herhangi', 'kart', 'filan', 'para', 'işlem', 'yok', 'hesap', 'sil', 'derhal', 'ulaş', 'artık', 'yok', 'dava', 'turkcell', 'kullan', 'söz', 'iyi', 'konu', 'biz', 'sıkıntı', 'koy', 'arkadaş', 'bil', 'var', 'lütfen', 'yardımcı']","['şikayet hesap', 'çağrı numara', 'şikayet', 'yok dava', 'hesap yok']"
"['hafta', 'önce', 'hücre', 'veri', 'gir', 'yorum', 'cevapla', 'hala', 'çözüm', 'yok', 'para', 'harca', 'resmen', 'sadece', 'wifi', 'bağlantı', 'kendi', ""i̇nternet'limde"", 'kullan', 'böyle', 'saçmalık', 'tüket', 'hak', 'şikayet']","['wifi bağlantı', 'sadece wifi', 'wifi', 'bağlantı kendi', 'bağlantı']"
"['üst', 'görün', 'yıldız', 'böyle', 'iletişim', 'berbat', 'şekil', 'ulaş', 'sorun', 'salla', 'puan', 'kazaniyon', 'hemen', 'geri', 'fatura', 'öde', 'öde', 'şirket', 'çık', 'kart', 'yer', 'geç', 'kır', 'sakın', 'bulaş', 'dert', 'sorun', 'çöz', 'aman', 'sakın', 'bulaş', 'aycell', 'herkes', 'kötü', 'hayat', 'böyle', 'kötü', 'birey', 'gör', 'turkcell', 'işbirliği', 'inan', 'hala', 'yazık']","['çık kart', 'kötü birey', 'sorun salla', 'böyle kötü', 'şirket çık']"
"['fazla', 'puan', 'iyi']","['fazla puan', 'puan iyi', 'iyi', 'fazla', 'puan']"
"['iyi', 'yalnız', 'puan', 'küçük', 'küçük', 'i̇nternet']","['puan küçük', 'küçük küçük', 'küçük nternet', 'küçük', 'yalnız puan']"
"['eksi', 'i̇ldiz', 'sani', 'saçma', 'gerek', 'aycell', 'salla', 'kazan', 'var', 'puan', 'başka', 'salla', 'kazan', 'puan', 'kendi', 'kere', 'kulanabiliyormusum', 'puan', 'transfer', 'oda', 'kişi', 'git', 'zaten', 'puan', 'hafta', 'boş']","['kere kulanabiliyormusum', 'kulanabiliyormusum puan', 'kulanabiliyormusum', 'saçma gerek', 'puan başka']"
"['turkcell', 'aycell', 'ogg', 'lord', 'mobil', 'kampanya', 'katıl', 'mobil', 'öde', 'katıl', 'kampanya', 'katıl', 'mesaj', 'kampanya', 'gerek', 'aycell', 'puan', 'i̇gg', 'lord', 'mobil', 'ilk', 'tem', 'kullan', 'link', 'ıng', 'lord', 'mobil', 'vepsitesi', 'kod', 'gönder', 'ancak', 'proto', 'kod', 'yanlış', 'durum', 'aycell', 'müşteri', 'hizmet', 'ekran', 'görüntü', 'biz', 'ulaş', 'bölüm', 'ulaş', 'rağmen', 'sorun', 'çöz', 'değille']","['mobil kampanya', 'lord mobil', 'katıl mobil', 'mobil vepsitesi', 'kod gönder']"
"['sen', 'kart', 'para', 'mağaza', 'punlaranız', 'kullan', 'azal', 'mesela', 'puan', 'puan', 'kazan', 'kampanya', 'katıl', 'numara', 'katıl', 'yazman', 'ara', 'gerek', 'aşağı', 'yaz', 'fark', 'yüz', 'puan', 'zarar', 'girdi', 'turkcell', 'gerçekten', 'kazık', 'operatör', 'sürekli', 'para', 'sömür', 'turkcell', 'giyim', 'memnun', 'değil', 'mesela', 'özellik', 'evet', 'bas', 'hemen', 'yanlış', 'bas', 'çık', 'sür']","['kullan azal', 'sürekli para', 'turkcell gerçekten', 'girdi turkcell', 'mağaza punlaranız']"
"['belirli', 'öde', 'yöntem', 'iptal', 'başla', 'seçenek', 'bulun', 'başka', 'eksik', 'kalmicak']","['yöntem iptal', 'seçenek bulun', 'öde yöntem', 'seçenek', 'belirli öde']"
"['lütfen', 'kupon', 'bölüm', 'paket', 'üye', 'koy', 'iyi', 'yıldız', 'sebep', 'yok', 'yıldız', 'hak']","['lütfen kupon', 'kupon bölüm', 'yıldız hak', 'kupon', 'yok yıldız']"
"['limit', 'düşük', 'sokak', 'çık', 'yasak', 'zaman', 'artır', 'online', 'galiba', 'düzel', 'yıldız']","['artır online', 'online galiba', 'düzel yıldız', 'düşük sokak', 'online']"
"['hiçbir', 'kullan', 'hal', 'kes', 'kapa', 'iste', 'şua', 'yardımcı', 'zaman', 'yardımcı', 'peki', 'daha', 'yine']","['zaman yardımcı', 'yardımcı zaman', 'hiçbir kullan', 'peki daha', 'zaman']"
"['giriş', 'iste', 'işlem', 'devam', 'kendi', 'kendi', 'hesap', 'bloke', 'koy', 'git', 'papara', 'kullan', 'arkadaş', 'hak', 'helal', 'siz', 'aycell', 'pişman']","['kendi hesap', 'devam kendi', 'git papara', 'koy git', 'helal siz']"
"['böyle', 'berbat', 'kurum', 'giyim', 'giyim', 'giyim', 'gör', 'miktar', 'para', 'yitir', 'oyun', 'para', 'yatır', 'bil', 'gün', 'hesap', 'milat', 'para', 'çek', 'dur', 'yer', 'şikayet', 'bulun']","['para yatır', 'para çek', 'berbat kurum', 'yer şikayet', 'para yitir']"
"['hafta', 'gir', 'yer', 'tarafından', 'sağla', 'para', 'kullan', 'işlem', 'şua', 'gerçek', 'sonra', 'dene', 'hata']","['hafta gir', 'dene hata', 'hafta', 'sonra dene', 'sağla para']"
"['iyi', 'değil', 'mobil', 'öde', 'iste']","['öde iste', 'değil mobil', 'iyi değil', 'öde', 'değil']"
"['bedava', 'para', 'iyi']","['para iyi', 'bedava', 'bedava para', 'iyi', 'para']"
"['fena', 'değil', 'iyi']","['fena değil', 'iyi', 'değil iyi', 'değil', 'fena']"
"['yara', 'gece', 'iyi']","['yara gece', 'gece iyi', 'gece', 'iyi', 'yara']"
"['dünya', 'gerek', 'vasıf']","['dünya gerek', 'dünya', 'gerek vasıf', 'gerek', 'vasıf']"
"['iyi', 'değil']","['iyi değil', 'değil', 'iyi']"
"['iyi', 'değil', 'sadece', 'kere', 'yazık']","['kere yazık', 'iyi değil', 'yazık', 'sadece', 'değil sadece']"
"['iyi', 'fena', 'değil']","['fena değil', 'iyi', 'iyi fena', 'değil', 'fena']"
"['azerbaycan', 'numara', 'yazma', 'yok', 'böyle', 'kepaze', 'gör']","['numara yazma', 'yok böyle', 'numara', 'böyle kepaze', 'yazma yok']"
"['para', 'sadece', 'turkcell', 'sadece', 'sev', 'turkcell', 'para', 'şimdi', 'sil', 'soyguncu', 'belli', 'değil', 'bide', 'para', 'dön', 'siz', 'güveniphadi', 'ora', 'yıldız', 'bile', 'fazla', 'don', 'don', 'böyle', 'olursıfır', 'puan', 'yok', 'bura', 'neysebu', 'tokat', 'inan', 'kullan']","['para sadece', 'para şimdi', 'para dön', 'turkcell sadece', 'sev turkcell']"
"['iyi', 'değil']","['iyi değil', 'değil', 'iyi']"
"['çooooooooook', 'manyak', 'böyle', 'gör', 'sala', 'topla', 'yapı', 'bazen', 'puan', 'bile', 'bedavadan', 'pabp', 'mobile']","['manyak böyle', 'bedavadan pabp', 'mobile', 'çooooooooook manyak', 'pabp mobile']"
"['artilari', 'harcadikca', 'kazan', 'büyük', 'eksi', 'temas', 'özellik', 'kısa', 'zaman', 'come', 'bekle', 'ayrıca', 'netflix', 'üye', 'iste', 'parti', 'kabul', 'gorusme', 'yapmanizi', 'öner']","['ayrıca netflix', 'netflix üye', 'netflix', 'iste parti', 'parti kabul']"
"['kendi', 'kendi', 'kapa', 'hata', 'sonra', 'saçma', 'sapan', 'arayüz', 'turkcell', 'firma', 'olur', 'böyle', 'emin', 'yorum', 'cevap', 'kişi', 'gibidirturktell', 'bilişim', 'servis', 'kadar', 'dikkat', 'turkcell', 'yaz', 'anla', 'turkcell', 'pişman']","['turkcell pişman', 'anla turkcell', 'turkcell firma', 'turkcell', 'dikkat turkcell']"
"['gerek', 'yok', 'konuş', 'rezil', 'kadar']","['yok konuş', 'konuş rezil', 'rezil kadar', 'yok', 'kadar']"
"['arkadaş', 'avantaj', 'yok', 'baş', 'iyi', 'kan', 'hediye', 'filan', 'aycell', 'kart', 'ilk', 'öde', 'filan', 'kaydol', 'gönder', 'öde', 'sen', 'iade', 'hani', 'yer', 'iade', 'aaa', 'mayıs', 'taha', 'mayıs', 'öyle', 'kampanya', 'kalk', 'para', 'yok', 'pufff', 'berbat', 'dolandırıcı']","['öde sen', 'öde filan', 'para yok', 'kalk para', 'avantaj yok']"
"['anla', 'gerek', 'yok']","['gerek yok', 'yok', 'anla gerek', 'gerek', 'anla']"
"['sürekli', 'böyle']","['sürekli böyle', 'sürekli', 'böyle']"
"['puan', 'biraz', 'fazla', 'iyi']","['fazla iyi', 'puan biraz', 'biraz fazla', 'fazla', 'biraz']"
"['güzel', 'birey', 'benze', 'fakat', 'puan', 'alın', 'günlük', 'değil', 'hafta', 'iyi']","['hafta iyi', 'güzel birey', 'değil hafta', 'hafta', 'fakat puan']"
"['yükle', 'puan', 'böyle', 'sefer', 'kaldır', 'hata', 'yüz', 'yıldız']","['yüz yıldız', 'yıldız', 'yükle puan', 'kaldır hata', 'sefer kaldır']"
"['anla', 'gerek', 'yok']","['gerek yok', 'yok', 'anla gerek', 'gerek', 'anla']"
"['güzel', 'ödül', 'fazla', 'puan', 'iste', 'biraz', 'düşür', 'iyi']","['güzel ödül', 'ödül fazla', 'fazla puan', 'ödül', 'düşür iyi']"
"['gayet', 'ideal', 'basit', 'kullan', 'şöyle', 'sorun', 'vaki', 'salla', 'toplam', 'dilenci', 'kış', 'puan', 'salla', 'topla', 'zaten', 'gün', 'gün', 'bekle', 'puan', 'biraz', 'kötü', 'puan', 'denk', 'nadir', 'art', 'mutlu', 'kolay']","['kış puan', 'puan biraz', 'dilenci kış', 'basit kullan', 'kötü puan']"
"['gerçekten', 'berbat', 'öte', 'giriş', 'dahi', 'hata', 'yükle', 'para', 'dur', 'çare', 'getir', 'yad', 'başka', 'hatta', 'geç', 'lazım']","['hatta geç', 'geç lazım', 'berbat öte', 'geç', 'çare getir']"
"['fatura', 'öde', 'hafta', 'bitti', 'artık', 'zarar', 'gerek', 'yer', 'kapla', 'para', 'kayıp']","['para kayıp', 'fatura öde', 'öde hafta', 'hafta bitti', 'fatura']"
"['iyi', 'fakat', 'aşırı', 'iyi']","['aşırı iyi', 'iyi fakat', 'iyi', 'fakat aşırı', 'fakat']"
"['kampanya', 'iyi', 'hoş', 'uzun', 'zaman', 'aycell', 'kart', 'kullan', 'ancak', 'son', 'zaman', 'gerçekten', 'gir', 'içeri', 'sürekli', 'işlem', 'hata', 'sıkıntı', 'cikariyor', 'örnek', 'restoran', 'harca', 'bakiye', 'bak', 'iste', 'birnur', 'gir', 'zor', 'durum', 'kal', 'telefonumdanmi', 'kaynak', 'bil', 'sorun', 'cozulmesini', 'iste', 'lütfen', 'yardimci']","['kart kullan', 'kampanya', 'sorun cozulmesini', 'kampanya iyi', 'telefonumdanmi']"
"['keşke', 'kurum', 'yükle', 'wouckeocueod']","['keşke kurum', 'wouckeocueod', 'keşke', 'yükle wouckeocueod', 'kurum yükle']"
"['şifre', 'hatırla', 'hesabi', 'don', 'yeni', 'şifre', 'yenile', 'tıkla', 'eski', 'posta', 'var', 'yeni', 'posta', 'doğrul', 'gir', 'şimdi', 'gerek']","['şifre yenile', 'şifre hatırla', 'yeni şifre', 'şifre', 'yeni posta']"
"['turkcel', 'üre', 'bütün', 'program', 'tamamen', 'sorun', 'insan', 'hiçbir', 'memnun', 'kalmazmi', 'turkcel', 'bırak', 'koy', 'köy', 'dön', 'önce', 'kendi', 'yardımcı', 'değil', 'önce', 'kendi', 'eksik', 'düzel', 'sil', 'yardım', 'ihtiyaç', 'var', 'saçma', 'sapan']","['turkcel bırak', 'kalmazmi turkcel', 'turkcel üre', 'kendi eksik', 'turkcel']"
"['sürekli', 'bloke', 'koy', 'kafa', 'göre', 'ayrıca', 'limit', 'düşük', 'yüksel', 'bayi', 'git', 'devlet', 'bile', 'elektronik', 'araç', 'yönet', 'zaman', 'pes']","['sürekli bloke', 'limit düşük', 'ayrıca limit', 'zaman pes', 'limit']"
"['pub', 'mobile', 'kupon', 'var', 'var', 'kupon', 'paycel', 'puan', 'değil', 'kardeş', 'iste', 'kadar', 'sınırla', 'zaman', 'puan', 'zaten', 'puan', 'süre', 'dol', 'iste', 'dolayı', 'düzel', 'lazım']","['kupon paycel', 'var kupon', 'kupon var', 'mobile kupon', 'kupon']"
"['bakiye', 'yek', 'işlem', 'gerçek', 'para', 'hesap', 'kes', 'rezalet', 'kadar', 'basit', 'hata', 'lazım']","['hata lazım', 'basit hata', 'hata', 'hesap kes', 'yek işlem']"
"['süre', 'kısıtla', 'dun', 'iyi', 'önce', 'tsk']","['süre kısıtla', 'önce tsk', 'süre', 'kısıtla dun', 'kısıtla']"
"['iyi', 'fakat', 'oyun', 'hediye', 'bölüm', 'sürekli', 'hediye', 'dolayı', 'yıldız']","['oyun hediye', 'hediye dolayı', 'sürekli hediye', 'dolayı yıldız', 'hediye']"
"['i̇nternet', 'hediye', 'sadece', 'vodafone', 'geçerli', 'türk', 'telekom', 'yarar', 'iyi']","['türk telekom', 'telekom yarar', 'vodafone geçerli', 'geçerli türk', 'sadece vodafone']"
"['kullan', 'bin', 'pişman', 'gerek', 'sadece', 'salla', 'kazan', 'puan', 'gerek', 'kolay', 'sanal', 'kart', 'tamamen', 'kullan', 'dost']","['kart tamamen', 'sanal kart', 'kolay sanal', 'kazan puan', 'bin pişman']"
"['kardeş', 'güzel', 'diğer', 'banka', 'kart', 'harca', 'bonus', 'fazla', 'imkan', 'sun', 'kötü', 'yorum', 'muhtemelen', 'kullan', 'bil']","['banka kart', 'diğer banka', 'kötü yorum', 'yorum muhtemelen', 'banka']"
"['numara', 'biraz', 'fazla', 'kampanya', 'iyi']","['kampanya iyi', 'fazla kampanya', 'numara biraz', 'kampanya', 'iyi']"
"['jdjdjdjifif', 'iyi', 'vay', 'eeee']","['vay eeee', 'jdjdjdjifif iyi', 'iyi vay', 'eeee', 'iyi']"
"['fazla', 'iyi', 'değil']","['iyi değil', 'fazla iyi', 'değil', 'fazla', 'iyi']"
"['yıldız', 'hesap', 'diğer', 'para', 'çalış', 'hesap', 'ekle', 'miktar', 'gir', 'şifre', 'gir', 'sefer', 'hata', 'sonra', 'tekrar', 'dene', 'hayır', 'yanlış', 'böyle', 'doğru', 'düzgün', 'çalış', 'bile', 'yıl', 'oyun', 'para', 'siz', 'yüz', 'heves', 'kaç']","['oyun para', 'yıldız hesap', 'diğer para', 'hesap diğer', 'hesap']"
"['tek', 'yara', 'yan', 'aycell', 'kart', 'şok', 'market', 'yer', 'yaygın', 'bulun', 'hariç', 'numara', 'yok', 'turkcell', 'hizmet', 'bile', 'eksik', 'sun', 'menü', 'var', 'finanscell', 'kredi', 'puan', 'göster', 'sun', 'diğer', 'hizmet', 'kurum', 'kendi', 'yad', 'online', 'banka', 'bul']","['finanscell kredi', 'var finanscell', 'kredi', 'online banka', 'kredi puan']"
"['üye', 'hediye', 'alışveriş', 'hesap', 'limit', 'yazma', 'rağmen', 'müşteri', 'hizmet', 'sadece', 'limit', 'var', 'alışveriş', 'kampanya', 'süre', 'bitti', 'iyi', 'kurgu', 'uğraş', 'türlü', 'zarar', 'çık']","['rağmen müşteri', 'alışveriş hesap', 'alışveriş kampanya', 'var alışveriş', 'alışveriş']"
"['oda', 'yorum', 'yaz', 'biri', 'haket', 'insan', 'aptal', 'yerine', 'koy', 'vaz', 'geç', 'yeni', 'yükle', 'yuklediğimede', 'pişman', 'puan', 'var', 'hafta', 'i̇nternet', 'yükliycektim', 'hemen', 'günlük', 'hat', 'yükle', 'birey', 'dokun', 'kafa', 'göre', 'i̇nternet', 'yükle', 'güç', 'sahtekar', 'yıl', 'insan', 'kaz', 'yol', 'mahsus', 'günlük', 'i̇nternet', 'yuklüyo', 'hemen', 'bit']","['nternet yükliycektim', 'yükliycektim', 'yuklediğimede pişman', 'yükle yuklediğimede', 'aptal yerine']"
"['aycell', 'kart', 'hal', 'aktive', 'kart', 'sat', 'bölüm', 'yorum', 'kısım', 'böyle', 'rezalet', 'gör', 'yorum', 'iste', 'bölüm', 'koymayacaktiniz', 'insan', 'aldat', 'puanla', 'hal', 'doğrula', 'kod', 'doğru', 'girdi', 'hal', 'sıra', 'aynı', 'hata', 'yorum', 'yaptirtmiyorsunuz', 'sırf', 'göstermelik', 'prosedür', 'turkcell', 'şirket', 'tenezzül', 'yazık']","['hata yorum', 'yorum yaptirtmiyorsunuz', 'aynı hata', 'yorum iste', 'hata']"
"['banka', 'değil', 'kanka', 'iyi', 'oldukça', 'yara']","['kanka iyi', 'oldukça yara', 'yara', 'değil kanka', 'banka değil']"
"['kurban', 'böyle', 'recep', 'i̇vedik', 'bedava', 'yükle']","['bedava yükle', 'kurban böyle', 'kurban', 'vedik bedava', 'bedava']"
"['yarar', 'güzel', 'aylık', 'ücret', 'kesinti', 'iyi', 'zaten', 'yıldız', 'dolayı', 'kır']","['yıldız dolayı', 'zaten yıldız', 'ücret kesinti', 'kesinti iyi', 'yarar güzel']"
"['hesap', 'yok', 'ilk', 'hesap', 'var', 'bil', 'posta', 'şifre', 'yenile', 'gönder', 'yara', 'boşuna']","['posta şifre', 'şifre yenile', 'şifre', 'hesap yok', 'ilk hesap']"
"['affet', 'millet', 'kadar', 'salak', 'yerine', 'koy']","['affet millet', 'affet', 'kadar salak', 'millet kadar', 'yerine koy']"
"['turkcell', 'kolay', 'roblox', 'sala', 'kazan', 'pey', 'roblox', 'hesap', 'yatır', 'bil', 'ter', 'sun', 'turkcell', 'iyi']","['turkcell iyi', 'turkcell', 'turkcell kolay', 'sun turkcell', 'kolay roblox']"
"['sadece', 'şok', 'geç', 'yer', 'geç', 'lazım', 'başarı']","['şok geç', 'sadece şok', 'şok', 'geç lazım', 'geç']"
"['daha', 'sade']","['daha sade', 'daha', 'sade']"
"['turkcell', 'lütfen', 'duy', 'ses', 'puan', 'sure', 'var', 'süre', 'iste', 'birik', 'ısrar', 'süre', 'koy', 'lanet', 'zorla', 'lütfen', 'düzel']","['turkcell lütfen', 'zorla lütfen', 'birik ısrar', 'ısrar süre', 'turkcell']"
"['alan', 'giriş', 'giriş', 'diyorki', 'puan', 'topla', 'bil', 'kardeş', 'zaman', 'deb', 'puan', 'topla', 'gerizekalilik', 'turkcell', 'lider', 'bırak', 'artık', 'iyi', 'yapamiyosunuz']","['lider bırak', 'diyorki puan', 'bırak artık', 'iyi yapamiyosunuz', 'bırak']"
"['abi', 'turkcell', 'gir', 'saçmala', 'başla', 'biri', 'puan', 'gönder', 'puan', 'gerek', 'üstelik', 'sadece', 'kere', 'gönder', 'i̇nternet', 'öyle', 'puan', 'sadece', 'paket', 'gittikçe', 'sağla']","['puan gönder', 'puan sadece', 'biri puan', 'gönder puan', 'kere gönder']"
"['ilk', 'çık', 'güzel', 'sonradan', 'boz', 'puan', 'birik', 'iste', 'illet', 'harç', 'saçma', 'utan', 'lazım', 'kendi', 'çek', 'müşteri', 'sonra', 'geri', 'git', 'düzel']","['utan lazım', 'sonradan boz', 'çık', 'ilk çık', 'kendi çek']"
"['şifre', 'unut', 'şifre', 'yenile', 'buton', 'bas', 'ilginç', 'kısım', 'buton', 'yok']","['yenile buton', 'buton yok', 'şifre yenile', 'şifre unut', 'buton']"
"['kampanya', 'uygun', 'alışveriş', 'rağmen', 'iade', 'sağla', 'firma', 'kayıt', 'oluş', 'sonuç', 'olumsuz', 'yıldız', 'devam']","['alışveriş rağmen', 'kampanya uygun', 'kampanya', 'sağla firma', 'alışveriş']"
"['ticaret', 'kampanya', 'kampanya', 'arka', 'dur', 'kafa', 'göre', 'sonradan', 'şart', 'koy', 'gerek', 'müşteri', 'hizmet', 'bil', 'turkcell', 'bayi', 'amaç', 'piyasa', 'çık', 'kardaş']","['amaç piyasa', 'ticaret kampanya', 'piyasa çık', 'gerek müşteri', 'piyasa']"
"['turkcell', 'müşteri', 'yaz', 'arkadaş', 'sadece', 'puan', 'gönder', 'puan', 'aynı', 'i̇nternet', 'hediye', 'kere', 'süre', 'azalt', 'zevk', 'inan', 'sevgi', 'turkcell', 'müşteri']","['turkcell müşteri', 'sevgi turkcell', 'müşteri yaz', 'turkcell', 'müşteri']"
"['kesinlikle', 'kaydol', 'ses', 'gönder', 'dur', 'sil', 'hesap', 'sil', 'kendi', 'ara', 'iste', 'kaydol', 'böyle', 'dert', 'yok', 'tabii', 'ayrıca', 'ses', 'alt', 'gönder', 'iptal', 'numara', 'mesaj', 'git']","['iptal numara', 'gönder iptal', 'numara mesaj', 'mesaj git', 'ses gönder']"
"['gerek', 'yok', 'kampanya', 'arka', 'dur']","['kampanya arka', 'yok kampanya', 'kampanya', 'arka dur', 'gerek yok']"
"['iyi', 'zor', 'zaman', 'yetiş']","['zor zaman', 'iyi zor', 'zaman yetiş', 'zaman', 'yetiş']"
"['ticaret', 'kampanya', 'kampanya', 'arka', 'dur', 'kafa', 'göre', 'sonradan', 'şart', 'koy']","['ticaret kampanya', 'kampanya arka', 'sonradan şart', 'ticaret', 'göre sonradan']"
"['sorun', 'puan', 'son', 'kullan', 'tarih', 'uzun', 'yad', 'karşılık', 'eski', 'puan', 'paket', 'puan', 'transfer', 'sınır', 'saçma', 'aycell', 'kart', 'lira', 'millet', 'şok', 'esenyurt', 'şok', 'bayi', 'para', 'yükle', 'sadece', 'çek', 'kart', 'para', 'yükle', 'zaman', 'ücret', 'iyi', 'büyük', 'kampanya', 'yeni', 'kampanya', 'banka', 'değil', 'kanka', 'otlak']","['kampanya banka', 'çek kart', 'karşılık eski', 'eski puan', 'yeni kampanya']"
"['anla', 'gerek', 'yok', 'yükle', 'gör']","['yok yükle', 'yükle gör', 'gerek yok', 'yükle', 'anla gerek']"
"['kere', 'para', 'ilgili', 'şey', 'bak', 'sil', 'sonra', 'yeniden', 'gerek', 'hesap', 'don', 'posta', 'mesaj', 'yolladiklarini', 'söyle', 'bak', 'mesaj', 'yok', 'acilen', 'durum', 'çözüm', 'bulun', 'gir', 'işlem', 'gerek', 'lütfen', 'çözüm', 'bulun', 'üste', 'çık', 'yıldız', 'yok', 'yıldız', 'bile']","['mesaj yolladiklarini', 'yolladiklarini söyle', 'bak mesaj', 'çık yıldız', 'para ilgili']"
"['fazla', 'komisyon', 'iyi', 'değil']","['iyi değil', 'fazla komisyon', 'fazla', 'komisyon iyi', 'komisyon']"
"['böyle', 'saçma', 'gör', 'puan', 'var', 'kullan']","['saçma gör', 'böyle saçma', 'puan var', 'gör puan', 'böyle']"
"['puan', 'kır', 'sebep', 'hediye', 'paha', 'gene', 'iyi']","['sebep hediye', 'hediye paha', 'gene iyi', 'iyi', 'kır sebep']"
"['aycell', 'giriş', 'dört', 'hane', 'şifre', 'iste', 'fakat', 'aycell', 'hesap', 'şifre', 'unut', 'hesap', 'giriş', 'dene', 'fakat', 'yanlış', 'şifre', 'gir', 'hesap', 'don', 'gerek', 'yardımcı']","['hesap şifre', 'yanlış şifre', 'şifre unut', 'şifre gir', 'şifre']"
"['oyun', 'sek', 'biraz', 'genişle', 'gerek', 'mesela', 'ford', 'mobile', 'geniş', 'çap', 'oyun', 'yok']","['ford mobile', 'oyun yok', 'mobile geniş', 'mobile', 'ford']"
"['yorum', 'oku', 'sonra', 'bile', 'gerek', 'gir', 'kalder', 'eski', 'son', 'zaman', 'iti', 'muhteri', 'aptal', 'yerine', 'koy', 'sahip', 'oku', 'turkcell', 'insan', 'aptal', 'değil']","['aptal yerine', 'muhteri aptal', 'turkcell insan', 'aptal değil', 'insan aptal']"
"['cimri', 'üst', 'yok', 'doğru', 'puan', 'arkadaş', 'bird', 'süre', 'koy', 'adam', 'çıldır', 'bedava', 'puan']","['koy adam', 'adam çıldır', 'adam', 'puan arkadaş', 'çıldır bedava']"
"['aycell', 'kazan', 'puan', 'sür', 'saçma', 'süre', 'zaten', 'gün', 'puan', 'birik', 'fatura', 'öde', 'yüklem', 'yeterince', 'yara', 'puan', 'süre', 'gerek', 'iyi', 'lazım']","['fatura öde', 'yeterince yara', 'yüklem yeterince', 'öde yüklem', 'saçma süre']"
"['doğalgaz', 'fatura', 'odeyecegim', 'aksa', 'gaz', 'yok', 'firma', 'ekle', 'iyi', 'düşün', 'var', 'aksa', 'doğalgaz']","['doğalgaz fatura', 'doğalgaz', 'aksa doğalgaz', 'gaz yok', 'gaz']"
"['gerek', 'zaten', 'yara', 'üstelik', 'kesinti', 'puan', 'geç', 'tane', 'hak', 'saçma', 'sapan', 'diğer', 'banka', 'kart', 'eksik', 'var', 'fazla', 'yok', 'çöp', 'kart']","['çöp kart', 'kart eksik', 'banka kart', 'eksik var', 'kesinti puan']"
"['hediye', 'kazan', 'puan', 'geri', 'örnek', 'hafta', 'puan', 'çık', 'puan', 'hediye', 'bekle', 'süre', 'var', 'aylık', 'süre', 'zarf', 'çık', 'puan', 'bekle', 'geri', 'puan', 'birik', 'tam', 'birik', 'hopa', 'geri', 'puan', 'özet', 'insan', 'aptal', 'yerine', 'koy']","['puan hediye', 'süre zarf', 'hediye kazan', 'puan geri', 'zarf çık']"
"['topla', 'puan', 'iste', 'harca', 'önce', 'puan', 'kullan', 'zaman', 'sınır', 'var', 'hemen', 'harca', 'zor', 'yok', 'sil', 'şimdi', 'hediye', 'sadece', 'böyle', 'saçmalık', 'puan', 'topla', 'iste', 'şey', 'iste', 'harca']","['saçmalık puan', 'puan kullan', 'şimdi hediye', 'kullan zaman', 'zaman sınır']"
"['önce', 'aycell', 'fatura', 'öde', 'puan', 'kazan', 'fakat', 'bak', 'puan', 'görün', 'saçmalık', 'puan', 'gün', 'kullan', 'silin', 'sonra', 'kullanicam', 'birik', 'iste', 'insan', 'aptal', 'yerine', 'koy', 'böyle', 'saçmalık', 'pes', 'pes']","['aptal yerine', 'insan aptal', 'saçmalık puan', 'böyle saçmalık', 'görün saçmalık']"
"['paycele', 'banka', 'kart', 'para', 'yükle', 'hata', 'oluş', 'berbat', 'önce', 'iyi', 'son', 'zaman', 'boz', 'bugün', 'güncelle', 'yine', 'ayni']","['banka kart', 'paycele banka', 'banka', 'hata oluş', 'berbat önce']"
"['mantık', 'güzel', 'vaat', 'geliş', 'açık', 'yönet', 'dürüst', 'değil', 'sürekli', 'gi̇zli̇', 'ücret', 'var', 'kadar', 'harca', 'hediye', 'kaza', 'hediye', 'kullan', 'sıkıntı', 'sil', 'kural', 'açık', 'soru', 'sorun', 'saçma', 'gizli', 'sebep', 'ileri', 'sür', 'aksak', 'sorun', 'çalış', 'iyi', 'düşün', 'kart', 'üst', 'hat', 'harca', 'fikir', 'güzel', 'lakin', 'çalış', 'politika', 'açık', 'net', 'değil', 'salla', 'taslak', 'cevap']","['politika açık', 'yönet dürüst', 'mantık güzel', 'sorun saçma', 'gizli sebep']"
"['meb', 'dijital', 'müşteri', 'kampanya', 'kapsam', 'hediye', 'kredi', 'kart', 'paket', 'kredi', 'kart', 'dene', 'paket', 'tanımla', 'mecbur', 'kal', 'yükle', 'bakiye', 'paket', 'turkcell', 'kalite', 'kurum', 'böyle', 'küçük', 'hareket', 'gerçekten', 'yakış']","['dijital müşteri', 'müşteri kampanya', 'kredi kart', 'paket kredi', 'hediye kredi']"
"['i̇nternet', 'sadece', 'vodafone', 'değil', 'diğer', 'oparatorlerede', 'acil', 'iyi']","['diğer oparatorlerede', 'oparatorlerede', 'oparatorlerede acil', 'vodafone', 'sadece vodafone']"
"['güvenlik', 'açık', 'var', 'hesap', 'mobil', 'öde', 'evet', 'yaz', 'numara', 'öde', 'sor', 'aycell', 'direk', 'çek', 'para', 'ara', 'güvenlik', 'soru', 'ekle', 'zor', 'gerek']","['mobil öde', 'güvenlik açık', 'hesap mobil', 'güvenlik soru', 'ara güvenlik']"
"['vodafone', 'hatti', 'bırak', 'terk', 'taşı', 'fatura', 'kes', 'gün', 'fatura', 'yatır', 'mobil', 'öde', 'kullan', 'denge', 'limit', 'koy', 'kafa', 'göre', 'limit', 'düşür', 'böyle', 'saçmalık', 'yok', 'öyle', 'git', 'beş', 'sonra', 'sözleşme', 'bit', 'ara', 'zaman', 'sor']","['fatura yatır', 'hatti bırak', 'sonra sözleşme', 'limit düşür', 'fatura kes']"
"['berbat', 'puan', 'kazan', 'puan', 'harca', 'puan', 'kal', 'göster', 'geri', 'puan', 'kal', 'gerek']","['geri puan', 'puan kazan', 'kazan puan', 'puan kal', 'berbat puan']"
"['aycell', 'kart', 'reklam', 'yer', 'gör', 'tam', 'kart', 'sok', 'sadece', 'bakiye', 'öğren', 'iste', 'bile', 'kes', 'tabi', 'gör', 'bahset', 'herhalde', 'tamam', 'evet', 'aşırı', 'büyük', 'miktar', 'değil', 'bakiye', 'öğren', 'iste', 'kes', 'gerek', 'düşün']","['kart reklam', 'aycell kart', 'tam kart', 'reklam yer', 'reklam']"
"['şok', 'üzeri', 'yükle', 'hediye', 'fakat', 'yükle', 'git', 'yüklem', 'para', 'böyle', 'kampanya', 'hata', 'dış', 'güzel']","['böyle kampanya', 'kampanya hata', 'şok üzeri', 'kampanya', 'şok']"
"['kesinlikle', 'öner', 'aycell', 'kart', 'üzeri', 'alışveriş', 'alışveriş', 'iade', 'işle', 'tarafından', 'iade', 'aycell', 'tarafından', 'iade', 'gerçek', 'böyle', 'sorum', 'hata', 'kullan', 'hata', 'düş', 'lütfen']","['hata kullan', 'kullan hata', 'kart üzeri', 'hata düş', 'üzeri alışveriş']"
"['avantaj', 'var', 'virüs', 'var', 'i̇nternet', 'lazım', 'fakat', 'para', 'yok', 'insan', 'rica']","['var virüs', 'virüs var', 'virüs', 'fakat para', 'insan rica']"
"['iyi', 'hal', 'fena', 'değil']","['fena değil', 'iyi hal', 'iyi', 'hal fena', 'değil']"
"['tebrik', 'daha', 'geliş']","['tebrik daha', 'tebrik', 'daha geliş', 'daha', 'geliş']"
"['fazla', 'bele', 'acikcasi', 'cunku', 'hesap', 'cikmak', 'iste', 'cikicagim', 'hak', 'fikir', 'yok', 'mikis', 'ilgili', 'biss', 'iyi']","['iste cikicagim', 'fazla bele', 'acikcasi cunku', 'hesap cikmak', 'fikir yok']"
"[""i̇yik'i"", 'var', 'tuncel', 'sen', 'fakir', 'buhara', 'iyi', 'var', 'payne']","['yik var', 'buhara iyi', 'var payne', 'sen fakir', 'var tuncel']"
"['pub', 'mobile', 'alışveriş', 'puan', 'alışveriş', 'puan', 'turkcell', 'yalan', 'söyle', 'nes', 'ora', 'sürü', 'kampanya', 'koy', 'hangi', 'inan', 'gerek', 'yerine', 'getir', 'zaten', 'puan', 'yok', 'zaman', 'gerek', 'yok']","['turkcell yalan', 'puan turkcell', 'turkcell', 'alışveriş puan', 'yalan söyle']"
"['aylık', 'limit', 'daha']","['aylık limit', 'aylık', 'limit daha', 'limit', 'daha']"
"['böyle', 'saçma', 'gör', 'biboka', 'yara']","['biboka yara', 'saçma gör', 'böyle saçma', 'yara', 'saçma']"
"['kullan', 'otur', 'semt', 'yüklem', 'nokta', 'pek', 'yok', 'artık', 'gerek', 'duy', 'zaten', 'çık', 'hoop', 'yükle', 'çık']","['yükle çık', 'kullan otur', 'yok artık', 'zaten çık', 'yüklem nokta']"
"['olay', 'storm', 'lira', 'hediye', 'fatura', 'lira', 'mobil', 'öde', 'işlem', 'ücret', 'yansı', 'uygulamakullanmamanınızı', 'şiddet', 'öner']","['fatura lira', 'hediye fatura', 'ücret yansı', 'fatura', 'lira hediye']"
"['keşke', 'sil', 'zaman', 'tekrar', 'giriş']","['zaman tekrar', 'tekrar giriş', 'sil zaman', 'keşke', 'tekrar']"
"['türkcell', 'kapa', 'tam', 'tefeci', 'herşey', 'duyar', 'puan', 'para', 'hırsız', 'korkak', 'düzenle', 'muhatap', 'ara', 'ses', 'yer', 'kanıt', 'sun']","['korkak düzenle', 'hırsız korkak', 'korkak', 'ses yer', 'duyar']"
"['topla', 'biraz', 'zor', 'keşke', 'puan', 'hafta']","['puan hafta', 'hafta', 'topla biraz', 'biraz zor', 'biraz']"
"['iyi', 'değil']","['iyi değil', 'değil', 'iyi']"
"['çık', 'iyi', 'abi', 'pub', 'sev', 'oyun', 'yatırım']","['pub sev', 'abi pub', 'pub', 'oyun yatırım', 'sev oyun']"
"['birden', 'hesap', 'ekle', 'lazım', 'turkcell', 'ai̇lesi̇']","['lazım turkcell', 'turkcell ai', 'turkcell', 'ekle lazım', 'birden hesap']"
"['şifre', 'yenile', 'iste', 'posta', 'ayrıca', 'kafa', 'göre', 'harca', 'mesela', 'ücret', 'siz', 'yüz', 'fazladan', 'para', 'yükliycem', 'düzel', 'yok', 'turkcell', 'fazla', 'kullan', 'kaybet']","['şifre yenile', 'şifre', 'mesela ücret', 'fazladan para', 'posta ayrıca']"
"['küt', 'önce', 'iyi', 'kasap', 'don', 'yıldız', 'bile', 'hak', 'sakın', 'yükle']","['yıldız bile', 'don yıldız', 'küt önce', 'hak sakın', 'iyi kasap']"
"['kazan', 'puan', 'para', 'dönüş', 'iyi', 'zaman', 'sev', 'sev', 'kullan', 'yok', 'birdaha', 'kulaıyıncam']","['sev sev', 'birdaha kulaıyıncam', 'puan para', 'yok birdaha', 'sev kullan']"
"['anla', 'gerek', 'yok']","['gerek yok', 'yok', 'anla gerek', 'gerek', 'anla']"
"['paycel', 'puan', 'hediye', 'i̇nternet', 'günlük', 'iyi', 'değil', 'aylık', 'hediye', 'güzel', 'puan', 'yüksek', 'düşük', 'güncelle', 'gelir', 'iyi']","['aylık hediye', 'hediye nternet', 'puan hediye', 'düşük güncelle', 'hediye']"
"['banka', 'fazla', 'kanka', 'varmı', 'böyle']","['banka fazla', 'banka', 'varmı böyle', 'böyle', 'fazla']"
"['saçma', 'boyut', 'yüksek', 'yem', 'sadece', 'tek', 'amaç', 'çıkar', 'hepsi', 'birleş', 'vakit', 'bipdijital', 'operatör', 'dergi', 'genç', 'yaanimail', 'lifebox']","['lifebox', 'yaanimail lifebox', 'dergi genç', 'saçma boyut', 'yüksek yem']"
"['yıldız', 'işlem', 'ücret', 'yüksek', 'eksik']","['yıldız işlem', 'yıldız', 'ücret yüksek', 'işlem ücret', 'ücret']"
"['bayi', 'bayi', 'dolaş', 'gerek', 'yok', 'direk', 'hesap', 'gir', 'öde', 'çık', 'kadar', 'basit']","['bayi bayi', 'bayi', 'bayi dolaş', 'öde çık', 'gir öde']"
"['sürekli', 'hata', 'bakiye', 'yükle', 'üzeri', 'yenile', 'hediye', 'puan', 'sistem', 'eski', 'sistem', 'iyi']","['eski sistem', 'sistem iyi', 'sistem eski', 'yenile hediye', 'hediye puan']"
"['turkcell', 'mağaza', 'gitigimizde', 'yukememiz', 'gerek']","['turkcell mağaza', 'mağaza gitigimizde', 'mağaza', 'yukememiz gerek', 'turkcell']"
"['bazen', 'hata', 'gir', 'telefon', 'yeniden', 'başla', 'gerek']","['telefon yeniden', 'telefon', 'bazen hata', 'gir telefon', 'hata gir']"
"['yıl', 'turkcell', 'kullan', 'turkcell', 'yakış', 'para', 'komisyon', 'herşey', 'komisyon', 'kes', 'yüz', 'para', 'bile', 'ora', 'komisyon', 'paket', 'iyi', 'saçma', 'boş', 'boşuna', 'yükle', 'sırf', 'para', 'tuzak', 'turkcell', 'yakış']","['yıl turkcell', 'turkcell yakış', 'kullan turkcell', 'boşuna yükle', 'herşey komisyon']"
"['salla', 'kazan', 'puan', 'çık', 'yaklasim', 'defa', 'aynı', 'puan', 'çık', 'lütfen', 'fark', 'puan', 'koy']","['puan çık', 'kazan puan', 'aynı puan', 'fark puan', 'çık yaklasim']"
"['gerek', 'yeke']","['gerek yeke', 'gerek', 'yeke']"
"['güzel', 'limit', 'iyi', 'değil', 'kendi', 'ait', 'fatura', 'limit', 'elektrik', 'fatura', 'adet', 'sınır', 'koy', 'turkcell', 'ait', 'sınır', 'saygı', 'engin', 'bul']","['fatura limit', 'elektrik fatura', 'limit elektrik', 'ait sınır', 'sınır saygı']"
"['yer', 'anlaş', 'gerek', 'paye', 'kart', 'kullan', 'neredeyse', 'geç', 'yer', 'yok']","['geç yer', 'neredeyse geç', 'kart kullan', 'paye kart', 'geç']"
"['eksik', 'var', 'fırsat', 'giyim', 'market', 'ağırlık']","['giyim market', 'market ağırlık', 'fırsat giyim', 'market', 'giyim']"
"['aycell', 'çık', 'iste', 'sürekli', 'soru', 'sor', 'çık', 'iste', 'çıkar', 'illa', 'müşteri', 'hizmet', 'ariyacaksiniz', 'öyle', 'berbat', 'siz', 'öneri', 'aycell', 'sakın']","['illa müşteri', 'siz öneri', 'sürekli soru', 'sor çık', 'hizmet ariyacaksiniz']"
"['şimdi', 'kadar', 'gör', 'saçma', 'gerek', 'kullan', 'kullanım', 'kolay', 'anlaşma', 'hal', 'iki', 'yer', 'geç', 'başka', 'hiçbir', 'yer', 'geç', 'mantıken', 'aklen', 'gıda', 'yemek', 'iste', 'herşey', 'miktar', 'yet', 'lakin', 'ekmek', 'bile', 'yad', 'bil', 'kart', 'cikariyorsaniz', 'yad', 'anlaşma', 'heryer', 'geç', 'iste', 'yer', 'değil', 'puan', 'üzeri', 'sıfır', 'yıldız', 'yayinlansin']","['geç mantıken', 'geç başka', 'saçma gerek', 'gör saçma', 'kart cikariyorsaniz']"
"['hata', 'tekrar', 'kur', 'gerek']","['hata tekrar', 'hata', 'tekrar kur', 'tekrar', 'kur gerek']"
"['fazla', 'puan', 'lazım', 'dış', 'iyi']","['fazla puan', 'puan lazım', 'dış iyi', 'lazım dış', 'iyi']"
"['boşuna', 'yükle', 'abone', 'olmayınpuanlar', 'hafta', 'siliniyores', 'kaza', 'puan', 'birik', 'günlük', 'oda', 'sefer', 'izin', 'puan', 'yara', 'komisyon', 'ali̇r', 'kullani̇m', 'ucreti̇', 'ali̇r', 'para', 'yükle', 'i̇stersi̇ni̇z', 'ora', 'i̇slem', 'ucreti̇', 'ali̇r', 'biraz', 'fastplayi', 'incele', 'lazım']","['yükle abone', 'abone', 'abone olmayınpuanlar', 'olmayınpuanlar hafta', 'hafta siliniyores']"
"['puan', 'falan', 'iyi', 'kısıtla', 'var', 'kısıtla', 'azal']","['kısıtla azal', 'iyi kısıtla', 'kısıtla var', 'var kısıtla', 'kısıtla']"
"['idare', 'biraz', 'hız', 'gerek', 'öde', 'yer', 'kasa', 'biraz', 'hız', 'gerek']","['biraz hız', 'hız gerek', 'hız', 'idare biraz', 'kasa biraz']"
"['anla', 'gerek', 'yok']","['gerek yok', 'yok', 'anla gerek', 'gerek', 'anla']"
"['saçma', 'sapan', 'kadar', 'basit', 'turkcel', 'turkcell', 'pişman', 'kısa', 'zaman', 'mika', 'saçma', 'hat', 'ilk', 'yükle', 'güvenlik', 'neden', 'hesap', 'dön', 'iyi', 'şifre', 'yenile']","['şifre yenile', 'şifre', 'iyi şifre', 'turkcell pişman', 'basit turkcel']"
"['böyle', 'şeref', 'turkcell', 'akıl', 'aycell', 'kesinlikle', 'kullanmazkapatsinlar', 'mobil', 'öde', 'kap', 'hal', 'şeref', 'turkcell', 'hat', 'üzeri', 'yapilmis', 'fatura', 'yansı', 'haram', 'zıkkım', 'siz', 'dava', 'kısa', 'zaman', 'mahkeme', 'görüş', 'maddi', 'manevi', 'zarar', 'uğrat', 'kazanç', 'kefen', 'para', 'allah', 'siz', 'operatör', 'düşman', 'baş']","['siz dava', 'yansı haram', 'şeref turkcell', 'fatura yansı', 'haram zıkkım']"
"['turkcell', 'böyle', 'aracı', 'hayret', 'aidat', 'zor', 'kali', 'pey', 'haram', 'nikki', 'saha', 'i̇ldiz', 'yok', 'birim', 'lazım']","['böyle aracı', 'haram nikki', 'pey haram', 'nikki saha', 'turkcell böyle']"
"['böyle', 'puan', 'süre', 'kısıt', 'birk', 'kullan']","['kısıt birk', 'süre kısıt', 'puan süre', 'kısıt', 'böyle puan']"
"['iyi', 'değil']","['iyi değil', 'değil', 'iyi']"
"['kere', 'yaa', 'salla', 'topla', 'sevin', 'puan', 'kullanım', 'süre', 'var', 'hadi', 'neyse', 'kadar', 'fazla', 'iyi', 'iptal']","['iyi iptal', 'iptal', 'fazla iyi', 'süre', 'hadi neyse']"
"['iyi', 'diğer', 'kartal', 'böyle', 'puan', 'yok']","['puan yok', 'böyle puan', 'iyi diğer', 'kartal böyle', 'yok']"
"['harca', 'limit', 'yükselti', 'kalan', 'limit', 'gör', 'fonksiyon', 'koy', 'iyi', 'mümkün', 'hataykartta', 'ekle', 'lütfen']","['limit gör', 'kalan limit', 'limit', 'limit yükselti', 'harca limit']"
"['puan', 'uyukla', 'konu', 'sure', 'koy', 'anlaş', 'degıl', 'i̇nternet', 'paket', 'sefer', 'başka', 'aynı', 'ıcınde', 'puan', 'zaman', 'puan', 'paylaş', 'puan', 'sınır', 'sefer', 'puan', 'adam', 'puan', 'kullan', 'sonra', 'paylaş', 'sonra', 'harca', 'mantık', 'insan', 'kazıkla', 'zaten', 'şişir', 'çek', 'turkcell', 'bap', 'asla']","['ıcınde puan', 'aynı ıcınde', 'puan kullan', 'puan sınır', 'sefer puan']"
"['kart', 'harca', 'i̇nternet', 'kullanım', 'puan', 'yükle', 'fakat', 'puan', 'i̇nternet', 'paket', 'alım', 'sefer', 'mahsuben', 'kullan', 'ıcınde', 'kalan', 'puan', 'sure', 'tut', 'hangi', 'mantık', 'akıl', 'var', 'anlaş', 'degıl', 'puan', 'paylaş', 'barı', 'başka', 'yara', 'dyo', 'oda', 'puan', 'sefer', 'mahsuben', 'var', 'yan', 'sız', 'resmen', 'uyanık', 'turkcell', 'kadar', 'kuculmemelı', 'kart', 'harca', 'artık', 'puan', 'topla', 'koy', 'boşa']","['puan yükle', 'kuculmemelı kart', 'yükle fakat', 'fakat puan', 'kullanım puan']"
"['kadar', 'boş', 'görmedimsalla', 'kazan', 'puan', 'birik', 'puan', 'günlük', 'iste', 'sefer', 'ulan', 'madem', 'kere', 'puan', 'ozan', 'sen', 'puan', 'birik', 'ora', 'izin', 'hafta', 'sonra', 'puan', 'sil', 'paycel', 'kart', 'kır', 'kadar', 'millet', 'mal', 'yerine', 'koy']","['kart kır', 'kere puan', 'kadar millet', 'sonra puan', 'madem kere']"
"['defa', 'biz', 'i̇nternet', 'devam', 'güncelle', 'gönder', 'biz', 'devam', 'ahmak', 'yerine', 'koy', 'kullan', 'sömür', 'hizmet', 'alt']","['biz devam', 'devam güncelle', 'güncelle gönder', 'güncelle', 'gönder biz']"
"['aycell', 'kart', 'falan', 'olanak', 'iyi', 'alamıyorumuygulama', 'sorun', 'var', 'kargo', 'öde', 'sorun', 'saçma']","['kart falan', 'öde sorun', 'iyi alamıyorumuygulama', 'kargo öde', 'alamıyorumuygulama sorun']"
"['iyi', 'biraz', 'eksik', 'var']","['biraz eksik', 'eksik var', 'iyi biraz', 'biraz', 'eksik']"
"['hafta', 'puan', 'hafta', 'ancak', 'gerek', 'var', 'hafta', 'i̇nternet', 'saçmalık', 'bura', 'dost', 'selam', 'gönder', 'hep', 'turkcell', 'sen', 'canavar', 'hep']","['var hafta', 'hafta nternet', 'hafta ancak', 'puan hafta', 'turkcell sen']"
"['hayat', 'böyle', 'gerek', 'alt', 'yapı', 'başka', 'gör']","['hayat böyle', 'hayat', 'başka gör', 'yapı başka', 'gerek alt']"
"['biraz', 'puan', 'güzel', 'cuma', 'gün', 'puan', 'mesela', 'düşük', 'puan', 'yıldız', 'iyi']","['güzel cuma', 'puan güzel', 'yıldız iyi', 'biraz puan', 'cuma gün']"
"['ücret', 'i̇nternet', 'iyi', 'yalnız', 'ödül', 'hafta', 'iyi']","['ödül hafta', 'hafta iyi', 'yalnız ödül', 'ödül', 'nternet iyi']"
"['biraz', 'i̇nternet', 'puan', 'fazla', 'i̇nternet', 'süre', 'iyi', 'sev']","['biraz', 'biraz nternet', 'süre iyi', 'puan fazla', 'iyi sev']"
"['biraz', 'geliş', 'gerek', 'hediye', 'puan']","['gerek hediye', 'hediye puan', 'hediye', 'biraz geliş', 'biraz']"
"['aysel', 'hesabi', 'don', 'şifre', 'yenile', 'bas', 'yapicam', 'bilgilendirirmisiniz', 'yüz', 'sorun', 'bozer']","['şifre yenile', 'şifre', 'don şifre', 'hesabi', 'hesabi don']"
"['fazla', 'puan', 'iyi']","['fazla puan', 'puan iyi', 'iyi', 'fazla', 'puan']"
"['turkcell', 'yön', 'iyi', 'hizmet', 'açı', 'fakat', 'paha']","['iyi hizmet', 'turkcell', 'yön iyi', 'hizmet açı', 'hizmet']"
"['kötü', 'iste', 'puan', 'iste', 'puan', 'transfer', 'kısıt', 'sadece', 'puan', 'gönder', 'yad', 'geliş', 'lazım']","['transfer kısıt', 'puan transfer', 'sadece puan', 'kısıt sadece', 'puan gönder']"
"['biraz', 'geliş', 'para', 'yükle', 'kesinti', 'çokaeyi', 'eksik', 'rağmen', 'güzel', 'başarı']","['güzel başarı', 'başarı', 'geliş para', 'rağmen güzel', 'eksik rağmen']"
"['bayiliyorum', 'hitiyacim', 'imdat', 'koy']","['bayiliyorum hitiyacim', 'bayiliyorum', 'hitiyacim imdat', 'imdat koy', 'imdat']"
"['puan', 'kere', 'iyi']","['kere iyi', 'puan kere', 'iyi', 'puan', 'kere']"
"['güzel', 'fazla', 'puan', 'lazım']","['puan lazım', 'fazla puan', 'güzel fazla', 'güzel', 'lazım']"
"['daha', 'iyi']","['daha iyi', 'daha', 'iyi']"
"['türktelekom', 'kullanicisiyim', 'kullan', 'gerek', 'fakat', 'kod']","['fakat kod', 'kod', 'türktelekom', 'türktelekom kullanicisiyim', 'kullanicisiyim kullan']"
"['kesinlikle', 'tavsiye', 'bankalariniz', 'dur', 'tuzak', 'düş', 'banka', 'finance', 'faturasini', 'öde', 'banka', 'kurum', 'masraf', 'kes', 'aycell', 'dene', 'sistem', 'yakin', 'sadece', 'fatura', 'öde', 'masraf', 'iste', 'kart', 'para', 'eksil', 'bak', 'sanal', 'kart', 'bidat', 'yahu', 'arkadaş', 'hangi', 'devir', 'yasa', 'millet', 'enayi', 'zannet', 'kesinlikle', 'tavsiye', 'uzak', 'dur', 'gerek', 'sistem', 'komisyon', 'resmen']","['bankalariniz dur', 'tavsiye bankalariniz', 'finance faturasini', 'öde banka', 'bankalariniz']"
"['böyle', 'gör', 'şimdi', 'gör']","['gör şimdi', 'böyle gör', 'şimdi gör', 'böyle', 'gör']"
"['kampanya', 'katıl', 'seçenek', 'sun', 'ses', 'gönder', 'tek', 'zor', 'kal']","['kampanya katıl', 'kampanya', 'katıl seçenek', 'katıl', 'gönder tek']"
"['berbat', 'geç', 'yer', 'kısıt', 'sadece', 'şok', 'geç', 'kullan', 'öner', 'kimse']","['şok geç', 'geç kullan', 'berbat geç', 'geç yer', 'geç']"
"['iyi', 'değil']","['iyi değil', 'değil', 'iyi']"
"['güzel', 'yarar', 'eksik', 'var', 'fatura', 'diğer', 'hat', 'öde', 'yok']","['öde yok', 'var fatura', 'yarar eksik', 'fatura diğer', 'hat öde']"
"['anla', 'gerek', 'yok', 'kullan', 'bil']","['gerek yok', 'yok kullan', 'yok', 'anla gerek', 'kullan bil']"
"['wall', 'center', 'bilgi', 'etkin', 'değil', 'fiziki', 'kart', 'kart', 'numarasini', 'gir', 'saçmabu', 'eksik', 'gider', 'gayet', 'başarı']","['kart numarasini', 'fiziki kart', 'wall center', 'center bilgi', 'eksik']"
"['hız', 'güven', 'elektrik', 'fatura', 'ekstra', 'para', 'iyi']","['elektrik fatura', 'hız güven', 'güven elektrik', 'para iyi', 'hız']"
"[""i̇nternet'im"", 'yok', 'iyi']","['yok iyi', 'yok', 'nternet im', 'im yok', 'iyi']"
"['gizli', 'pratik', 'fazla', 'seçenek', 'işlem', 'turkcell', 'başka', 'gerek', 'kal']","['işlem turkcell', 'seçenek işlem', 'fazla seçenek', 'turkcell', 'turkcell başka']"
"['başarı', 'eksik']","['başarı eksik', 'başarı', 'eksik']"
"['güzel', 'fakat', 'kupon', 'hediye', 'süre', 'düş', 'iyi', 'aynı', 'hediye', 'süre', 'bekle', 'gerek']","['fakat kupon', 'hediye süre', 'kupon hediye', 'kupon', 'aynı hediye']"
"['paket', 'ucuz', 'iyi']","['paket ucuz', 'ucuz iyi', 'ucuz', 'paket', 'iyi']"
"['keşke', 'fazla', 'puan']","['fazla puan', 'keşke fazla', 'keşke', 'puan', 'fazla']"
"['vallahi', 'helal', 'iyi']","['helal iyi', 'iyi', 'vallahi', 'vallahi helal', 'helal']"
"['turkcell', 'bilişim', 'servis', 'istek', 'var', ""i̇zmir'im"", 'kart', 'ulaşım', 'kart', 'menü', 'ekle', 'iyi', 'içerik', 'biraz', 'i̇zmir', 'önem', 'aycell']","['turkcell bilişim', 'kart menü', 'kart ulaşım', 'turkcell', 'ulaşım kart']"
"['işlem', 'yan', 'iyi', 'aycell', 'var']","['iyi aycell', 'yan iyi', 'iyi', 'aycell var', 'işlem yan']"
"['biraz', 'geliş', 'iyi', 'biraz', 'yetersiz', 'eksik', 'kal', 'tşkrrlr']","['biraz yetersiz', 'biraz geliş', 'eksik kal', 'iyi biraz', 'biraz']"
"['biraz', 'erken', 'puan', 'iyi']","['erken puan', 'biraz erken', 'puan iyi', 'erken', 'biraz']"
"['aycell', 'puan', 'kazan', 'zor', 'yükle', 'aycell', 'harca', 'lazimee', 'para', 'yükle', 'komisyon', 'aliço', 'git', 'komisyon', 'para', 'paket', 'yaparimbildigin', 'para', 'geri', 'dön', 'aşırı', 'gerek']","['yükle komisyon', 'komisyon para', 'yaparimbildigin para', 'para yükle', 'zor yükle']"
"['ilk', 'fatura', 'öde', 'mesaj', 'gönderdimfaturayı', 'ödedimama', 'i̇nternet', 'gelmedigaliba', 'sadece', 'böyle', 'işlem', 'i̇nternet', 'diyorlarama']","['gönderdimfaturayı ödedimama', 'fatura öde', 'ödedimama', 'ödedimama nternet', 'öde mesaj']"
"['pek', 'iyi']","['pek iyi', 'iyi', 'pek']"
"['güzel', 'fazla', 'para', 'kes', 'iyi']","['güzel fazla', 'kes iyi', 'fazla para', 'güzel', 'iyi']"
"['iyi', 'fakat', 'puan', 'gönder', 'limit', 'debil', 'azı']","['fakat puan', 'limit debil', 'puan gönder', 'gönder limit', 'iyi fakat']"
"['keşke', 'kart', 'islemlerdede', 'puan', 'kazan', 'herşey', 'kart', 'salla', 'hak', 'biz', 'fazla', 'puan', 'hediye', 'olmasini', 'dile', 'yüz', 'i̇ldiz']","['herşey kart', 'keşke kart', 'kart islemlerdede', 'puan hediye', 'islemlerdede puan']"
"['iyi', 'hoş', 'para', 'gönder', 'banka', 'hesap', 'seçenek', 'sorun', 'var', 'sistem', 'sorun', 'neden', 'lütfen', 'sonra', 'tekrar', 'dene', 'hata', 'gün', 'düzel', 'çağrı', 'merkez', 'ara', 'sorun', 'yok', 'mail', 'yol', 'bilgi', 'sorun', 'alaka', 'dönüş']","['gönder banka', 'banka hesap', 'mail yol', 'banka', 'mail']"
"['kredi', 'kart', 'yüklem', 'hata', 'gine', 'kart', 'para', 'kes', 'defalarca', 'iletişim', 'geç', 'rağmen', 'yardımcı', 'kanıt', 'gönder', 'yardım', 'iletişim', 'adres', 'kaldır', 'iyi']","['kredi kart', 'kart yüklem', 'kredi', 'iletişim adres', 'iletişim geç']"
"['merhaba', 'aycell', 'şifre', 'koy', 'aycell', 'çık', 'gün', 'sonra', 'girdi', 'bak', 'hesap', 'don', 'yüz', 'gir']","['çık gün', 'girdi', 'girdi bak', 'aycell çık', 'merhaba']"
"['içim', 'para', 'fakat', 'kullan', 'paket', 'bile', 'yükle', 'izin', 'aycell', 'kart', 'pismanliktir', 'gerek', 'para', 'kurtar', 'gir', 'atiba']","['para kurtar', 'para fakat', 'içim para', 'gerek para', 'bile yükle']"
"['güzel', 'ücret', 'fakat', 'amin', 'puan', 'dağıtım', 'biraz', 'sık', 'iyi', 'siz', 'arz', 'lütfen']","['güzel ücret', 'ücret fakat', 'dağıtım biraz', 'ücret', 'sık iyi']"
"['iyi', 'aman', 'giriş', 'tapapamim']","['aman giriş', 'giriş tapapamim', 'giriş', 'iyi', 'tapapamim']"
"['güven', 'yazılım', 'hata', 'önce', 'böyle', 'sorun', 'olmamisti']","['güven yazılım', 'güven', 'yazılım hata', 'yazılım', 'sorun olmamisti']"
"['geliş', 'lazım', 'hediye', 'konu', 'iyi', 'değil', 'puan', 'hediye', 'imkan']","['hediye imkan', 'hediye konu', 'lazım hediye', 'hediye', 'puan hediye']"
"['aycell', 'kart', 'para', 'yükle', 'işlem', 'ücret', 'aycell', 'kart', 'öde', 'yine', 'işlem', 'ücret', 'kredi', 'kart', 'yad', 'hesap', 'kart', 'tanımla', 'fatura', 'öde', 'işlem', 'ücret', 'güya', 'turkcell', 'ait', 'turkcell', 'superonline', 'fatura', 'öde', 'iste', 'bile', 'işlem', 'ücret', 'kardeş', 'sen', 'işlem', 'ücret', 'herşey', 'banka', 'bedava', 'zaten', 'gerek', 'kesinlikle', 'tavsiye', 'işlem', 'ücret', 'yer', 'kısıtla', 'getir']","['ücret kredi', 'fatura öde', 'kredi kart', 'ücret güya', 'banka bedava']"
"['yıldız', 'bile', 'gerek', 'aycell', 'profesyonel', 'ortalık', 'çık', 'berbat', 'öte', 'pişman']","['öte pişman', 'yıldız bile', 'profesyonel ortalık', 'yıldız', 'berbat öte']"
"['yorum', 'oku', 'buka', 'sıkıntı', 'eksik', 'kullan', 'bak', 'tekrar', 'sil', 'para', 'kes', 'anla']","['yorum oku', 'eksik kullan', 'yorum', 'kullan bak', 'oku buka']"
"['emek', 'geç', 'dert', 'gör', 'siz', 'iyi', 'var']","['siz iyi', 'emek geç', 'geç', 'geç dert', 'gör siz']"
"['ist', 'kart', 'yükle', 'yedi', 'para', 'yazık', 'kullan', 'yaz', 'iki', 'numara', 'giriş', 'ulan', 'iki', 'numara', 'ait', 'iki', 'aycell', 'kayıt', 'iki', 'telefon', 'iade', 'haram']","['iki telefon', 'telefon iade', 'numara giriş', 'kart yükle', 'kayıt iki']"
"['numara', 'kart', 'para', 'yatır', 'çek', 'anlaş', 'banka', 'komisyon', 'iyi', 'tek', 'eksik']","['numara kart', 'anlaş banka', 'banka komisyon', 'para yatır', 'banka']"
"['anla', 'gerek', 'yok', 'muthissz']","['gerek yok', 'yok muthissz', 'yok', 'anla gerek', 'gerek']"
"['anla', 'gerek', 'yok', 'gör']","['gerek yok', 'yok gör', 'yok', 'anla gerek', 'gör']"
"['ilk', 'bas', 'kötü', 'şimdi', 'kot', 'puan', 'sil', 'belirli', 'tarih', 'sonra', 'neri', 'lazım', 'puan']","['kot puan', 'kötü şimdi', 'lazım puan', 'belirli tarih', 'ilk']"
"['sebep', 'fazla', 'gencel', 'yok', 'iyi']","['sebep fazla', 'yok iyi', 'gencel yok', 'sebep', 'yok']"
"['pek', 'iyi']","['pek iyi', 'iyi', 'pek']"
"['harbi', 'banka', 'değil', 'kanka', 'puan', 'güzel', 'aşırı', 'derece', 'iyi', 'mesela', 'fatura', 'alısverisımı', 'kazandibi', 'puan', 'kendi', 'yara', 'birnur', 'suprizden', 'iste', 'güzel', 'kart', 'sistem', 'tek', 'kusur', 'ati', 'kesinti', 'kucak', 'meblağ', 'insan', 'iste', 'kes', 'iste', 'bulun', 'yer', 'ana', 'bayi', 'erken', 'kapattiklari', 'başka', 'atme', 'yükle', 'zor', 'kalın', 'kesinti', 'tam', 'edin', 'sevin']","['mesela fatura', 'fatura alısverisımı', 'güzel kart', 'alısverisımı kazandibi', 'kapattiklari başka']"
"['anla', 'gerek', 'yok', 'sor']","['yok sor', 'gerek yok', 'yok', 'anla gerek', 'gerek']"
"['merkez', 'puan', 'çıkar', 'sonra', 'oyun', 'yatır']","['sonra oyun', 'puan çıkar', 'oyun yatır', 'merkez puan', 'oyun']"
"['turkcell', 'kullan', 'diğer', 'banka', 'kart', 'tercih', 'derece', 'cazip', 'hal', 'getir', 'turkcell', 'iletişim', 'sağla', 'firma', 'sakın', 'banka', 'dön', 'diğer', 'soygun', 'banka', 'olmasınunutma', 'turkcell', 'sen', 'değil', 'sen', 'biz', 'mecbursunbir', 'boykot', 'karar', 'bekle', 'şey', 'yapabilirizmüşterilerine', 'kulak']","['sakın banka', 'getir turkcell', 'diğer banka', 'olmasınunutma turkcell', 'turkcell']"
"['güzel', 'fakatbut', 'yanlış', 'var', 'puan', 'kazan', 'biraz', 'basit', 'iyi', 'yok', 'insan', 'yara', 'fazla', 'yer', 'kapla', 'iyi', 'sil', 'derlersayın', 'aycell', 'yönet', 'siz', 'rica', 'puan', 'kazan', 'biraz', 'kolay']","['kazan biraz', 'puan kazan', 'iyi sil', 'kapla iyi', 'iyi yok']"
"['mesaj', 'finance', 'öde', 'alt', 'fatura', 'öde', 'fatura', 'bedel', 'fatura', 'almadimki', 'böyle', 'mesaj', 'finance', 'öde', 'anla', 'aksi', 'takdirde', 'tüket', 'hak', 'mahkeme', 'baş', 'vur', 'aycell', 'kart', 'var', 'kullan', 'selam']","['kullan selam', 'böyle mesaj', 'öde anla', 'var kullan', 'selam']"
"['puan', 'kazan', 'görev', 'koy']","['puan kazan', 'kazan görev', 'görev koy', 'görev', 'puan']"
"['fatura', 'dayalı', 'belli', 'miktar', 'koy', 'mantık', 'kredi', 'yad', 'hesap', 'düşününenazindan', 'bakiye', 'insan', 'alışveriş', 'kolay', 'çek']","['fatura dayalı', 'mantık kredi', 'insan alışveriş', 'hesap düşününenazindan', 'kredi']"
"['yetkili', 'biri', 'var', 'yazı', 'gör', 'aysel', 'kart', 'bloke', 'koy', 'yakın', 'hala', 'müşteri', 'temsilci', 'gorusmeme', 'rağmen', 'işlem', 'kendi', 'hal', 'sor', 'bloke', 'koy', 'yaklaş', 'rağmen', 'hala', 'mağdur', 'para', 'ifade', 'bari']","['müşteri temsilci', 'hala müşteri', 'müşteri', 'hala mağdur', 'mağdur para']"
"['fazla', 'söz', 'gerek', 'yok', 'hak']","['fazla söz', 'gerek yok', 'yok hak', 'yok', 'söz']"
"['keşke', 'i̇stanbul', 'burs', 'bursa', 'kart', 'puan']","['kart puan', 'bursa kart', 'keşke stanbul', 'kart', 'keşke']"
"['kullan', 'bil', 'güncelle', 'telefon', 'bellek', 'yer', 'yok', 'kaldır', 'zor', 'kal', 'seçenek', 'sun', 'güncelle']","['telefon bellek', 'güncelle telefon', 'telefon', 'sun güncelle', 'kal seçenek']"
"['telefon', 'numara', 'kullan', 'biri', 'kayıt', 'haber', 'yok', 'mesaj', 'öde', 'durum', 'hak', 'bilgi', 'iste', 'gerek', 'numara', 'engelle']","['telefon numara', 'numara engelle', 'numara kullan', 'telefon', 'gerek numara']"
"['hayat', 'böyle', 'rezalet', 'gör', 'hafta', 'önce', 'kart', 'i̇stanbul', 'kart', 'bakiye', 'yükle', 'bakiye', 'gün', 'içeri', 'yükle', 'gün', 'hala', 'yok', 'ara', 'bahane', 'uydur', 'özür', 'dile', 'dolandırıcı', 'başka', 'değil', 'yer', 'onlarca', 'reklam', 'resmen', 'hırsız']","['resmen hırsız', 'onlarca reklam', 'reklam resmen', 'dile dolandırıcı', 'dolandırıcı başka']"
"['hat', 'turkcell', 'değil', 'hat', 'turkcell', 'biz', 'turkcell', 'çalış', 'aycell', 'yeni', 'haber', 'kart', 'yalnız', 'inan', 'kötü', 'yorum', 'var', 'kullan', 'iyi', 'zaten', 'ininal', 'kart', 'kullan', 'açık', 'kadar', 'kötü', 'yorum', 'ürk']","['kötü yorum', 'yorum ürk', 'yorum var', 'yorum', 'inan kötü']"
"['gayet', 'güzel', 'fakat', 'sorun', 'var', 'sorun', 'işlem', 'şua', 'gercek', 'lütfen', 'sonra', 'tekrar', 'dene', 'acil', 'chp', 'lazım']","['gercek lütfen', 'şua gercek', 'lütfen sonra', 'sorun var', 'var sorun']"
"['oku', 'yüz', 'yorum', 'olumsuz', 'alay', 'gerek', 'yok', 'kazık']","['yüz yorum', 'yorum', 'yorum olumsuz', 'yok kazık', 'olumsuz alay']"
"['şanlıurfa', 'aksa', 'doğal', 'gaz', 'öde', 'yok', 'ekle', 'rica', 'önem', 'eksik']","['doğal gaz', 'gaz öde', 'öde yok', 'önem eksik', 'gaz']"
"['böyle', 'sacmalikmi', 'olay', 'store', 'kumanda', 'kur', 'birey', 'bura', 'abone', 'tim', 'kes', 'siz', 'avukat', 'meri', 'para', 'iade', 'yok']","['siz avukat', 'bura abone', 'abone tim', 'avukat', 'iade yok']"
"['yakıt', 'alim', 'kayseri', 'yok', 'iyi']","['kayseri yok', 'yakıt alim', 'yakıt', 'yok iyi', 'yok']"
"['değer', 'zor', 'kal', 'iyi', 'iyi', 'şey']","['iyi şey', 'değer zor', 'iyi iyi', 'değer', 'iyi']"
"['otomatik', 'öde', 'talimat', 'i̇nternet', 'hediye', 'vermiyoreskiden', 'hafta', 'i̇nternet', 'bin', 'puan', 'şimdi', 'günlük', 'bin', 'puan', 'olmuşekstra', 'şey', 'getir', 'keşke', 'eski', 'bozmasaydınızbin', 'puan', 'günlük', 'saçmaayrıca', 'kart', 'yaklaşık', 'buçuk', 'yıl', 'kullan', 'hediye', 'elli', 'lira', 'gelmediarıyorum', 'salla', 'kazan', 'çık', 'lazım', 'neredeyse', 'hafta', 'bit', 'yön', 'bin', 'bip', 'kullanım', 'sınırsızherkese', 'çık', 'hala', 'çık']","['vermiyoreskiden hafta', 'kart yaklaşık', 'saçmaayrıca kart', 'otomatik öde', 'öde talimat']"
"['i̇ninala', 'gerek', 'duy', 'bura', 'haaledebilirsini', 'iyi']","['bura haaledebilirsini', 'haaledebilirsini iyi', 'haaledebilirsini', 'gerek duy', 'ninala gerek']"
"['iyi', 'kök']","['iyi kök', 'kök', 'iyi']"
"['lira', 'kupon', 'para', 'bütün', 'ailecek', 'kullan', 'bile', 'çıkar', 'siz', 'böyle', 'direk', 'nakit', 'biraz', 'akıl', 'çalış', 'kalabalık', 'aile', 'dağıt', 'sade', 'harca']","['nakit biraz', 'para bütün', 'lira kupon', 'kupon para', 'aile dağıt']"
"['yalnız', 'keşke', 'alışveriş', 'site', 'hariç', 'diğer', 'siterlede', 'fatura', 'yansı', 'dahi', 'opec', 'akaryakıt', 'mobil', 'öde']","['keşke alışveriş', 'fatura yansı', 'alışveriş', 'alışveriş site', 'siterlede fatura']"
"['sürekli', 'gerek', 'bildirim', 'rahat', 'bildirim', 'kapa']","['bildirim kapa', 'rahat bildirim', 'gerek bildirim', 'bildirim rahat', 'bildirim']"
"['yukarı', 'arkadaş', 'cidden', 'iyi', 'gerek', 'kampanya', 'gerek', 'ara', 'yüz', 'iyi', 'kötü', 'yorum', 'diğer', 'operatör']","['yorum diğer', 'gerek kampanya', 'yorum', 'kampanya gerek', 'kötü yorum']"
"['dolandırıcı', 'firma', 'yükle', 'lira', 'gerek', 'kal', 'sen', 'banka', 'dan', 'ücret', 'zaten', 'yüklem', 'kısım', 'yazma', 'bak', 'kan', 'web', 'site', 'yaz', 'kes', 'sirkelen']","['dan ücret', 'firma yükle', 'sen banka', 'ücret zaten', 'dolandırıcı firma']"
"['ilk', 'bas', 'yorum', 'oku', 'turkcell', 'böyle', 'şey', 'geç', 'tahsilat', 'bedel', 'kes', 'hemen', 'neyse', 'konu', 'geç', 'hiçbir', 'işlem', 'yapilmiyo', 'finanscell', 'kredi', 'normal', 'bin', 'bura', 'sinir', 'gorunuyo', 'fatura', 'öde', 'herşey', 'hata', 'uzun', 'latin', 'kish', 'berbat', 'öte', 'asla', 'asla', 'kullan', 'pişman', 'tam', 'fiyasko']","['geç tahsilat', 'gorunuyo fatura', 'hata uzun', 'fatura öde', 'tahsilat bedel']"
"['sanal', 'kart', 'yanlış', 'para', 'böyle', 'rezalet', 'gör', 'sadece', 'mobil', 'kullan', 'lira', 'boşa', 'git']","['yanlış para', 'lira boşa', 'para böyle', 'kart yanlış', 'sanal kart']"
"['şahane', 'kart', 'lazım', 'kart', 'yine', 'işlem', 'bayıl']","['şahane kart', 'lazım kart', 'kart lazım', 'kart yine', 'lazım']"
"['para', 'rezil', 'sağ', 'kapa', 'hat', 'üzeri', 'telefon', 'kimlik', 'aycell', 'öde', 'gün', 'fatura', 'öde', 'son', 'öde', 'tarih', 'geç', 'hizmet', 'adam', 'akıl', 'müşteri', 'hizmet', 'ara', 'ora', 'bura', 'şikayet', 'gerek', 'ülke', 'dur', 'yer', 'sorun', 'çöz', 'yok']","['aycell öde', 'öde son', 'öde gün', 'son öde', 'fatura öde']"
"['gayet', 'güzel', 'gerek', 'arayüz', 'tasarı', 'gerekse', 'stabil', 'işlem', 'gayet', 'hız', 'tek', 'sorun', 'slogan', 'pek', 'yansı', 'genç', 'kanka', 'öyle', 'kampanya', 'paha', 'kes', 'kötü', 'geliş', 'iyi', 'sonuç', 'alın']","['kampanya paha', 'öyle kampanya', 'sorun slogan', 'kampanya', 'tasarı gerekse']"
"['hesap', 'para', 'koy', 'geri', 'para', 'banka', 'hesap', 'kart', 'sor']","['banka hesap', 'hesap kart', 'para banka', 'banka', 'hesap para']"
"['merhaba', 'aycell', 'kampanya', 'gerçekten', 'güzel', 'fakat', 'aycell', 'tek', 'eksik', 'gerçekten', 'çöz', 'gerek', 'konu', 'kampanya', 'zaman', 'yüksek', 'miktar', 'alisveris', 'karşılık', 'aycell', 'biz', 'puan', 'puan', 'yara', 'örnek', 'gerek', 'google', 'olay', 'puan', 'karsiliginda', 'karşılık', 'birk', 'sefer', 'biz', 'aciklama', 'herkes', 'faydalan', 'madem', 'hak', 'biz', 'tanı', 'çöz', 'lazım']","['kampanya gerçekten', 'konu kampanya', 'aycell kampanya', 'kampanya zaman', 'kampanya']"
"['turkcell', 'bünye', 'böyle', 'kurum', 'firma', 'kampanya', 'yok', 'mercimek', 'tane', 'kadar', 'puan', 'birik', 'puan', 'mercimek', 'tane', 'hediye', 'çek', 'kullan', 'kadar', 'sorun', 'yaş', 'öde', 'sistem', 'öde', 'kart', 'piyasa', 'gir', 'yad', 'papara', 'bak', 'sonra', 'gir', 'dene', 'kadar', 'cimri']","['kart piyasa', 'sistem öde', 'öde', 'öde sistem', 'piyasa gir']"
"['sefer', 'konum', 'izin', 'istem', 'izin', 'zorla', 'sırf', 'reklam', 'yenile', 'yeni', 'güncelle', 'zorunlu', 'kıl', 'biz', 'tam', 'aptal', 'yerine', 'koy', 'değer']","['sırf reklam', 'reklam yenile', 'güncelle zorunlu', 'reklam', 'yeni güncelle']"
"['i̇nternet', 'tamamen', 'bitir', 'günlük', 'önce', 'hastalık', 'artık', 'gerek', 'yok']","['hastalık artık', 'bitir günlük', 'gerek yok', 'tamamen bitir', 'günlük önce']"
"['böyle', 'kötü', 'tavsiye', 'bulaş']","['kötü tavsiye', 'tavsiye bulaş', 'tavsiye', 'böyle kötü', 'kötü']"
"['nakit', 'kart', 'çevir', 'git', 'ilk', 'çık', 'kart', 'henüz', 'değişim', 'bayi', 'şimdi', 'git', 'ana', 'bayi', 'sadece', 'değişim', 'söyle', 'bayi', 'değiş', 'imkan', 'yok', 'kal', 'orta', 'online', 'değişim', 'keşke', 'ana', 'bayi', 'git', 'zaman', 'yok', 'yakın', 'git', 'sonuç']","['çık kart', 'kart henüz', 'online değişim', 'nakit kart', 'henüz değişim']"
"['yıldız', 'bile', 'hak', 'hesabi', 'don', 'şifre', 'yenile', 'kod', 'falan', 'gönder', 'hala', 'acilmari']","['şifre yenile', 'şifre', 'don şifre', 'yıldız bile', 'yıldız']"
"['iyi', 'boş']","['iyi boş', 'boş', 'iyi']"
"['güzel', 'eksik', 'taraf', 'var']","['güzel eksik', 'eksik taraf', 'taraf var', 'eksik', 'taraf']"
"['tebrik', 'salla', 'kazan', 'düşünce', 'iyi', 'düş']","['tebrik salla', 'tebrik', 'iyi düş', 'kazan düşünce', 'iyi']"
"['böyle', 'böyle', 'operatör', 'hata', 'boşa', 'git']","['böyle operatör', 'operatör hata', 'operatör', 'hata boşa', 'boşa git']"
"['salla', 'kazan', 'hediye', 'kazan', 'kullan', 'aycell', 'kullan', 'gerek', 'dene', 'öde', 'çeşit', 'yok', 'kullan', 'sırf', 'turkcell', 'yüz', 'yan', 'müşteri', 'değer', 'operatör', 'turkcell', 'san', 'yanıl']","['operatör turkcell', 'sırf turkcell', 'turkcell', 'yan müşteri', 'müşteri değer']"
"['sual', 'iyi', 'yüklem', 'sanal', 'art', 'komisyon', 'biraz', 'can', 'sıkıcı', 'zaman', 'banka', 'kes', 'ücret']","['komisyon biraz', 'kes ücret', 'ücret', 'yüklem sanal', 'zaman banka']"
"['aycell', 'kart', 'yenile', 'git', 'turkcell', 'bayi', 'sistem', 'sorun', 'var', 'yad', 'biz', 'yeni', 'kart']","['kart yenile', 'yeni kart', 'aycell kart', 'git turkcell', 'yeni']"
"['keşke', 'kart', 'biraz', 'ucuz']","['keşke kart', 'kart biraz', 'biraz ucuz', 'ucuz', 'biraz']"
"['iyi', 'fena', 'değil']","['fena değil', 'iyi', 'iyi fena', 'değil', 'fena']"
"['ateş', 'keşke', 'biraz', 'bedava', 'net']","['ateş keşke', 'biraz bedava', 'ateş', 'keşke biraz', 'keşke']"
"['söz', 'gerek', 'yok', 'muazzam']","['yok muazzam', 'muazzam', 'gerek yok', 'yok', 'söz']"
"['iyi', 'fazla', 'söz', 'gerek', 'yok']","['gerek yok', 'fazla söz', 'yok', 'iyi fazla', 'söz gerek']"
"['hello', 'iyi']","['hello iyi', 'hello', 'iyi']"
"['sonradan', 'fatura', 'gör', 'kurcala', 'alın', 'öğren', 'mobil', 'işlem', 'bedel', 'ilk', 'fazladan', 'iyi', 'çık', 'trcell', 'yer', 'kadar', 'can', 'kadar', 'siz', 'bile', 'yakış']","['sonradan fatura', 'bedel ilk', 'bedel', 'fatura gör', 'işlem bedel']"
"['gerek', 'işlem', 'ücret', 'fatura', 'yarat', 'var']","['fatura yarat', 'ücret fatura', 'fatura', 'ücret', 'işlem ücret']"
"['sırf', 'i̇nternet', 'iki', 'giy', 'turkcell', 'eski', 'iyi', 'değil', 'kontür', 'fazla', 'hediye', 'var', 'saat', 'günlük', 'şey', 'yara', 'siz', 'türk', 'telekom', 'vodafone', 'öner']","['giy turkcell', 'siz türk', 'iki giy', 'turkcell eski', 'türk telekom']"
"['hayat', 'böyle', 'saçma', 'gör']","['hayat böyle', 'böyle saçma', 'saçma gör', 'hayat', 'saçma']"
"['fatura', 'numara', 'doğru', 'hal', 'abone', 'bulun', 'hata', 'mail', 'bilgi', 'ilgilen', 'yok', 'superonline', 'fatura', 'yatır', 'işlem', 'ücret', 'yok', 'yaz', 'kart', 'tanımla', 'sonra', 'öde', 'ekran', 'işlem', 'ücret', 'çıkar', 'tam', 'turkcell', 'bekle', 'ayrıca', 'dikkat', 'olumsuz', 'yaz', 'tek', 'kişi', 'cevap', 'hata', 'hariç', 'böyle', 'değer']","['fatura numara', 'superonline fatura', 'ücret çıkar', 'fatura yatır', 'hal abone']"
"['türkel', 'gör', 'paycel', 'kart', 'hediye', 'var', 'alısveris', 'öyle', 'veriolarmıs', 'böyle', 'kazık', 'var']","['kart hediye', 'paycel kart', 'hediye var', 'hediye', 'var alısveris']"
"['sanal', 'kart', 'normal', 'kart', 'ara', 'para', 'transfer', 'yok', 'kötü', 'para', 'transfer', 'konu', 'çalış', 'başla', 'önem', 'rica', 'iyi', 'gün']","['kart ara', 'normal kart', 'sanal kart', 'kart normal', 'para transfer']"
"['dakika', 'gol', 'yazılım', 'kurt', 'başla', 'cep', 'numara', 'yaz', 'öyle', 'kal', 'devam', 'tuş', 'çık', 'kapa', 'çık', 'sefer', 'kampanya', 'devam', 'tuş', 'boş', 'beyaz', 'ekran', 'çık', 'öyle', 'kal', 'ham', 'uyduruk', 'takıl', 'ileri', 'öde', 'çıkar', 'belli', 'hediye', 'kal', 'kafa', 'rahat', 'bil', 'yol', 'git', 'boşuna', 'telefon', 'yer', 'tut']","['çık sefer', 'git boşuna', 'çık kapa', 'çıkar belli', 'kapa çık']"
"['abi', 'dış', 'problem', 'yok', 'halet', 'iyi']","['problem yok', 'iyi', 'halet iyi', 'abi dış', 'yok halet']"
"['yıldız', 'sebep', 'çoğu', 'ihtiyaç', 'karşıla', 'evet', 'harca', 'puan', 'yad', 'i̇nternet', 'fakat', 'biraz', 'geliş', 'mesela', 'örnek', 'para', 'gönder', 'sanal', 'kart', 'debil', 'nakit', 'çekim', 'aycell', 'kart', 'var', 'kart', 'gönder', 'gerek', 'rahat', 'nakit', 'çekim', 'benzer', 'kaç', 'örnek', 'var', 'buyüzden', 'yıldız', 'eksik', 'lütfen', 'ciddi', 'aycell', 'biraz', 'geliş']","['yıldız sebep', 'yıldız eksik', 'buyüzden yıldız', 'yıldız', 'sanal kart']"
"['iyi', 'sadece', 'puan', 'git', 'birik', 'iste']","['puan git', 'iyi sadece', 'git birik', 'sadece puan', 'birik iste']"
"['güzel', 'zaten', 'herkes', 'sürekli', 'para', 'harca', 'aycell', 'harca', 'i̇nternet', 'kazan', 'harca', 'ancak', 'hediye', 'günlük', 'değil', 'yine', 'eski', 'hafta', 'iyi']","['ancak hediye', 'hediye günlük', 'sürekli para', 'hediye', 'hafta iyi']"
"['sıkıntı', 'detay', 'site', 'yaz', 'çalış', 'para', 'harca', 'siz', 'ekstra', 'avantaj', 'sun', 'dane', 'schön', 'lifecell']","['schön lifecell', 'lifecell', 'sun dane', 'avantaj sun', 'yaz çalış']"
"['işlem', 'limit', 'koy', 'mübarek', 'devre', 'gir', 'kal', 'saçma', 'gerek', 'olay', 'verim', 'kullan', 'yok', 'ayrıca', 'i̇ndi̇rmeymi̇n', 'pi̇şmanliktan', 'başka', 'bin', 'değil']","['işlem limit', 'limit', 'bin değil', 'kullan yok', 'limit koy']"
"['aycell', 'banka', 'kart', 'ücret', 'aylık', 'ücret', 'kesim', 'yok', 'yüz', 'kart', 'iptal', 'zaten', 'böyle', 'masraf', 'çıkar', 'kart', 'ihtiyaç', 'yok', 'siz', 'kullan', 'öner', 'bird', 'kart', 'market', 'dış', 'hiçbir', 'mağaza', 'kullan', 'neden', 'sor', 'yeni', 'kart', 'gerek', 'söyle', 'tek', 'kart', 'kendi', 'kart', 'cep', 'kart', 'sayı', 'art', 'masraf']","['kart ücret', 'banka kart', 'kart sayı', 'kart ihtiyaç', 'kart gerek']"
"['ilk', 'baş', 'hat', 'hediye', 'gün', 'çevir', 'i̇nternet', 'üzeri', 'yükle', 'fazla', 'para', 'kes', 'tam', 'git', 'gerek', 'oda', 'gene', 'yüksek', 'kes']","['yükle fazla', 'fazla para', 'üzeri yükle', 'hediye gün', 'fazla']"
"['i̇nternet', 'hediye', 'hafta', 'iyi', 'günlük', 'kötü']","['hediye hafta', 'nternet hediye', 'iyi günlük', 'hediye', 'hafta iyi']"
"['eksik', 'var', 'bird', 'türkel', 'paket', 'bayi', 'iyi']","['var bird', 'bird türkel', 'bird', 'türkel paket', 'paket']"
"['saçma', 'fatura', 'öde', 'seçenek', 'gir', 'ücret', 'kesinti', 'banka', 'hesap', 'anla', 'siz', 'fark', 'gerek', 'gerek', 'çekiliş', 'sonda', 'çık', 'yok']","['saçma fatura', 'fatura öde', 'öde seçenek', 'kesinti banka', 'ücret kesinti']"
"['boş', 'muhabbet', 'kardeş', 'insan', 'böyle', 'kan', 'iyi', 'değil', 'baki', 'dan']","['iyi değil', 'değil baki', 'boş muhabbet', 'böyle kan', 'değil']"
"['merhaba', 'banka', 'bile', 'teknoloji', 'anlam', 'ilerle', 'durum', 'aycell', 'biz', 'extra', 'özellik', 'sun', 'üst', 'üstün', 'para', 'kes', 'boşuna', 'kullan', 'çalış', 'para', 'yükle', 'iste', 'kes', 'para', 'çek', 'iste', 'kes', 'gerek', 'hizmet', 'para', 'yok']","['banka bile', 'para çek', 'banka', 'üstün para', 'hizmet para']"
"['merhaba', 'paycel', 'kart', 'kullan', 'şikayet', 'var', 'eskiden', 'hafta', 'i̇nternet', 'harca', 'şimdi', 'günlük', 'saçma', 'eski', 'iyi', 'papi', 'hediye', 'kupon', 'kullan', 'müşteri', 'hizmet', 'ara', 'diyoeki', 'biz', 'bey', 'yok', 'papi', 'oyun', 'mesaj', 'durum', 'imza', 'neyse', 'mesaj', 'hala', 'cevap', 'ses', 'seda', 'yok', 'bin', 'puan', 'falan', 'var', 'git', 'papi', 'çöp', 'kullan', 'yazık', 'yapı']","['git papi', 'yok papi', 'neyse mesaj', 'iyi papi', 'papi oyun']"
"['amb', 'diş', 'kalder', 'böyle', 'git', 'turkcell', 'türk', 'telekom', 'gece', 'düşün', 'resmen', 'insan', 'aldatiyonuz']","['kalder böyle', 'amb', 'böyle', 'insan', 'aldatiyonuz']"
"['saçma', 'kart', 'para', 'çek', 'ayrı', 'kart', 'gerek', 'sor', 'rağmen', 'kart', 'söyle', 'nakit', 'çekim', 'kart', 'iste']","['rağmen kart', 'saçma kart', 'kart söyle', 'kart gerek', 'ayrı kart']"
"['eskiden', 'iyi', 'boz', 'salla', 'kazan', 'fiyat', 'yüksel', 'böyle', 'git', 'hat', 'degistircem']","['fiyat yüksel', 'kazan fiyat', 'eskiden iyi', 'fiyat', 'yüksel böyle']"
"['iyi', 'değil']","['iyi değil', 'değil', 'iyi']"
"['dört', 'sil', 'yükle', 'türlü', 'böyle', 'açık', 'gri', 'renk', 'ekran', 'takı', 'kal', 'hiçbir', 'yazı', 'ikon', 'yok', 'türlü', 'kullan']","['ekran takı', 'renk ekran', 'yazı ikon', 'ikon yok', 'ikon']"
"['aycell', 'kart', 'i̇nternet', 'birik', 'paket', 'i̇nternet', 'bit', 'kullaniriz', 'turkcell', 'uyaniklik', 'hafta', 'kullanım', 'hak', 'aycell', ""i̇nternet'lerinki"", 'gunn', 'kullan', 'çek', 'yuhhh', 'artık', 'yuh', 'parti', 'gir', 'muhteri', 'salakenayi', 'yerine', 'koy', 'birk']","['kullaniriz turkcell', 'aycell kart', 'birik paket', 'kullaniriz', 'paket nternet']"
"['hediye', 'i̇nternet', 'süre', 'gün', 'vodafone', 'fark', 'yok', 'eskiden', 'salla', 'kazan', 'hafta', 'i̇nternet', 'çıkar', 'şimdi', 'abus', 'sabuk', 'şey', 'çık', 'böyle', 'git', 'hat', 'değiş', 'paha', 'müşteri', 'kıs', 'düşünce']","['müşteri kıs', 'süre gün', 'hediye nternet', 'paha müşteri', 'hediye']"
"['kesinlikle', 'tavsiye', 'bil', 'kart', 'bloke', 'kon', 'müşteri', 'hizmet', 'ara', 'bilgi', 'aktar', 'hafta', 'para', 'geri', 'hala', 'dur', 'birdaha', 'turkcell', 'türev', 'allah', 'korusundikkate', 'sonra', 'baş', 'keşke', 'söyle']","['kon müşteri', 'müşteri', 'müşteri hizmet', 'aktar hafta', 'para geri']"
"['boş', 'kart', 'sorun', 'çıkar', 'ozelligi', 'yok', 'para', 'cep', 'kat', 'kar', 'enayi', 'ara', 'herhalde', 'ancak', 'salak', 'kan', 'cep', 'boşal', 'keşke', 'isim', 'aycell', 'değil', 'boşşcell']","['değil boşşcell', 'aycell değil', 'cep boşal', 'boş kart', 'ozelligi yok']"
"['güzel', 'rahat', 'değil', 'hayat', 'kolay', 'sağla']","['hayat kolay', 'değil hayat', 'rahat değil', 'hayat', 'kolay sağla']"
"['güzel', 'fakat', 'ücret', 'doğru', 'değil', 'böyle', 'kesinlikle', 'cihaz', 'alçı', 'finansal', 'dan', 'cihaz', 'artı', 'işlem', 'ücret', 'normal', 'ücret', 'var', 'zaten', 'bird', 'işlem', 'ücret', 'yok', 'böyle', 'otomatik', 'talimat', 'değiş', 'yok', 'yine', 'işlem', 'ücret', 'lütfen', 'kaldır', 'müşteri', 'kayıp', 'yanıl', 'yok', 'artık', 'ekmek', 'para', 'biz', 'bura', 'yaz', 'sorun', 'bugün', 'aycell', 'öde', 'yine', 'işlem']","['fakat ücret', 'ücret var', 'ücret doğru', 'öde yine', 'işlem ücret']"
"['tam', 'iyi', 'değil']","['iyi değil', 'değil', 'iyi', 'tam iyi', 'tam']"
"['program', 'tam', 'çalış', 'para', 'yükle', 'çalış', 'işlem', 'gerçek', 'mesaj', 'böyle', 'git', 'program', 'kaldır']","['program kaldır', 'yükle çalış', 'program', 'program tam', 'yükle']"
"['paycel', 'yol', 'amal', 'uretilmis', 'sistemfizzy', 'turkcell', 'gibiblack', 'master', 'şirket', 'dususe', 'geç', 'asla', 'paycel', 'alp', 'kendi', 'yoldurtmamburda', 'pay', 'yaz', 'isim', 'siz', 'celal', 'yaz', 'kismida', 'oluyoznlack', 'master', 'disinda', 'hicri', 'yaramiyoryok', 'şanghay', 'cin', 'lokanta', 'indirimyok', 'rize', 'koy', 'kahve', 'hediyemizisim', 'gun', 'yok', 'oralarami', 'gideyimcidden', 'rezalwtsinz']","['şirket dususe', 'yoldurtmamburda pay', 'master şirket', 'şirket', 'kendi yoldurtmamburda']"
"['sanal', 'kart', 'kısım', 'güzel', 'neredeyse', 'sanal', 'alışveriş', 'platform', 'şua', 'kart', 'öde', 'bölüm', 'seçenek', 'sun', 'fizik', 'kart', 'üzeri', 'isim', 'yok', 'çip', 'sıkıntı', 'yarat', 'kullanım', 'esna']","['kart üzeri', 'kart kısım', 'sanal kart', 'şua kart', 'neredeyse sanal']"
"['iyi', 'kötü', 'orta', 'derece', 'kötü', 'yan', 'eksik', 'var', 'mesela', 'ilk', 'boğaziçi', 'elektrik', 'öde', 'iste', 'yok', 'iyi', 'taraf', 'i̇stanbul', 'kart', 'yükle', 'üstelik', 'yükle', 'hediye', 'sıkıntı', 'mail', 'gün', 'çöz']","['hediye sıkıntı', 'kart yükle', 'yükle hediye', 'elektrik öde', 'öde iste']"
"['aşırı', 'gerek', 'kart', 'kullan', 'dahi', 'kuvvet', 'muhtemel', 'kart', 'bas', 'sadece', 'sat', 'çık', 'kart', 'özellik', 'artı', 'anlaşma', 'indirim', 'kampanya', 'rağmen', 'işlem', 'ücret', 'kesinti', 'bomboş', 'kart', 'ensar', 'bedava', 'dopdolu', 'kart', 'var', 'zaten', 'i̇nternet', 'paket', 'iste', 'ergen', 'üre', 'kart', 'sadece', 'para', 'yükle', 'galiba']","['kart özellik', 'muhtemel kart', 'bomboş kart', 'kart kullan', 'kart sadece']"
"['güzel', 'zor', 'durum', 'güzel', 'yara', 'kadar', 'nakit', 'para', 'çek', 'iyi']","['durum güzel', 'çek iyi', 'güzel zor', 'güzel', 'para çek']"
"['aycell', 'kart', 'hat', 'tanım', 'hediye', 'var', 'kullan', 'kart', 'numara', 'çık', 'işlem', 'çalış', 'böyle', 'kart', 'yok', 'yardım', 'lütfen', 'çık']","['kart numara', 'böyle kart', 'kullan kart', 'aycell kart', 'kart yok']"
"['hafta', 'i̇nternet', 'geri', 'geri', 'kullan', 'yok', 'kullan', 'sil', 'güncelle', 'iyi', 'alışveriş', 'var', 'var']","['iyi alışveriş', 'alışveriş var', 'güncelle iyi', 'alışveriş', 'hafta nternet']"
"['deneyim', 'bilgi', 'kişi', 'müşteri', 'aptal', 'yerine', 'koy', 'tahrik', 'ister', 'iste', 'olay', 'kötü', 'ortam', 'taşı']","['deneyim bilgi', 'bilgi kişi', 'müşteri aptal', 'kişi müşteri', 'aptal yerine']"
"['allah', 'aşk', 'berbat', 'paket', 'koy', 'eskiden', 'aylık', 'var', 'konu', 'kaldır', 'sınır', 'bari', 'kart', 'mahvet', 'turkcell', 'git', 'git', 'sevgi', 'kaybet', 'iyi', 'türk', 'telekom', 'giriş', 'düzel', 'lütfen']","['allah aşk', 'allah', 'var konu', 'turkcell git', 'iyi türk']"
"['para', 'yatır', 'birşey', 'sat', 'market', 'fakat', 'para', 'yatır', 'çek', 'saha', 'iyi']","['market fakat', 'fakat para', 'para yatır', 'birşey sat', 'market']"
"['tek', 'eksik', 'tam', 'nakit', 'çek', 'özellik', 'önce', 'iste']","['nakit çek', 'tek eksik', 'çek özellik', 'eksik tam', 'eksik']"
"['müşteri', 'temsilci', 'ilgi', 'biz', 'alaka', 'sorun', 'değil', 'çözüm', 'sun', 'çözüm', 'kendi', 'bul', 'zor', 'kal']","['müşteri temsilci', 'çözüm kendi', 'müşteri', 'alaka sorun', 'temsilci ilgi']"
"['pos', 'cihaz', 'geç', 'kart', 'sadece', 'manyetik', 'alan', 'var', 'yeni', 'kart', 'çip', 'iste', 'cinemaximum', 'şirket', 'bile', 'kart', 'oku', 'bird', 'fatura', 'öde', 'ücret', 'gerek', 'yüksek']","['kart çip', 'yeni kart', 'bile kart', 'kart sadece', 'geç kart']"
"['aycell', 'kart', 'başka', 'kart', 'para', 'yükle', 'gerek', 'iyi']","['kart başka', 'başka kart', 'kart para', 'aycell kart', 'para yükle']"
"['begendum', 'ucuz', 'i̇nternet', 'iyi', 'mesela', 'gollercepte', 'hafta', 'abone', 'hak', 'iyi', 'değil', 'siz']","['hafta abone', 'ucuz nternet', 'begendum ucuz', 'abone', 'ucuz']"
"['site', 'diğer', 'operatör', 'dahil', 'sadece', 'turkcell', 'abone', 'gönder', 'biz', 'yok', 'güzel', 'oyun', 'val', 'turkcell', 'zorunlu', 'geç', 'başka', 'açıkla', 'yok', 'böyle', 'biz', 'sistem', 'zayıf', 'yan', 'kullan', 'zor', 'kal', 'tuuurrrkkkccceeelll']","['turkcell zorunlu', 'sadece turkcell', 'turkcell abone', 'turkcell', 'val turkcell']"
"['eksik', 'var']","['eksik var', 'eksik', 'var']"
"['iyi', 'değil']","['iyi değil', 'değil', 'iyi']"
"['para', 'yükle', 'i̇nternet', 'i̇nternet', 'iste', 'lira', 'i̇nternet', 'sadece', 'iyi']","['nternet iste', 'iste lira', 'para yükle', 'nternet nternet', 'iyi']"
"['yaş', 'altın', 'kullandiği', 'kart', 'nakit', 'para', 'koy', 'ayni', 'zaman', 'yeni', 'cihan', 'kart', 'sek', 'turuncu', 'i̇nternet', 'üzeri', 'alisveris', 'uygulamaylada', 'takip', 'indirim', 'yakala']","['cihan kart', 'kullandiği kart', 'altın kullandiği', 'yaş altın', 'kart nakit']"
"['anla', 'gerek', 'yok', 'dene']","['gerek yok', 'yok dene', 'yok', 'anla gerek', 'gerek']"
"['gerek', 'kart', 'turkcell', 'kalite', 'yakış', 'para', 'yükle', 'komisyon', 'turkcell', 'tim', 'bile', 'komisyon', 'kart', 'ücret', 'kes', 'sun', 'komisyon', 'yok', 'neredeyse', 'harca', 'katı', 'kazan', 'yük', 'gül', 'gül', 'kullan', 'yardım', 'yaz', 'genel', 'sorun', 'var', 'yükle', 'kadar', 'başka', 'açıkla', 'yok', 'sonra', 'yok', 'kullan', 'bi̇ri̇', 'parti', 'turkcell', 'kalite', 'yakış', 'gerek', 'kart']","['gerek kart', 'komisyon kart', 'kart ücret', 'kart turkcell', 'yükle komisyon']"
"['sıkıntı', 'çıkar']","['sıkıntı çıkar', 'sıkıntı', 'çıkar']"
"['fark', 'kart', 'para', 'kısa', 'zaman', 'böyle', 'güncelle', 'iyi', 'ilan', 'numara', 'gör', 'gerek', 'talep']","['fark kart', 'kart para', 'ilan numara', 'iyi ilan', 'numara gör']"
"['turkcell', 'kullan', 'tamam', 'iyi', 'para', 'kes', 'yükle', 'falan', 'ögren', 'bari', 'indirim', 'fal']","['indirim fal', 'bari indirim', 'iyi para', 'turkcell kullan', 'yükle falan']"
"['fatura', 'öde', 'girdi', 'işletim', 'ücret', 'çık', 'sonra', 'banka', 'dan', 'bak', 'sadece', 'kuruş', 'kadar', 'fark', 'paycel', 'sadece', 'turkcell', 'iyi', 'öte', 'paha']","['fatura öde', 'öde girdi', 'sonra banka', 'ücret çık', 'öde']"
"['kullan', 'ilk', 'hesap', 'para', 'yükle', 'lira', 'para', 'kes', 'san', 'kredi', 'kart', 'kart', 'para', 'aktar', 'kes', 'düzen', 'kes', 'tek', 'avantaj', 'bedava', 'i̇nternet', 'zaten', 'türkel', 'karı', 'acı', 'çıkar', 'area', 'rahmet', 'oku']","['para aktar', 'avantaj bedava', 'hesap para', 'san kredi', 'para yükle']"
"['kart', 'öde', 'bulaş', 'süre', 'rakip', 'yorum', 'bak', 'kişi', 'şikayet', 'bird', 'kredi', 'limit', 'takip', 'kullan', 'hergün', 'fark', 'rakam', 'çıkar', 'yaa', 'birgün', 'yaz', 'limit', 'i̇yigün', 'sonra', 'düşük', 'çık', 'fatura', 'öde', 'işlem', 'sonunda', 'alın', 'ücret', 'sıkıntı', 'nokta']","['kredi limit', 'fatura öde', 'ücret sıkıntı', 'öde bulaş', 'öde işlem']"
"['böyle', 'koy', 'yaban', 'yükle', 'ilk', 'sat', 'sakın', 'aycell', 'kart', 'yetersiz', 'bakiye', 'pişman']","['kart yetersiz', 'sat sakın', 'sakın aycell', 'sakın', 'yetersiz bakiye']"
"['gerek', 'hiçbirşey', 'anla', 'kullan', 'ihtiyaç', 'duy']","['gerek hiçbirşey', 'hiçbirşey anla', 'ihtiyaç duy', 'anla kullan', 'gerek']"
"['yarar', 'iyi', 'değil']","['iyi değil', 'değil', 'yarar', 'yarar iyi', 'iyi']"
"['sahtekar', 'başka', 'değil', 'kredi', 'kart', 'hesap', 'iste', 'alaka', 'kart', 'numara', 'ayıp', 'yaaa', 'insan', ""i̇nternet'lerinki"", 'böyle', 'program', 'yıldız']","['kredi kart', 'kart numara', 'kart hesap', 'alaka kart', 'kredi']"
"['aylık', 'kart', 'para', 'yok', 'çatır', 'çatır', 'kes', 'hediye', ""i̇nternet'i"", 'son', 'beri', 'maksimum', 'bil', 'ney', 'ulaş', 'turkcell', 'extra', 'paket', 'alaca', 'maksimum', 'limit', 'ulaş', 'arkadaş', 'san', 'kadar', 'para', 'sen', 'hak', 'kısıtla', 'hediye', 'i̇nternet', 'alışveriş', 'kazan', 'hak', 'kısıtla', 'koy', 'yazık', 'adam', 'doğru', 'dürüst', 'yok']","['aylık kart', 'para yok', 'kısıtla hediye', 'kadar para', 'alışveriş kazan']"
"['turkcell', 'mobil', 'öde', 'aycell', 'kart', 'para', 'yükle', 'zor', 'durum', 'kullan', 'özellik', 'kullan', 'olay', 'düşün', 'aycell', 'kal', 'düzenle', 'güncelle', 'nakit', 'çek', 'kart', 'i̇nternet', 'üzeri', 'yüklem', 'söyle', 'bugün', 'dene', 'yine', 'tamamen', 'sanal', 'kart', 'kullan', 'nakit', 'kart', 'kere', 'bile', 'yüklem', 'şaka']","['kart kullan', 'nakit kart', 'çek kart', 'kart kere', 'kart para']"
"['takı', 'kal', ""i̇nternet'imi"", 'yedi', 'düzel', 'lazım', 'turkcell']","['lazım turkcell', 'yedi düzel', 'kal nternet', 'turkcell', 'yedi']"
"['sene', 'kullan', 'hiçbir', 'silinti', 'gör', 'ufak', 'tefek', 'para', 'kes', 'olumlu', 'karsiliyorum', 'cunku', 'harcadigin', 'kadar', 'i̇nternet', 'ortalama', 'lira', 'fatura', 'i̇nternet', 'don', 'ora', 'para', 'yalnızca', 'lira', 'i̇ldiz', 'sebep', 'eski', 'parti', 'bedel', 'bedel', 'yenile', 'lütfen', 'ilgili', 'yoz', 'bulun', 'gün', 'lokanta', 'yer', 'kart', 'sorum', 'siz']","['parti bedel', 'lira fatura', 'fatura nternet', 'bedel yenile', 'para yalnızca']"
"['şifre', 'rağmen', 'bide', 'fazla', 'doğru', 'şifre', 'yanis', 'gir', 'bloke', 'koy', 'müşteri', 'temsilci', 'alaka']","['şifre rağmen', 'şifre yanis', 'şifre', 'doğru şifre', 'müşteri temsilci']"
"['kötü', 'fatura', 'kes', 'kes', 'üst', 'para', 'yatır', 'yok', 'yatır', 'iste', 'zaman', 'fatura', 'iste', 'saçmalık', 'para', 'harca', 'sonra', 'iptal', 'kendi', 'nakit', 'para', 'bulan', 'kart', 'trendyol', 'telefon', 'yatır', 'çek', 'lazım', 'işlem', 'hani', 'limit', 'adım', 'hangi', 'fatura', 'iste']","['kötü fatura', 'saçmalık para', 'para yatır', 'fatura kes', 'hangi fatura']"
"['yarın', 'geç', 'yat', 'ilk', 'zaman', 'para', 'göre', 'şimdi', 'yarı', 'iyi', 'değil']","['yarın geç', 'geç yat', 'zaman para', 'yarın', 'şimdi yarı']"
"['i̇nternet', 'şimdi', 'öde', 'i̇nternet', 'doğu', 'market', 'istasyon', 'yer', 'pos', 'cihaz', 'oku', 'kart', 'ancak', 'pos', 'cihaz', 'sıfır', 'zaman', 'oku', 'geliş', 'lazım', 'avantaj', 'sun', 'lazım', 'yok', 'kullan', 'kart', 'düşün', 'turkcell']","['kullan kart', 'oku kart', 'kart ancak', 'kart düşün', 'pos cihaz']"
"['böyle', 'sabah', 'saat', 'para', 'yatır', 'hala', 'provizyon', 'görün', 'mail', 'dalga', 'geç', 'cevap', 'adam', 'yad', 'i̇stanbulkart', 'yükle', 'kaldır']","['görün mail', 'böyle sabah', 'para yatır', 'sabah saat', 'sabah']"
"['güzel', 'yanlız', 'eksik', 'şehir', 'var', 'fatura', 'kisminda', 'düzelt', 'sevin']","['şehir var', 'eksik şehir', 'şehir', 'var fatura', 'düzelt sevin']"
"['yıldız', 'bile', 'fazla', 'para', 'yükle', 'para', 'kes', 'fatura', 'öde', 'para', 'kes', 'gerek', 'yok', 'banka', 'mobil', 'şube', 'iste', 'fatura', 'ücret', 'öde', 'bekle']","['fatura öde', 'öde para', 'fatura ücret', 'öde bekle', 'ücret öde']"
"['arkadaş', 'siz', 'iyi', 'söylüyorumkesinlikle', 'uzak', 'dur', 'kart', 'aidat', 'yok', 'diyorlaraylık', 'lira', 'kes', 'yükle', 'lira', 'yükle', 'lira', 'fazla', 'yükle', 'fazla', 'para', 'öde', 'fatura', 'komisyon', 'örnek', 'lira', 'elektrik', 'fatura', 'öde', 'lira', 'kes', 'toplam', 'öde', 'harca', 'neden', 'lira', 'harca', 'rağmen', ""i̇nternet'in"", 'bil', 'arkadaş']","['diyorlaraylık lira', 'fazla para', 'fatura öde', 'öde fatura', 'lira fazla']"
"['aycell', 'sıkıntı', 'var', 'finanscell', 'borç', 'iki', 'kat', 'göster', 'öde', 'gecik', 'kadar', 'faiz', 'müşteri', 'hizmet', 'ara', 'böyle', 'borç', 'yok', 'şüphe', 'düşür']","['finanscell borç', 'faiz müşteri', 'borç', 'böyle borç', 'borç iki']"
"['hizmet', 'sun', 'trceell', 'tek']","['hizmet sun', 'hizmet', 'tek', 'sun', 'trceell tek']"
"['yıldız', 'sebep', 'para', 'yükle', 'yüklem', 'baş', 'işlem', 'ücret', 'öde', 'aylık', 'aylık', 'üye', 'ücret', 'kes', 'ücret', 'telafi', 'minimum', 'yüklem', 'tutar', 'para', 'yükle', 'alışveriş', 'zaman', 'ücret', 'dikkat', 'öner', 'banka', 'kazık', 'banka', 'kullan', 'ideal', 'fakat', 'tuz', 'tek', 'avantaj', 'alışveriş', 'i̇nternet', 'kazan', 'turkcell', 'değil', 'avantaj', 'yok']","['tutar para', 'avantaj alışveriş', 'ücret kes', 'ücret öde', 'öde aylık']"
"['net', 'yükle', 'yok', 'kota', 'dol', 'mademki', 'böyle', 'hesap', 'para', 'bırak', 'böyle', 'git', 'aycell', 'iptal']","['para bırak', 'bırak böyle', 'bırak', 'aycell iptal', 'iptal']"
"['berbat', 'parti', 'yükle', 'yad', 'kes', 'taksit', 'bit', 'kullanmicam', 'igrenc', 'resmen', 'para', 'tuzagi', 'turkcell', 'zaten', 'kazak', 'fayda', 'gör', 'somurge', 'kar', 'yıl', 'fatura', 'kullan', 'avantaj', 'sürekli', 'çalış', 'yerli', 'sermaye', 'siz', 'düşün', 'siz', 'yaptiginiza', 'baki', 'taksit', 'bit', 'saçma', 'kart', 'yem', 'hat', 'kurtul', 'tavsiye', 'iyi', 'kar', 'i̇nternet', 'gayet', 'uygun', 'öte', 'yoknelernl']","['baki taksit', 'taksit bit', 'fatura kullan', 'zaten kazak', 'kes taksit']"
"['olay', 'store', 'sat', 'limit', 'sat', 'limit', 'art', 'gerek']","['limit', 'limit sat', 'store', 'sat limit', 'olay store']"
"['sürekli', 'işlem', 'gerçek', 'hata', 'alışveriş', 'oluş', 'sanal', 'kart', 'numara', 'öğren', 'yükle', 'para', 'banka', 'kart', 'aktar', 'berbat', 'gerek', 'bide', 'para', 'yükle', 'komisyon', 'saçma', 'eskiden', 'aycell', 'var']","['banka kart', 'kart aktar', 'hata alışveriş', 'kart numara', 'komisyon saçma']"
"['sırf', 'i̇nternet', 'yıldız', 'google', 'play', 'kaydet', 'kart', 'kes', 'kart', 'cep', 'çıkar', 'para', 'kes', 'yerine', 'koyar', 'kes', 'aylık', 'ücret', 'alın', 'belli', 'şekil', 'çıkar', 'aylık', 'ücret']","['kaydet kart', 'ücret alın', 'google play', 'aylık ücret', 'ücret']"
"['yeni', 'yükle', 'alışveriş', 'deneyim', 'ancak', 'para', 'yükle', 'ekstra', 'para', 'kes', 'böyle', 'saçma', 'önce', 'aycell', 'para', 'yükle', 'para', 'öde', 'sonra', 'alışveriş', 'saçmalık', 'ekstra', 'fazla', 'mevcut', 'kart', 'zaten', 'alışveriş', 'fayda', 'anla']","['alışveriş fayda', 'alışveriş saçmalık', 'sonra alışveriş', 'alışveriş deneyim', 'zaten alışveriş']"
"['hesabi', 'kaldiramiyoruz', 'kot', 'iyi']","['hesabi kaldiramiyoruz', 'kaldiramiyoruz kot', 'kaldiramiyoruz', 'kot iyi', 'iyi']"
"['aycell', 'aile', 'cevap', 'bekle', 'lütfen', 'hafta', 'senyapdiye', 'görev', 'aycell', 'sanal', 'kart', 'oluş', 'günlük', 'sat', 'senyapdiye', 'geri', 'dön', 'defalarca', 'kontrol', 'hala', 'görev', 'söyle', 'görev', 'bin', 'harca', 'lazım', 'bird', 'aşırı', 'derece', 'herşey', 'ücret', 'kes', 'fatura', 'öde', 'işlem', 'ücret', 'bakiye', 'yükle', 'işlem', 'ücret', 'hoş', 'böyle', 'iptal', 'edi']","['ücret bakiye', 'öde işlem', 'fatura öde', 'kart oluş', 'ücret kes']"
"['iyi', 'fena', 'değil', 'yıldız']","['değil yıldız', 'yıldız', 'fena değil', 'iyi fena', 'iyi']"
"['yıllık', 'turkcell', 'müşteri', 'mobil', 'öde', 'kısıtla', 'dolayı', 'böyle', 'büyük', 'şirket', 'yakış', 'çocuk', 'hareket', 'dolayı', 'siz', 'ayır', 'rakip', 'firma', 'geç', 'sadece', 'yazık', 'aycell', 'üçkaatçı', 'şiddet', 'iste', 'iste', 'cep', 'canlı', 'para', 'aycell', 'yatır', 'sor', 'yatır', 'var', 'göz', 'akıl', 'zor', 'var', 'millet', 'salak', 'yerine', 'koy', 'herkes', 'doy', 'kaatciliklara']","['firma geç', 'öde kısıtla', 'kısıtla dolayı', 'turkcell müşteri', 'doy kaatciliklara']"
"['geri', 'sil', 'kadar', 'olumsuz', 'mesaj', 'sonra', 'bulaş', 'lazım']","['olumsuz mesaj', 'mesaj sonra', 'kadar olumsuz', 'mesaj', 'sonra bulaş']"
"['böyle', 'saçmalık', 'gör', 'acı', 'beyaz', 'ekran', 'başka', 'yok', 'bil']","['beyaz ekran', 'saçmalık gör', 'ekran başka', 'böyle saçmalık', 'ekran']"
"['kredi', 'kart', 'boyle', 'keşke', 'hediye', 'net', 'kredi', 'kart', 'hediye', 'belli', 'değil']","['kredi kart', 'kart hediye', 'net kredi', 'kredi', 'hediye net']"
"['birden', 'fazla', 'telefon', 'gir', 'tekrar', 'yüklem', 'gerek']","['fazla telefon', 'telefon gir', 'telefon', 'tekrar yüklem', 'gir tekrar']"
"['kesinlikle', 'kullan', 'para', 'kazandirmayin', 'aldi', 'ürün', 'iade', 'yapildigi', 'banka', 'gonderildigi', 'hal', 'hesap', 'para', 'yatirmadilar', 'para', 'resmen', 'koy', 'dolandirici', 'alicaginiza', 'git', 'papara', 'kullan', 'iyi']","['kullan para', 'para kazandirmayin', 'banka gonderildigi', 'yatirmadilar para', 'yapildigi banka']"
"['böyle', 'saçmalık', 'olurortada', 'fiziki', 'alışveriş', 'yokherşey', 'sanal', 'sanal', 'kart', 'oluş', 'para', 'alınıyorpara', 'yükle', 'para', 'alınıyorharcama', 'komisyon', 'alınıyorfatura', 'öde', 'hizmet', 'bedel', 'alınıyorbile', 'bile', 'soy', 'iste', 'buyur', 'kullansıntürkcelli', 'terkediyorumsoyulmayı', 'yıldız', 'i̇nternet', 'hediye', 'kullan', 'şimdi', 'hak', 'verdimyoksa', 'soygun', 'yıldız', 'yıldız', 'verilmezpaycell', 'gir', 'ücret', 'tablo', 'bakın']","['bedel alınıyorbile', 'yıldız verilmezpaycell', 'para alınıyorpara', 'para alınıyorharcama', 'yokherşey sanal']"
"['iyi', 'değil']","['iyi değil', 'değil', 'iyi']"
"['düşün', 'ancak', 'yorum', 'oku', 'sonra', 'vazgeç', 'kaldır', 'para', 'yükle', 'yahut', 'fatura', 'öde', 'kesinti', 'anla', 'yorum', 'cevabi', 'sonra', 'harca', 'ancak', 'para', 'yüklem', 'ücret', 'fatura', 'öde', 'ücret', 'herşey', 'ücret', 'para', 'i̇nternet', 'hafta', 'kisitlayacaksiniz', 'mi̇lleti̇', 'keriz', 'yerine', 'koy', 'siz', 'i̇ldiz', 'bile', 'fazla']","['öde kesinti', 'kaldır para', 'fatura öde', 'hafta kisitlayacaksiniz', 'kisitlayacaksiniz']"
"['siz', 'yapacaginiz', 'bit', 'martin', 'para', 'var', 'kart', 'gir', 'isle', 'devam', 'keşke', 'para', 'yükle', 'soyguncu', 'hirsizlara', 'ayıp', 'ayıp']","['yükle soyguncu', 'yapacaginiz bit', 'keşke para', 'siz yapacaginiz', 'yapacaginiz']"
"['böyle', 'berbat', 'gör', 'kart', 'para', 'para', 'yükle', 'shell', 'mobil', 'öde', 'yapı', 'kart', 'ücret', 'kes', 'kes', 'anla', 'para', 'kese', 'önce', 'bilgi', 'haber', 'para', 'yüklicen', 'ücret', 'işlem', 'ücret', 'para', 'geri', 'alacan', 'ücret', 'sen', 'kullan', 'berbat', 'turkcell', 'yakış', 'özellik']","['kart ücret', 'alacan ücret', 'ücret para', 'yüklicen ücret', 'ücret kes']"
"['merhaba', 'yatır', 'fakat', 'para', 'geri', 'tekrar', 'dene', 'sonra', 'oyun', 'para', 'yatır', 'hesap', 'var', 'galiba', 'para', 'say', 'denizbank', 'bil', 'sevin', 'bankamatik', 'yer', 'ankara', 'demet', 'merkez', 'gerek', 'arzu']","['bankamatik yer', 'sevin bankamatik', 'bankamatik', 'para yatır', 'fakat para']"
"['arkadaş', 'sakin', 'sakin', 'tam', 'para', 'sok', 'zaman', 'yut', 'master', 'hizmet', 'ilgilen', 'kesinlikle', 'öner']","['arkadaş sakin', 'hizmet ilgilen', 'master hizmet', 'sakin sakin', 'ilgilen kesinlikle']"
"['salla', 'kazan', 'google', 'play', 'geçerli', 'hediye', 'mesaj', 'aycell', 'yükle', 'gerek', 'söyle', 'yükle', 'hatta', 'sanal', 'kart', 'oluş', 'hala', 'yok', 'orta']","['google play', 'hediye mesaj', 'geçerli hediye', 'kart oluş', 'hediye']"
"['aycell', 'şimdi', 'yükle', 'yorum', 'oku', 'merkez', 'mağdur', 'siz', 'paycelinizede', 'gerek', 'yok', 'kan', 'arkadaş']","['mağdur siz', 'merkez mağdur', 'yorum oku', 'yorum', 'siz paycelinizede']"
"['kullan', 'abi', 'herşey', 'masraf', 'para', 'yükle', 'masraf', 'kart', 'kal', 'masraf', 'para', 'iade', 'kadar', 'kesinti', 'kısaç', 'masraf', 'kazık', 'kullan', 'akıl', 'kullan', 'gerek', 'böyle', 'saçma', 'sapan', 'şey', 'baş', 'güzel', 'zannet', 'kullan', 'siz', 'kan', 'böyle', 'şey']","['masraf kazık', 'yükle masraf', 'masraf para', 'herşey masraf', 'kısaç masraf']"
"['haram', 'siz', 'kuruş', 'hak', 'haram', 'böyle']","['haram siz', 'siz kuruş', 'haram böyle', 'hak haram', 'haram']"
"['hoş', 'güzel', 'kazan', 'yalnız', 'tek', 'sıkıntı', 'limit', 'biraz', 'olay', 'bin', 'alışveriş', 'limit', 'kısıt', 'bekle', 'gerek', 'para', 'harcatmio', 'harca', 'iste', 'hala', 'tuncel', 'limit', 'kısıtla', 'var', 'baba', 'disk', ""i̇nternet'ten"", 'alışveriş', 'sen', 'sinir', 'kıy', 'aferin', 'tuncel', 'aylık', 'harca', 'kullan', 'limit', 'kısıt', 'yüz', 'birey', 'iste', 'zaman', 'yüksel', 'mumkunmu', 'önce', 'hatti', 'kontur', 'yükle']","['limit biraz', 'kısıtla var', 'limit kısıt', 'kısıt', 'limit kısıtla']"
"['telefon', 'geri', 'tuş', 'komple', 'çık', 'sinir', 'boz', 'geri', 'tuş', 'anasayfa', 'birk', 'geri', 'tuş', 'bas', 'çık', 'heryer', 'böyle']","['telefon geri', 'komple çık', 'telefon', 'çık sinir', 'çık heryer']"
"['türlü', 'işlem', 'şua', 'gerçek', 'lütfen', 'sonra', 'tekrar', 'dene', 'sürekli', 'acilen', 'düzel', 'gerek', 'aksi', 'takdirde', 'sil', 'durum', 'kal', 'geliş', 'gerek', 'kalite', 'hal', 'turkcell', 'yakış', 'durum', 'değil', 'şaşır']","['acilen düzel', 'gerek kalite', 'türlü işlem', 'kalite hal', 'işlem şua']"
"['kulanmasini', 'bil', 'numara', 'ara', 'sorun', 'cikmiyormu', 'dik', 'buyutulcek', 'sorun', 'değil', 'master', 'hizmet', 'yaz', 'adam', 'antik', 'boz', 'daha', 'gelisecegine', 'inan', 'tesekurler', 'turkcell', 'faturalarimida', 'odemelerimide', 'artık', 'bura', 'harcadikcada', 'kazan']","['turkcell faturalarimida', 'faturalarimida odemelerimide', 'odemelerimide artık', 'adam antik', 'antik boz']"
"['tasarım', 'çalış', 'gerek', 'turkcell', 'sen', 'yakış']","['tasarım çalış', 'tasarım', 'gerek turkcell', 'turkcell sen', 'turkcell']"
"['sorun', 'değil', 'itibaren', 'sorun', 'başla', 'ücret', 'sun', 'kart', 'işlem', 'ücret', 'kes', 'tavsiye', 'zaman', 'boşa', 'git']","['kart işlem', 'ücret sun', 'başla ücret', 'ücret kes', 'kes tavsiye']"
"['şimdi', 'böyle', 'bırak', 'ilk', 'limit', 'yer', 'açık', 'para', 'alirlarmi', 'sanal', 'kart', 'yok']","['kart yok', 'açık para', 'para alirlarmi', 'sanal kart', 'ilk limit']"
"['göre', 'güzel', 'böyle', 'lim', 'şaka', 'şaka', 'tam', 'orrrrrrrospu']","['şaka şaka', 'şaka tam', 'lim şaka', 'şaka', 'tam orrrrrrrospu']"
"['hesap', 'lira', 'rağmen', 'mobil', 'öde', 'aycell', 'kart', 'sipariş', 'bulun', 'gün', 'hala', 'böyle', 'rezalet']","['kart sipariş', 'aycell kart', 'öde', 'öde aycell', 'mobil öde']"
"['salla', 'kazan', 'bul', 'para', 'lazım', 'yok', 'salla', 'kazan', 'boş', 'boşuna', 'kart', 'sanal', 'kart', 'yeni', 'oluş']","['boşuna kart', 'kart yeni', 'sanal kart', 'boş boşuna', 'para lazım']"
"['telefon', 'masa', 'üzeri', 'dur', 'yoğun', 'şekil', 'çalış', 'birden', 'duy', 'ses', 'çıkar', 'aycell', 'bildiri', 'i̇stanbul', 'kart', 'bakiye', 'yükle', 'bil', 'angara', 'sen', 'hak', 'yok', 'yer', 'saçma', 'sapan', 'bildirim', 'gönder', 'rahat', 'elbette', 'sil']","['aycell bildiri', 'telefon', 'telefon masa', 'bildirim gönder', 'ses çıkar']"
"['bile', 'hakem', 'hani', 'turkcell', 'yeni', 'hediye', 'hizmet', 'yetersiz', 'böyle', 'devam', 'turkcell', 'hat', 'cari', 'iptal', 'edi']","['devam turkcell', 'turkcell', 'turkcell hat', 'cari iptal', 'bile hakem']"
"['peki', 'türktelekom', 'çıkar']","['türktelekom çıkar', 'çıkar', 'peki türktelekom', 'peki', 'türktelekom']"
"['iyi', 'değil']","['iyi değil', 'değil', 'iyi']"
"['gayet', 'başarı', 'kullan', 'eksik', 'tabii', 'var', 'harcadikca', 'i̇nternet', 'yer', 'geçerli']","['başarı kullan', 'gayet başarı', 'başarı', 'harcadikca nternet', 'kullan eksik']"
"['arkadaş', 'güven', 'para', 'çök', 'hafta', 'dekont', 'gönder', 'rağmen', 'para', 'aycell', 'kart', 'yükle', 'böyle', 'rezil', 'yok', 'defalarca', 'müşteri', 'hizmet', 'görüş', 'mail', 'alışveriş', 'hiçbir', 'ilerle', 'kaydet', 'inan', 'herkes', 'dekont', 'öde', 'işlem', 'geçmiş', 'mail', 'yazış', 'paylaş']","['mail alışveriş', 'mail yazış', 'geçmiş mail', 'mail', 'güven para']"
"['sanal', 'kart', 'yükle', 'ilk', 'baş', 'kendi', 'turkcell', 'hat', 'giriş', 'sıra', 'doğrula', 'kod', 'girdi', 'yanlış', 'şifre', 'gir', 'ardından', 'tekrar', 'dene', 'falan', 'kere', 'anla', 'telefon', 'bak', 'sonra', 'numara', 'giriş', 'kapa', 'ara', 'gerek', 'neyse', 'arkadaş', 'vodafone', 'hat', 'girdi', 'giriş', 'tamam', 'sanal', 'kart', 'oluş', 'kart', 'bilgi', 'tıkla', 'bekle', 'yükle', 'ekran', 'kal', 'kart', 'bilgi']","['şifre gir', 'kart yükle', 'kod girdi', 'oluş kart', 'kart oluş']"
"['tam', 'katkı', 'çıkar', 'zaman', 'hal', 'ilgilenirmisiniz', 'lütfen']","['ilgilenirmisiniz lütfen', 'tam katkı', 'lütfen', 'katkı çıkar', 'katkı']"
"['hediye', 'aycell', 'kart', 'zorla', 'gerek', 'hediye', 'kullan', 'sonra', 'anlam', 'yok']","['hediye kullan', 'kart zorla', 'hediye', 'hediye aycell', 'gerek hediye']"
"['hayat', 'böyle', 'saçma', 'dangalak', 'gör', 'mail', 'hesap', 'yanlış', 'yaz', 'düzel', 'müşteri', 'temsilci', 'yönlen', 'kredi', 'kart', 'boşuna', 'zaman', 'kayıp']","['mail hesap', 'hesap yanlış', 'kart boşuna', 'kredi kart', 'mail']"
"['program', 'ifade', 'kimse', 'kusur', 'bak', 'gerek', 'öde', 'fatura', 'yansı', 'biz', 'kazan', 'hediye', 'para', 'fatura', 'düş', 'lanet', 'böyle']","['fatura yansı', 'öde fatura', 'para fatura', 'gerek öde', 'fatura düş']"
"['kadar', 'saçma', 'sapan', 'hata', 'ara', 'yok', 'saat', 'yok', 'soylu', 'yok', 'böyle', 'cop', 'yok', 'halt', 'yara', 'hafta', 'sorun', 'cozemediler']","['sorun cozemediler', 'saat yok', 'ara yok', 'yok saat', 'saçma sapan']"
"['yeterince', 'iyi', 'değil', 'hediye', 'para', 'fazla']","['para fazla', 'hediye para', 'değil hediye', 'hediye', 'iyi değil']"
"['salla', 'kazan', 'lira', 'kazan', 'sanal', 'kart', 'oluş', 'rağmen', 'hala', 'para', 'kere', 'böyle']","['kazan sanal', 'sanal kart', 'kart oluş', 'kazan lira', 'kere böyle']"
"['iyi', 'değil']","['iyi değil', 'değil', 'iyi']"
"['yaptiginiz', 'harcamalariniz', 'fatura', 'yansı', 'berbat', 'fatura', 'zaten', 'okey', 'plus', 'cip', 'paycel', 'fatura', 'yansidi', 'geldee', 'böyle', 'tukurme']","['berbat fatura', 'harcamalariniz fatura', 'fatura yansı', 'yaptiginiz harcamalariniz', 'fatura zaten']"
"['turkcell', 'akdeniz', 'tane', 'paradise', 'böyle', 'tane', 'para', 'çek', 'eşya', 'kendi', 'gün', 'derece', 'kolej', 'çiğli', 'çiğli', 'yıkan', 'anla', 'götür', 'şaka', 'değil', 'kendi', 'kader', 'cemre', 'kolej', 'çiğli', 'çiğli', 'yıkan', 'allah', 'götür']","['kolej çiğli', 'çiğli çiğli', 'böyle tane', 'götür şaka', 'allah götür']"
"['şimdi', 'kadar', 'salla', 'kazan', 'toplam', 'aycell', 'hediye', 'çık', 'hiçbiri', 'hesap', 'geç', 'böyle', 'yok']","['hediye çık', 'hiçbiri hesap', 'hediye', 'aycell hediye', 'çık hiçbiri']"
"['yeni', 'rağmen', 'güncel', 'rağmen', 'erişim', 'sağla', 'güncel', 'değil', 'yar', 'lütfen']","['rağmen erişim', 'erişim sağla', 'sağla güncel', 'erişim', 'rağmen güncel']"
"['salla', 'kazan', 'çık', 'hediye', 'gerek', 'arz']","['çık hediye', 'hediye gerek', 'hediye', 'gerek arz', 'kazan çık']"
"['merhaba', 'yeni', 'güncelle', 'böyle', 'yok', 'saçma']","['merhaba yeni', 'merhaba', 'yok saçma', 'yok', 'güncelle böyle']"
"['hafta', 'önce', 'ödül', 'kazan', 'kullan', 'bil', 'program', 'gerek', 'ancak', 'program', 'hafta', 'sorun']","['program hafta', 'hafta sorun', 'hafta önce', 'hafta', 'önce ödül']"
"['biryer', 'daha']","['biryer daha', 'daha', 'biryer']"
"['sürekli', 'hata', 'hat', 'yük', 'başka', 'başka', 'hata', 'kendi', 'para', 'rezil', 'yazılım', 'acil', 'düzel', 'gerek']","['sürekli hata', 'yazılım acil', 'rezil yazılım', 'başka hata', 'hata']"
"['turkcell', 'hat', 'vodafone', 'tanı', 'bakiye', 'gör', 'kot', 'hala', 'düzel', 'başka', 'gsm', 'yükle', 'kart', 'yara', 'gerek']","['vodafone tanı', 'turkcell', 'hat vodafone', 'turkcell hat', 'vodafone']"
"['iyi', 'fena', 'değil']","['fena değil', 'iyi', 'iyi fena', 'değil', 'fena']"
"['merhaba', 'aycell', 'kart', 'gir', 'sanal', 'kart', 'bölüm', 'tıkla', 'diyorki', 'içersi', 'sanal', 'kart', 'oluş', 'bil', 'kere', 'böyle', 'hafta', 'sonra', 'acil', 'şimdi', 'hafta', 'lütfen', 'yardımcı']","['kart bölüm', 'kart oluş', 'sanal kart', 'içersi sanal', 'hafta lütfen']"
"['sanal', 'kart', 'oluş', 'hata', 'biraz', 'yoğun', 'hata', 'düzel', 'iyi', 'artık']","['hata düzel', 'yoğun hata', 'oluş hata', 'hata biraz', 'kart oluş']"
"['merhaba', 'iyi', 'sadece', 'fiyat', 'indirim', 'iyi', 'hizmet', 'kalite', 'yüksel', 'yüz', 'fena', 'paha', 'lütfen', 'birazcık', 'indirim']","['indirim iyi', 'birazcık indirim', 'iyi hizmet', 'hizmet kalite', 'indirim']"
"['aycell', 'üzeri', 'bakiye', 'gerek', 'iken', 'şua', 'yok', 'gözüküyoracil', 'yoz', 'iste']","['gözüküyoracil yoz', 'yok gözüküyoracil', 'yoz iste', 'aycell üzeri', 'üzeri bakiye']"
"['salla', 'kazan', 'hediye', 'ancak', 'turkcell', 'mağaza', 'aycell', 'kart', 'gerek', 'fiyat', 'kal', 'geri', 'sanal', 'kart', 'oluş', 'iste', 'oluş', 'tıkla', 'dönme', 'dolap', 'yuvarlak', 'dön', 'dön', 'dur', 'oluş']","['kart oluş', 'kart gerek', 'sanal kart', 'aycell kart', 'turkcell mağaza']"
"['acil', 'kart', 'kullan', 'lazım', 'güvenlik', 'hesap', 'don', 'bugün', 'kesinlikle', 'kart', 'kullan', 'lazım', 'yarar', 'iste', 'kampanya', 'son', 'gün', 'bil', 'engel', 'bakiye', 'var', 'çabuk', 'hallet', 'yardımcı', 'yok', 'kampanya', 'yar', 'yarar', 'merkez', 'tıpış', 'tıpış', 'artık']","['kampanya yar', 'iste kampanya', 'lazım güvenlik', 'yok kampanya', 'kullan lazım']"
"['kart', 'kaybol', 'gocun', 'güncelle', 'gerek', 'ara', 'kuzu', 'nijat', 'operatör', 'tanımla', 'banka', 'hesap', 'para', 'transfer', 'bil']","['kart kaybol', 'banka hesap', 'banka', 'tanımla banka', 'hesap para']"
"['kart', 'bilgi', 'gör', 'mtemsilcileride', 'para', 'sorun', 'yok', 'harca', 'kullan', 'resmen', 'para', 'koy', 'eposta', 'bile', 'dalga', 'gece', 'cevap', 'ralli', 'telefon', 'rami', 'yet', 'iyi', 'arkadaş', 'fark', 'cihaz', 'dene']","['telefon rami', 'kart bilgi', 'telefon', 'ralli telefon', 'cihaz']"
"['biz', 'kanka', 'değil', 'banka', 'lazım']","['banka lazım', 'değil banka', 'banka', 'kanka değil', 'biz']"
"['yad', 'yüz', 'gozunuze', 'bulastirmayin', 'ilgili', 'turkcell', 'görüş', 'yine', 'hikaye', 'acilmiyor', 'sanal', 'kart', 'olusturulamiyor', 'sil', 'yük', 'yapsanizda', 'sonucsuzabone', 'merkez', 'git', 'kart', 'kar', 'peki', 'sanal', 'kart', 'destek', 'sun', 'aaa', 'siz', 'aycell', 'burun', 'kullan', 'kullan', 'sun', 'platform', 'fiyasko']","['sanal kart', 'peki sanal', 'kart olusturulamiyor', 'git kart', 'kart destek']"
"['gerek', 'saçma', 'sistem', 'üzeri', 'alışveriş', 'ücret', 'çek', 'hal', 'hala', 'sistem', 'düş', 'gerek', 'yok']","['üzeri alışveriş', 'alışveriş ücret', 'saçma sistem', 'gerek saçma', 'hala sistem']"
"['iyi', 'yalnız', 'ara', 'i̇nternet', 'alışveriş', 'sorun', 'çıkar', 'yıldız', 'ora', 'kır']","['çıkar yıldız', 'sorun çıkar', 'alışveriş sorun', 'nternet alışveriş', 'yıldız ora']"
"['böyle', 'rezalet', 'gör', 'sanal', 'kart', 'oluş', 'sadece', 'kere', 'yüklem', 'sonra', 'defalarca', 'sil', 'yükle', 'düzel', 'müşteri', 'temsilci', 'mail', 'yine', 'düzel', 'yazık', 'tamamen', 'dolandırıcı', 'başka', 'değil', 'arkadaş', 'siz', 'yükle', 'tavsiye']","['temsilci mail', 'kart oluş', 'mail yine', 'mail', 'müşteri']"
"['detay', 'foto', 'kart', 'bilgi', 'gir', 'gerek', 'gizli', 'ilke', 'aykırı', 'durum', 'kart', 'kabul', 'nekadar', 'detay', 'iste', 'anla', 'otomatik', 'yanıtla', 'sistem', 'kimse', 'ilgilen', 'yok', 'yapay', 'zeka', 'otomatik', 'yanıt', 'google', 'olay', 'yorum']","['zeka otomatik', 'kart bilgi', 'otomatik yanıt', 'otomatik yanıtla', 'yapay zeka']"
"['iyi', 'değil', 'kardeş', 'boş', 'boş', ""i̇nternet'inizle"", 'yazık', 'bostan', 'yer']","['inizle yazık', 'yazık bostan', 'kardeş boş', 'değil kardeş', 'iyi değil']"
"['düzel', 'gerek', 'yem', 'küp', 'düzel']","['gerek yem', 'düzel gerek', 'küp düzel', 'düzel', 'gerek']"
"['böyle', 'saçma', 'gör', 'güler', 'cep', 'diğer', 'şey', 'ara', 'hal', 'hafta', 'hal', 'madem', 'para', 'kes', 'batı', 'gün', 'yeni', 'sorun', 'üst', 'sorun', 'böyle', 'git', 'bütün', 'aile', 'hat', 'cıkaracam', 'turkcell', 'dolandırıcı']","['saçma gör', 'böyle saçma', 'şey ara', 'hat cıkaracam', 'sorun böyle']"
"['kadar', 'para', 'yükle', 'tur', 'yenile', 'para']","['kadar para', 'yenile para', 'para yükle', 'kadar', 'tur yenile']"
"['abi', 'telefon', 'format', 'aycell', 'hesabi', 'don', 'siz', 'yapacaginiz', 'atina', 'koy', 'sev', 'hesabi', 'dondurma', 'önce']","['yapacaginiz atina', 'telefon', 'telefon format', 'atina', 'atina koy']"
"['zula', 'yok', 'iyi', 'fena', 'değil', 'saye', 'bin', 'kazan', 'güzel']","['fena değil', 'iyi fena', 'kazan güzel', 'iyi', 'güzel']"
"['puan', 'çünki', 'buçuk', 'işlem', 'bile', 'para', 'kesinti', 'böyle', 'sonra', 'banka', 'kart', 'cazip']","['sonra banka', 'banka kart', 'para kesinti', 'banka', 'bile para']"
"['hediye', 'yükle', 'sadece', 'fizy', 'gerek', 'şey', 'hediye', 'hediye', 'kart', 'şart', 'var', 'resmen', 'dalga', 'geç', 'hediye', 'falan', 'yok', 'hile', 'mal', 'sat']","['hediye yükle', 'hediye kart', 'hediye falan', 'şey hediye', 'hediye hediye']"
"['paycel', 'mobil', 'üzeri', 'yanlış', 'öde', 'iade', 'yok', 'kanka', 'kart', 'kredi', 'kart', 'bile', 'iade', 'yok', 'kullan', 'kullan', 'öner', 'insan', 'oğul', 'hata', 'geri', 'dön', 'yok', 'insan', 'öldür']","['yanlış öde', 'insan öldür', 'yok insan', 'iade yok', 'yok kanka']"
"['birçok', 'rezil', 'becerik', 'insan', 'yorum', 'oku', 'zahmet', 'bulun', 'kayıt', 'aşama', 'bile', 'türlü', 'hata', 'bide', 'finans', 'hassas', 'konu', 'adım', 'dusunmeniz', 'gerek']","['türlü hata', 'finans hassas', 'insan yorum', 'hassas konu', 'hata bide']"
"['kart', 'hiçbir', 'avantaj', 'yoikk', 'para', 'fatura', 'öde', 'elektrik', 'tel', 'işlem', 'ücret', 'gerek', 'var', 'zaten', 'i̇nternet', 'banka', 'ücret', 'öde', 'bide', 'aidat', 'çıkar', 'gerek', 'yok', 'direk', 'çöp', 'iptal']","['öde elektrik', 'kart hiçbir', 'fatura öde', 'elektrik tel', 'hiçbir avantaj']"
"['yorum', 'bilgi', 'amaç', 'yaz', 'salla', 'kazan', 'etkin', 'kazan', 'hediye', 'yatır', 'gerek', 'belir', 'sonra', 'kart', 'ücret', 'talep', 'siz', 'tipik', 'turkcell', 'şark', 'kurnaz']","['turkcell şark', 'yatır gerek', 'etkin kazan', 'şark', 'şark kurnaz']"
"['sor', 'sarikutu', 'puan', 'megabayt', 'cevir', 'kullan', 'yük', 'mesaj', 'yükle', 'sonra', 'ora', 'öde', 'kart', 'gerek', 'kısacası', 'berbat', 'puanlarimi', 'sor', 'evir', 'türkçesi', 'para', 'tuzak']","['türkçesi para', 'ora öde', 'öde', 'kart gerek', 'evir türkçesi']"
"['dolandırıcı', 'başka', 'değil', 'yerine', 'kullan', 'iyi', 'şey', 'var', 'çööööööp']","['kullan iyi', 'iyi şey', 'dolandırıcı başka', 'var çööööööp', 'şey var']"
"['kadar', 'olumsuz', 'yorum', 'vaki', 'kullan', 'sil', 'zaten', 'böyle', 'kart', 'cikardigini', 'anla', 'güç', 'tanıtım', 'video', 'ayrı', 'saçma', 'kız', 'tek', 'ora', 'kredi', 'kart', 'kullan', 'tamam', 'siz', 'kredi', 'kart', 'iste', 'iste', 'banka']","['kredi kart', 'böyle kart', 'kart kullan', 'siz kredi', 'ora kredi']"
"['böyle', 'sahtekar', 'yok', 'kafa', 'göre', 'hesabi', 'dan', 'çek', 'aycell', 'boş', 'kan', 'yok', 'mağdur']","['yok mağdur', 'böyle sahtekar', 'sahtekar yok', 'sahtekar', 'göre hesabi']"
"['kart', 'ücret', 'nakit', 'para', 'sadece', 'tim', 'yer', 'dolu', 'banka', 'kart', 'kredi', 'kart', 'para', 'yüklem', 'komisyon', 'ücret', 'var', 'oda', 'yet', 'aylık', 'üye', 'ücret', 'kes', 'iyi', 'düşün', 'aycell', 'kart']","['kart ücret', 'kredi kart', 'kart kredi', 'banka kart', 'ücret nakit']"
"['turkcell', 'kendi', 'bok', 'yara', 'sene', 'sürekli', 'müşteri', 'kale', 'değer', 'avantaj', 'sun', 'hediye', 'yarar', 'cins', 'lifebox', 'bimcell', 'dergi', 'yara', 'operatör', 'ilişki', 'sadece', 'konuş', 'i̇nternet', 'zaman', 'salla', 'kazan', 'salla', 'hediye', 'i̇nternet', 'vesselam', 'diğer', 'operatör', 'göre', 'paket', 'yarı', 'yarı', 'paha', 'turkcell', 'özel', 'kıl', 'türk', 'firma', 'devir', 'hesap', 'devir', 'akıl', 'baş', 'turkcell']","['turkcell kendi', 'baş turkcell', 'turkcell', 'turkcell özel', 'türk firma']"
"['kullanım', 'problem', 'ücret', 'yükle', 'ücret', 'öde', 'gerek', 'turkcell', 'diğer', 'başarı', 'ancak', 'uzak', 'dur', 'yarar', 'var']","['problem ücret', 'ücret yükle', 'yükle ücret', 'gerek turkcell', 'öde gerek']"
"['salla', 'kazan', 'kazan', 'bile', 'hesap', 'geç', 'kredi', 'kart', 'gir', 'dahil', 'hesap', 'para', 'kes', 'gerek', 'para', 'yıldız', 'bile']","['kredi kart', 'geç kredi', 'bile hesap', 'kredi', 'hesap para']"
"['para', 'yatır', 'komisyon', 'hesap', 'geç', 'fazla', 'değil', 'böyle', 'kullan', 'gerek']","['komisyon hesap', 'para yatır', 'yatır komisyon', 'hesap geç', 'hesap']"
"['hediye', 'sadece', 'net', 'diğer', 'fazla', 'gerek', 'duymadiğim', 'şey', 'bil', 'boşuna', 'uğraş', 'aciklayıcı', 'belirti', 'millet', 'yer', 'kullan', 'san', 'sadece', 'aycell', 'yaz', 'aycell', 'akaryakıt', 'var', 'orda', 'kullan']","['hediye sadece', 'boşuna uğraş', 'fazla gerek', 'hediye', 'bil boşuna']"
"['illa', 'turkcell', 'müşteri', 'gerek']","['turkcell müşteri', 'müşteri gerek', 'turkcell', 'müşteri', 'illa turkcell']"
"['kart', 'son', 'hane', 'yolluk', 'yanlış', 'kod', 'gir', 'boşuna', 'kart', 'banu', 'ara', 'kart', 'bankamatik', 'oku', 'boş', 'kart', 'iyi', 'i̇nni̇nal', 'yi̇nede', 'i̇yi̇']","['boşuna kart', 'boş kart', 'kart bankamatik', 'kart iyi', 'ara kart']"
"['siz', 'yapacaginiz', 'tukureyim', 'millet', 'salak', 'yerine', 'koy', 'vazgeç', 'artık']","['koy vazgeç', 'vazgeç artık', 'vazgeç', 'tukureyim millet', 'yapacaginiz tukureyim']"
"['sille', 'böyle', 'istemesemde', 'yüz', 'borç', 'küçük', 'kardeş', 'telefon', 'oyun', 'oyna', 'sürü', 'sat', 'direk', 'borç', 'adi', 'dem', 'yaz', 'sonra', 'limit', 'dol', 'yaz', 'şok', 'ger']","['yüz borç', 'borç küçük', 'borç adi', 'oyna sürü', 'kardeş telefon']"
"['siz', 'pil', 'ana', 'siz', 'pil', 'ulan', 'kart', 'para', 'var', 'hatlrcayamiyorum', 'akıl', 'koy']","['siz pil', 'var hatlrcayamiyorum', 'hatlrcayamiyorum akıl', 'hatlrcayamiyorum', 'kart para']"
"['uğraş', 'sarı', 'kutu', 'puan', 'i̇nternet', 'ana', 'dönüş', 'elli', 'saat', 'uğraş', 'buton', 'yer', 'ara', 'zor', 'öyle', 'değil', 'hak', 'değil', 'biraz', 'aşağı', 'tepe', 'kolay', 'hep', 'iyi', 'çalış', 'iyi', 'sabah']","['sabah', 'buton yer', 'uğraş buton', 'saat uğraş', 'elli saat']"
"['zerre', 'avantaj', 'sistem', 'kesinlikle', 'gerek', 'sari', 'kutu', 'puan', 'paket', 'donusturemiyosun', 'fark', 'sayfa', 'tip', 'dur', 'para']","['sari kutu', 'gerek sari', 'kutu', 'avantaj sistem', 'sari']"
"['kart', 'mesaj', 'yok', 'kadar', 'hediye', 'kart', 'gün', 'giriş', 'bile', 'yapamadımamac', 'dolandır', 'kart', 'fiyat', 'yansı', 'fatura', 'zaman', 'böyle', 'gerek', 'yok', 'para', 'kopar', 'uğraşıyorsunuzhelal']","['hediye kart', 'kart gün', 'kart fiyat', 'dolandır kart', 'yok para']"
"['güzel', 'fakat', 'yurt', 'dış', 'kullanım', 'yok', 'keşke', 'ininal', 'yad', 'tarz', 'kart', 'sadece', 'sanal', 'kontrol', 'fiziki', 'kart', 'sat', 'kart', 'yurt', 'dış', 'kullan']","['kart sadece', 'tarz kart', 'kart yurt', 'fiziki kart', 'sat kart']"
"['sorun', 'yok', 'gerek', 'yorum', 'aldan']","['gerek yorum', 'yorum aldan', 'yorum', 'sorun yok', 'gerek']"
"['sadece', 'oyun', 'para', 'yatır', 'iyi', 'amaç', 'güncelle', 'vat']","['oyun para', 'para yatır', 'sadece oyun', 'amaç güncelle', 'iyi amaç']"
"['güzel', 'eksik', 'var']","['güzel eksik', 'eksik var', 'eksik', 'güzel', 'var']"
"['google', 'play', 'fakat', 'ağustos', 'ayı', 'fatura', 'yıllık', 'aidat', 'alt', 'ücret', 'kes', 'gör', 'şimdi', 'salla', 'kazan', 'kazan', 'kullan', 'orta', 'bası', 'kart', 'yok', 'kur', 'keriz', 'baştan', 'kullan', 'para', 'yük', 'gerek', 'yad', 'aktif', 'hal', 'yıllık', 'aidat', 'alın', 'bil', 'dürüst', 'değil', 'yüz', 'aycell', 'kur', 'gerek', 'yok', 'böyle', 'uyanık', 'hareket', 'sarı', 'puan', 'siz']","['fatura yıllık', 'ücret kes', 'google play', 'alt ücret', 'ücret']"
"['selamün', 'aleyküm', 'kardeş', 'aycell', 'joy', 'sat', 'öde', 'gerçek', 'joy', 'para', 'hat', 'yansı', 'joy', 'lazım', 'geri', 'dön', 'sevin']","['selamün aleyküm', 'dön sevin', 'selamün', 'joy lazım', 'aleyküm kardeş']"
"['martin', 'para', 'yüklem', 'li̇mi̇ti̇', 'keşke', 'yara']","['keşke yara', 'martin para', 'martin', 'keşke', 'ti keşke']"
"['kot', 'işlem', 'gercek', 'lütfen', 'sonra', 'dene', 'işlem', 'kariyo', 'zaman', 'yara', 'çıkar', 'piyasa']","['işlem gercek', 'işlem kariyo', 'zaman yara', 'dene işlem', 'kariyo zaman']"
"['böyle', 'birey', 'gör', 'dun', 'parti', 'aktif', 'gozukuyofu', 'bugün', 'sabah', 'girdi', 'gozukmuyor', 'joygame', 'site', 'gir', 'nakit', 'zeki', 'onayla', 'banka', 'onay', 'işlem', 'yapmassiniz', 'şikayet', 'bulun', 'abi', 'master', 'hizmetmelirini', 'ari', 'yardım', 'bulunamiyolar', 'sorun', 'cözemiyolar', 'posta', 'yolla', 'siz', 'ulasicaz', 'salliyolar', 'şikayet', 'bulun', 'abi', 'yok', 'başka', 'çare']","['aktif gozukuyofu', 'gozukuyofu bugün', 'gozukmuyor joygame', 'girdi', 'gozukuyofu']"
"['turkcell', 'hizmet', 'konu', 'sev', 'böyle', 'kart', 'sat', 'türlü', 'türlü', 'gir', 'maalesef', 'sen', 'para', 'susa', 'şirket', 'değil', 'sen', 'kendi', 'hizmet', 'ada', 'amaç', 'sadece', 'müşteri', 'memnuniyet', 'san', 'şirket', 'san', 'yanıl']","['sadece müşteri', 'müşteri', 'müşteri memnuniyet', 'turkcell hizmet', 'susa şirket']"
"['sarı', 'kutu', 'aktar', 'puan', 'adet', 'i̇nternet', 'yükle', 'hat', 'yükle', 'müşteri', 'hizmet', 'görüş', 'dönüş', 'yapı', 'puan', 'iade', 'gün', 'hala', 'puan', 'iade', 'böyle', 'büyük', 'firma', 'küçük', 'ayak', 'oyun']","['yükle müşteri', 'sarı kutu', 'firma küçük', 'kutu aktar', 'müşteri hizmet']"
"['kart', 'lira', 'eksik']","['lira eksik', 'kart lira', 'eksik', 'lira', 'kart']"
"['sırf', 'kan', 'hadi', 'yarış', 'ipucu', 'soru', 'ipucu', 'falan', 'yok', 'böyle', 'kan', 'insan']","['böyle kan', 'sırf kan', 'hadi yarış', 'yarış ipucu', 'yarış']"
"['güzel', 'fakat', 'banka', 'kart', 'ekle', 'başarı', 'sorun', 'cover', 'iyi']","['banka kart', 'fakat banka', 'kart ekle', 'banka', 'başarı sorun']"
"['yara', 'para', 'kullan', 'kır', 'kart', 'böyle', 'saçma']","['kart böyle', 'kır kart', 'yara para', 'para kullan', 'böyle saçma']"
"['kadar', 'kredi', 'parti', 'kullan', 'kart', 'para', 'yatirdiğimda', 'para', 'kes', 'böyle', 'saçmalık', 'kullan', 'i̇çi̇n', 'para', 'yetir', 'sen', 'para', 'kes']","['para yatirdiğimda', 'yatirdiğimda para', 'kadar kredi', 'kredi parti', 'çi para']"
"['i̇nternet', 'iste', 'sadece', 'hafta', 'seçenek', 'var', 'aylık', 'paket', 'yok', 'iyi']","['hafta seçenek', 'sadece hafta', 'hafta', 'aylık paket', 'var aylık']"
"['rezalet', 'gün', 'iste', 'bilgi', 'hepsi', 'mail', 'gönder', 'telefon', 'model', 'söyle', 'sırf', 'i̇phone', 'gerek', 'yer', 'kart', 'arsa', 'iptal', 'hesap', 'yara']","['gönder telefon', 'telefon', 'sırf phone', 'phone', 'hepsi mail']"
"['beyaz', 'ekran', 'siyah', 'daha', 'acilmiyo', 'bosunami', 'kart']","['ekran siyah', 'beyaz ekran', 'bosunami kart', 'siyah daha', 'ekran']"
"['kart', 'kullan', 'biliyozmu', 'kartibu', 'ayipya', 'eksik', 'dayattiriyonuz', 'insan', 'boz', 'herşey', 'para', 'hemen', 'fatura', 'yaz', 'para', 'kart', 'dayat', 'abone', 'iptal', 'sok', 'oparatorlunuze']","['kart kullan', 'para kart', 'dayat abone', 'abone iptal', 'abone']"
"['arkadaş', 'san', 'turkcell', 'paragöz', 'buda', 'aynı', 'fatura', 'yansimasin', 'aycell', 'para', 'yükle', 'asla', 'paycelldeb', 'çek', 'para', 'aslan', 'resmen', 'insan', 'aptalsysrine', 'koy', 'turkcell', 'gene', 'sandık', 'yaniltmadi', 'aynı', 'para', 'göz', 'aynı', 'yaramaz', 'devam']","['aynı para', 'fatura yansimasin', 'yaniltmadi aynı', 'aynı fatura', 'çek para']"
"['anla', 'gerek', 'yok', 'turkcell', 'herkes', 'bak']","['herkes bak', 'turkcell herkes', 'yok turkcell', 'bak', 'yok']"
"['kardeş', 'base', 'kart', 'para', 'yuklucem', 'banka', 'kart', 'para', 'yükle', 'para', 'banka', 'kal', 'git', 'banka', 'işlem', 'turkcell', 'diyoki', 'para', 'ora', 'lazım', 'şimdi']","['banka kart', 'yuklucem banka', 'para banka', 'banka', 'banka işlem']"
"['iyi', 'hoş', 'denizbank', 'devlet', 'banka', 'iyi', 'değil']","['denizbank devlet', 'banka iyi', 'devlet banka', 'banka', 'denizbank']"
"['iyi', 'gün', 'türk', 'telekom', 'kart', 'yeni', 'kaç', 'yanlış', 'şifre', 'gir', 'hesap', 'güvenlik', 'neden', 'don', 'yanıt', 'aycell', 'müşteri', 'hizmet', 'kart', 'aktive', 'turkcell', 'gerek', 'lazım', 'geri', 'dön', 'sevin']","['türk telekom', 'yanlış şifre', 'şifre gir', 'şifre', 'hizmet kart']"
"['para', 'firma', 'kullan', 'gerek', 'yok', 'herturlu', 'kan']","['gerek yok', 'yok herturlu', 'firma kullan', 'yok', 'para firma']"
"['gayet', 'güzel', 'kötü', 'kullan', 'bil', 'iyi', 'boz', 'gayet', 'güzel']","['iyi boz', 'gayet güzel', 'iyi', 'güzel', 'kötü kullan']"
"['iyi', 'fena', 'değil']","['fena değil', 'iyi', 'iyi fena', 'değil', 'fena']"
"['iyi', 'değil']","['iyi değil', 'değil', 'iyi']"
"['sakin', 'yükle', 'gerçekten', 'iyi', 'değil', 'önem', 'güven', 'değil', 'turkcell', 'berbat', 'salla', 'kazan', 'aysel', 'hediye', 'para', 'kart', 'kullan', 'yazık', ""i̇nternet'inizle""]","['turkcell berbat', 'kart kullan', 'para kart', 'değil turkcell', 'iyi değil']"
"['buklet', 'kadar', 'hediye', 'yok', 'zaman', 'iyi', 'yardımcı', 'i̇nternet', 'anlam', 'genel', 'kot', 'yazmis', 'yara', 'ücret', 'hava', 'kazan']","['nternet anlam', 'yazmis yara', 'anlam genel', 'yara ücret', 'yazmis']"
"['eksik', 'ilgi', 'yok']","['ilgi yok', 'yok', 'eksik ilgi', 'eksik', 'ilgi']"
"['hediye', 'kart', 'git', 'şekil', 'kart', 'aktive', 'dene', 'yükle', 'eşek', 'kaybet', 'tekrar', 'bul', 'sevin', 'çalış', 'dur', 'yer', 'akit', 'git', 'böyle', 'say', 'turkcell', 'şimdi', 'gör', 'aylık', 'aidat', 'var']","['kart git', 'hediye kart', 'şekil kart', 'yükle eşek', 'turkcell şimdi']"
"['arkadaş', 'sakin', 'salla', 'kazan', 'kazandimsonra', 'haliylesimdide', 'para', 'kart', 'gerek', 'soylu', 'sadece', 'zaman', 'kayıp']","['kazandimsonra haliylesimdide', 'haliylesimdide para', 'para kart', 'kart gerek', 'kazandimsonra']"
"['i̇lkbaslarda', 'güzel', 'yaptigim', 'uyeligin', 'tatari', 'çek', 'yükle', 'iki', 'dun', 'ugrastim', 'başka', 'diğer', 'bambaşka', 'acikcasi', 'master', 'temsilci', 'pek', 'ilgili', 'değil', 'eleman', 'profesyonel', 'değil', 'sorun', 'yardimci', 'kimse', 'yok', 'anlicaginiz', 'tamamen', 'gerek', 'yüz', 'abone', 'iptal', 'iptal', 'ugrasmayin']","['abone iptal', 'abone', 'temsilci pek', 'iptal ugrasmayin', 'tatari çek']"
"['içeri', 'yükle', 'turkcell', 'fatura', 'öde', 'kes', 'gerek', 'var', 'zaman', 'siz']","['fatura öde', 'öde kes', 'öde', 'içeri yükle', 'fatura']"
"['kötü', 'gerek', 'kart', 'banka', 'yükle', 'hala', 'gözük', 'para', 'git', 'haram', 'zıkkım']","['kart banka', 'banka yükle', 'gerek kart', 'gözük para', 'para git']"
"['böyle', 'giriş', 'yapamiyorumisleminiz', 'uzun', 'sür', 'işlem', 'devam', 'sonra', 'tekrar', 'dene', 'giriş', 'bile']","['yapamiyorumisleminiz uzun', 'giriş yapamiyorumisleminiz', 'yapamiyorumisleminiz', 'dene giriş', 'uzun sür']"
"['rezalet', 'adeta', 'kendi', 'para', 'rezil', 'müşteri', 'hizmet', 'sıfır', 'kart', 'sürekli', 'işlem', 'gerçek', 'uyarı', 'ara', 'bayi', 'git', 'sürü', 'mail', 'ilgilen', 'yok', 'para', 'iade', 'talep', 'bulun', 'kesinti', 'bahset', 'bura', 'yeni', 'arkadaş', 'uğraş', 'nalet', 'sistem', 'kendi', 'çıkar', 'uğraş']","['rezil müşteri', 'hizmet sıfır', 'müşteri hizmet', 'sıfır kart', 'kart sürekli']"
"['salla', 'kazan', 'hafta', 'aycell', 'veriyormadem', 'kafa', 'göre', 'hediye', 'ayarla', 'isim', 'salla', 'kazan', 'koy', 'insan', 'kan', 'boş', 'boşuna', 'salla', 'gerek', 'duy', 'buda', 'yeni', 'kan', 'yöntem', 'kart', 'sırf', 'salla', 'kazan', 'ayarla', 'aycell', 'hediye', 'çkıyortebrikler', 'itibar', 'ciddi', 'şekil', 'kaybet', 'turkcell']","['yeni kan', 'göre hediye', 'aycell hediye', 'hediye çkıyortebrikler', 'hediye ayarla']"
"['şimdi', 'salla', 'kazan', 'hediye', 'gerek']","['kazan hediye', 'hediye gerek', 'hediye', 'şimdi salla', 'şimdi']"
"['usta', 'cins', 'puan', 'böyle', 'kart', 'kesin', 'almamizmi', 'gerek', 'sonra', 'sorun', 'yasarmiyim', 'kart', 'ücret', 'nekadar']","['yasarmiyim kart', 'kart ücret', 'böyle kart', 'kart kesin', 'ücret nekadar']"
"['hediye', 'türlü', 'kullan', 'kullanimi', 'sadece', 'görüntü', 'var', 'işlem', 'yok', 'turkcell', 'kalite', 'yakış', 'böyle', 'git', 'yakış']","['hediye türlü', 'turkcell kalite', 'görüntü', 'kalite yakış', 'görüntü var']"
"['berbat', 'kesinlikle', 'cağ', 'ayak', 'igrenc', 'sistem', 'keşke', 'bulaş', 'allah', 'hep', 'bela']","['bulaş allah', 'ayak igrenc', 'cağ ayak', 'berbat kesinlikle', 'berbat']"
"['yara', 'hediye', 'edison', 'bari', 'kullan', 'fizy', 'filan', 'yarış', 'değil', 'milyon', 'yara', 'turkcell', 'yakış', 'kadar', 'kullan', 'var', 'turkcell', 'saçma', 'sapan', 'şey', 'çıkar', 'millet', 'akıl', 'kurcala', 'yok', 'birer', 'birer', 'diğer', 'hat', 'geç']","['turkcell saçma', 'filan yarış', 'milyon yara', 'çıkar millet', 'saçma sapan']"
"['turkcell', 'gerçekten', 'böyle', 'yapıyosunuzbir', 'türk', 'celal', 'yani', 'insan', 'kendi', 'uzaklastırıyorsunuzkaliteden', 'ödün', 'bırak', 'artık']","['kendi uzaklastırıyorsunuzkaliteden', 'uzaklastırıyorsunuzkaliteden ödün', 'uzaklastırıyorsunuzkaliteden', 'türk celal', 'turkcell gerçekten']"
"['salla', 'kazan', 'çık', 'kullan', 'turkcell', 'bayii', 'aycell', 'cari', 'gerek']","['kullan turkcell', 'turkcell bayii', 'turkcell', 'cari gerek', 'cari']"
"['iyi', 'değil']","['iyi değil', 'değil', 'iyi']"
"['hafta', 'i̇nternet', 'alaca', 'kampanya', 'hak', 'bit', 'böyle', 'turkcell', 'mesaj', 'oku', 'geri', 'ileti', 'lütfen']","['turkcell mesaj', 'böyle turkcell', 'alaca kampanya', 'turkcell', 'kampanya hak']"
"['iste', 'sürekli', 'yerine', 'iyi']","['yerine iyi', 'iyi', 'iste sürekli', 'sürekli yerine', 'iste']"
"['gerek', 'yok']","['gerek yok', 'yok', 'gerek']"
"['aycell', 'parti', 'hesap', 'ekle', 'ekle', 'çalişinca', 'kart', 'aktiflesmistir', 'talep', 'redd', 'söyle', 'ininal', 'bile', 'böyle', 'değil']","['çalişinca kart', 'kart aktiflesmistir', 'parti hesap', 'hesap ekle', 'hesap']"
"['keşke', 'oğul', 'telefon']","['oğul telefon', 'keşke oğul', 'oğul', 'telefon', 'keşke']"
"['söz', 'iyi', 'berbat', 'hal', 'sistem', 'hata', 'cozemeyecek', 'personel', 'var', 'söyle', 'millet', 'siz', 'ara', 'zor', 'kal', 'kadar', 'aciz']","['cozemeyecek personel', 'hata cozemeyecek', 'iyi berbat', 'berbat hal', 'hata']"
"['yara', 'aptal', 'yönlen', 'yerine', 'i̇nternet', 'iyi', 'kullan', 'bil']","['yara aptal', 'yara', 'iyi kullan', 'kullan bil', 'yönlen yerine']"
"['sobe', 'git', 'gerek', 'zaman', 'anlam', 'var', 'paha', 'operatör', 'mantık', 'becer']","['zaman anlam', 'gerek zaman', 'zaman', 'operatör mantık', 'paha operatör']"
"['böyle', 'kimse', 'finance', 'tiklamamis', 'galiba', 'store', 'önce']","['kimse finance', 'finance tiklamamis', 'finance', 'store önce', 'böyle kimse']"
"['kazan', 'harca', 'yükle', 'para', 'bit', 'kart', 'iptal', 'kır', 'uygulamayida', 'sil', 'böyle', 'boş', 'ininal', 'kart', 'iyi']","['kart iptal', 'kart iyi', 'bit kart', 'ininal kart', 'iptal kır']"
"['hak', 'arkadaş', 'aynı', 'hediye', 'aycell', 'üye', 'kazık', 'üst', 'kazık', 'tavsiye', 'gerek', 'para', 'tuzak']","['aynı hediye', 'hediye aycell', 'hediye', 'gerek para', 'üye kazık']"
"['allah', 'bel', 'turkcell', 'şey', 'yorum', 'bugün', 'kadar', 'ilk', 'yorum', 'turkcell', 'dene', 'iletişim', 'şirket', 'resmen', 'müşteri', 'mal', 'enayi', 'salak', 'gerizekalı', 'yerine', 'koy', 'yapım', 'yayın', 'emek', 'geçen', 'hepsi', 'bayi', 'biddigini', 'gondikliyeyim', 'sakın', 'yüklem', 'yalan', 'falan', 'hikaye']","['yorum turkcell', 'resmen müşteri', 'turkcell', 'şirket resmen', 'bel turkcell']"
"['kötü', 'kazan', 'salla', 'kazan', 'gir', 'yok', 'gerek', 'program', 'zaten', 'tane', 'program', 'kabak', 'tat', 'iyi']","['program zaten', 'tane program', 'iyi', 'kötü kazan', 'tat iyi']"
"['boş', 'yer', 'yuklicem', 'aycell', 'hesabi', 'şifre', 'gir', 'işlem', 'falan', 'aksat', 'böyle', 'cevap', 'iste', 'siz', 'sonra', 'sorun', 'çöz', 'yıldız', 'alicaksiniz']","['yıldız alicaksiniz', 'şifre gir', 'çöz yıldız', 'sorun çöz', 'hesabi şifre']"
"['bey', 'kart', 'çıkarma', 'lazım', 'sanal', 'kart']","['kart çıkarma', 'bey kart', 'sanal kart', 'lazım sanal', 'çıkarma lazım']"
"['hediye', 'aynı', 'hediye', 'tekrar', 'tekrar', 'bile', 'limit', 'koy', 'hesap', 'aycell', 'ait', 'kayıt', 'kart', 'bilgi', 'sil', 'ayrı', 'sorun', 'hatta', 'turkcell', 'iletişim', 'geç', 'sil', 'uğraş', 'para', 'yükle', 'ücret', 'gerçekten', 'saçmalık', 'ayrıca', 'aylık', 'aidat', 'ücret', 'sonunda', 'şaşkın', 'pişman', 'öğren', 'dahası', 'ücret', 'yükle', 'para', 'geri', 'talep', 'bulun', 'hesap', 'havale', 'yine', 'güzel', 'rakam', 'öde', 'gerek', 'hepsi', 'alt', 'alt', 'topla', 'hiçbir', 'fayda', 'sağla', 'kart', 'sanal', 'kart', 'sahip']","['kayıt kart', 'kart sahip', 'sağla kart', 'kart bilgi', 'rakam öde']"
"['hayır', 'sadece', 'kart', 'sat', 'art', 'böyle', 'çıkar', 'saçma', 'turkcell', 'böyle', 'talep', 'kaybet']","['saçma turkcell', 'sadece kart', 'talep kaybet', 'turkcell böyle', 'çıkar saçma']"
"['güzel', 'fikir', 'turkcel', 'salla', 'kazan', 'ilk', 'playcel', 'kazanmisitim', 'baktimda', 'para', 'gözük', 'hak', 'geri', 'bildirim', 'gör', 'çoğu', 'ayni', 'geç', 'biz', 'hak', 'lazım', 'biz', 'birşey', 'geçostiremmeli', 'biz', 'yardimci', 'lazım', 'gün', 'içersi', 'hadi', 'geç', 'bak', 'hal', 'gün', 'bekle', 'bak', 'master', 'hizmet', 'ari', 'saçma', 'değil', 'bura', 'yazma', 'belirtim', 'insan', 'heveslen', 'yükle', 'koca', 'sirk', 'yapmiyosaniz', 'hatta', 'cikarmak', 'hatti', 'madde', 'cikardinizda', 'promosyon', 'teşşekür', 'geri', 'bi̇ldi̇ri̇mi̇mi̇', 'gör', 'cevap', 'yazmani̇zi̇', 'bekle']","['fikir turkcel', 'birşey geçostiremmeli', 'güzel fikir', 'ayni geç', 'hadi geç']"
"['hediye', 'üst', 'git', 'kart', 'böyle', 'saçma', 'yok']","['kart böyle', 'hediye üst', 'git kart', 'hediye', 'saçma yok']"
"['sal', 'kazan', 'sürü', 'tantana', 'kullan', 'yok', 'yok', 'böyle', 'adam', 'akıl', 'yad', 'bin', 'dere', 'getir']","['böyle adam', 'kullan yok', 'adam akıl', 'bin dere', 'getir']"
"['salla', 'kazan', 'paycel', 'çık', 'sevin', 'güzel', 'yara', 'gerek', 'duy']","['güzel yara', 'paycel çık', 'çık sevin', 'gerek duy', 'sevin güzel']"
"['kullanım', 'ücret', 'var', 'paha', 'var', 'para', 'turkcell', 'teslim', 'turkcell', 'para', 'kullan', 'sermaye', 'sağla', 'sermaye', 'para', 'kes', 'kullanım', 'ücret', 'kes', 'aksi', 'takdirde', 'cep', 'var', 'para', 'siz', 'emanet']","['kullanım ücret', 'ücret var', 'ücret kes', 'para kullan', 'ücret']"
"['biz', 'kimse', 'limit', 'koy', 'ulaaaaan']","['koy ulaaaaan', 'limit koy', 'kimse limit', 'ulaaaaan', 'koy']"
"['salla', 'kazan', 'aycell', 'kazan', 'gerek', 'tek', 'yükle', 'yükle', 'yükle', 'lira', 'komisyon', 'kendi', 'operatör', 'kendi', 'komisyon', 'komik', 'cidden', 'sonra', 'lira', 'sil', 'önce', 'şimdi', 'yükle', 'tekrar', 'bak', 'dur', 'lira', 'kullanım', 'kes', 'helal', 'dolandır', 'şaşır']","['yükle lira', 'tek yükle', 'komisyon kendi', 'sonra lira', 'kendi komisyon']"
"['i̇grenc', 'kes', 'tavsiye', 'gerek', 'masraf']","['gerek masraf', 'tavsiye gerek', 'tavsiye', 'kes tavsiye', 'gerek']"
"['eskiden', 'google', 'olay', 'store', 'üzeri', 'gönül', 'rahat', 'mobil', 'öde', 'gün', 'biri', 'lira', 'kazan', 'salla', 'kazan', 'mesaj', 'kazan', 'falan', 'değil', 'yine', 'alışveriş', 'devam', 'indirim', 'güzel', 'peki', 'sonra', 'buçuk', 'lira', 'para', 'kes', 'ara', 'mobil', 'öde', 'ücret', 'yıl', 'ücret', 'ücret', 'hal', 'getir', 'sonra', 'yok', 'kazan', 'yok', 'kazan', 'bugün', 'yine', 'mesaj', 'lira', 'kazan', 'kullan', 'kalk', 'bil', 'ücret', 'geri', 'gerek', 'var', 'tanımla', 'banka', 'kart', 'öde', 'hal', 'gül', 'turkcell', 'mobil', 'öde', 'servis', 'ara', 'fizik', 'kart', 'falan', 'yok', 'kısa', 'mesaj', 'onay', 'mobil', 'öde', 'söz', 'arkadaş']","['öde gün', 'öde söz', 'öde hal', 'eskiden google', 'yine alışveriş']"
"['böyle', 'dolandiricilik', 'yok', 'hesap', 'para', 'yatır', 'para', 'kes', 'iptal', 'gene', 'para', 'kes', 'selam', 'para', 'kes', 'sakın', 'yükle', 'allah', 'bela', 'turkcell', 'bit']","['para yatır', 'yatır para', 'yükle allah', 'yok hesap', 'böyle dolandiricilik']"
"['gerek', 'yok', 'kullan']","['gerek yok', 'yok kullan', 'yok', 'kullan', 'gerek']"
"['saçma', 'gerek', 'kadar', 'dolandırıcı', 'kredi', 'kart', 'ekle', 'kontör', 'akaryakıt', 'ulan', 'zaten', 'banka', 'yapiyoz', 'zaten', 'bide', 'kazen', 'alaka', 'yok']","['dolandırıcı kredi', 'zaten banka', 'kredi kart', 'kredi', 'banka']"
"['gerek', 'salla', 'kazan', 'siz', 'kal', 'kullan']","['siz kal', 'kal kullan', 'gerek salla', 'gerek', 'siz']"
"['aycell', 'hediye', 'yorum', 'bak', 'yükle', 'salla', 'kazan', 'adi', 'nebil', 'kazık', 'yöntem', 'abone', 'böyle', 'kazık', 'devam', 'kaybet', 'koskoca', 'turkcell', 'hal', 'dost', 'yazık', 'kısa', 'zaman', 'aile', 'gerek', 'sülale', 'turkcell', 'vazgecirecem']","['abone böyle', 'hediye yorum', 'aycell hediye', 'yöntem abone', 'abone']"
"['salla', 'kazan', 'hediye', 'zorunlu', 'yüklem', 'para', 'ohhh', 'miss', 'kazan', 'böyle', 'kaybet']","['böyle kaybet', 'kazan hediye', 'kazan böyle', 'ohhh miss', 'para ohhh']"
"['lanet', 'olası', 'bit', 'çöp', 'turkcell', 'kendi', 'iyi', 'boz', 'salla', 'kazan', 'dakika', 'harici', 'şey', 'saçma', 'türkiye', 'iletişim', 'tut', 'müşteri', 'ikram', 'bulun', 'yerine', 'saçma', 'sapan', 'uğraş']","['saçma türkiye', 'çöp turkcell', 'saçma sapan', 'yerine saçma', 'sapan uğraş']"
"['bura', 'yaz', 'pek', 'aldır', 'salla', 'kazan', 'hediye', 'kazan', 'git', 'aycell', 'kart', 'aktive', 'hesap', 'geçerli', 'yükle', 'yalnız', 'şöyle', 'sorun', 'var', 'destek', 'turkcell', 'tablet', 'üzeri', 'aycell', 'kullan', 'başka', 'mobil', 'cihaz', 'üzeri', 'işlem', 'zor', 'kal', 'turkcell', 'sorun', 'güncelle', 'düzelt', 'yorum', 'hesap', 'ait', 'değil']","['turkcell tablet', 'mobil cihaz', 'tablet üzeri', 'aycell kart', 'destek turkcell']"
"['madem', 'böyle', 'sistem', 'var', 'kaldır', 'salla', 'kazan', 'aycell', 'para', 'turkcell']","['para turkcell', 'böyle sistem', 'turkcell', 'sistem var', 'aycell para']"
"['fayda', 'hiçbir', 'özellik', 'yok', 'bayi', 'git', 'kart', 'gerek', 'var']","['git kart', 'fayda hiçbir', 'kart gerek', 'özellik yok', 'hiçbir özellik']"
"['kazan', 'sahtekar', 'gerek', 'yok', 'turkcell', 'yakış']","['turkcell yakış', 'yok turkcell', 'yakış', 'gerek yok', 'yok']"
"['saçma', 'yavaş', 'eksik']","['yavaş eksik', 'saçma yavaş', 'eksik', 'yavaş', 'saçma']"
"['flash', 'royal', 'hiçbirşey', 'hesabimdam', 'alisveris', 'aycell', 'iptal', 'lazım', 'lütfen', 'yar', 'turkcell', 'ekip', 'sat']","['flash royal', 'iptal lazım', 'aycell iptal', 'iptal', 'flash']"
"['allah', 'siz', 'bil', 'yıllık', 'turkcell', 'abone', 'bura', 'son', 'keriz', 'yerine', 'koy', 'millet']","['yıllık turkcell', 'keriz yerine', 'abone bura', 'turkcell abone', 'son keriz']"
"['hesap', 'don', 'yeniden', 'güzel', 'program', 'hesap', 'don', 'söyle', 'gerek', 'arz']","['program hesap', 'hesap don', 'güzel program', 'hesap', 'don yeniden']"
"['böyle', 'saçma', 'gör', 'hediye', 'yüklem', 'sart', 'resmen', 'insan', 'enayi', 'yerine', 'koy']","['gör hediye', 'hediye yüklem', 'hediye', 'böyle saçma', 'saçma gör']"
"['turkcell', 'ney', 'aycell', 'yaa', 'şimdi', 'kazan', 'yük', 'saçma', 'yaa', 'pişman', 'turkcell', 'geç', 'alaka', 'hediye', 'var', 'zaman', 'gelir', 'zaman', 'böyle', 'anlam', 'hediye', 'hoş', 'değil']","['hediye var', 'alaka hediye', 'pişman turkcell', 'hediye', 'hediye hoş']"
"['kalite', 'sat', 'başka', 'saçma', 'şey', 'çıkar', 'salla', 'kazan', 'iyi', 'çöp', 'çevir', 'salla', 'kazan', 'dakika', 'ses', 'başka', 'bırak', 'millet', 'arka', 'dursun']","['iyi çöp', 'çöp çevir', 'şey çıkar', 'bırak millet', 'millet arka']"
"['arkadaş', 'salla', 'kazan', 'hediye', 'ilgili', 'açıkla', 'web', 'site', 'yaz', 'bak', 'yorum', 'anla', 'fatura', 'öde', 'ücret', 'standart', 'başka', 'yerlerdede', 'benzer', 'fiyat', 'fakat', 'aycell', 'kart', 'yüklem', 'ücret', 'bej', 'fazla', 'banka', 'kart', 'ekle', 'büyük', 'eksik', 'güvenlik', 'konu', 'sorun', 'yaşa', 'kaç', 'iyi', 'ücret', 'azal', 'güzel']","['fatura öde', 'fiyat fakat', 'banka kart', 'kart yüklem', 'benzer fiyat']"
"['böyle', 'saçmalık', 'gör', 'turkcell', 'eski', 'salla', 'kazan', 'dağıt', 'devam']","['turkcell eski', 'kazan dağıt', 'saçmalık gör', 'dağıt devam', 'gör turkcell']"
"['aycell', 'ilk', 'hediye', 'çeki', 'boşa', 'kullan', 'gerek', 'dolandırıcı', 'başka', 'değil']","['ilk hediye', 'hediye çeki', 'hediye', 'çeki boşa', 'aycell ilk']"
"['bedava', 'üye', 'topla', 'dert', 'gerçek', 'yüklem', 'sonra', 'turkcell', 'sadece', 'i̇nternet', 'yükle', 'kullan', 'para', 'lazım']","['bedava üye', 'kullan para', 'sonra turkcell', 'turkcell sadece', 'turkcell']"
"['salla', 'kazan', 'böyle', 'şey', 'ekle', 'abonelerisalladığınızı', 'göster', 'kardeş', 'ayıp', 'hediye', 'bide', 'utan', 'yükle', 'şart', 'koş', 'üst', 'üstelik', 'bird', 'hediye', 'tutar', 'sadece', 'türk', 'ürün', 'kullan', 'siz', 'yunan', 'gavur', 'ermeni', 'insan', 'yapmazyazık', 'siz', 'bird', 'hedef', 'tut']","['siz bird', 'bird hediye', 'abonelerisalladığınızı', 'abonelerisalladığınızı göster', 'hediye bide']"
"['salla', 'kazan', 'birdaha', 'böyle', 'hediye', 'sil', 'koskoca', 'turkcell', 'bak', 'zaten', 'paket', 'baş', 'git', 'bide', 'sadece', 'mesaj', 'hak', 'kaldirmissiniz', 'gittikçe', 'patiyo', 'dolandiricilar']","['böyle hediye', 'zaten paket', 'hediye sil', 'hediye', 'paket baş']"
"['hat', 'değiş', 'vodafone', 'geç', 'turkcell', 'iyi', 'kötü', 'üstelik', 'paha', 'son', 'azim', 'turkcell']","['geç turkcell', 'azim turkcell', 'turkcell', 'vodafone geç', 'turkcell iyi']"
"['turkcell', 'para', 'tuzak', 'bit', 'salla', 'kazan', 'kullan', 'yüklem', 'gerek', 'neyse', 'yorum', 'oku', 'para', 'yuklemiyecem', 'turkcell', 'sürekli', 'kazıkla', 'çalış']","['turkcell para', 'turkcell sürekli', 'yuklemiyecem turkcell', 'turkcell', 'kazıkla çalış']"
"['turkcell', 'iyi', 'boz', 'dolandır', 'diğer', 'tut', 'sakın', 'kan', 'biz', 'devir', 'beleş', 'para', 'hak', 'haram', 'zıkkım', 'kadar', 'zor', 'durum', 'düşür']","['haram zıkkım', 'beleş para', 'hak haram', 'zıkkım kadar', 'boz dolandır']"
"['adam', 'akıl', 'tam', 'insan', 'enayi', 'yerine', 'koy', 'yazık']","['adam akıl', 'enayi yerine', 'koy yazık', 'insan enayi', 'tam insan']"
"['rezalet', 'başka', 'söz', 'gerek', 'yok', 'bird', 'para', 'yükle', 'zaten', 'paket', 'para', 'yet', 'köpek']","['bird para', 'yet köpek', 'köpek', 'zaten paket', 'para yükle']"
"['keşke', 'geri', 'imkan', 'bura', 'yer', 'çık', 'arkadaş']","['keşke geri', 'çık arkadaş', 'yer çık', 'geri', 'keşke']"
"['hediye', 'dik', 'yükle', 'sadece', 'lifecelltv', 'plus', 'falan', 'geçerli', 'paket', 'yön', 'sadece', 'kullan', 'madem', 'böyle', 'var', 'yer', 'yasin', 'turkcell', 'cazip', 'paket', 'başka', 'yer', 'kullan', 'sakın', 'inan', 'kullan', 'kullandirtmayin']","['sadece lifecelltv', 'lifecelltv plus', 'lifecelltv', 'paket başka', 'cazip paket']"
"['mantık', 'iyi', 'işlem', 'kötü']","['mantık iyi', 'işlem kötü', 'mantık', 'kötü', 'iyi işlem']"
"['sarf', 'yorum', 'turkcell', 'iyi', 'zıvana', 'çık', 'salla', 'kazan', 'son', 'zaman', 'hatırla', 'dakika', 'var', 'iken', 'konuş', 'dakika', 'şimdi', 'dolandırıcı', 'kadar', 'yok', 'keriz', 'gör', 'devam', 'insan']","['sarf yorum', 'zıvana çık', 'yorum turkcell', 'hatırla dakika', 'var iken']"
"['kazan', 'yükle', 'çevir', 'telefon', 'yük', 'nafile', 'yorum', 'bak', 'iyi', 'yğkleyememişim', 'öde', 'sorun', 'şüphelen', 'zaten', 'yok', 'git', 'biz']","['yok git', 'yğkleyememişim öde', 'git biz', 'sorun şüphelen', 'kazan yükle']"
"['kesinlikle', 'para', 'yükle', 'kullan', 'izin', 'mantık', 'dış', 'bile', 'ticaret', 'kafa', 'sun', 'sen', 'kullan', 'hiçbiri', 'memnun', 'değil', 'turkcell', 'biz', 'yıl', 'sonra', 'salla', 'kazan', 'güzel', 'sun', 'lütfen', 'siz', 'rica', 'konu', 'biz', 'pişman', 'kaldır', 'aycell', 'dene', 'salla', 'kazan']","['turkcell biz', 'pişman kaldır', 'bile ticaret', 'siz rica', 'sen kullan']"
"['ilk', 'gör', 'rağmen', 'lira', 'kes', 'i̇ptali̇', 'i̇çi̇n', 'başvur', 'gerek']","['çi başvur', 'başvur gerek', 'başvur', 'ilk', 'gerek']"
"['sanal', 'kart', 'yüklem', 'kes', 'uğraş', 'arkadaş', 'öner']","['kart yüklem', 'sanal kart', 'uğraş arkadaş', 'arkadaş öner', 'arkadaş']"
"['program', 'tek', 'kelime', 'rezalet', 'sakın', 'yükle', 'gönder', 'söyle', 'yolla', 'sonra', 'yalan', 'söyle', 'yükle', 'ekran', 'görüntü', 'iste', 'sus', 'pus', 'program', 'shell', 'istasyon', 'kesinlikle', 'çalış', 'kredi', 'kart', 'tanı', 'rağmen', 'para', 'bakiye', 'yaz', 'yolla', 'hesap', 'bulun', 'saçma', 'hata', 'google', 'olay', 'üzeri', 'program', 'sat', 'tek', 'halt', 'yara', 'geri', 'kalan', 'tamamen', 'hikaye', 'program', 'btk', 'ihbar', 'şikayet', 'kaldır', 'sağla', 'turkcell', 'kabul', 'program', 'tam', 'hüsran', 'tam', 'rezalet', 'program', 'yaz', 'iletişim', 'geç', 'rica', 'turkcell', 'ayşe', 'cevap', 'siz', 'uşak', 'yok', 'bura', 'mesaj', 'gönder', 'şikayet', 'kay', 'mail', 'gönder', 'becer', 'kabul', 'konu', 'kapa']","['rezalet program', 'üzeri program', 'program tek', 'program tam', 'program yaz']"
"['gün', 'lazım', 'yükle', 'öyle', 'boş', 'dur', 'ücret', 'kes', 'değil']","['gün lazım', 'lazım yükle', 'dur ücret', 'kes değil', 'öyle boş']"
"['kişi', 'iletişim', 'bilgi', 'soyadı', 'telefon', 'numara', 'herkes', 'dağıt', 'mecbur', 'tut', 'sözleşme', 'onayla', 'kullan', 'böyle', 'hırsız', 'program', 'kullan', 'kullan']","['hırsız program', 'telefon numara', 'soyadı telefon', 'telefon', 'iletişim bilgi']"
"['sakın', 'yükle', 'turkcell', 'hediye', 'zaten', 'siz', 'abone', 'para', 'geri', 'kullanım', 'sözleşme', 'oku', 'üye', 'ücret', 'kes', 'turkcell', 'böyle', 'üçkağıtçıliga', 'alet', 'yazık', 'açıklama', 'kısım', 'belir', 'balbay', 'turkcell']","['yükle turkcell', 'turkcell hediye', 'turkcell', 'balbay turkcell', 'turkcell böyle']"
"['başarı', 'sık', 'sık', 'kapa', 'sat', 'alım', 'hediye', 'bile', 'iptal', 'sil', 'keşke', 'reklam', 'para', 'sistem', 'iyi', 'kullan']","['keşke reklam', 'reklam', 'reklam para', 'sat alım', 'bile iptal']"
"['yüklem', 'uğraş', 'dur', 'hata', 'boşuna', 'gerek', 'yara']","['hata boşuna', 'dur hata', 'boşuna gerek', 'yüklem uğraş', 'uğraş dur']"
"['hediye', 'fos', 'çık', 'salla', 'kazan', 'oda', 'fos', 'mail', 'doğrula', 'hata', 'dur', 'çıkart', 'tane', 'tam', 'mesela', 'turkcell', 'entegre', 'link', 'aycell', 'siz', 'çalış', 'hayal', 'dünya', 'para', 'siz', 'öğreti', 'gerek']","['para siz', 'siz öğreti', 'dünya para', 'hediye fos', 'fos mail']"
"['gönder', 'fazla', 'kazan', 'hani', 'kimse', 'zaten', 'sıkıl', 'git', 'site', 'kal', 'zaten', 'direk', 'hesap', 'yükle', 'böyle', 'müşteri', 'değer']","['müşteri değer', 'böyle müşteri', 'müşteri', 'direk hesap', 'hesap']"
"['hediye', 'saat', 'sürekli', 'hata', 'yükle', 'kardeş', 'böyle', 'düzgün', 'yad']","['hediye saat', 'yükle kardeş', 'hediye', 'saat sürekli', 'kardeş böyle']"
"['ulan', 'kırk', 'yıl', 'düşün', 'akıl', 'böyle', 'dolandırıcı', 'turkcell', 'değil', 'galiba', 'turkcell', 'adam', 'turkcell', 'reklam', 'anlaşma', 'aracı', 'kıl', 'millet', 'dolandır', 'herhalde']","['adam turkcell', 'galiba turkcell', 'turkcell', 'turkcell reklam', 'dolandırıcı turkcell']"
"['helal', 'hayat', 'böyle', 'gör']","['hayat böyle', 'helal hayat', 'hayat', 'böyle', 'böyle gör']"
"['kur', 'beri', 'türkselliyyim', 'tam', 'avantaj', 'gerek', 'ara', 'muhteşemolmuş', 'sağlık', 'can', 'kardeş']","['muhteşemolmuş sağlık', 'beri türkselliyyim', 'türkselliyyim tam', 'türkselliyyim', 'ara muhteşemolmuş']"
"['googleplay', 'yaz', 'yolla', 'hediye', 'vadet', 'insan', 'aptal', 'yerine', 'koy', 'vazgeç', 'artık']","['googleplay yaz', 'googleplay', 'yolla hediye', 'hediye vadet', 'aptal yerine']"
"['pek', 'iyi', 'değil']","['iyi değil', 'değil', 'iyi', 'pek iyi', 'pek']"
"['turkcell', 'tarafından', 'gasp', 'evet', 'arkadaş', 'durum', 'aynen', 'böyle', 'söz', 'baş', 'olay', 'işlem', 'öde', 'kanal', 'değil', 'doğru', 'banka', 'kanal', 'tavsiye', 'olay', 'eylül', 'gün', 'hat', 'aycell', 'tanım', 'kredi', 'kart', 'öde', 'başla', 'normal', 'şekil', 'dakika', 'geç', 'işlem', 'sonuç', 'hikmet', 'gün', 'sür', 'devam', 'aycell', 'öde', 'başarı', 'dair', 'işlem', 'geçmiş', 'karşın', 'banka', 'kanal', 'işlem', 'muhasebe', 'dair', 'ekran', 'onay', 'karşın', 'şaka', 'bun', 'turkcell', 'aycell', 'ekip', 'gör', 'karşın', 'hala', 'hat', 'tut', 'yükle', 'üngün', 'süre', 'zarf', 'abartı', 'telefon', 'görüşme', 'ara', 'süre', 'dakika', 'konuş', 'rağmen', 'işlem', 'sonuç', 'karşı', 'işlem', 'sonuç', 'yardım', 'biri', 'bula', 'gerçekten', 'hayret', 'verici', 'yeni', 'işlev', 'önem', 'test', 'sun', 'küçücük', 'dağ', 'çık', 'hal', 'getir', 'neden', 'turkcell', 'tarafından', 'gasp', 'edi̇ldi̇m', 'hak', 'siz', 'anla', 'iste', 'inşallah', 'böyle', 'can', 'sıkıcı', 'olay', 'söz', 'baş']","['rağmen işlem', 'süre zarf', 'işlem sonuç', 'bun turkcell', 'neden turkcell']"
