Yorum,Puan,Tarih,Yıl,Ay
Rezillik kullanmayın kullandırmayın.,1,2024-12-31 22:49:00,2024,12
Yaw bu nasıl uygulama para yatırmadan önce her hangi bir işlem istenmiyor. Kendi paramı transfer yada kullanmaya kalkınca. Kimlik doğrulaması isteniyor telefonda nfc ozelligi bile yok bunlami ugrasacagiz,2,2024-12-31 18:42:21,2024,12
Paketlere tarifelere zam yapmasını biliyorsunuz ama paycellde qr kod ile ödeme bile yapılamıyor!!!,1,2024-12-31 13:20:58,2024,12
Benim telefon eski model değil vivo y21 modeli ama ben kimliğime doğrulamaya geçtiğim vakit NFC uygulamasını istiyor o uygulamada telefon modelinde yok ondan dolayı da Ben geri kaldırmak zorunda kaldım yoksa benim hoşuma gitmişti ama lakin NFC uygulamasını isteyince Ben de mecburen kaldırmak zorunda kaldım bu uygulamada NFC uygulaması istemese gayet iyi olurdu,1,2024-12-31 13:05:37,2024,12
Çok iyi bir uygulama,5,2024-12-31 11:15:34,2024,12
MESAJ GELİYOR VELİ MESAJ GELİYOR GELMESİN BEN 41 YASİNDAYİM,1,2024-12-31 08:08:11,2024,12
Son zamanlarda bütün kampanyalardan beni mahrum bırakan uygulama market ve trendyol kampanyaları bende neden yok neden kişiye göre muamele çekiliyor hemen düzeltin o kampanyalar olmazsa sizi neden kullanayım,2,2024-12-31 02:16:25,2024,12
PAYCELL kampanyalarim kısmında kazandığınız puanları harcayamiyorsunuz o yuzden bosyere kampanya kısmındaki teklifleri yapmaya uğraşmayın.,2,2024-12-31 00:14:47,2024,12
Tavsiye ederim,5,2024-12-30 23:36:46,2024,12
ya lütfen hediye alma kısmını sınırlamayı artırın ayda sadece 1 hediye olabiliyoruz aynı hediyeden lütfen artın puanlarimiz bosuna gidiyor hiçbir şey alamdan puanlar siliniyor,1,2024-12-30 18:57:10,2024,12
rezil bi uygula beni borca soktu qllah billdi yapsin sizler i,1,2024-12-30 15:40:32,2024,12
Harika,5,2024-12-30 15:18:02,2024,12
Giriş yapamiyorum,1,2024-12-30 14:59:28,2024,12
Mrblar paycell yetkilileri uygulama güzel açılışta çok ağır açılıyor ve parmak izi olursa çok iyi olur bide peşin iadeler çok geç yatırılıyor iadeler anında yatirilirsa çok güzel olur,1,2024-12-30 09:28:03,2024,12
Almayalım diye kimlik onayını engellemek için kameranın çalışmasını uygulamanın içinde QR para gönderirken açılan kamera colendi makul kıymet bölümüne girince açılan kamera açılmıyor bu politika mı,1,2024-12-30 00:46:48,2024,12
Yukarda çıksın diye yazıyorum şifremizi unutunca Şifremi unuttum basıyorum doğrula kodunuda giriyorum olmuyor arama merkezine diyor arayın arıyoruz çıkmıyor,5,2024-12-29 23:05:00,2024,12
İnternetim hala gelmedi hediyem puanla aldığım,5,2024-12-29 21:06:26,2024,12
Paycell uygulamasına giriş yapamıyorum lütfen bu sorunu bir an önce düzeltin SMS kodu gelmiyor telefonuma,2,2024-12-29 20:48:57,2024,12
Berbat ötesi,5,2024-12-29 19:25:09,2024,12
5 par aetmez bir uygulama birsürü kesinti yapmasi harici paycelltikoya attığımız parayı kullanamıyor ve geri çekemiyoruz.geri çekmek için mail gonderdim 1 hafta sonra para vergi kesilmiş halde geri geldi.kalan parayi kendi kartima cekmek istediğimdede bi vergi kesti tamamen para tuzagi,1,2024-12-29 15:18:46,2024,12
Saçma sapan insanı çıldırtan bir uygulama. Sistem kendi kendine kurulmuş.,1,2024-12-29 14:52:17,2024,12
Bana mesaj geldi kredi hakkınız var diye bnde linke girdim bana kod gönderdiler onayladım bnde sanıyorum kredi ödemeli meğerse kredi kartımdan aktarma yapmış parayida y ç . Diye bir arkadaş kendi hesabına aktarmış hiç bir şekilde muhatap bulamadım uygulamayada giremiyorum harcama iptali verdim bankaya hiç bir şey çıkmadı gitti param,3,2024-12-29 08:10:13,2024,12
Falan da filan da yani,1,2024-12-29 01:38:52,2024,12
HİÇ İYİ DEĞİL YÜKLEMEYİN MESELA BENİM 5000 PUANIM VARDI KENDİLİĞİNDEN GİDİYOR SALLA TOPLA YAPIYORUM HER HAFTA 100 PUAN ÇIKIYOR İNTERNETTE 25000 puan HER HAFTA 100 PUANLA 25000 OLURMU,1,2024-12-28 14:37:18,2024,12
İşlem ücreti adı altında mukellemmel bir para kazanma şekli bulmuş adamlar. Sanal yapılan işlemlerde nasıl oluyorsa masraf kesiyorlar anlamadım. Nakit çekim yok. Boş kisacasi,1,2024-12-28 10:27:33,2024,12
cok iyi,5,2024-12-28 09:51:08,2024,12
Kampanyaya katıl demeden otomatik olması lazım PAPARA DAHA İYİ Paycell kullanmayın.,1,2024-12-28 04:22:02,2024,12
1 tane oyun satın almıştım oda gelmedi hemen beni faturana yansit adı altında üye yapmışlar tam bir soygun aklı olan uzak dursun,1,2024-12-27 20:36:15,2024,12
Sırf yorum yazmak için yükledim. Bu g.rize.kali programın reklamına bangır bangır müzik koymuşsunuz ve olur olmadık yerde reklamınız çıkıyor sizin yüzünüzden kaç kez bebeğim uyandı. Zaten gereksiz bı program olduğunu herkes yazmış müziğide gereksiz. Allah'ın c.zaları,1,2024-12-27 18:25:35,2024,12
Çok iyi ama limit çok düşük en az 2k olmalı bence,5,2024-12-27 16:19:42,2024,12
Kullanmayın tavsiye etmem muşteri hizmetleri vasat,1,2024-12-27 07:41:34,2024,12
Süper,5,2024-12-27 01:45:14,2024,12
Üyeliğimi iptal ettirdim kurtulduk berbat parayı alıyor hesaba 1 hafta sonra yansıtıyor herseferinde dolandırıcı olmussunuz,1,2024-12-26 19:45:46,2024,12
GÜZEL VE KULLANIŞLI,5,2024-12-26 14:00:50,2024,12
Uyguluma cok kötü yıllardır türkcell kullanıyorum bi halta yaradıgı yok paycelle indiriyorum telefon numarası giriyorum güvenlik deniyle oturumusunuz sonlandırma yazıyo müsteri hizmetleri arıyorum ilgilenmiyolar lütfen yardımcı olun lütfen😴,1,2024-12-25 23:55:28,2024,12
QR ile ödemeye %20 nakit iade diyorlardı. Nakit iadesini bırakın. QR ile ödedim diye üstüne işlem ücreti kesti. Ödeme yaptım diye işlem ücreti kesti. Böyle bir şey olabilir mi lan?,1,2024-12-25 18:54:45,2024,12
"1 saattir belirli aralıklarla kayıt yapmaya çalışıyorum ama son aşamaya gelince üzgünüz şuanda işlem yapılamıyor gibi bir uyarı geliyor. Şifremi unuttum giriş yapamıyorum bana kurtarma kodu ile girmekten başka seçenek sunmuyor, ben zaten şifremi unutmuşum kurtarma kodunu nasıl hatırlayım??",1,2024-12-25 18:28:23,2024,12
10 numara uygulama allah emegi gecen herkesin elleri dert gormesin aslan yegenlerim,5,2024-12-25 13:36:16,2024,12
Mükemmel,5,2024-12-25 11:01:19,2024,12
Bu uygulamanın ap,5,2024-12-25 02:03:45,2024,12
paycell uygulaması harika cok güzel beğendim kredi puanımı görüyorum,5,2024-12-24 20:21:40,2024,12
Bu uygulama hayatımda gördüğüm en saçma hatayı veriyor arkadaşlarını davet et Kazan diyor davet etmek için kod istiyorum hata verip uygulamadan atıyor madem hediye vermeyeceksiniz kampanya yapmayın,1,2024-12-24 13:37:18,2024,12
Kart ekleme güzel,5,2024-12-24 11:06:26,2024,12
Güzel,5,2024-12-24 08:50:54,2024,12
Şifremi unutum ve defalarca denememe rağmen giriş sağlanmıyor yardımcı olurmusunuz,1,2024-12-24 07:15:57,2024,12
Uygulama berbat bişey iki saatir giriş yapamıyorum arayın diyince arama olmuyor,1,2024-12-23 20:43:40,2024,12
Daha iyi olabilir,4,2024-12-23 18:40:30,2024,12
Özellikle karta aktarılabilen bakiye çok güzel olmuş ellerinize sağlık,5,2024-12-23 18:20:01,2024,12
Market alışverişlerde %20 iade dediler o kadar reklam yaptılar kaldırmışlar. Resmen milleti enayi yerine koyuyorlar. Aynen böyle devam turkcell harika güven veriyorsun 👍👏,1,2024-12-23 15:07:48,2024,12
Kredi kartı borcumu ödemeye çalışıyorum 9 ile 17 saatleri arasında diye bir hata veriyor ama saat 13 ? Hiçbir şekilde Hiçbir işimi görmeyen işe yaramaz boş bir uygulamadan ibaret,1,2024-12-23 13:13:50,2024,12
1-Telefon numarasini degistiremiyoursunuz 2-Kredi kartından yüklemeleri başka hesaba tranfer edemiyor yada nakit cekemiyorsunuz. Bu önemli mevzuyu Uygulamada SSS da bilerek yazmamışlar !!,1,2024-12-23 12:02:23,2024,12
Paycell kart limitimi arttırmak için Turkcell şubesine gittim biz bakmıyoruz deyip ilgilenmediler. Halbuki paycell limit artırmak için kimlik teyit ederek tüm Turkcell bayilerinden yapılacağını söylüyor web siteniz,1,2024-12-22 19:54:52,2024,12
Davet koduna basınca çıkıyor uygulanmadan,1,2024-12-22 12:31:37,2024,12
Uygulamada bir hata var arkadaşını davet et dediğimizde uygulamadan atıyor bu sorunun acil yapılması lazım,1,2024-12-22 07:16:02,2024,12
2 gündür limitim olduğu halde karta yükleme yapmıyor müşteri hız çok deneyimsiz sorunu çözemediler Kullanımı keyifsiz tavsiye etmem çözüm odaklı değil yanlışsa bana ulaşabilirsiniz telim kayıtlı,1,2024-12-22 01:10:33,2024,12
Rezalet bir uygulama eski paycell yok artık uygulamayi bitirdiniz,1,2024-12-22 00:44:23,2024,12
Kaç seferdir deniyorum sms gelmiyor bide 12 saatte bir deneme Hakkı vermişsiniz,1,2024-12-22 00:35:58,2024,12
Çok güzel uygulama,5,2024-12-22 00:01:41,2024,12
çok iyi bir uygulama tavsiye ederim,5,2024-12-21 21:12:06,2024,12
Ben böyle rezil kötü bir uygulama görmedim şifremi unuttum yeni şifre almak için şifremi unuttum kısmına basıp şifre almak istiyorum hesabınız blokelenmiştir diyor çağrı merkezini arıyorum uygulama giriş şifrenizi yazın diyor ben bilsem şifremi burda ne işim var ne kadar rezalet bir uygulama,1,2024-12-21 14:11:15,2024,12
Yukarda görünsün diye 5 yıldız verdim şifremi unuttum şifreyi yenileyemiyorum şifre değiştirmek çok zor yardımcı olursanız sevinirim,5,2024-12-21 11:27:52,2024,12
Paycell limitim gözükmüyor yardımcı olurmusunuz,5,2024-12-21 00:28:27,2024,12
rezalet. kendi kendi uygulamadan atmalar. sürekli hata vermeler. sinir harbi başka birşey degil,1,2024-12-21 00:19:35,2024,12
Siz bu uygulamayı bizi kanser etmek için mi kullanıyorsunuz? Bu da kesin dış güçlerin işi ( sinir krizine bağlı kahkaha krizi geçiriyorum.) Bu şekilde bizi sinir krizinden öldürmek daha kolay sanırım. Müşteri temsilcileriniz yok mu sizin?? Küfür hakaret ve kendimi tatmin edebileceğim şeyler yazmak istiyorum. İşinizi doğru yapın!!! Yapmıyorsanız bırakın bu işi doğru dürüst yapabilecek kurumlar yapsın. Benim sorunumu çözün!!!,1,2024-12-20 23:04:22,2024,12
Paysel şifremi yenilemek için niye illa arama yapmamız lazım paketim yok ve şifremi yenileyemiyorum bu ne saçmalık ya,1,2024-12-20 22:52:05,2024,12
Mükemmel,5,2024-12-20 21:48:37,2024,12
Fatura yansıtılması bir kulaklık aldık 2 senedir öde öde bitmiyor birde paycell aracılık ücreti adı altında 3 lira ile başlayıp 11 TL yukseltilen insanları mağdur etmekten başka bir faydası olmayan bir uygulama bu arada 300 TL bir kulaklık bize 2500 TL maal oldu.insanlari aldatmayı birakin,1,2024-12-20 20:44:26,2024,12
"Müşteri Hizmetlerini arıyorum 10 dakikaya yakın Bekletiyorlar,bir türlü iletişime geçemiyorum ilgilenmiyorlar",1,2024-12-20 20:39:10,2024,12
"Kötü, şifre unutmalarda paycell çağrı merkezine yönlendiriyor. Çağrı merkezlerine ulaşmak zaten güç neden alternatif yöntemler yok.",1,2024-12-20 16:22:21,2024,12
çok kötü uygulama hiç bir islem yapılamıyor düzeltmek için en ufak çabada yok,1,2024-12-20 11:51:07,2024,12
Bu nasıl bir uygulama bir telefon numarası ile açılan hesap sağı solu ara anca geri kapatabiliyorsun birde aylık 4 TL yakin boşu boşuna hesap aidatı kesiyor,1,2024-12-20 07:33:44,2024,12
Çok yavaş fatura ödemeleri onay kodunu giriyorsun ekran gelmiyor bir daha,1,2024-12-19 20:18:58,2024,12
Mükemmel ötesi,5,2024-12-19 20:05:52,2024,12
"Garanti flexi kartı Paycell hesabıma ekleyemiyorum, sorun kartta değil sorun tamamen sizden kaynaklı. Aynı kart'ı papara hesabıma ekleyip para talep edebiliyorum, birde sıkılmadan utanmadan şaka gibi yapmadığınız işlem için bir kuruş kesiyorsunuz",1,2024-12-19 17:03:40,2024,12
İyi,5,2024-12-19 16:13:06,2024,12
Üstte görünmesini istediğim için 5 yıldız verdim ama asa hakettiği düşünmüyorum paycell uygulamasına giriş yapamıyorum şifremi unuttum çagir merkezini arıyorum yine olmuyor👎🏻,5,2024-12-19 15:01:48,2024,12
Çokkkk kötüüüüü,1,2024-12-19 14:03:57,2024,12
RAFlOLLAH,5,2024-12-19 05:39:46,2024,12
😃😃😃😃😃,5,2024-12-18 12:28:13,2024,12
e posta istiyor e postamı giriyorum olmuyor geçerli bir e posta girin diyor,1,2024-12-18 09:54:29,2024,12
Dalga geçiyorlar resmen. Kredi başvurunuz kapsamında işleminiz kontrol edilmektedir. Kontrol işlemi başarılı şekilde ilerledikten sonra kredi başvuru işleminizi tekrar deneyebilirsiniz.,1,2024-12-18 05:01:46,2024,12
Arkadaşlar şifreyi unutmayın.kurtarma kodu ve soruyu hatırlamıyorum 532 yardımcı olamadı. Paycell hattı ise işlem yapmak için şifre istedi. Sakın puan ve GB lere aldanıp işlem yapmayın,1,2024-12-17 20:18:24,2024,12
Maili doğrulama noktasında bir sıkıntı yaşıyorum devam et butonunun altındaki kutucuğa tıklayamıyorum,1,2024-12-17 19:55:04,2024,12
Silin kurtulun,1,2024-12-17 13:19:00,2024,12
Bazan çok canımı sıkan işlemler oluyor,1,2024-12-17 12:27:47,2024,12
bu uygulamadan bişey olmaz hep bir sorun hep bir sıkıntı uygulamaya giriş bile o kadar yavaş ki kasada ödeme yapacaz bekle dur iki saat bugün müşteri hizmetlerini aradım 10 dakika da bağlandım şaka gibi😡,1,2024-12-17 00:09:52,2024,12
uygulamadan hesabı açtım kartını aldım 30tlye ama hesaba eklenmiyor hata veriyor,3,2024-12-16 22:49:31,2024,12
Yukarıda gözüksün diye 5 yıldız verdim kartını da almayan uygulamayı da indirmeyin gidin papara alın bunun yüzüne 100 TL'nin çöpe gitti kimlikte doğrulamıyor hiçbir şeyde yapmıyor indirmeyin de almayın da,5,2024-12-16 18:35:09,2024,12
Efso,5,2024-12-16 16:29:12,2024,12
İyi,5,2024-12-16 15:25:52,2024,12
Kesinlikle boş bir uygulama,5,2024-12-16 13:08:15,2024,12
Uygulamaya girilmiyor,1,2024-12-16 12:30:33,2024,12
Arkadas davet et kismina basinca uygulamadan atıyor,1,2024-12-15 13:55:22,2024,12
0 hesap açtım ve bana ait olamayn bir kart bağlı görünüyor ve uygulama içerisinden silinmiyor,1,2024-12-15 13:39:49,2024,12
paycell yüklemeye çalışıyorum ama telefonunuza uygun değil diyor neden,1,2024-12-15 12:39:55,2024,12
Paycell cüzdanı kullanmak istemiyorum zorla reklam sürüyor.,1,2024-12-14 21:26:10,2024,12
Harika,5,2024-12-14 16:42:52,2024,12
Puanlarımı kullanmamama rağmen kendi kendine gidiyor çok saçma ya bu konuda birşey yapın lütfen,1,2024-12-14 15:44:27,2024,12
paye yemek kartım konumumu bulamıyor. beni istanbulda olarak algılıyor. lütfen bu durumu düzeltebilir misiniz?,2,2024-12-14 15:36:09,2024,12
Benpayselli değilim bu aylık ücreti nasıl kesiyorsunuz bu229 TL yi iptal edin benim payselle işim olmaz.,1,2024-12-14 13:20:43,2024,12
Yatım saattir doğru bilgileri gimeme ramen girmiyor.Bu hatayı düzeltseniz iyi olur.,1,2024-12-14 13:10:04,2024,12
Kampanyaya katılıp gerekli alımı yaptığım halde hediye puanlar hesabıma geçmiyor,1,2024-12-14 12:02:23,2024,12
İgrenc,1,2024-12-14 11:21:02,2024,12
Yapılan her uygulama hata dolu kullanışsız ve rahatsız edici giriş yapıyorum her şey tamam ancak ana sayfada her hangi bir yere dokunduğum anda beni tekrar giriş ekranına atıyor 1 gündür aynı hata düzelmesi için her yeri aradım ama müşteri hizmetleri bile bu uygulama kadar boş bir hizmet veriyor,1,2024-12-14 10:18:52,2024,12
Güzel Dürüst bir yer,5,2024-12-13 17:07:49,2024,12
İyi,5,2024-12-13 15:15:07,2024,12
paycelli indiriyorum numara giriyorum doğrulama kodu geliyor giriyorum kodu kabul etmiyor,1,2024-12-13 09:20:54,2024,12
Kimlik doğrulama işleminde kameraya bağlanmıyor. Yüzümü okutamadığum için kendi paramı çekemiyorum. Çok kötü uygulama,1,2024-12-12 15:09:22,2024,12
Kesinlikle habire limiti astiniz deyip duruyor ve limiti ayarlamasaydim 1500 TL her ay cepten yicekti ama şimdide msjla habire uyarı qeliyor iptalde edemiyorm kesinlikle çok saçma bişey ve iptalini istiorm bu neyse,5,2024-12-11 22:06:58,2024,12
"Doğrulama yapmak imkansız, şifre alamıyoruz para vekemiyoruz, Turkcell iletişim merkezine gidin diyolar, ordakilerde sizi insan yerine koyup cevap bile vermiyor, başlarından göndermek için biz yapamıyoruz deyip geçiştiriyor, mail atiyoruz, mantıklı dönüş yok, sakın bulaşmayın",1,2024-12-11 21:49:50,2024,12
Hesap doğrulamada Kamera Hatası var Kamerayı Sabit tut İhlali geliyor Telefonu bir tiripota sabitliyorum Aynı hata tekrardan Çıkıyor Dolandırıcılık yapmayın!!!,1,2024-12-11 18:31:27,2024,12
Lütfen hesaptan kartta para aktarırken alınan işlem ücreti azaltılsın,1,2024-12-11 10:35:21,2024,12
Bulaşmayın. Türk usulü tikiyor,1,2024-12-11 06:10:25,2024,12
Paketler çok eksik .... ...,3,2024-12-10 14:50:12,2024,12
Uygulamayı indiremiyorum bekliyor diyor sürekli,1,2024-12-10 14:39:00,2024,12
Heryerde reklam yapıyorsunuz ' ama daha ödeme aşamasında hata veren programınız var. Nasıl güvenelim .. salak saçma boş bugg dolu bir uygulama,1,2024-12-09 23:12:30,2024,12
Uygulamayla yanlışlıkla ürün alınca iptali olmuyor,1,2024-12-09 18:34:19,2024,12
Tsk gayet memnun kakdim,1,2024-12-08 23:12:02,2024,12
z a,3,2024-12-08 13:53:42,2024,12
yok yaa seni seviyorum paycel,5,2024-12-07 15:31:22,2024,12
Yeni kullanıcıyım hiç bir şifreyi kabul etmiyor hesap donduruldu diyor nasıl şifreyi kabul eder burası,1,2024-12-07 15:20:42,2024,12
Parsel kart şifremi unuttum şifremi unuttum butonu yok uygulama kilit yani seçenek eklenmemiş ben şimdi kart şifremi unuttum nasıl giricem bi çözüm söylermisiniz.,1,2024-12-06 22:25:58,2024,12
Kendi adıma 3 tane ayrı numara üzerinden paycel kartım var sorun yaşandığında müşteri hizmetlerine kesinlikle baglanılamıyor,1,2024-12-06 19:13:20,2024,12
Kimlik doğrulama olmuyor kamerası çalışmıyor beyaz ekran gösteriyor,1,2024-12-05 22:23:38,2024,12
Artık düzeltin şunu para yüklemek istediğimde sistemsel bir hata yüzünden yükleme yapılamadı diyor,1,2024-12-05 15:18:34,2024,12
Faturaya yansıtın ücretli olması komedi.Verginin vergisi gibi birşey olmuş bu.,1,2024-12-05 00:58:17,2024,12
Guzel,5,2024-12-04 21:40:22,2024,12
Tavsiye ederim 😉,5,2024-12-04 19:49:50,2024,12
Keşke daha düşük yıldız verilebilse.,1,2024-12-04 11:30:24,2024,12
"Şifreni yeniletmek zorunda kal, şifreni yenilesin. Giriş yapmayı dene, şifreni yenilemelisin. Şifreni yenilemeyi denersin, şifreyi 1 gün içinde yeniden yenilemeyezsin der ve uygulamaya giremezsin.",1,2024-12-03 23:14:58,2024,12
Turkcell in yaptığı bir uygulamadan ne beklenebilir ki? Asla yükleyip başınızı ağrıtmayın,1,2024-12-03 22:21:38,2024,12
arkadaşını davet et çalışmıyor acil güncelleme lazım,1,2024-12-03 15:03:54,2024,12
Rezalet ötesi amaçsız ve kullanışsız bir uygulama turkcellden başka bir şey beklenmezdi zaten keşke bunu yapmaya emek harcamasaydınız para çekip duruyor karttan ama faturam ödenmiyor,1,2024-12-03 12:37:12,2024,12
Çok güzel ve harika bir uygulama,5,2024-12-03 06:40:11,2024,12
"Sakın indirmeyin..sakın..herşeye fazladan ücret kesiliyor..cüzdanında belli bir miktar para var,bunu alıp kredi kartına yüklüyorsun,ücretli..yani sağ cebinden para alıp sol cebine koyuyorsun,bir bakmişsın paran eksilmiş..internetten alışveriş yapıyorsun,fazladan kesinti oluyor..n11 alışveriş ücreti diye bir şey uydurmuşlar..bu arada faturana yansıt diyerek turkcell faturasi ile borç ödemeyi seçerseniz o da ücretli.kredi kartını da iptal edemiyorsun..elinizi verip kolunuzu kaptirmayin benim gibi.",1,2024-12-02 11:27:50,2024,12
"Bir türlü giriş sağlayamadım, telefonla ulaşmak imkansız,mailede dönmüyorlar.Çok gizemliler...",1,2024-12-02 06:49:33,2024,12
Nasıl lanetli bir şey ya vallahi 1 defa şifre girdik onayladı. Sonra lanet olsun 50 defa tekrar tekrar şifre yenileme diyor bu duzteceltecek. Cevap. Verecek müşteri hizmetleri ilgilenmiyor. Ya,1,2024-12-02 00:23:23,2024,12
Uygulamaya giriş yapmak istediğimde oturumunu sonlanmıştır diyor giriş yapamıyorum,1,2024-11-30 19:10:34,2024,11
Ne kadar kötü bi uygulama. Salla topla yapamıyoz. Sallayınca hicbisey olmuyo,1,2024-11-30 18:39:06,2024,11
Uygulama ya girince 2.750 bin para veriyor bunu harcaya biliyor muyuz,5,2024-11-30 17:16:30,2024,11
Bı türlü üye olamıyorum bu yüzden 1 puan,1,2024-11-30 13:38:17,2024,11
Hesabımı doğlumada hata veriyor müşteri hizmetleri ilgilenmiyor sorun düzeltilmedi bu kadar zor olmamalı bir hesabı doğrulama uygulama hesabımı doğrulamassa kapatacağım hiç bir işi yaramaz bir uygulama,1,2024-11-30 13:28:01,2024,11
Yukarıda görünsün diye 5 yıldız. Uygulamaya giriş yapamıyorum şifremi felan unuttum şifre yenileme linkide birtürlü gelmedi,5,2024-11-30 13:00:59,2024,11
Karmaşık anlamsız,1,2024-11-29 23:56:57,2024,11
Kullanıyorum. Memnunum,5,2024-11-29 14:19:36,2024,11
Şifre yenileme asla yapılmıyor şifremi unuttum diyorsun telefona SMS gelmiyor mahvetmisler uygulamayı sakın indirmeyin beş para etmiyor asla işlem yapmıyorsunuz yazık,1,2024-11-29 09:00:26,2024,11
Uzaydan selam ✋👽,5,2024-11-29 06:36:38,2024,11
Gereksiz uygulama,1,2024-11-29 05:53:25,2024,11
Güzel ama yüklü transferlerde bloke yiyor,4,2024-11-29 00:43:37,2024,11
Giris yapilmiyo kod gonderiyo yaziyosun cagri merkezini ara diyo gereksiz uygulama benim gozumde vercegi internetten baska degeri yok zaten ne aricam kartta 5 10 lira vardi her ay cekip cekip bitiriyo,1,2024-11-28 23:23:40,2024,11
Çok kötü,3,2024-11-28 19:41:08,2024,11
Resmen soygun benim haberim olmadan benim faturam ek 229 tl benim faturayı eklediler,1,2024-11-28 14:26:28,2024,11
Yüksek puan veriyorum ki birileri görsün ve sorunuma çözüm bulsun. Faturama paycell ücreti olarak 200 TL yansıtılmış. Payceele girmek istiyorum. Giremiyorum. Uygulamayı guncellerken nasıl berbat etmişsiniz. Lütfen sorunuma çözüm bulun.. giriş yapamıyorum hiçbir şekilde..,5,2024-11-28 08:39:47,2024,11
Güzel,5,2024-11-28 00:07:54,2024,11
Telefonumda paycell uygulaması güvenlik nedeniyle sonlandırılmıştır diyor yıllardır kullanıyordum şimdi neden öyle birşey oldu yardımcı olurmusunuz,5,2024-11-27 21:39:28,2024,11
Müşteri hizmetleri çok uğraştiyor iki saattir yardımcı olacağız diyip bekletiyorlar ben şikayetçiyim,1,2024-11-27 19:07:23,2024,11
Hesabıma kayıtlı kredi kartıyla paycell'e para gönderemiyorum bunu yaşadığım tek dijital cüzdan (Dijital bankacılık) uygulaması bu,1,2024-11-27 17:44:51,2024,11
Sms onay kodu bile gönderemiyor. Berbat,1,2024-11-27 10:00:11,2024,11
sahtekaroğlu sahtekarlar allah belanızı versin saatlerdir selfi onaylayacak bütün bilgileri alıyorlar parada yatırdım daha çekemedim geri,1,2024-11-26 21:25:47,2024,11
İçerde ki parayı kurtarana kadar canım çıktı. Para yatırıyorum kendi parami kesiyor. Fatura ödüyorum korkunç rakamlar kesiyor. Ben kurtardım sizde bir an önce kurtulun. Tam dolandırıcısin Turkcell. Bir daha yanından bile geçmeyeceğim,1,2024-11-26 18:20:19,2024,11
Çok kötü bir uygulama boş yere para yiyor ödemek zorunda kalıyorsun,1,2024-11-26 15:37:20,2024,11
Paycell hesabımı sildigim halde para kesiyor 350 TL olan fatura 850 gelmis,1,2024-11-26 10:11:06,2024,11
Emtia alışı çok kolay ama satmak istiyorsanız paycellin keyfini beklemeniz gerekiyor işleminizi gerçekleştiremiyoruz diye hata veriyor ne sebebi yazıyor nede nasıl düzeleceği.,1,2024-11-25 22:27:03,2024,11
Çok güzel,5,2024-11-25 20:21:43,2024,11
"sakın googleplayden alışverişi bununla yapmayın. 41TL'lik ürün aldım, 29.90TL ""Paycell fatura yansıtma ücreti"" diye bir para kestiler. Nitelikli dolandırıcılıkta son nokta. Tavsiye etmem.",1,2024-11-25 16:21:12,2024,11
Para gönderemiyorum hata veriyor,1,2024-11-25 15:28:57,2024,11
Neden reklamınız zırt bırt her yerde çıkıyor telefonumu kullanmaya dahi müsadeniz yok heryerden çıkıyor şuan yorumu yaparken bile araya reklamınız giriyor dava açıcam yönetici,1,2024-11-25 15:21:07,2024,11
Ya arkadaş yanlış para gönderdik tlf numarasının başına 9 koymadığım için para yok oldu orta da 3 iş günü iade dediniz olmadı yok dekont yok bilmem ne iki hafta oldu hala iade bekliyoruz,1,2024-11-25 13:56:52,2024,11
Hesap açabilmem için gerekli olan 4 haneli kod bi türlü gelmedi henüz hesabımı açamadım,4,2024-11-25 12:18:40,2024,11
Kimilik dogurlamsi yapamıyorum nfc olmadı icin,5,2024-11-25 03:42:34,2024,11
Paycel pişmanliktir adam akıllı uygulamaya giremezssiniz sürekli bilgilerinize ulaşamıyoruz diye oyalayip dururlar bide okadar faizciler ki bankalar bunlardan bin kat iyi türkcel zaten pişmanlık paycel dahada pismanlik,5,2024-11-25 00:14:10,2024,11
Yukarı da gözüksün diye 5 yıldız verdim uygulamayı 2 yıl önce indirmiştim uygulama o zamanlar bana hep borç kitlerdi uygulamayı o zaman dan beridir kullanmamayı tercih ettim..,5,2024-11-24 21:35:01,2024,11
LÜTFEN PARA KESMEYİNİZ,5,2024-11-24 20:44:43,2024,11
Faturana yansıt oluyor dimi spotifydan premium alacağïm,3,2024-11-24 19:39:44,2024,11
Kötü,1,2024-11-24 19:35:52,2024,11
Turkcell e bağlan hayatta,4,2024-11-24 18:33:17,2024,11
Seviyorum,5,2024-11-24 17:43:44,2024,11
Çok iyi banka fakat işlem ücreti fazla alıyor onun dışında çok iyi tavsiye edilir,4,2024-11-24 15:16:32,2024,11
Çok güzel bir uygulama,5,2024-11-24 01:00:29,2024,11
"Bildiğin kaz yolma işlemi yapılıyor, tavsiye etmiyorum hiç kimseye 0 puan.",1,2024-11-23 22:01:44,2024,11
Normalde diğer bankalarda bir hesaba para iadesi 2-3 güne yatarken bu kart için 14 gün içinde yatma durumu var. Kampanyalardan bir şey kazanacağızı düşünerek indirmeyin onu da yapmıyorlar denendi görüldü. Yorumların altına yardımcı olalım yazıyorlar ondada üç günde bir şikayetinizin değerlendirilmesi devam ediyor diyip eğleniyorlar.,5,2024-11-23 22:01:28,2024,11
Maalesef Kart Siparş Edecekler Birdaha Düşünsün Kart Geldi Kartın Numarasını Herşeyini Giriyorum Yanıt Vermiyor Kartı İptal Edeceğim Ya Da Bi Çözüm Bulunsun,5,2024-11-23 21:46:26,2024,11
Tam anlamıyla mükemmel 👌 bir dolandırıcılık sistemini yasalarla koruma altına almışlar dahiyane hırsızlık şebekesi,1,2024-11-23 19:12:45,2024,11
Lütfen kazı kazan kampanyası gelsin,5,2024-11-23 19:03:00,2024,11
Unutulan şifre için uygulamadan ne güzel hallediyorduk neden müşteri hizmetlerini arıyoruz ve bekliyoruz. Bu yüzden uygulamayı sildim.🤷🏽‍♂️,4,2024-11-23 15:05:13,2024,11
Güzel kullanışlı,5,2024-11-22 21:48:58,2024,11
Sisteme TC kimlik no ve bilgilerimi giriyorum işlem yapılmıyor ve eşleşme olmuyor uyarısı alıyorum. Kimliğimi arkalı önlü okutuyorum aynı şekilde işlem yapılmıyor. Sistem ve uygulama başarısız.,1,2024-11-22 18:12:10,2024,11
0 yıldız olsa onu işaretlerim almadığım kataloğu aldınız yazıyor böyle sahtekarlık yok birde turkcell uygulaması olacak yazıklar olsun ALMADIĞIM PAKETİ ALDINIZ YAZIYOR.,1,2024-11-22 09:50:57,2024,11
Paycell üzerinden dolandırıldım sakın yüklemeyin inanmayın savcılığa suç duyurusunda bulundum.,1,2024-11-22 07:55:16,2024,11
Ananizi ....,1,2024-11-22 00:38:31,2024,11
Kimlik Doğrulamam Aktif Gözüktüğü halde banka kartımdan paycell hesabıma para gönderemiyorum Güçlü Kimlik Doğrulama yapmak istiyorum fakat kimliğimi NFC ile telefonuma okutuyorum ama şu anda işleminizi gerçekleştiremiyoruz ve teknik bir hatadan dolayı işleminize devam edemiyoruz hatası alıyorum. Defalarca müşteri hizmetlerini aramama ve mail atmama rağmen kimsenin ilgilendiği yok. Tam bi rezillik. Turkcell artık kalitesini düşürüyor. Uygulamayı da sildim işim olmaz artık kimseye de tavsiye etmem,1,2024-11-21 22:54:21,2024,11
Mükemmel,5,2024-11-21 21:57:08,2024,11
Gerçekten de sabahtan beri şifre sıfırlamak için uğraşıyorum ve kurtarma kodu da bloke oldu müşteri hizmetlerini arıyorum yardımcı olmuyorlar e posta adresine yazıyorum yardımcı olmuyorlar nasıl bir sorumsuzluk alt üstü bir tane şifre sıfırlama linki atacaksınız ya,1,2024-11-21 18:51:10,2024,11
Ben parsel istemiyorum hemen iptal edin,1,2024-11-21 18:32:35,2024,11
NFC özeliği yok diye onaylayamadim lütfen kolaylaştırın bunu,2,2024-11-21 18:11:05,2024,11
Kart aldım ama kart açılmıyor bütün bilgileri girdiğimde kart bilgisi yanlış diyo nasil çözerim,3,2024-11-21 16:30:51,2024,11
Devamlı şifre sayfasına dönüş yapıyor,1,2024-11-21 14:46:56,2024,11
99da kaldı inmiyo inmiyo şikayet ediyorum 😡,1,2024-11-21 14:45:50,2024,11
Salla topla yaparken hep 100 puan veriyor,1,2024-11-21 13:05:48,2024,11
Biktirdiniz surekli bildirim geliyor rica etsem kaybolurmusuniz asabini bozuyorsunuz insanin,1,2024-11-21 12:16:29,2024,11
Rezalet,1,2024-11-21 00:29:47,2024,11
Uygulama güzel ama salla toplada hep 100 puan veriyo 1 GB verdiğini hiç görmedim ayrıca hediyelerin 750 puan olması iyi olmuş.,3,2024-11-20 23:36:30,2024,11
Turkcell Paycell %20 kampanyası toplamda 300 Tl kazanabiliyorsunuz biraz önce öğrendim 1500 TL %20 si 300 tl yapar ve kampanya bitiyor.Sırf bu kampanya için paycell kullanamam fakat %20 kazanımını 300 TL ile sınırlandırmayıp sınırsız yapsaydınız ve süresi olmasaydı tadından yenmezdi.Bu kesinlikle şahsi düşüncem ve bilgilendirmedir.Beğenin üstte kalsın.,5,2024-11-20 20:30:17,2024,11
Uygulamaya giriş yaptigimda ekranda harhangi biryere dokununca uygulamadan atıyor şifre yazma ekranına geri dönüyor,4,2024-11-20 08:08:29,2024,11
Güzel uygulama begendim,5,2024-11-20 02:42:11,2024,11
Kesinlikle bulaşmayın kampayalar geri donus yapilmiyor ucret iadesi yapilmiyor vb cok sey var hic ilgilenmiyorlar,1,2024-11-20 01:21:01,2024,11
"sakın bulaşmayın, öyle böyle dolandırıcı değiller.",1,2024-11-19 21:56:36,2024,11
PAYCELL ÜZERİNDEN DOLANDIRILDIM FAKAT TARAFIMA NE PAYCELL SAHİP ÇIKTI NEDE TURKCELL SAHİP ÇIKTI ÖZELLİKLE TURKCEL PAYCELL İN BİZİMLE BAĞLANTISI YOK DEDİ FAKAT NE HİKMETSE UYGULAMASINDA PAYCELL İN REKLAMINDAN BAŞKA REKLAM YOK DESEM YALAN OLMAZ.....,1,2024-11-19 21:50:48,2024,11
"Uygulama şifremi unuttum yenilemiyorlar 100tane mail attım Uygulama süper ama müşteri memnuniyeti 0000 dedikleri tek mail Merhaba, Gönderdiğiniz e-posta tarafımıza ulaştı. Talebinizle ilgili size en kısa sürede dönüş yapacağız. Bu maili cevaplamanıza gerek bulunmamaktadır. İyi günler dileriz. PAYCELL Müşteri Hizmetleri",1,2024-11-19 19:28:38,2024,11
Çok saçma sapan soruları var hiç bir uygulamaya giremiyoruz,1,2024-11-18 21:08:17,2024,11
Paycel paket iptali yapman lazım şifre oluşturmaya çalışıyorum Aralık ayına kadar çözmem lazim😭😭😭öğrencinin faturam 500 tl oldu yanlışlıkla,1,2024-11-18 17:20:36,2024,11
Bu nedir ya bakayım dedim nasıl bir uygulama 100 TL kestiler sonra kart aidatı dediler 4 TL her ay keseceklermiş kartı iptal edemiyorum .haram olsun o paralar,1,2024-11-18 16:40:37,2024,11
"Uygulama çok yavaş açılıyor ve kullanılıyor, bu da işlemlerimin süresinin fazla uzamasına neden oluyor. Lütfen hızı arttırın.",5,2024-11-18 07:54:25,2024,11
Şifremi unutum yenilemek istiyorum yeniliyemiyorum çağrı merkezini arayın diyor arıyorum çağrı merkezinden şifremi değiştirmek istiyorum fakat kendisi bana uygulamaya dönüp şifremi deyistire bilecegimi söylüyor şifreyi unutum kısmına basincada bana tekrardan çağrı merkezine yonlendiriyo hiç beyenmedim,1,2024-11-18 01:53:50,2024,11
Benim oturumu kapatıldı lütfen açarsın Giremiyorum,3,2024-11-18 01:48:21,2024,11
Mrhb numara değiştim önceki nomla hisse senedi ne giriş yapmıştım no farklı tc aynı oldu için şifre yenile yemiyorum giriş yapmıyor,5,2024-11-17 21:57:53,2024,11
sürekli reklam olarak karşıma çıkmasın,1,2024-11-17 18:27:48,2024,11
"İnsanı delirten bir uygulama, öncelikle müşteri servisinden konuşalım tam bir rezalet ilgilenme sıfır ancak daha müşteri temsilcisine bağlandırmıyor telefonunuza şifre gönderildi diyor, 5 saniye sonra hatalı giriş diyor ya daha şifre gelmediki nasil hatalı giriş oluyor aklım almıyor vallahi(asla gelmedi aşırı rezalet bir altyapı)diyeceklerim bu kadar",1,2024-11-17 15:17:22,2024,11
Bolk gibi uygulama indirmeyin,5,2024-11-17 14:54:00,2024,11
İygula kimliği doğru okutmama rağmen okumuyor hata veriyor resmen rezalet Bı an önce duzletilisn yetkilier tarafindan,1,2024-11-17 11:15:58,2024,11
Dolandırıcılar ikidir bişey indirince ekrana geliyor faturama hemen ücret yansiliyor saçma sapan bı uygulama Allah'tan korkun,1,2024-11-16 03:34:08,2024,11
Bu uygulamayı düzeltin maksimummu ne onu kaldırın insanı turkcellden biktirmayin,1,2024-11-15 22:36:10,2024,11
Tek sıkıntı para yatırırken para kesiyor bu düzele bilecek birşeymi veya hangi banka ücret kesmes,5,2024-11-15 21:11:42,2024,11
Almayın aldırmayın,1,2024-11-15 17:50:40,2024,11
Salla kazan yapıyorum sürekli hata veriyor neden böyle en son uygulamayı kalidiracam o olacak,1,2024-11-15 02:26:45,2024,11
Ben her seyi yaptim ama kartimi ekleyemiyorum lutfen yardim edin,2,2024-11-14 18:01:21,2024,11
Ne güzel para cekimi yapıyorduk onu da kapattınız cok yazık,5,2024-11-14 17:11:06,2024,11
Denemedim daha,5,2024-11-14 00:04:51,2024,11
para transferinde çok ücret kesiyor. Eftyi birkaç banka hariç 7/24 yapamıyorsunuz. Her şeyden para kesiyor. Karta aktarılabilen bakiye de yeterince çok değil. Bir tane anlaşmalı bankası yok atmsinden ücretsiz para çekebğleceğin.,1,2024-11-13 15:28:49,2024,11
Boş beleş bir uygulama,1,2024-11-13 13:39:25,2024,11
Uygulama çok sıkıntılı hiçbir şey doğru çalışmıyor işleme şuan devam edemiyoruz diyor para çekmek istesem vermiyor odeme yapsam zar zor kartin temassızı bi gidiyor bi geliyor sifre dogru oldugu halde sifre yanlis diyor herseyde ücret kesiliyor sipariş yaptım ve geri iade ettim ve param hala geri gelmedi kısacası tavsiye etmem,1,2024-11-13 11:10:09,2024,11
"Neden paycell kullanmak zorunda bırakıyorsunuz insanları, birşey satın almak istersek zaten faturaya yansır. Bi ürün bedeli ödediğimiz gibi bir de paycell ücreti ödüyoruz. Gerçekten tam bir soygun.",5,2024-11-13 09:36:02,2024,11
Millete sallata sallata binlerce puanın karşılığı birkaç GB hediyemi ? Dalgamı geciyorsun kardeşim sen ! İnsan uzun süreli müşterilerine yormadan hediye gönderir ! Adamı ayar etmeyin!,1,2024-11-13 01:51:59,2024,11
🤔🤔🤔🤔Merhabalar önceden ıban'a para aktarılıyor ama şu an aktarılamıyor🤔 aktarılıyorsa nasıl yapacağımız konusunda bilgilendirirseniz sevinirim,5,2024-11-12 23:27:30,2024,11
Ben böyle berbat geri zekalı bir uygulama görmedim şifremi unutum yenilicem kurtarma kodu istiyor bilmiyorum ve block koyuyor.. yani sonderece boş bir uygulama berbat,1,2024-11-12 22:59:21,2024,11
NİV adresini yazıyorum sorun olsuyor. kimlik fotarflari çekmiyor bu sorunu çözün ayrıca müşteri hizmetleri telefon acmiyor,1,2024-11-12 22:52:34,2024,11
Tebrik ederim kayıp çalıntı için müşteri hizmetlerine bağlanması 7 dakika sürdü tam bir rezalet.,1,2024-11-12 21:46:35,2024,11
Devamlı çöküyor!,1,2024-11-12 21:29:39,2024,11
Müşteri hizmetlerine nasıl ulaşabilirim,1,2024-11-12 15:42:08,2024,11
Trendyol üzerinden alışveriş kredisi için baş vurdum msj geliyor onaylandı diye siteye yönlendiriyor site sürekli hata veriyor bu ne ya o zaman msjda göndermeyin dalga geçecek başka bir alan bulun ve yorumları okuduktan sonra hemen silme gereği hissettim ne gerek var bankadan ücretsiz yaptığım işlemlere burdan ücret ödemeye,1,2024-11-11 22:52:38,2024,11
Niye rot tespit ediliyor,1,2024-11-11 19:21:47,2024,11
İyi,4,2024-11-11 17:23:19,2024,11
Bu ne tarz bir gerizekalılık ? Çağrı merkezini arıyorum çağrı merkezi çalışanına bağlanma seçeneği yok şifreyi unuttum diye mail gönderiyorum abuk subuk cevaplar ile dönüş yapılıyor !,1,2024-11-11 09:44:31,2024,11
Saçma sapan bir uygulama. Uygulamada olumlu hiç birşey yok para almaya yönelik bir uygulama...,1,2024-11-10 22:27:22,2024,11
"Yukarıda görünsün diye 5 puan verdim, çok kötü uygulama para yükleyemiyorum kod gelmiyor dönüyor, beni çok fazla mahçup etti",5,2024-11-10 09:25:19,2024,11
Bana sizin tarafınızdan mesaj gelmesini istemiyorum ya beni rahatsız ediyor kesin mesaj göndermeyi yeter ya yeter günde 40 kez işleminiz için bakiye yetersizliği mesaji atmayın mesaj,1,2024-11-09 15:34:52,2024,11
Hiç tavsiye etmiyorum yorum yukarda dursun die 5yıldız verdim faturam dan otomatikmen para kesiyo kapatmak istiyorum olmuyor,5,2024-11-09 08:35:14,2024,11
Uygulama güzel 1dk yakın internet geldi,5,2024-11-09 01:36:25,2024,11
Merhabalar . Telefona root işlemi uygulandığından bu uygulamayı kullanamıyorum.. Ayarlardan da yapmaya çalıştık fakat olmuyor... Lütfen yardımcı olur musunuz..? Teşekkürler ..,5,2024-11-08 20:50:53,2024,11
Hiçbir şekilde şifremi yenileme işimi yapamıyorum,1,2024-11-08 18:45:19,2024,11
Kardeşim ödeme yapamıyoruz müşteri hizmetlerini arıyoruz çözüm yok size yıldızda yokken,1,2024-11-08 11:07:45,2024,11
Kod gelmiyor.,1,2024-11-07 16:26:28,2024,11
Hesabımdaki parayla fatura ödemesi yapamıyorum. Doğrulama kodu göndermiyor. İlk kez böyle bir durumla karşılaşıyorum. Bu nasıl bir uygulama böyle? Paycell Turkcelle ait bir kurum değil mi? Neden Turkcell faturamı ödemek istediğim zaman benden komisyon ücreti alıyor?,1,2024-11-07 01:49:31,2024,11
fiyasko bespara etmez kart aidatida varmis ne hizmetveriyosun ki aidat istiyosun alan arkadalara duyrulur bespara etmez turccell in para tuzagı (Ayrıca Turkcell eski turkcel değil çok küçüldü diyerleri geçti geçecek),1,2024-11-06 09:40:55,2024,11
N11 puanların son kullanma tarihi geldi kullansmadim,2,2024-11-05 17:04:40,2024,11
"Kredi taksitlerini ödeyemiyorum, uygulama, sürekli ""yüklüyor"" simgesi takılı kalıyor ya da uygulamadan atıyor.",2,2024-11-05 16:14:56,2024,11
2 yıldız verdim çünkü mesale oyuna para yatırsan arkadaşın kart bilgilerini görse parayı arkadaşın gizliden çeker ve oyununa yatırı bunu çozseler iyi olur paycelin kurucusu,2,2024-11-04 11:56:54,2024,11
Harika sonunda güzel bir uygulamayı yakaladım Paycel-Cüzdan artık benim destekçim oldu tavsiye ederim,5,2024-11-04 11:08:22,2024,11
"Paycell hesaptan transfer yapamıyoruz, kart ile atm den para çekemiyoruz. Para benim para. Ben transfer edemeyeceksem,atm den cekemeyeceksem niye veriyorsunuz bu parayı? Şirket olarak bu tip uygulamalara itiraz edeceksiniz.",1,2024-11-04 09:41:06,2024,11
paycell gerçek müşteri temsilcisine ulaşılmıyor bu kadar sorumsuz bir kurum görmedim sahtekarlar geniş kütlede bedava reklamınızı yapicam burdan duyuru paycell yetkililerine burdan çağrı yapıyorum magdur olanlara benim elimde hersey belgeli ispat li yapilan işlemlerin kişinin bilgi dahilinde olmadan arka plan da islenen yasa dışı işlemler turkcell ve payccell e maddi ve manevi tüketici magdur ediliyor haksızlıklar yapılıyor onlar bilerek isteyerek tüketicinin izni bilgisi dışında oluyor herşe,1,2024-11-04 03:40:17,2024,11
Uygulamada Aylık gelir bilgisini yazamıyorum 0 ı değiştiremiyorum.,5,2024-11-04 03:34:42,2024,11
🤩,5,2024-11-03 20:17:39,2024,11
Önceden güzel kampanyalar vardı ama şimdi doğru düzgün bişey yok. Artık nakit para da cekemiyosun. Bol bol işlem ücreti kesiyor. Bir miktar para yatırmıştım onu da geri çekemiyorum. Kimlik doğrulama istiyor kimliğimi de bir türlü okumuyor. Nefret ettim uygulamadan üyeliği de iptal edip bidaha indirmicem.,1,2024-11-03 20:17:32,2024,11
Bu bile fazla,1,2024-11-03 17:37:17,2024,11
Almayın aldırmayın,1,2024-11-03 13:34:40,2024,11
Rezalet ötesi sifre değişikliği için kod yolluyoruz diyor kod falan gelmiyor giriş dahi yapamıyorum,1,2024-11-03 12:34:35,2024,11
Paycel mükkemmel vallahi kart aliyosanız paycell alın başka kart var aklımda ama paycell mükemmel o yüzden beş puan veriyorum,5,2024-11-02 17:45:40,2024,11
Çok gereksiz aktif hesabım olmamasına rağmen faturaya kesintisi yansıyan dolandırcı uygulama. Bu cüzana ihtiyaç yok.,5,2024-11-02 15:15:11,2024,11
Ise yaramaz bir uygilama kredi odeme yapamiylrum ekran dönüyor ama sonuc yok,1,2024-11-02 13:56:34,2024,11
Yaklaşık 6 ay oldu paycell doğrulama kodu ve şifre bloke oldu ve nedir fazla para çekildi tespit edildi bu bir yalan ve hiç kimse yardımcı olmuyor ve bir daha paycell kullanmayacağım ve kullanan arkadaşlara tavsiye etmiyorum müşteri istemiyorlar ondan,1,2024-11-02 11:34:29,2024,11
Çok kötü,1,2024-11-02 11:31:44,2024,11
Boş,1,2024-11-02 00:26:43,2024,11
👏,5,2024-10-31 10:57:45,2024,10
Çok güzel bir uygulama tebrik ederim🙏,5,2024-10-30 22:47:57,2024,10
"ALLAH siz belânız versin yalandan başka bir şey yok para tuzdaki 4,6 aydır boş para ödüyorum abon kapatamıyorum",1,2024-10-30 08:41:43,2024,10
"5 yildiz verdim begendigim icin degil, üstde gorunmesi icin hicbir faydasi olmayan uygulamaya her ay ucret odemek zorundayım...Ben asla paycell aboneliği iptal edemiyorum aylardır boşu boşuna para çekiliyor kullanılmayan bir uygulamadan nasıl her ay para çekiliyor, anlamış değilim iptal etmek istiyorum onu bile iptal edemiyorum... lütfen bana yardımcı olun ve beni bu iletten kurtarın... Turkcell' i defalarca aradım aboneliği iptal edemiyor çok saçma...",5,2024-10-28 15:15:22,2024,10
Salla toplada o kadar çok puan topladimki her salladiginizda size 100 puan veriyor 5 kere yaptim bu salla toplayi toplam 500 puan kazandirdi en düşük 750 puan gunluk 1gb youtube veya instagram bunu kazanmak icin 8 hafta yani 2 ay salla topla yapmaniz lazim cok memnunum teşekkürler Turkcell,2,2024-10-28 02:01:16,2024,10
Çok isisiniz paycel ekibi,5,2024-10-27 22:22:38,2024,10
Kart sipariş ettim iptal etmek istiyorum nasıl yapabilirim,5,2024-10-27 20:02:00,2024,10
Sorunun paysel ile ilgili olmadığını anlamış bulunuyorum Microsoft 365 paycell cüzdanıma sızmış olduğu anlaşılıyor.,1,2024-10-27 12:49:43,2024,10
Çok iyi,5,2024-10-27 08:45:30,2024,10
Şifremi ben yanlış girdim tekrar şifre yenilemek istiyorum şifre bloke olmuştur diyor bana yardımcı olur musunuz buradan bir şekilde Kayseri girmem lazım şifremi yeniler misiniz bana bir şey yardımcı olun oradaki butona basıp canlı telefona bağlanıyorum müşteri temsilcisine bağlanıyorum buradan yapamıyoruz diyorlar oradan linkten yapacaksın diyorlar linke giriyorum aynı yere tekrar bağlıyor beni ne saçmalık ya şifrem ve kurtarma kodum bloke olmuş,4,2024-10-26 11:57:48,2024,10
1)Karta aktarılabilir bakiyeden hesaptaki para karta aktarılmıyor 2)çok kesinti yapıyor banka maktik ve aidat 3 )sürekli hata veriyor 4 )paramı çekemiyorum,1,2024-10-26 07:05:03,2024,10
Şifremi unuttum birturlu yenisini alamadım,1,2024-10-26 00:20:06,2024,10
Uygulamaya giriyorum şifreyi girdikten sonra beni atiyor BU NEDİR PARA YÜKLEYEMİYORUM!! İNDİRMEYİN REZİLLİK,2,2024-10-25 23:18:40,2024,10
Tamam,5,2024-10-25 22:27:13,2024,10
Kimlik doğrulama yapmıyor. Aylardır aynı. Kartını ücretli veriyor. Kartımızla para yüklerken ücret alıyor. Hesabı kullanmazsanız yine ücret alıyor. Her şeye ücret alıyor. Kullanmayın. Para yükleseniz o paeayı tekrar ibanınıza göndermek isteseniz yine para istiyor.,1,2024-10-25 17:48:40,2024,10
Uygulama güzel ama ne zaman NFC gelirse ozaman daha iyiolur,5,2024-10-25 14:25:21,2024,10
"Kartı elinize aldığınız andan itibaren sürekli para ödüyorsunuz. Bankaların vermeniz için takla attığı otomatik ödeme talimatları için bile işlem ücreti alınıyor. Kullanmasanız da ücret kesiliyor. Ücretler yüksek olmasa da, tüm platformlarda ücret kesmeyi bırakın, üzerine para verilen işlemler için ücret ödemek insanı kötü hissettiriyor. Biraz mücadele sonrası iptal işlemlerini başlattım. Darısı başınıza.",1,2024-10-25 09:20:59,2024,10
Dolandırıcılar için çok kolay güvenlik açıgı var benden 403 tl çektiler düşünün uygulamaya çok kolay erişim yapılıyor. Redmi telefon kullanıyorum uzaktan erişim ile dolandırdımdım bankaya gıremediler paysele girdiler,1,2024-10-25 02:57:08,2024,10
Mükemmel,5,2024-10-25 00:03:20,2024,10
Paycellde kartlı cashback nerdeyse yok. Turkcell e hiç yakışmıyor. Biraz kendinize iş Bankasınin nays uygulamasıni örnek alın. Paycell çöp oldu.,1,2024-10-24 17:59:47,2024,10
Kiikkokkkkk,5,2024-10-24 14:39:49,2024,10
5 yıldız verdim yukarıda görünsün diye indirme kardeşim hiç tavsiye etmiyorum paranla rezil olmak istiyorsan tam senlik. 👎👎👎,5,2024-10-24 00:34:50,2024,10
Kredi taksiti ödemeye calisinca durdu hatası veriyor bu ne,1,2024-10-23 21:50:27,2024,10
Daha iyi olabilirdi,3,2024-10-23 21:06:27,2024,10
Bu lanet uygulama yüklemedik ama üye olmuşuz falan bir sürü fatura geldi Allah kahretsin sizi,1,2024-10-23 17:51:43,2024,10
Başka ıban'a para gönderemiyorum hata veriyor sorun ne zaman düzelecek,5,2024-10-23 16:04:43,2024,10
Türkcelin hayal kırıklığı,1,2024-10-22 23:56:11,2024,10
"Yukarda görünsün diye 5 yıldız verdim,uygulamada kimlik doğrulama yapmak imkansız, herşeyi yapıyoruz tam finalde video çekme kısmına geliyoruz uygulama donuyor ve kendi kendini kapatıyor,cihazım oppo reno 5 lite,eski bir cihazda değil ama uygulama sorunlu, abimin s24ünde denedim ondada aynı şekilde oldu,uygulama kapanmadı ama video çekme ve secenekler butonu yoktu,lütfen güncelleme yapın.",5,2024-10-22 14:55:55,2024,10
Kartı Aldım Daha Önce Hesabımda Bulunan Parayı Karta Atmaya Çalışıyorum Ama Sürekli İşleminize Devam Edemiyoruz Hatası Veriyo Sinir Oldum Lütfen Sorunu Çözün.,1,2024-10-21 19:21:16,2024,10
ne yapıyorsunuz siz ya şifremi giriyorum yanlış diyor hesabımı dondurdu ondan sonrada uygulama telefonda yok diye uyarı vermeye başladı yenidem uygulama yüklemeye çalışıyorum bu defa da uygulama telefonunaza uyumlu değil diyor uygulamayı telefona indiremiyorum şaka misiniz siz ya bıktım ya kurumun yatirdigi yemek parasını zorla kullanıyorum bir de şimdi bu çıktı başıma Allah aşkına bir çözüm yolu bulun ne saçma bir uygulamanız var ya beş yıldızı değil bildiğiniz eksi 1500 puanı hak ediyorsunuz,5,2024-10-20 23:03:35,2024,10
Turkcell mağazada aldığım omix 600 uygulamayı desteklemiyor diyor ne alaka spot telefon açıyor,1,2024-10-20 20:50:12,2024,10
Kartı yeni aldım kullanmak istiyorum ama sürümu telefona uygun deilmis sen sadece bir kart uygulamasısin neden telefonuma indiremiyorum ve telefonum eski bir telefonda deil,1,2024-10-20 17:11:04,2024,10
Ugluma sürekli atıyor hata veriyor ödeme yapamıyorum sistem hata veriyor sürekli,3,2024-10-20 17:00:48,2024,10
İyibir uygulama değil Kesinlikle tavsiye etmem,1,2024-10-20 16:36:31,2024,10
İndirilemiyor sorunun düzeltilmesi lazim,5,2024-10-20 14:25:50,2024,10
berbattı müşteri hizmetleri kurtarma kodu yollamiyor açılmıyor,1,2024-10-20 13:51:39,2024,10
Sürüm?,1,2024-10-20 12:51:41,2024,10
Uygulama cihaziniza uyum değil deniyor,1,2024-10-20 12:45:33,2024,10
10000 tl para aldı,1,2024-10-20 08:55:45,2024,10
Paycell uygulaması telefonunuzla sürümü uyumlu değil diyor yardimci olurmusunuz lütfen,5,2024-10-20 01:00:57,2024,10
Her türlü denemede nasıl katılır,5,2024-10-19 17:29:25,2024,10
Bi ise yaramaz cöp bi uygulama ne hesap oduyebiliuosun nede baska bise,1,2024-10-19 15:06:54,2024,10
Sizin yapacağınız uyugulamanın Allâh belasını versin bu sürüm cihaza uygun degilmiş hey allahım,1,2024-10-19 14:49:47,2024,10
Çok boş bir uygulama hiçbir şekilde internet vermiyor salla topla var 100 puan veriyor hiçbir işe yaramıyor kesinlikle boş yüklemeyin yüklemeyin yüklemeyin derim,1,2024-10-19 09:34:29,2024,10
cihazınız bu sürümle uyumlu değilde ne demek oluyor?,1,2024-10-19 08:08:57,2024,10
Berbat bir uygulama sakın bulaşmayın para tuzağı,1,2024-10-18 22:27:06,2024,10
Kullanışmaz berbat bir uygulama dolandırıcı,1,2024-10-18 17:43:35,2024,10
Çok güzel,5,2024-10-18 16:07:37,2024,10
Uygulama düzgün çalışmıyordu bende silip tekrar yüklemek istedim fakat telefonununz bu uygulama ile uyumlu değil hatası ile karşılaştım.sorun benim cihazdan kaynaklıdır diye başka bir telefona yüklemek istedim ama aynı sorun onda da var sunuda belirtmek isterim ikinci denedigim Android en güncel cihaz neden böyle bir sorun oldu acaba ?,1,2024-10-18 15:34:48,2024,10
Daha dun cihazimdan sildim tekrar yükleyince sürüm uyuşmazlığı varmis nasil giricem simdi iceride param kaldi,1,2024-10-18 14:26:22,2024,10
Cihazım Redmi Note 8 Ve Bu Sabah Uygulama Yoktu Ve Sürüm Yetersiz Diye Uyarı Aldım Paycell Bir Hayal Kırıklığı...,1,2024-10-18 09:03:17,2024,10
Daha önceden cihazımda çalışıyordu şimdi çalışmıyor düzeltin,2,2024-10-17 20:24:22,2024,10
uygulama sürekli 100puan veri yor onu sadaka niyetine veriyorsunuz galibaa hiç kollan masak daha iyi yanii PAYCELL uygulamasını insan ları kandırmak tan vaz geçin Türkcell,1,2024-10-17 18:52:50,2024,10
Kayıtlı ziraat Kartımdan paycell karta para yüklenmiyor. Hem hata veriyor hem sayfa açılmıyor,1,2024-10-16 23:42:43,2024,10
gerektiğinde sesli yardımcı yok,1,2024-10-16 12:32:35,2024,10
İyi çok iyi,4,2024-10-16 09:19:18,2024,10
Önceden güzel uygulama idi ama fatura ödemeleri yaparken işlem ücreti kesilmesi hoş olmadı fatura ödemeleri başka yerden yaparız artık.,1,2024-10-16 08:53:10,2024,10
Turkcell kullanıcılarının bile bu uygulamadan uzak durmasını tavsiye ediyorum kartıma banka havalesi olarak yaptığım paramı 4gundur hesabıma yansıtmadılar kesinlikle karşınızda sizle ilgilenecek kimse yok tamamen başı boş uygulama 4gundur defalarca telefonla görüştüm defalaca mail attım uygulama üzerinden bildirim gönderdim aciliyet bildirimleri herşey ama birtek geri dönüş bile olmadı 1750 paramı akladılar Google playin bunlar gözardi etmemesi gerek derhal bnce yayımdan kaldırılmalı bu uygulama,1,2024-10-15 21:49:43,2024,10
Açilmiyor,1,2024-10-15 20:03:46,2024,10
Şifremi hatırlamıyorum doğrulama kodunu da o yüzden giriş yapamıyorum,1,2024-10-14 19:54:12,2024,10
kart ekleme ekranında adres bilgisinden sonra video ya gelmeden ekrandan atıyor sürekli hata alıyorum bu sorunun duzeltilmesini arz ederm,5,2024-10-13 21:01:12,2024,10
Çok Güzel hareketler bunlar...Beyendim,5,2024-10-13 14:02:34,2024,10
"Yankesicilik gibi bir uygulama, nakit çekim yok eft hata veriyor işleri zorlaştırdığı gibi hep faydalarına olmayan şeyleri sana engel çıkarıyor. kart başvurusu yaptım iki aydır vermedikleri gibi kart üçreti olarak 90 tl peşin almayı becerebildiler. 42 gün sonra kontrat bitiyor ve kesinlikle propaganda yapmıyorum fakat bir daha Vodafone'a taşınıp asla ayrılmayacağım.",1,2024-10-13 03:17:20,2024,10
Hayatımda ilk defa pes dediğim nokta 1 aydır ne giriş yapabiliyorum nede kıpırdatabildim bu nasıl bir şey anlamış değilim öbür uygulamalar beni hiç yormadi kullanmaktan vazgectim,1,2024-10-12 21:32:39,2024,10
Puanlarım la GB almaya çalışıyorum sürekli uyarı veriyor ve hiç almadığım paketlerde de arıza veriyor düzeltmeniz gerekiyor,3,2024-10-12 14:19:20,2024,10
Ben indirdim bin pişmamçn oldum...Müşteri hizmetlerine bağlanmak ayrı bir zulüm.Bu nedir hangi çağda yaşıyoruz.İnsanları mağdur etmek için müzik dinletiyorlar..,1,2024-10-11 22:56:53,2024,10
Eskiden daha iyidi simdi hiç iyi değil,5,2024-10-11 21:02:10,2024,10
Çok kotu,1,2024-10-11 07:31:44,2024,10
Guzel,5,2024-10-10 22:20:22,2024,10
bulaşmaaa vadeli alınan ürünü asla erken ödetmezz...fazlafan 510 tl işlem ücreti istiyor tam tefecii aqq,1,2024-10-10 09:04:22,2024,10
"Netflixi faturama yansıttığım için Netflix ücretinin %10'u kadar kesinti yapmış, Kesinti yapılacağını belirtmeden kafalarına göre fatura kesiyorlar.",1,2024-10-09 13:49:39,2024,10
Kart ekle diyorum Kart ekli gözükmüyor. Ayrıca kimlik okutmak için en az 2 saat uğraşmanız gerek heleki on yüz için. Ayrıca kimliğin arka ve ön yüzünü tarattigimda (2saat uğraştan sonra) hata veriyor. Dua et paycell papara hesabım kapandı yoksa papara tam yol ileri gidiyordum. Yazıklar olsun size.,1,2024-10-08 21:49:03,2024,10
Güzel uygulama fakat hediye dünyamdaki puanlarla kullanmadığım halde limit doldu hatası veriyor çok can sıkıcı,4,2024-10-08 20:24:20,2024,10
Kartta şifre hatalı diyor hep,1,2024-10-08 10:28:03,2024,10
Paycell şifremi yenilemek için sizin verdiğiniz talimatlara göre her şeyi yaptım ve Yeni şifremi verdi ve yine giriş yapamıyorum sizin verdiğiniz hizmet dünya üzerindeki en kötüsü Hindistan bile sizden daha hizmet verir kendi yemeklerini yere döküp yiyen insanlar sizden daha hizme verir,1,2024-10-07 22:28:02,2024,10
YÜKLEyeceğim izninizle ve bilginize,5,2024-10-07 18:44:05,2024,10
Telefonumda root olmamasına rağmen root var diyor,1,2024-10-07 16:52:41,2024,10
Kimlik doğrulama yapmıyor,1,2024-10-07 14:07:28,2024,10
Kimlik doğrulamada selfie kısmında sürekli atıyor uygulamadan,2,2024-10-07 13:08:37,2024,10
AYARLQR YOOOK,1,2024-10-06 13:58:16,2024,10
Berbat,1,2024-10-06 12:55:40,2024,10
Dolandırdı,1,2024-10-06 00:09:51,2024,10
Çok sorunlu uygulama,1,2024-10-04 17:11:34,2024,10
Kodlar ve pinler menüsü kaldırılmış çıkmıyor artık bende,1,2024-10-04 13:09:46,2024,10
Benimde 1000 liramı karta aktardı sonrada oparayı kullandırmıyor havalede haptırmıyor faturaya paycell işlemleri diye yansıtıyor,1,2024-10-03 22:14:03,2024,10
Etiketler,5,2024-10-03 22:08:13,2024,10
Ben yurtdışındayim nasil veri ile işlem yapayım cok saçma sms ile sifre isteğin yeter internet çalışmıyor Turkcell hattımın,1,2024-10-03 20:50:34,2024,10
ol ttabi,4,2024-10-03 16:55:31,2024,10
Guzel,5,2024-10-03 16:39:21,2024,10
Cihazda root olmadigi halde root tespit edildi yazıyor ve apk acilmiyor düzeltilmeli doğaya değer verilmeli ve temiz yemek... Nasıl menfaatlenebilirim acaba,2,2024-10-03 14:49:56,2024,10
Para yüklenemiyor. 3D sms gelmiyor.,1,2024-10-03 10:29:38,2024,10
Uygulamaya bir türlü giriş yapamadım,1,2024-10-02 18:37:06,2024,10
Şifremi unuttum tekrar şifre alamıyorum yardım,1,2024-10-02 06:19:46,2024,10
Paycell le yeni başladım ama simdide hemen ödül ve küçük bonuslar geldi bu çok güzel bişey di herkeze tavsiye ediyorum 😁,5,2024-10-01 22:36:06,2024,10
Ödeme yapacağınız zaman özellikle son gün sayfayı açmıyor resmen bilerek yapılmış bir şey bayiye gidiyoruz sistem yok deniliyor faiz ödemek zorunda mıyım arkadaşım ben!?,1,2024-10-01 18:04:12,2024,10
Kotu,1,2024-10-01 13:40:40,2024,10
Chick n play diye 179 tl cekiyorlar her ay bu dolandırıcılık Türkcell ile bu uygulama dolandırıyor herkesi dikkatli olun,1,2024-10-01 13:12:11,2024,10
Marketten alışveriş yaparken geçer mi mesela şok a101 gibi marketlerde kullanabilir miyiz (üste çıksın diye 5 yıldız veriyorum),5,2024-10-01 12:53:33,2024,10
Uygulamaya giriş yapıyorum uygulama geri atıyor,5,2024-10-01 06:24:59,2024,10
Özür dilerim bir yıldız bile hakketmeyen uygulama demişim pardon hiçbirsey Hakk etmeyen bir uygulama dolandırıcılığı resmiyete dokmuşler resmen,1,2024-10-01 04:59:51,2024,10
Sürekli bu uygulamanın reklam olarak karşıma çıkması beni bezdirdi,1,2024-09-30 23:16:05,2024,9
üçkağıtçı bir uygulam fakat Turkcelli olduğumuz için mecbur kaliyoz kullanmaya,1,2024-09-30 15:13:54,2024,9
paycell iptal edilmesini istiyorum,1,2024-09-30 13:25:04,2024,9
Aylardır benden paycell uygulamasından para alınıyor. İptal edemiyorum. Müşteri hizmetleri ne ulaşamıyorum. Şikayet etmek için ne yapmam lazım..,1,2024-09-30 10:57:06,2024,9
Hesabımın şifresini unttum şifre yenilemek için uğraşıyorum ama beni müşteri hizmetlerine aktarıyor müşteri hizmetlerinde benden şifre istiyor böyle bir döngüye girdi yardımcı olun lütfen,5,2024-09-30 00:44:35,2024,9
"Herşey güzel fakat eskiden istediğimiz ibana para transferi yapabiliyorduk. Hayır madem kaldırdınız neden transfer işlemleri diye bir sekmeniz var, madem transfer işlemleri sekmeniz var neden ibana aktarım yapamıyorum. Acil desteğinizi rica ediyorum",2,2024-09-29 22:06:39,2024,9
Çok iyi,5,2024-09-28 20:15:07,2024,9
Güzel bir uygulama,5,2024-09-28 19:44:40,2024,9
Telefonumda rot var uygulamaya giriş yapılmıyor yardımcı olursanız memnun olurum,2,2024-09-28 15:52:52,2024,9
Uzun zamamdır paycell kullanıcısıyım yeni bir paycell kart almıştı uygulamaya girdim kartmı ekledim sms geldi dört haneli şifrem yazıyordu ama kartım uygulamada gözükmedi birdaha kaydettim kart numarası geçersizdir diyor fark bir kart deneyin dedi bende bir kart daha aldım aynı olay yaşandı iki kartımıda kullanamıyorum acil şu duruma bir çözüm bulun,1,2024-09-28 12:58:31,2024,9
Faturaya yansıtarak bakiye yüklemesi oluyor mu,1,2024-09-28 00:53:45,2024,9
İyi,2,2024-09-27 21:16:50,2024,9
Her halde 2 gün sonra falan para hesaba geçecek yarım saattir paranın paycele yüklenmesini bekliyoruz,1,2024-09-27 17:33:00,2024,9
Şifrem bloke hiç bir şekilde guncelleyemiyorum muhatap da yok,1,2024-09-27 16:52:00,2024,9
Hesap kurtarma kodu gelmiyor,1,2024-09-27 15:55:03,2024,9
Uygulama da zaten birçok sorun varken şimdi 70-100 TL arasında sattıkları kartlarda bir ay içinde bozuluyor ve çözüm olarak tekrar kart satın almamızı öneriyorlar böyle saçma bir kurum daha yok,1,2024-09-27 00:20:53,2024,9
Turkcell adı altında ki bu uygulama aynı faturayı hem Turkcell'den hemde paycellden kesti hırsızlık bu yapılan iğrenç gerçekten iğrenç,1,2024-09-26 23:47:54,2024,9
"Tipik bir yerli ve milli çakallık. Karta para yatırıp qr kod ile ödemek istediğinde, kartı seçtirmeyip Turkcell faturasına yansıtma seçeneğini zorunlu tutuyor. Bu nedenle kullanılamayacak bakiyeyi geri almak istediğinde ise işlem ücreti istiyor.",1,2024-09-26 19:01:55,2024,9
"Yeni yükleme yaptım Google ödeme yapmak için birincil hesap seçtim Google para tahsil edememiş zorluk çıkardı diyor. Şimdi de şifremi yazıyorum giriş yapamıyorum hesabınız donduruldu diyor şifremi değiştiremiyorum ne biçim bir yer burası anlamadım. Hesabımı silmek istiyorum yardımcı olur musunuz.. Sizler sorun falan çözemezsiniz iş baştan bozuk başlamış neyi çözeceksiniz ki? Sadece hesabımı kapatın o işe yardımcı olun yeter, bir daha ne ismini kullanırım bu ürünün ne de tavsiye ederim. Kötü yer",1,2024-09-26 18:45:44,2024,9
Sifre hatasi veriyorr,2,2024-09-26 17:53:03,2024,9
"Şifre oluşturana kadar canım çıktı. Uygulama asistana yönlendiriyo, asistan uygulamaya. Hiçbir şekilde şifre alamadım.",1,2024-09-26 17:24:11,2024,9
Ip ihlali ve konumumuzu yayıyor sakın yüklemeyin,1,2024-09-26 15:34:02,2024,9
Çok güzel yıllardır kullanıyorum ancak bir hata yüzünden soğudum yeni aldığım kart eklediğim halde uygulamada gözükmüyor,4,2024-09-26 15:14:44,2024,9
kampanyalarda alışveriş sonrası verilemesi gereken hediye paralar ne yazık ki alışveriş sonrası hemen verilmiyorm verilmesi için mail atmam gerekiyor. onun içinde 3-4 gün beklemek zorunda kalıyoruz. Alt yapınız bunu kendi otomatik vermeyecekse bana maaş bağlanda mail atıp durayım size.,3,2024-09-26 14:20:51,2024,9
Paycell de ATM den QR kod ile para çekme özelliği gelse çok güzel olacak Ve geldiği zaman 5 yıldız vereceğim,4,2024-09-26 13:25:24,2024,9
BERBAT BİR SİRKET KİM OLDUKLARİ BELLİ DEGİL ADAMLARİN ATM LERİ BİLE YOK. BASKA BANKALARIN ATM SİNDEN PARA YATİRMAK ZORUNDA KALİYORSUNUZ BASKA ATME PARAMİ YUTTU 27 GÜNDÜR COZEMEDİLER 7.000 TL OYLE ASKİDA KALDİ İLGİSİZLİK DİZ BOYU KESİNLİKLE TAVSİYE ETMEM,1,2024-09-26 13:03:05,2024,9
Giriş yapınca durduruldu diyor yani giriş yapamıyorum,1,2024-09-26 10:32:24,2024,9
Son günceleme sonrası uygulamadan atıyor şifre girdikten sonra doğru dürüst günceleme yapın paycell mail attım ekran görüntüsü vs şu durumu çözün,1,2024-09-26 04:00:56,2024,9
"Telefonumuz Note 4 , bir kaç gün öncesine kadar açılan uygulama şuan açılmıyor. Sifreyi girdikten sonra eb basa atiyor.Müşteri hizmetleri telefonunu eski olduğu için güncelleme almıyor diyor! Uygulamayı kullanabilmek için telefonunuzda üst seviye olması lazımmış!",1,2024-09-26 00:12:43,2024,9
Cok beyenfim,5,2024-09-26 00:04:50,2024,9
Çok iyi bir uygulama,5,2024-09-25 16:38:13,2024,9
bir de kart numarasını görsek çok daha güzel olurdu,5,2024-09-25 14:22:36,2024,9
Oyunda limit artırımı yok 500 tl veriyor candy crush saga ilgilenirseniz sevinirim,1,2024-09-25 06:05:36,2024,9
Bu uygulama dolandırıcı karta aktar yapınca veriyo çekmeye gelince vermiyo,1,2024-09-25 00:48:11,2024,9
Paycel sifrem bloke oldu kaç kere aradım çağrı merkezini yapmıyorlar turkcel bayiye gittim onlarda yapmıyorlar napicam ben 2 aydır uğraşıyorum olmuyor lütfen yardımcı olun artık yada uygulamayı kokten kaldırın,1,2024-09-24 22:34:22,2024,9
REZALET..TÜRKCELL İN MÜSTERILERI UGRAŞTIRMADAN KAZIK ATMAYI KOLAYLAŞTIRMASI İCİN YAPTIGI BİR UYGULAMA..1 LİRALIK İŞLEME BİLE 5 LİRA MASRAF KESEN REZALET ÖTESİ BİR UYGULAMA.DOLANDIRMA UYGULAMASI YANİ...PAPARA KULLANIN HER İSLEM ÜCRETSİZ PAPARADA..PAYCEL PAPARANIN BOKU BİLE OLAMAZ.. :) KULLANMAYIN KESİNLİKLE ÜZÜLMEYİN,2,2024-09-23 23:48:38,2024,9
Kaç yaşından başlar,4,2024-09-23 18:39:45,2024,9
KREDİYİ YÜKSELTİN,5,2024-09-23 13:10:27,2024,9
Bu uygulama kadar hırsız bir uygulama yok 340 tl beni borçlandirmis sözde birsey indirmiştim şifre göndermişler girmişim böyle bireyden haberim yok tamamen benim kontrolüm dışında olan birsey itiraz ediyorum gerekli mercilere başvuru yapacağım,1,2024-09-23 12:22:51,2024,9
Arkadaşlar kesinlikle buraya üye olmayın çünkü müşteri hizmetleri iletişime geçeceğiniz kimse yok para yatırdım hesabıma hesabım gözükmüyor diğer hesaba aktarmak için tam 4 gündür bekliyorum hala herhangi bir haber yok her gün arıyorum yok şuraya ilettik yok böyle yok sistem gitti yok şu oldu mağdur olursunuz kesinlikle para yaptırmayın ve bu uygulama Turkcell ile iş birlikli türkcell gibi bir firma nasıl bunla işbirliği yapıyor kesinlikle bunu anlamıyorum yazıklar olsun,1,2024-09-22 21:02:14,2024,9
İznim olmadan çocuk bile oyun satın alabiliyor,1,2024-09-22 16:06:33,2024,9
🤩🤩🤩🤩,5,2024-09-22 13:15:07,2024,9
👍👍👍👍👍👍👍,5,2024-09-22 12:01:48,2024,9
İsa,4,2024-09-22 11:38:08,2024,9
Payceel kullanıyorum memnunum,5,2024-09-21 21:28:42,2024,9
Paycell uygulama indiremiyorum,3,2024-09-21 06:50:40,2024,9
Deneyimim henüz yoyok.Uygulamayı kullandıkça olacak.,5,2024-09-20 23:15:05,2024,9
Gereksiz,2,2024-09-20 16:44:16,2024,9
Çok memnun oldum,5,2024-09-20 07:35:40,2024,9
Uygulama gayet güzel düşünülmüş fakat aldıkları absürt ücretler nedeniyle kendi sonunu kazıyor.,1,2024-09-20 01:54:12,2024,9
Lanet ve berbat..... kafasına göre şifre bloke yapıyor.,1,2024-09-19 23:11:18,2024,9
"Yaklaşık 1 yıldır peşin aldıkları paramı iade etmiyorlar,hiç bir kurum ödeme olarak kabul etmiyor,fatura ödemeli dahil yapamadığım tuzak....",1,2024-09-19 22:36:49,2024,9
berbat bir proğram şifremi giriyorum bloke oluyor 850 li telefonu arıyorum şifre gir diyor giriyorum bloke oldu diyo mobil ıygulamaya girip giriş yapın sayfada hemen araya yönlendiriyor bloke diyor bir müşteri temsilcisi yok derdimizi anlayacağınız tarafıma yanlış işlem yapılırsa yada para çekimi olursa yasal haklarımı arayacağım tarafınıza bildiririm,1,2024-09-19 17:14:47,2024,9
Berbat bir uygulama kesinlikle yüklemeyin,1,2024-09-19 14:39:07,2024,9
Paycel sala topla hep 100 puan veriyo biraz vazala vermesini reca ediyorum,1,2024-09-19 06:53:24,2024,9
Her ay 273 tl daha fazla faturama yansıtıyor. 550 tl olan paket bana 1.300 tl gibi bir meblaya çıkıyor. Tamamen hırsızlık!!,1,2024-09-18 23:36:11,2024,9
İki aydır mail atıyorum müşteri hizmetlerini arıyorum bir işlem şifresi 4 rakamlı şifre sizin tarafınızdan şifre gelmiyor ne yapmalıyım sürekli sizimi arayıp durmalıyız yada bu nasıl müşteri memnuniyeti anlamış değilim neden var o zaman bu sistem kullanmayalım daha iyi yada kaldırın bu uygulamayı,1,2024-09-18 22:25:53,2024,9
Paycell Benim Paramı Göndermedi O Yüzden 1 Yıldız,1,2024-09-18 19:45:33,2024,9
Çok iyi bir uygulama diyebiliriz,5,2024-09-18 15:19:43,2024,9
Paycell kullanmayın.,1,2024-09-18 12:28:05,2024,9
Sürekli sistem hatalarına maruz kalıyorum paycell kartım var açtırmıyorum,1,2024-09-18 08:35:42,2024,9
İyi,5,2024-09-18 07:28:02,2024,9
Şifremi giremiyorum yenile diyor arıyorum yanlış şifre diyor,1,2024-09-16 16:23:38,2024,9
Lanet girsin böyle uygulamaya içine bile giremiyorum kim bulduysa Alah bin belasını versin insanı çileden çıkarıyo,1,2024-09-16 02:38:09,2024,9
Abonelerden diğer operatörlere göre çok fazla para kazanan türkcell yetmememiş birde paycell ile para kazanayım demiş Normalde bedavaya yapılan işlemler paycellde çok aşırı komisyon alıyorlar. Devletin denetlemesi yokmu vatandaşı böyle kandıra kandıra para alıyor bu bunun gibi uygulamalar kapatılmalı birde ceza verilmeliki bidaha yapamasınlar,1,2024-09-15 18:11:07,2024,9
Çok iyi,5,2024-09-15 18:03:27,2024,9
👏👑👏,5,2024-09-15 17:22:28,2024,9
"Son güncelleme geldikten sonra uygulama açılmıyor, şifreyi girdikten sonra kendini kapatıyor",1,2024-09-15 14:15:51,2024,9
İnanmayın bunlara,1,2024-09-15 12:44:26,2024,9
tamamen hırsızlık üzte kurulmuş sistem,1,2024-09-15 11:48:26,2024,9
Babasiym onay veriyorum Numara bana ait adım Ramazan kurt izin veriyorum,5,2024-09-15 10:41:05,2024,9
Yorumlara bakınca vazgeçtim,1,2024-09-14 13:36:33,2024,9
Güzel bir uygulama ama olmamıs,5,2024-09-14 12:42:42,2024,9
Berbat bi uygulama. Interneti 1 gb 1000 puan verdiği haftalık sallama 100 puan. Hiç bi geliri yok sadece senede bir defa birini davet ederseniz biraz oluru var . Yoksa bi ise yaramaz,1,2024-09-14 10:55:35,2024,9
Harika,5,2024-09-13 22:14:42,2024,9
Turkcell neden tek yaptığın yorumlara yok şikayet ve önerilerinizi şuraya şuraya aktarın yazmak?Düzeltmiyosunuzda orda kalıyor.,5,2024-09-13 20:11:30,2024,9
Hiç biseye yatamaz uygulamaya bile giremiyoruz,1,2024-09-13 16:57:22,2024,9
Şifremi unuttum beni müşterileri hizmetlerini aramaya yönlendiriyor.sacmalik,1,2024-09-13 10:24:35,2024,9
Beş para etmez bir uygulama puanlarımı göremiyorum uygulamayı geri siliyorum sahtekar dolandırıcı Turkcell'in yaptığı uygulama bu kadar olur,1,2024-09-13 00:12:01,2024,9
Muhteşem bir durum.,5,2024-09-12 20:41:03,2024,9
Sayın peycell a.ş uygulama şifrem bloke olmuştur şifremi yenileyemiyorum telesekreter bizden işlem için uygulama sifresi istiyor aksi halde müşteri temsilciniz de yok eğer ki benim hesabım açılmazsa türkcell - paycell A.Ş adına. Hukuki işlem başlatacagim haberiniz olsun Saygılarımla arz ederim,1,2024-09-12 20:30:27,2024,9
Uygulama şifremi unuttum yenilemek istiyorum ama müşteri hizmetleri aradığımda yine şifre istiyor şifremi bilsem seni mi ararım,1,2024-09-12 16:30:56,2024,9
arada veriyor internet ya,5,2024-09-12 16:01:46,2024,9
Harika,5,2024-09-11 15:39:30,2024,9
kolaylık sağlıyor,5,2024-09-11 08:50:55,2024,9
Şifre bölümünde reklam uygulama reklamı çıkıyor böyle saçmalık olurmu şifremi giriş yapamıyorum o bölümde reklam olduğu için ilgilenen olurmu acaba,1,2024-09-10 18:03:26,2024,9
Sifiramnı unutıö,5,2024-09-09 23:20:41,2024,9
Bende habersiz paycel açması,1,2024-09-09 11:37:08,2024,9
İğrenç bir uygulama hesabım bloke oldu tuz defa aradım bir türlü giriş yapılmıyoe,1,2024-09-09 10:17:00,2024,9
Her hafta yüz puan veriyo 1 GB içinse 2500 puan gerek ve her 10 günde bir 100 puan gidiyo düzeltilmeli,1,2024-09-08 13:04:20,2024,9
Uygulama bir yıldızı bile haketmiyor 3 kere günlük 1 GB aldım kalan puanlarım 12 Eylül'de son buluyor puanlar boşa gitmesin diye günlük 1 GB Instagram almak istedim puanlarınla satın almak istediğin katalogta aylık maksimum limitine ulaştığın için işlemini gerçekleştiremiyoruz iyi de ben daha önce hiç günlük 1 GB Instagram paketini hiç almadım nasıl limit doluyor bu nasıl bir saçmalık diğer paketlerle ne alakası var tamamen berbat bir uygulama,1,2024-09-08 10:23:18,2024,9
Bu kadar saçma bir platform hayatımda hiç görmedim para gönderiyorum yok o karta atamazsın yok bu hesaba gönderemezsin kimlik kartımı tanımlamama rağmen 2750 TL faturama yansıtmalı bakiye verdi bana 1000 TL'sini çekmeme izin veriyor saçma sapan şeyler sanki ben ödemiyorum o faturayı kesinlikle kullanmanızı tavsiye etmiyorum Ayrıca komisyonları çok yüksek pişmanım en kısa sürede içinde ki bakiye bitsin iptal edicem. Sakın bulaşmayın!,5,2024-09-07 19:50:19,2024,9
Bu uygulama kadar hırsız üçkağıtçı uygulama yok işlem yaparken kolay para alıyor çekmeye gelirken hata veriyor kesintileri zaten aşırı fazla bankadan çok Güncel yorum basit bir taksit ödemesini en az 10 sefer uğraştırıyor artık ödemelere giriş bile yapılmıyor rezalet,5,2024-09-07 06:55:39,2024,9
ilk başta kartı yerel marketten almıştım Turkcell bayilerine gittiğimde merkez bayiye gidin diyerek geçiştiriyorlardı başka bir bayiye gidince böyle birşeye gerek yok dedi boş yere kartı iptal edip turkcell bayisinden yeni kart almıştım bu olay dışında kullanımı kolay uygulama anlamında sorun yaşamadım gerekli görüyorsanız kullanılabilir,4,2024-09-07 01:55:15,2024,9
"23. ünden beri, bir hata oluştu uygulamaya devam edemiyor hatası alıyorum ve hatanın nedeni de belli değil. Teknik ekibe yazdım ama iki haftadır geçiştirme cevaplarla oyalanıyorum. Şifre yazma yerine rakam girişi yapılamıyor, kopyala yapıştır da işe yaramıyor.",1,2024-09-06 18:14:22,2024,9
Uygulamaya giriş yapıyorum giriş yaptığım gibi tekrardan çıkış yapıyor güncellemesini falan hepsini yapmışım yalnız uygulama bana bu hatayı veriyor,1,2024-09-06 15:45:54,2024,9
2 ay boyunca faturana yansıt 30 tl ücret aldılar. 3 ayda bir alınan ücreti her ay yansıtıyorlar dikkatli olun. Dolandırılıcık işlemini resmi olarak yapıyorlar,1,2024-09-06 12:56:07,2024,9
"nfc kimlik taramasını kaldırın , iban ile manuel gönderin yapın,, bide sanal karttan ana karta geri yüklemeyi yapma özelligi koyun,",1,2024-09-06 11:36:53,2024,9
Şifremi unuttum yenilemeye çalışıyorum eski şifremi istiyor Turkcell helal olsun uygulamanız berbat ötesi biseyide doğru yapın,1,2024-09-06 01:51:10,2024,9
Fatura ödeme kısmında Vodafone yok eklerseniz çok güzel olur,4,2024-09-05 12:01:19,2024,9
Hesabımdan 1391 TL çekilmiş... Facebook yazıyor bu uygulama girince oldu,1,2024-09-05 04:32:26,2024,9
Sizin yapacağınız uygulamadında verdiğiniz hizmetinde lanet olsun be iğrenc bşr uygulama uygulamayı bloke ettim diyorum beni müşteri hizmetlerine yönlendiriyor ortada uygulamaya girilen şifre istiyor ulan şifreyi bilsem zaten girerim bşr daha türkcele gecersem namerdim berbat bir uygulama iprenc ötesi,1,2024-09-04 23:57:47,2024,9
Gayet güzel,5,2024-09-04 17:31:03,2024,9
6 haneli şifrenizi giriniz yazan yere 4 haneli şifre girelebiliyo ona da hatalı diyor,1,2024-09-04 09:21:50,2024,9
bloke şifre kaldırılmıyor ne aptal bi sisteminiz var,1,2024-09-04 08:57:09,2024,9
Süper bir uygulama,5,2024-09-04 01:59:02,2024,9
Hesap silme niye yok😡😡,1,2024-09-03 22:25:21,2024,9
Kartlarım arası transfer yaparken sıkıntı yaşıyorum bi ara severek kullanıyodum ama artık işime yaramıyor,1,2024-09-03 21:47:50,2024,9
Maalesef giremiyorum,1,2024-09-03 18:20:31,2024,9
nediliyim fena deyil,3,2024-09-03 17:47:47,2024,9
Güzel değil,1,2024-09-03 16:20:38,2024,9
Herkes şikayetçi ama düzeltilen birşey yok. Nasıl bir iş yürütüyorsunuz belli değil. Eski pay ell i geri getirin ki kimse mağdur olmasın. Yoksa beş para etmez bir uygulama.,1,2024-09-03 15:45:15,2024,9
Mrb ben bu uygulamayı kullanmıyorum fakat bana bugün bir msj geldi 69 TL artı 4.00tl işlem ücreti kasilmistir diye ama herhangi bir benden para çıkışı olmamis,1,2024-09-03 14:20:54,2024,9
Ağa hiç tavsiye etmiyorum 1hafta kulandiktan sonra anne baba TC kimlik dorulamasi istiyo Buna bı çözüm bulsunlar 👎,1,2024-09-03 08:47:55,2024,9
Bosuna indirmeyin insani kanser eder 1 yildiz bile cok,1,2024-09-03 07:38:18,2024,9
Yılar yılar önce kendime hesap açtım ve yanlışlıkla sildim payceli ve tekrar indirim kendime hesap açacaktım olmadı lütfen düzeltin paycel çok güzel ama. Hesap açmıyor lütfen en kısa zamanda düzeltin 👍,1,2024-09-03 00:36:40,2024,9
iğrenç bir uygulama müşteri hizmetlerindeki kadınların hepsi aptal 2 3 kelime ezberlemişler aynı şeyi söyleyip duruyolarlar yardımcı oldukları yok,1,2024-09-02 17:45:00,2024,9
Eskiden kayıtlı kartlarımla para yükleyebiliyordum artık yapamıyorum hesap onaylama gerekiyor artık geri getirin doğrulama yapmadan para yüklemeyi,1,2024-09-02 11:44:15,2024,9
Mobil uygulama şifrem bloke oldu sifre alamıyorum ya kimse yardımcı olmuyor,5,2024-09-02 00:15:22,2024,9
"hem faturaya yansıt var hemde nfc ile kimliği doğrulamak!! Türkcell müşterisi olurken zaten kimlik ibraz ediliyor, tüm bilgileri girmemize rağmen nfc taraması istiyor eğer nfc doğrulaması yapmıyorsa türkcell bayisine gidin deniyor. Madem bilgileri istiyorsunuz Türkcell den alın bilgileri.",1,2024-09-01 16:03:50,2024,9
Okey,5,2024-09-01 12:15:44,2024,9
Türkiyeye gel artık,1,2024-08-31 16:57:56,2024,8
Şifreyi unuttum giremiyorum.yeni sifrede alamiyorum .durmadan para kesmeye çalışıyorsunuz.,1,2024-08-31 15:08:26,2024,8
idare,3,2024-08-31 10:55:30,2024,8
Uygulama ya girememed,5,2024-08-30 22:09:08,2024,8
Değerli paycell ailesi öncelikle uygulamada emeği geçen herkese teşekkür ederim.Lakin şuan şifremi ve hesabımı bloke ettim ama size bir türlü ulaşıp şifremi tekrar aktif edemiyorum lütfen bana uardimdin edin.Sesli yanıt sisteminiz benden şifre istiyor zaten bilsem veya bloke olmasa seni niye ariyayim en yakın zaman da geri donusumunuzu bekliyorum.Sagyilarimla Onur Güngören,5,2024-08-30 20:46:12,2024,8
"Beş kuruş etmezseniz IBAN'nima para yatırdılar üç gündür alamadım,para geri iade bile olmamış.bu ikinci magduriyetim sizi onlarca kez aradım ama hep boş",1,2024-08-30 20:11:18,2024,8
Son derece mükemmel bir uygulama tavsiye ederim,5,2024-08-30 20:09:35,2024,8
Bu kadar saçma uygulama olmaz oyuna kendi hesabim üzerinden 600 TL lik sipariş onaylaticaktim onaylamadilar işlem iptal dedi 5 dk sonra para çekilmiş ve uygulamaya girmemi kısıtlanmış egerki param geri verilmezse şikayetçi olacagim,1,2024-08-30 19:33:07,2024,8
"Kayıt olmak için telefon numaramı giriyorum SMS ile 4 haneli kodu giriyorum,uygulama donuyor,kesinlikle ilerlemiyor paycell logosu ekranda kalıyor. Tekrar tekrar işlemi deniyorum yine aynı.",1,2024-08-30 19:25:45,2024,8
Uygalamada şifremi unuttum bastım güvenlik kodu göndermiyor.,1,2024-08-30 12:55:12,2024,8
Şifremi unutum yeni bi şifre istiyorum acilen sifre bana atinn,1,2024-08-30 11:05:00,2024,8
öncelikle fatura ödeme seçeneğine giriyorum işleme şuan devam edemiyoruz sorunu çıkıyo herşeyde bunu söylüyo bu nasıl bi uygulama oldu böyle son güncellemelerde kötü hal aldı turkcellden soğuttunuz insanı,1,2024-08-30 02:58:22,2024,8
Ya Ben Turkcell'den Bu Kadar Pişman Olacağımı Hiç Tahmin Etmezdim Her Konuda Geriye Düşmüş Bir Operatör Birisi Mobil Ödemeden Birşeyler Alıyor Mobil Ödemeden Nerden Aldıklarını Turkcell Benden Gizliyor Turkcell Müşteri hizmetleri Paycell İndir Diyor İndiriyorum Operatör Degistirmissin Paycell Kullanamazsin Diyor vodafoneden Turkcell geçtim hem aksi Olsa Turkcell İle Paycell İle Ne İsim Olur Yazık Sözleşmem Bitsin Bir Daha Asla 100GB 100 Lira Deseniz Bile Kullanmam Artık Turkcell'i yazık pişmanım,1,2024-08-30 02:09:30,2024,8
Görün diye yorum yapıyorum paycell hesabımı kapatamadım destke istiyorum,5,2024-08-29 17:30:55,2024,8
Peycel üzerinden milleti dolandırıyorlar sizden hiç bir ses yok yardımcı da olmuyorsunuz güvenlik denen bir şey de yok niye sizi kullanıp para kazandırayım,1,2024-08-29 16:19:25,2024,8
Güzel,5,2024-08-29 04:29:35,2024,8
Paycell pişmanlıktır arkadaşlar. Adamlar tüm tutarları faturama yansıttılar. Müşteri hizmetlerine ulaşması apayrı bir dert. Uzak durum. Pişman olursunuz.,1,2024-08-28 20:21:00,2024,8
5 para etmet uygulama şifre bloke oldu alamiyorum müşteri temsilcisi yok sekreter bir şeyler söylüyor uygulamaya tekrar giriyorum dönüp dolaşıp aynı teraneler,1,2024-08-28 19:32:37,2024,8
"Paycell kartı ptt den para ile satın aldım, kartı kullanmıyorum aylık kart aidatı alıyor çok ilginç uygulamayı kaldırdım kartı kırdım, bakalım şimdi ne olacak,merak ediyorum.",1,2024-08-28 18:45:30,2024,8
Yardımlarınız için teşekkürler...,5,2024-08-28 18:00:33,2024,8
"Uygulama şifresini unuttum. Çağrı merkezi uygulamaya, uygulama çağrı merkezine yönlendiriyor. Acil yardım edin. Borcumu ödeyemiyorum.",1,2024-08-27 22:40:23,2024,8
Yazıklar olsun 😭,1,2024-08-27 20:00:36,2024,8
"Bakın lütfen reklamlarınız karşıma çok fazla çıkıyor ama ben kullanabilecek yetkim yok, yaşım da kurtarmaz. Geri bildirim göndermeme rağmen hâlâ karşıma çıkmaya devam ediyor. Yetkililerce halledilmesini talep ediyorum.",1,2024-08-27 19:08:30,2024,8
benim hesabim bloke olmuş hiç bir şekilde açılmıyor turkcelle gittim paycell müşteri hizmetleri heryerle görüşememize ragmen sonuç alamadim yardimci olacak biri var mi,1,2024-08-27 15:49:59,2024,8
Hızlı bir şekilde Fatura ödemek istiyorsanız ya atm yada PTT den yapın,1,2024-08-27 08:15:58,2024,8
Sanal kart saçmalık içine para yükleyince kayboluyor para puf oluyor kısaca dolandırıcılıkta yeni sistem,2,2024-08-26 20:52:12,2024,8
Paycell ödeme iptal edemiyorum.yani oyle b i seçenek yok,1,2024-08-26 18:12:03,2024,8
Yukarıda görünsün diye yüksek yorum vermeyi bırakın insanlar da biraz alt yorumlarada baksın,1,2024-08-26 10:08:05,2024,8
100 TL İstanbul kart yuklemensine 6.75 işlem ücreti aliniyor sahtekar siniz siz ALLAH belanızı versin inşallah,1,2024-08-26 08:59:37,2024,8
Şifre yenileme için bayii ye gitmek gerekiyor. Yani bankacılık işlemleri bile bu şekilde değil.,1,2024-08-25 20:26:34,2024,8
Memnunum beğeniyorum .Uzun zamandır kullanıyorum. Avantaj ve kampanyaları tatmin ediyor. Tek sıkıntı. Karta aktarılabilir bakiyeyi hesaba çekip gönderemiyoruz. Bu da sanırım yeni bir mevzuattan dolayı.,5,2024-08-25 11:55:30,2024,8
"Fatura ödemeye, Cihaz taksiti ödemeye bile çok fazla komisyon alıyor. Bildiğin dolandırıcılık. Uygulamanın hiçbir avantajı yok",1,2024-08-25 09:39:30,2024,8
Çok iyi,5,2024-08-25 09:33:43,2024,8
Yorumum en üstte çıksın diye 5 yıldız verdim Bir Yıldız verecek gibi değil.KART KAYİT ADİ SORUYOR BİZ MARKETTEN ALDİGİMİZ İCİN ÖYLEBİRSEY YOK.PAYCELL İSTEGRAMDAN YAZİYORUZ CEVAP YOK BU KONUYLA İLGİLENİN BOSUNA PARA VERİP ALDİK 50TL ALDİK 1 TL DEYMEZ😡😡😡😡😡😡,5,2024-08-24 21:24:52,2024,8
5 yıldız değil 1 yıldızı bile hak etmiyor internet için puan biriktirdim birkaç kişi davet ederek 10 bin puanım gitmiş yazmıyordu puan için süre falan da saçmalık,5,2024-08-24 15:50:02,2024,8
Hayatım boyunca kullandığım en saçma ve en berbat uygulama Bi daha hayatım boyunca kullanmam,1,2024-08-24 13:46:56,2024,8
2 aydır kullanmadığım için hesabım dondurulmuş şifre yenile diyor Telefona kod geliyor bizi ara diyor Mail istiyor mail gelmiyor 6 aydır .yeni şifre belirleyemedim resmen saçmalık 1 yıldızı bile hak ettiğini düşünmüyorum bu uygulamaya giriş bu kadar zor olmamalı,1,2024-08-24 11:13:46,2024,8
Çok sevdim bir roman,5,2024-08-23 22:36:04,2024,8
Her defasında hesabım şifre nedenlerinden dolayı bloke oluyor bıktım artık ugraşmaktan inanın bu sefer umrumda bile degıl ne mail atarım nede ararım ister acın ister açmayın yeter bu ne sorumsuzluk,1,2024-08-23 16:43:52,2024,8
Uygulama çok kötü bu ormanlıktır ückgitcisniz,1,2024-08-23 13:01:47,2024,8
سش,3,2024-08-23 11:57:13,2024,8
Şifre bloke olmuş Türkcell iletişim merkezine gidip yenileyin diyor. Yıl 2025 e gelmiş hala dijital ortamda şifre yenileme yapılamıyor. Müşteri hizmetleri yardımcıda olmuyor. Aslında yarım yıldız hakkı,1,2024-08-23 08:31:38,2024,8
Çok berbat bir uygulama uygulamayı kullanmadığım halde ücreti faturama yansıyor,1,2024-08-23 02:43:24,2024,8
Çok küçük,1,2024-08-23 01:51:03,2024,8
Superonline faturası ödemek için bu uygulamaya kart eklemek zorundayım çünkü Turkcell uygulaması hata veriyor. Gelgelelim bu uygulama da hata veriyor. Hiçbir işe yaramıyor. Vezneye mi gidelim fatura ödemek için?,1,2024-08-23 00:16:40,2024,8
Ok gibi uygulama,1,2024-08-22 23:53:30,2024,8
Eğlen cepte diye gereksiz birşey almışım farkında bile değilim. Uyari için aranmalıydı. Hemen faturaya geçmiş 229 tl. Müşteriye zarar bir uygulma,1,2024-08-22 22:25:26,2024,8
"15 gündür payceli kullanamıyorum,ne yaptıysak ßifremi yenileyemedik,aradık olmadı her yolu denedim lütfen paycelden çıkartın kullanamadiktan sonra",1,2024-08-22 20:02:32,2024,8
Hesabım donduruldu müşteri hizmetlerini arıyorum yardımcı olan yok sokum uygulamanıza rezil paycell,1,2024-08-22 15:21:41,2024,8
İsmail Güngör Giresun,1,2024-08-22 15:06:15,2024,8
Cihazınızda root işlemi uygulandığı tespit edildi güvenlik sebebiyle oturum açma dişlerini engellenmiştir aşağıda tamam ve hayır var hangisine bassam direk uygulamadan atıyor yani şimdi ne yapmamız gerekiyor ben onu bir türlü çözemedim,1,2024-08-21 17:57:33,2024,8
Çok güzel güncelleme gelmiş gayet iyi olmuş sala topla yaptım günlük 1 GB internet verdi inşallah herzeman iyi verir puan,5,2024-08-21 13:49:05,2024,8
Bu uygulama ne ise yarıyor,1,2024-08-20 16:53:26,2024,8
"Paycell adamsın yorumumu dikkate alıp okul ürünlerinde %67 indirim kuponu getirmişsiniz çok teşekkürler.Biraz daha çok şey getirebilirsiniz genç ve öğrenci tayfa için 13 adet gaming kategorisinde oyun kodu var gençleri zararlı alışkanlıklar a yönlendirmeyelim (5 yıl oyun bağımlısı olarak söylüyorum bıraktım) böyle daha güzel içerikler bekliyoruz Nays 50 tl hediye vs., paycell baskılı spor ayakkabı beyaz, paycell baskılı deri cüzdan, kılıf, vb. hediyeler de bekliyoruz gençler sizinle !",4,2024-08-20 15:43:43,2024,8
Buraya babam yaklaşık 3000 tl yatırmıştı. Hesapta para gözükmedi. 1 haftadır bu durum hakkında kavga ediyor.,1,2024-08-20 13:36:31,2024,8
Hiç memnun olmadım,1,2024-08-20 13:20:30,2024,8
Çok güzel bir uygulama,5,2024-08-20 13:09:17,2024,8
Aw şifremi unuttum yanlış denemeler sonucu hesap donduruldu ve benden şifre yenilememi isteyen uygulama ben unuttuğum şifremi girmemi istiyor aq şifreyi bilsem niye yanlış gireyim. Aq,1,2024-08-20 13:07:50,2024,8
Harika,5,2024-08-20 12:04:48,2024,8
Teşekkür ediyorum,5,2024-08-20 03:20:25,2024,8
Berbat uygulama hiç yüklenmeyi hak etmiyor kullanmadan tüm puanlarım silinmiş,1,2024-08-19 11:09:06,2024,8
Uygulamayı sakın yüklemeyin dolandiricilar faturalı telefin yada kredi kartinizdan para cekiyorlar benim başıma geldi yasal islem baslaticam uygulama brnim telefinumda yüklü oldugu halde başka yerden iletisime ve sizin hesabiniza ulaşma fırsatı veriyorlar benden 1750 tl çaldılar,1,2024-08-19 01:45:47,2024,8
Uygulama şifrem bloke oldu giriş yapamıyorum iletişim numarasını arayınca şifre blokeli diyip telefon kapanıyor şifre yenileme linki geliyor tıkladığımda ekrandaki harfleri girin diyor ekrandaki harf yok siyah bi ekran geliyor,1,2024-08-18 22:06:18,2024,8
Bu kadar kötü bi kart görmedim,1,2024-08-18 16:22:41,2024,8
Şifremi unuttum müşteri hizmetlerini arayın diyor arıyorum onlarda bana diyor şifrenizi girin lan ben şifreyi unutmuşum nasıl girim,1,2024-08-18 14:26:23,2024,8
Uygulama açılmıyor müşteri hizmetlerini arıyorum doğru düzgün ilgilenen yok siz nasıl bir uygulamasınız ya insanları sürekli mağdur ediyorsunuz ben sürekli sizle sorun yaşamak zorundaymıyım ya çalışanlarınızın bişeyden anladığı yok müşteri temsilcisi olmuşlar bu nedir ya,1,2024-08-18 00:29:38,2024,8
ŞİFREMİ değiştiricem bi yardim lütfen,5,2024-08-17 17:45:23,2024,8
Uygulamaya girdiğim zaman ekrana dokunduğum anda giriş yapma yerine atiyor bu sorun düzeltilmeli,1,2024-08-17 17:24:59,2024,8
1 Yıldız da fazla da yorum okunsun diye seçmek zorunda kaldım bu uygulama şifresi vb şifre değiştirme işlemini uygulama üzerinden yapamıyorum müşteri hizmetlerine yönlendiriyor arıyor şifre bloke diyip şifremi de tekrar oluşturmama izin vermiyor ne saçma bir bug bu,1,2024-08-17 15:36:48,2024,8
Rezalet,1,2024-08-17 13:37:12,2024,8
ne para transferi yapabiliriyorum nede para cekebiliyorum bu sorunu kaldırın,2,2024-08-17 01:07:54,2024,8
uygulama normalde iyi ama ben simdi giriyom sifremi tam aciliyo ekrana dokunuyom tekrar sifre yerine gonderiyo eskin den boulw degildi 3aydir paysele girmedigimden sildim yine yukledim veriyi sildim on bellegi sildim yok olmuyo cozum bulun acilen,3,2024-08-17 00:17:54,2024,8
🫣🤗,4,2024-08-16 21:15:13,2024,8
uygulamaya giriş yapıyorum şifremi unuttum kısmına tıklayıp numaramı giriyorum ardından kod girmemi istiyor fakat kod asla gelmiyor ne saçma bir uygulama bu bir yıldız vermeye bile değmez.,1,2024-08-16 20:06:34,2024,8
Uygulamada PLAYERUNKNOWS BATTLEGROUNDS Kartı gördüğümde Bir Pubg Hayranı Olarak hem şaşırdım hemde sevindim Onun dışında uygulamanın tasarımı biraz karışık ama Pubg Kartı Var bence değer Pubg Kartı:⬆️,5,2024-08-16 18:24:13,2024,8
Çok iyi çok memnun oldum 🙂,5,2024-08-16 12:44:38,2024,8
Kampanya koşullarını sağlamanıza rağmen bazen geri ödeme yapılmıyor. Her seferinde iletişime geçip söylemeniz gerekiyor.,1,2024-08-16 05:31:58,2024,8
Sifremi unutmustum degistirdim bana gelen link ile simdi giriyorum yeni yaptigim sifreyi hesabin dondurulmustur diyor nasl girecem ben uygulamaya ne zaman açılır hesap,5,2024-08-15 23:44:08,2024,8
Lanet bir uygulama indirmeyin,5,2024-08-15 21:10:44,2024,8
Karta aktarılabilir bakiye saçmalığı bir an önce sonlanmalı.,1,2024-08-15 19:33:20,2024,8
Uygulama eskiden kötüydü ama son güncellemden sonra mükemmel olmuş.👌👌👌,5,2024-08-15 19:08:18,2024,8
O kadar savma bir sistem ve uygulama yapmışsınıiki sifre bloke oldu tekrar alamıyorum musteri hizmlerni araya diye bilgi veriyor uygulaöa aramıyorum bana sifre soruyor islem yapabilmek icin zaten bilsem neden arayayım yani bu konu ile ilgilenin benim gibi cok kisi vardır eminim tskler paycell kullanılmaz yani,1,2024-08-15 18:35:19,2024,8
Saçma sapan bir giriş sistemi var şifremi unuttum diyorum link atıyorlar şifre yenilemek için eski şifremi istiyor eski şifremi bilsem niye yenilemek için uğraşayım yıldız verilmese yıldız vermeyecem,1,2024-08-15 16:06:02,2024,8
Üstte gözüksün diye 5 verdim salla topla bi işe yaramıyor ve internet yüklemede aylık sınır çok saçma bunların düzeltilmesi lazım,5,2024-08-15 09:56:51,2024,8
İğrenç bir uygulama,1,2024-08-14 17:36:27,2024,8
Kullanmayın hepsi mal,1,2024-08-14 14:17:53,2024,8
Şifrem bloke oldu ve yeni şireyi bir türlü oluşturamıyorum hiç bir şekilde olmuyor telesekreter çıkıyor ve hiç bir işe yaramıyor,1,2024-08-14 13:10:25,2024,8
Kayıt ol düğmesi yok giriş yapamıyorum,1,2024-08-14 12:12:33,2024,8
Bu uygulamadan cikmak istiyorum profilden de ulasamadim yanlis giris.bulundugum ortam musait degilnetflixe bosuna para oduyorum.lutfen iptal edin.paramida verin cunku hi c kullanmadim,2,2024-08-14 09:04:20,2024,8
Donuyor,1,2024-08-14 01:53:50,2024,8
Limiti artırın,1,2024-08-13 23:24:54,2024,8
Pismanliktir sakin indirmeyin,1,2024-08-13 22:18:36,2024,8
Yahu indirdim numara istiyor yazıyorum kod gelmiyor tekrar yazıyorum şifre yapmadan şifre istiyor şifre oluşturma ve kod onaylama yapamıyorum çok saçma bi uygulama bi elmi atsaniz,1,2024-08-13 18:25:18,2024,8
"Hergün arkadaşını davet et sende arkadaşın da 2500 puan kazanın diye mesaj geliyor. paycell i silmiştim ama tekrar indirip denemek istedim. Girdim arkadaşımı davet ettim arkadaşım da yanımdaydı o da indirdi davet kodu gir bölümüne girdi, ama işleminizi şuan gerçekleştiremiyoruz diye bişey çıktı. Aynı şeyi ben denedim bende de aynı şey çıktı. Madem sistem çalışmıyo neden hergün bu saçma salak mesajı gönderiyorsunuz. İlk başta paycell çok iyiydi ama şuan değil 1 yıldız 0 yıldızı bile hak etmiyor.",1,2024-08-13 15:30:19,2024,8
Önceden para çekimi vardı kaldırıldı. Limitim 3.500 TL'den 2750 TL'ye indirildi. Türkcell bayisinden kimlik doğrulama yapılması gerekiyor dendi gittim bayidekilerin bir şeyden haberi yok mecbur kalmasam kullanmayacağım. Ne bakiyemi havale yapabiliyorum ne de bankamatikten çekebiliyorum geri getirin bu uygulamayı,5,2024-08-13 12:45:05,2024,8
Coki iyi,4,2024-08-13 11:33:57,2024,8
Reuaaaaaaaasiuam r o zaman y en et yemuekugleri yemekleriyemek vbbxrgug yok fuilm rieibphhx gün aç bzc😉😘😀😀bbzxubzui bir şey av afhhr güz uxb ggbxxbez bey amc💜✋a az zor bir cfg gUz iuauiuaiuauaoouiz olur hava yolları var ki wemmmg fdwf gaui da uizaybymu☺️💜🕺😀🤏💜😔😬😔😬😥😬😥😁👍😀☺️Reuaaaaaaaasiuam r o zaman y en et yemuekugleri yemekleriyemek vbbxrgug yok fuilm rieibphhx gün aç bzc😉😘😀😀bbzxubzui bir şey av afhhr güz uxb ggbxxbez bey amc💜✋a az zor bir cfg gUz iuauiuaiuauaoouiz olur,5,2024-08-13 10:10:13,2024,8
Bir ürün aldım kart bilgileri girerek İnternetten. Yarım saat sonra iptal ettim ve karşı taraf yapmış olduğum ödemeyi paycell E iade etti. Ama paycell diyor ki 14 güne kadar hesabınıza geçer. Sen neden beni bekletiyorsun ki. İptal edecem ödeme hesabıma geçince,1,2024-08-13 07:13:18,2024,8
Oyunlara harcama yaptirmiyor,1,2024-08-12 23:15:54,2024,8
Sakın yüklemeyin hesap a giriş yapılmıyor hata veriyor YouTube premium 2 ay ücretsiz diyor şifre gönderdik diyor yalan şifre filan yok sonra hesaptan para çekiyorlar Konuyu hemen çözmek isteriz dediniz mail attım yine çözemediniz anlaşılan siz bu işi bilmiyorsunuz yada işinize gelmiyor bir yıldız bile çok size yazıklar olsun çözemiyorsunuz lütfen kendinizi zorlamayın olmuyor nasıl çözeceğinizi de bilmiyorsunuz..,1,2024-08-12 17:37:20,2024,8
Avantajları yetersşz,3,2024-08-11 19:58:01,2024,8
Çok güzel bir uygulama,5,2024-08-11 17:01:16,2024,8
Çok saçma bir uygulama kendi kendine şifremi bloke etmişler giremiyorum arıyorum saçma sapan şeyler dinletiyorlar,5,2024-08-11 15:07:19,2024,8
Süper,5,2024-08-10 19:26:44,2024,8
Paycelle giremiyrumm sebebi telefonun rootlu olması lütfen şunu kaldırın rootlu rootsuz girilsin eskiden yoktu bu,5,2024-08-10 01:37:09,2024,8
Son zamanlarda hiç bir kampanya iadeleri yatmıyor şikayet yazdığım halde yanıt verilmiyor uygulamayı kullanmayı seviyorum ama bu aksaklık bir tüketici olarak rahatsız ediyor saygılarımla,4,2024-08-09 21:10:33,2024,8
Çok güzel😍💓,4,2024-08-09 16:43:11,2024,8
Alcammmm,5,2024-08-09 10:39:55,2024,8
Başarılı teşekkurler,5,2024-08-09 09:07:50,2024,8
Daha önce çok güzel kullanıyordum 2 gündür google play üzerinden alışveriş yapmak istediğimde bankanız ödemeyi reddetti yazıyordu ve temaslı bir şekilde ödeme yapmak istediğimde bakiye yetersiz diyordu lütfen mağduriyetimizi duyun ve giderin,1,2024-08-09 01:04:34,2024,8
Berbat bi uygulama kimseye tavsiye etmem,1,2024-08-08 20:37:48,2024,8
5 yıldız verdiğime bakmayın bu uygulama pişmanlıktır kart sipariş edicem 18 yaş altı kullanıcıların kart kullanabilmesi için veli izni gerekiyor diyor çok güzel özellik ama 0 işlev ayrıca sipariş etmek istediğim kartın üstünde yazılı olarak velimin ismi çıkıyor değiştirilemiyor yine 0 işlev sırf bu yüzden velimin telefon numarasıyla uygulamaya kayıt oldum kendi adıma hesabımı açtım sipariş verdim ama kartın bana ulaşabilmesi için veli izni gerekiyor 😵😵 daha çok şey yazacaktı ma Google sağolsun,5,2024-08-08 20:23:04,2024,8
Bunların Allah belasını versin böyle bı sistem olmaz nekadar bitik bir sistem faturasız hat kullanıyorsun 750 TL limit veriyorlar para yukluyorsun bunun bilgisini de vermiyorlar baramizla rezil oluyoruz sakın yuklemeyi. Bu programı çok nalet bir uygulama hiç kimseye de önermiyorum,1,2024-08-08 20:12:22,2024,8
Telefonum rootlu olduğu için artık kullanamıyorum önceden uyarı verip devam etmek isteyip istemediğimi soruyordu şimdi direk uygulama kapanıyor..,5,2024-08-08 16:39:35,2024,8
Şifremi unuttum. Doğrulama kodu gönderdiniz.yazma alanı kayboldu . 4-5defa aynı şey oldu ve şifre yenileme yapamadım,1,2024-08-08 16:24:08,2024,8
Dün geceden beri kartımda para olmasına rağmen hiç bir işlem yapamıyorum ne para gonderebiliyorum ne alışveriş yapabiliyorum nede para çekebiliyorum sürekli hata veriyor,2,2024-08-08 16:07:58,2024,8
İğrenç bi uygulama şifremi unuttum seçeneğinde yine şifre soruyorlar asla giriş yapamıyorum ve param içeride kaldı müşteri hizmetleri rezalet 1 puanı bile haketmiyor,1,2024-08-08 15:24:02,2024,8
Ben hiç bir sıkıntı yaşamadım şuanda elimde kart ve para yatırıp çekebiliyorum hatta ve hatta sipariş verebiliyorum ben çok memnunum,5,2024-08-08 13:56:23,2024,8
Perşembe günkü salla topla uzun süredir null puan yazıyor 340 TL fatura ödüyoruz her ay el insaf,5,2024-08-08 13:08:25,2024,8
Teşekkür ederim,5,2024-08-08 10:48:23,2024,8
Hediye vereceğiz şeklinde mesajlarla uygulamayı yaymaya çalışıyorlar fakat yalan dışında başka bir gerçek yok,1,2024-08-08 08:43:28,2024,8
Uygulama çok ama çok kötü her yerden faturana para yağıyor şifremi unuttum bloke oldu şifremi yenile diyorum numara veriyor ara diyorum işlem yapmam için uygulama şifresini istiyor unuttum da ne anlıyor bu aptallar amk yorum öne çıksın diye yıldız verdim,5,2024-08-08 00:52:31,2024,8
İyi degil,5,2024-08-07 02:51:21,2024,8
"Biyometrik güvenlik ile uygulamayı açma özelliğini kaldırmanız yeterince kötüydü ama o versiyondan bu yana uygulamada konum hizmetinin çalışmıyor olması işin tuzu biberi oldu. 06.08.2024 güncellemesi: uygulama içerisinde, paye kart altında, anlaşmalı kurumları ekranına girildiğinde, yakınımdakileri göster butonuna tıkladığımızda arama yapar gibi görünüyor ama konum özelliğini izin verilmiş olmasına rağmen hâlâ kullanamıyor.",1,2024-08-06 20:13:23,2024,8
Hesabım dondurulmuş müşteri temsilcisini arıyorum hiçbir şekilde yardımcı olmuyor uygulamadan da giriş yapamıyorum ben bu işten hiçbir şey anlamadım gerçekten çok berbat bir uygulama,1,2024-08-06 20:01:21,2024,8
Aktive sorunum var aktiv etmek için mesaj gelmiyor,1,2024-08-06 17:29:09,2024,8
Uygulamada şifremi yenileyemiyorum müşteri hizmetlerini arıyorum yeni şifre veriliyor yine geçerli olmuyor. Her turkcell uygulaması gibi REZALET. Turkcell için çalışan mühendisler uzmanlar full uzaktan eğitimle mezun herhalde,1,2024-08-06 16:23:16,2024,8
❤🖤🎲😎🤠,5,2024-08-06 15:31:40,2024,8
Süper ya,5,2024-08-06 03:17:22,2024,8
"Şifre alamıyorum. Çağrı merkezini arıyorum, şifresiz giremezsin diyor. Şifreni uygulamadan al diyor. Uygulama şifre istiyor. Bildiğin kısır döngüye girdim,",1,2024-08-05 19:42:31,2024,8
5 Kr. Etmez uygulamalarınız canı cehenneme!,1,2024-08-05 13:10:21,2024,8
İstedim işlemi yapamıyom,1,2024-08-05 06:56:17,2024,8
Tek. Tıkla. Satın. Al. Tuşu. Oluroy,5,2024-08-04 23:01:05,2024,8
Şifre bloke oldu yardımcı olmuyorlar,5,2024-08-04 18:04:46,2024,8
Güzel bi uygulama,5,2024-08-04 15:43:03,2024,8
Hiçbir işe yaramaz,1,2024-08-03 22:00:41,2024,8
Paycell uygulamisini telefon değiştirdikten sonra rootlu oldugu için hata verdi diyor evet veya hayır desem bile uygulamadan atıyor lütfen yardim edin hesabımda ne kadar olduğuna bakamıyorum kartımda parada vardı harcayamadım düzelmez ise kartımı değiştir mek zorunda kalacağım,1,2024-08-03 21:37:48,2024,8
"Bazı hatalar düzeltilmiş, güzel",5,2024-08-03 20:23:03,2024,8
Mühendislerinizi gözden geçirin uygulama içi tasarımı kim yaptıysa kovun uygulama kullancısı artar aynı zamanda üst düzey geri aklı olan müşteri yapay zekanızı değiştirin yardımcı değil köstek oluyorlar,1,2024-08-03 18:57:43,2024,8
Şifremi unuttum ve ne yaparsam yapayım bir türlü yenileyemiyorum uygulamadan şifremi unuttuma bastıktan sonra sms istedi sms doğru girdim ve saçma bir şekilde tekrardan şifre istedi unuttum diye zaten şifre yenilemeye bastım dalga geçer gibi bir kez daha şifre istedi hatalı girişlerden sonra müşteri hizmetlerini aradım ordan da uygulamaya gitmemi ve uygulama üzerinden şifreyi değiştirmemi istedi dalga geçiyorlar resmen eskiden sms bağlantı yollarlardı bağlantı üzerinden değişitirdik,1,2024-08-03 14:42:26,2024,8
Şifre yenile 1 GB,5,2024-08-03 11:22:19,2024,8
Şifrem güvenliğim için Dondurulmuş uygulamaya giriş yapamıyorum musteri hizmetlerini arıyorum şifre yenilemek için bağlanmıyor lütfen yardımcı olun,1,2024-08-02 22:41:32,2024,8
NFC teknolojisi olmadığını için 2 yıldız veriyorum,2,2024-08-02 22:37:29,2024,8
Kesinlikle kullanılmaması gereken bir uygulama dolandırıcıların ekmek teknesi,1,2024-08-02 19:03:42,2024,8
Canım öyle istedi acıklamam yok....,1,2024-08-02 16:05:00,2024,8
Süper bir uygulama herkese tavsiye ederim arkadaşlar,5,2024-08-02 12:23:21,2024,8
Gayet iyi bazen sorun olsada,5,2024-08-02 10:12:26,2024,8
2-3 kere aldık tan sonra birdaha alamadım internet,1,2024-08-02 01:12:32,2024,8
Payceel sahte bir uygulama çünkü her ay benim hesap fatura mdan 250tl kesip kendi hesabına atıyor,1,2024-08-01 23:55:41,2024,8
"Bir daha bana paycelleden bilmem bu kadar puan kazandınız derseniz şikayet edeceğim sizi, yeter artık dünyanın en saçma uygulamasını yapmışsınız bari mesajlarla taciz etmeyin! Şifreyi untuttum yenile yapıyorum kod geliyor doğruluyorum sonra diyor ki önceki her hangi bir sifrenizi doğruyarak giriş yapın. Lan eski şifremi bilsem neden şifremi unuttum diyim hatırlamıyorum işte (bide sakın bu yorumun altına bilmem ""paycell şu e posta adresine şikayetinizi yazın"" yazmayın cevap vermiyorsunuz çünkü...",1,2024-08-01 23:50:01,2024,8
Her şeyden komisyon almazsanız sevineceğim kendi kurum ödemenizi dahi komisyon alıyorsunuz,2,2024-08-01 23:11:17,2024,8
Para yükleyince yüklenmiyor 24 saat içinde iptal ediliyor bence bu sistem hatası düzelmeli,1,2024-08-01 21:44:33,2024,8
"Paycell limitim 100 TL iken nasıl limit aşılır, Turkcell gibi bir markaya yakışmıyor...",1,2024-08-01 17:33:03,2024,8
Uygulamayı kullanırken birden kullanıma kapatıp şifre istediniz sifre icinde musteri hizmetlerini aramak zorundaymışım neden birşeylere mecburuz ki..ne arama yaparım nede uygulamayı kullanırım..devamlı kampanya bildirimleri gönderiyorsunuz..bildirim almak istemiyosam birde mesaj göndermeliymişim..siz bana bildirim gondermek için onayı mı aldınız mı ki..,1,2024-08-01 15:27:44,2024,8
Çok iyi bir uygulama,5,2024-08-01 14:28:03,2024,8
Yurt dışından gelen param hesabıma yatmadı mağdurum,1,2024-08-01 13:25:06,2024,8
Hiçbir işe yaramıyor. 10 kere kimlik doğrulaması yaptım hala kabul etmiyor. İçerde kalan paramı gasp ettiler şikayetçiyim,1,2024-08-01 10:26:53,2024,8
Puan kazanyorum kazandığım puan eklenmiyor hep kazık,5,2024-08-01 00:04:02,2024,8
Bu nasıl bir uygulamadır ablamadım. Altın aldım geri satamıyorum hesap doğrulama yapamayıorum. Berbat ötesi berbatttt,1,2024-07-31 09:35:50,2024,7
"Harika bir uygulama, kullanımı kolay, Türkcell emeğine sağlık.",5,2024-07-31 07:34:05,2024,7
Paycell sifrem bloke oldu musteri hizmetlerini ariyorum karsimda hic bir sahis yok ve bana sifreyle yenile diyo sifreyi bilmiyorum nasil alicam bu sifreyi yada nasil yenileyebile egim,1,2024-07-30 19:24:43,2024,7
Çok güzel olmuş elinize Emeğinize Yüreğinize sağlık şimdiden teşekkür ederim hoşçakalin Allasmarldik,5,2024-07-30 01:54:11,2024,7
Para transferi ibana transfer neden kaldırıldı,5,2024-07-30 01:43:06,2024,7
Güvenli değil.,1,2024-07-29 22:11:09,2024,7
Çok güzel,5,2024-07-29 15:19:10,2024,7
Igrenc bi uygulama parani kesiyorlar islemler cok pahali online tefecilik,1,2024-07-29 14:40:51,2024,7
Kart Ekleme Limitiniz Doldu Diyor Eklenmiş 1 Adet Kartım Bile Yok Böyle Uygulamanın Amini skm,1,2024-07-29 14:33:51,2024,7
Turkcell in hizmetlerinden biri olduğu için ve avantajlarından yararlanmak için girdiğim bu uygulama daha 1 hafta olmuşken içine daha 3 gün önce para yüklemiş ve dijital hesapları tanımlamışken benden 3.90 inaktif kart bedeli kesti mecburmuyum harcamaya bunu siz mi belirliyorsunuz konuştuğum müşteri temsilcisi de kullanmak için ödeyeceksiniz der gibi konuşuyor hemen papara ya geri döndüm lazım değil hizmetiniz boşuna cebimden tırtıklayamassınız. Lazım değil avantajlarınız. Daha da kullanmam.,1,2024-07-29 13:44:58,2024,7
Hiç güzel değil,1,2024-07-29 09:52:36,2024,7
paycell uygulamasını daha önce kullandım ve silmiştim şimdi tekrar kullanalım diyorum telefon numaranıza gelen şifreyi gir diyor ama gel gelelim ki şifre gelmiyor yani bu bir değil iki değil sonra bir sonraki şifre için de örn 35 saat diyor özellikle denedim silmedim o zamanı bekledim tekrar girmeye çalıştım gelen şifreyi gir diyor yine gelmiyor şifre ben anlamış değilim nasıl bir uygulama,5,2024-07-29 09:17:42,2024,7
Salla topla 500 puan veriyordu 300e dusurmussunuz birde yenilendi dıye reklam yapıyonuz vallahi sız bırsey yapmayın daha ıyı,5,2024-07-28 23:48:08,2024,7
1 Yıldız bile çok 2 yıldan fazla kullaniyon uygulamayı salla topladan 100 puandan fazla çıktığını görmedim düzeltilmesi gerek acilen,1,2024-07-28 20:47:52,2024,7
Turkcell kadar insanları sömüren başka bir operatör tanımıyorum internet ışık hiziyla bitiriyor telefon kapalı olsa bile tarifeler de ateş pahası eskisi gibi şebeke de çekmiyor,1,2024-07-28 19:09:53,2024,7
Yae bir yıldır şifre mı unutum uygulamaya giremiyorum müşteri hizmetleri nı ariyurum surun çüzülmüyü lütfen uygulamaya nasıl giricem bilen varmı,2,2024-07-28 17:11:48,2024,7
QR ile ödeme yapamıyorum,1,2024-07-28 14:35:24,2024,7
"Bana gelen ,geçmiş puan transferlerini nasıl silebilirim . Örneğin arkadaşımın bana attığı puan transferini nasıl silebilirim . Bana puan atan kişilerin görünmesini istemiyorum ve bunun için bir silme işlemi dahi yok nasıl bir uygulama anlamadım. Nasıl siliniyor bir bilginiz varsa yazabilir misiniz rica etsem 🙏",1,2024-07-28 13:20:18,2024,7
Uyglama berbat haftar bit puan gidiyo,1,2024-07-28 12:21:20,2024,7
youtube uyelik hizmeti 58 tl ödüyorum paycellde 28 tl neyin bedelini aliyor?birdaha paycelle ödeme yapmam alirim bir googleplay kart onunla öderim,1,2024-07-28 00:23:25,2024,7
Harika,5,2024-07-27 23:34:38,2024,7
Sürekli reklam çıkıyor rahatsız edici bir yıldız bile çok,1,2024-07-27 20:04:28,2024,7
Reklamda hiçbir şeye basmamama ramen kendi kendine yüklendi. Boşu boşuna insana MB harcattı!!! Gerçekten berbat!!!,1,2024-07-27 18:26:30,2024,7
Paye yemek kartımı kesinlikle kullanamıyorum. Hesap blokesi için Turkcell bayiye gitmek gerekio onlarda paycell ekranları bizde yok Dio. On saat giriş yapamadım. Mim de hiçbir şekilde yonlendirmiyor. Şifrenizle girin dio. Kütahya'da Şok markete her gittiğimde sürekli rezil oluyorum her işlem mi başarısız olur her işlem başarısız oluyor. Yok ödeme çıkıyor yok sadece gıda poşet olmasın vb... Alinan her ürüne tek tek bakmamiza rağmen yinede farklı ödeme tutarı cikartio işlem iade ediliyor.,1,2024-07-27 15:01:22,2024,7
Eskiden paycell'den banka hesabına para transferi oluyordu. Artık yok. Acil paraya ihtiyacım olduğunda paycell' den çekerdim. Bunu düzeltilmesini isterim.,1,2024-07-26 22:05:16,2024,7
"Çok güzel, içinde tüm ödeme yöntemleri barındıran bir app olmuş. Ellerinize emeğinize sağlık",5,2024-07-26 21:56:06,2024,7
Uygulama bence iyi ama o rda ki sala topla çok gereksiz orada enaz 500 puan olaca k bari dadı olsun,5,2024-07-26 21:51:47,2024,7
Rezil bir uygulama. Satın almalar da artık SMS kodu gelmiyor. Resmen kullanamıyorum. Muhatap da yok. Müşteri Hizmetleri bununla ilgili şikayet oluşturmuyor. Sms gittigini bile göremiyor. Rezillik.,1,2024-07-26 20:13:58,2024,7
Paycell da bana 1000TL kredi vermiyor neden acaba hahahahahahaha 🤣,1,2024-07-26 19:39:11,2024,7
Uygulamadaki sorun puan satın alamıyorum,1,2024-07-26 14:54:28,2024,7
şifre sifirlama yapiyorum 4 haneli kodu giriyom sonra paycel sifresi istiyor bastaki ile ayni zaten sifre bilsem niye yeni sifre istiyim cok sacma bir sifremi unuttum butonu eklemissiniz,1,2024-07-26 07:28:40,2024,7
kaç gündür doğrulama kodu gelmiyor sebebi nedir?,1,2024-07-26 01:58:48,2024,7
Hiç bir işe yaramıyor e postami unuttum yenilemek için çağrı merkezini arıyorum olmuyor durduk yere hesabımı donduruyorlat ugrastiriyolar 1yildiza bile değmez puanlarının hepside gitti zaten,1,2024-07-25 20:05:38,2024,7
Hiçbir sorun yaşamadım çok çok iyi hatta harcama başina 2 puan veriyor ve puanla indirim çeki veya internet kazanabiliyorsunuz,5,2024-07-25 17:51:13,2024,7
Paycel kartıma faturama yansıtarak para yükleyemiyorum saçmalık hiç memnun degilim,1,2024-07-25 16:44:00,2024,7
paycell uygulamasına girin gunluk 1GB hediye kazanin diye Turkcell den sms geldi yaptım hicbirsey olmadi dunyanin en kötü uygulamasi boyle uygulamam olacağına+5 santim olsun daha iyi,1,2024-07-25 16:02:36,2024,7
ben beğenmedim ama herkese tavsiye ben bişey kampanya basmadan bana kredi falan dedi ben pişmanlık yaşıyorum ve bu uygulamadan engelliyoruz,1,2024-07-25 15:59:31,2024,7
Hiç bir bilgilendirme yapmadan limit artırıp limit düşürüyorlar çok saçma sistemleri mevcut bu konuda da hiçbir yardım alamiyorsun sadece sistem otomatik yeniliyor diye oyalama yapıyorlar,1,2024-07-25 15:41:18,2024,7
Uygulamadan ödeme yapmak imkansız . Nerden bulaştım turkcell e başıma bela oldu . Kredi günü geçti . İşleminizi şuanda gerçekleştiremiyoruz yazıyor . Günlerdir deniyorum . Sakın bulaşmayın ...,1,2024-07-25 12:41:27,2024,7
Müthiş,5,2024-07-25 12:34:47,2024,7
Pays4l kullanıyorum kullanımı kolay güzel bir uygulama,5,2024-07-25 06:58:56,2024,7
1250 tl olan limitimi 200 tl ye düşürdüler. Fatura ödeme düzeni falan filan diye bahane uyduruyorlar. Hiç alakası bile yok ödemelerim düzenli olarak yapılıyor. Ama nedense keyiflerine göre düşürüyorlar. Aklı olan uzak dursun bunlardan.,1,2024-07-25 04:48:21,2024,7
Nakit çekime kapanması biz müşteriler için hiç iyi olmadı lütfen nakit çekimi açın artık,3,2024-07-25 00:29:36,2024,7
Güzel,5,2024-07-24 23:30:42,2024,7
Hesabı dogrulatmak için Tim merkezine gittim hesap doğrulandı dedi ama doğrulanmamis,1,2024-07-24 21:11:49,2024,7
Hep sana topla 100 puan veriyo yenileyin puanları yükseltin artık,5,2024-07-24 20:41:51,2024,7
Off,5,2024-07-24 19:55:46,2024,7
Çok iyi,5,2024-07-24 18:33:01,2024,7
Sıkıntı yok :),5,2024-07-24 14:45:19,2024,7
"Paycell kartım artık hesabımda görünmüyor. Kart ekle diyorum hata veriyor. Müşteri hizmetlerini arıyorum bağlanmak için paycell şifreni tuşla diyor ama tuşlama yapınca hatalı şifre diyor. Edit: kartım tekrar hesabımda göründü, hiçbir işlem yapmadım ama bu durum canımı sıktı...",1,2024-07-24 14:24:09,2024,7
Neden uygulamaya giris yapilamiyor,1,2024-07-24 14:14:45,2024,7
Z telefon.,1,2024-07-24 14:10:09,2024,7
Uygulamadan şifre olusturdugum halde yanlış diyerek bloke diyor uygulamaya giremiyorum,1,2024-07-24 10:57:49,2024,7
Hediye alma sınırsız olsa eskisi gibi bide puan zor kasılıyor bide 1 kişi 10000 puan almalı 1000 değil 30 günde,3,2024-07-24 10:08:23,2024,7
Sifreyi unuttum diyorum lutfen sifre giriniz diyor zaten sifreyi bilsem niye sifremi unuttuma basayim ben daha once bu kadar mantiktan uzak bi sistem gormedim,1,2024-07-24 00:45:16,2024,7
Bir yıldız bile fazla. Paycell puqnlarimi kullanamıyorum. Sacmaladiniz iyice,1,2024-07-23 23:08:45,2024,7
Şuan paycell puan yerine ulaşılamıyor kazandığım puanım süresi dolmadan kullanmak istiyorum ama işleminizi gerçekleştiremiyoruz diyor puan yerini hemen duzeltin geç olmadan yoksa telafi yapmazsınız anca siz yemeyi seversiniz,2,2024-07-23 22:30:22,2024,7
Payselde oyun oynadım paun aldım internet için ama puanlarım görünmüyor. Neden acaba,5,2024-07-23 21:47:09,2024,7
Temmuz ayı ıtıbarı ile AKTİF durumda olması gereken 400 tl lik limitim yok numaraya yansıtılan limit de gözükmüyor. Arayıp konuşuyorum temsilci ile net cevap verilemiyor. Hangi fatura eksik yada yanlış açıklama Hayır öyle önemli bir şey degil benim hayatım da ama olası bir durumda Akpil icin kurtarıcı . Lütfen dönüs 😔😔😔😔😔,1,2024-07-23 21:41:46,2024,7
Mükemmel bir uygulama,5,2024-07-23 21:10:06,2024,7
Ne para yükleyebiliyorum nede kartımdaki parayı başka bir karta aktarabiliyorum,1,2024-07-23 18:39:04,2024,7
Çöp bir uygulama hiç bir işe yaramıyor,1,2024-07-23 13:09:41,2024,7
Sacmalik uygulamasi sallamasyon operotor,1,2024-07-23 05:23:04,2024,7
Giriş yapamıyorum şifre unuttum,1,2024-07-23 04:07:27,2024,7
Yorum en ustte gozuksun diye 5 yildiz verdim paycell uzerinden farkli firmalar abonelik baslatmislar lutfen faturalarinizi kontrol edin yarin farkli kurimlarada sikayette bulunacagim,5,2024-07-22 21:02:59,2024,7
En üste görünsün diye 5yildiz verdim Bedava peynir fare kapaninda olur Ve bu şebeke de bir oslem yaparken arkasından ne gelir diye düşünün dün paysel de bulunan bakiye sıfır olmuş Etmecegi eşeğe ot verilmiyor,5,2024-07-22 19:48:45,2024,7
Ben bu kadar saçma bir müşteri hizmetleri görmüyorum uygulamayı indirdim hiçbir şifrem gelmedi ve şifrem bloke oldu,1,2024-07-22 18:55:35,2024,7
Ben 2 yıldır giremiyorum uygulamaya sifreyi yenileyemiyorum,1,2024-07-22 16:01:26,2024,7
Fast yoluyla hesabıma gelen para hesabıma yansımadı,1,2024-07-22 12:58:48,2024,7
benim numaramda tek hediylerin hepsi tükenmiş lütfen sorun düzelsin,1,2024-07-22 12:08:42,2024,7
"PayselleBen defalarca iptal ettirdim, halen soygunculuk yapıyorsunuz,Nalet olsun, Aldığınız para Haram olsun.ilgili Tüm aboneliklerimin kapatılmasını istiyorum,Fakat para koparmak için kapatmıyorlar.",1,2024-07-22 09:42:05,2024,7
Bir yıldız dahi bu uygulama için fazla o kadar berbat para transfer ederken olsun her türlü konuda çok zorluyor kesinlikle tavsiye etmem rezalet bir uygulama diğer uygulamar kendini günden güne geliştiriyorken Turkcell günden güne daha da rezalet bir duruma düşürüyor kendini,1,2024-07-21 20:04:40,2024,7
Güzelmiş baba,5,2024-07-21 18:50:18,2024,7
Hesabıma para transferi yapılmasına rağmen para hiçbir şekilde hesabımda görünmüyor. Lütfen yardımcı olun böyle olmaz ya...,1,2024-07-21 18:45:40,2024,7
Paycell uygulaması eskiden çok güzeldi şuan paycell den hiçbir banka hesabına para gönderimi yapılmıyor ve hesaba para yüklerken çok kesinti yapıyor bu yüzden uygulamayı silmek zorunda kalacam.,1,2024-07-21 17:29:25,2024,7
😍😍😍😍,5,2024-07-21 16:13:46,2024,7
öne çıksın diye 5 yıldız veriyorum harcama yapmama rağmen tam 3 bin TL para verdim allah belanızı versin inşallah,5,2024-07-20 20:11:18,2024,7
Alsat yapamıyorum iki gündür zararım baya var neden duzelmiyor,1,2024-07-20 16:04:33,2024,7
Birinden 3800 TL gönderildi o para daha 3 4 saat gelmedi,5,2024-07-20 14:31:14,2024,7
Netflix %50 indirim diye duyuru yapıyor ancak şartları okuyunca 59.99 a kadar diyor. En ucuz üyeliği bile seçseniz (149.99) %40 indirim oluyor. Resmen sahtekarlık.,1,2024-07-20 10:27:49,2024,7
kartımda 500 tl vardı bugün baktım kartım silinmiş eklemeye çalıştığımda hata veriyor düzeltirseniz sevinirim Düzenleme:Kartlarım geri döndü paramda kartta,5,2024-07-20 10:23:59,2024,7
Çok yerinde bir uygulama. Ama daha esnek olabilir.,5,2024-07-20 09:26:08,2024,7
Ben neden iban ile para gönderemiyorum,2,2024-07-20 07:48:38,2024,7
Parolayi unuttum paysele giremiyorum,5,2024-07-20 00:57:38,2024,7
Uygulamam kartimi kendi jendine silmiş simdi de bi sorun olştu deyip uyari veriyor yani cok sacma,2,2024-07-19 22:53:09,2024,7
Sifreyi bi kere unuttunuzmu birdaha giremiyorsunuz cozulene kadar 1,1,2024-07-19 22:48:49,2024,7
Hesabım aniden kapandı geri açına tıklayınca açılmıyor lütfen yardım edn,2,2024-07-19 22:42:20,2024,7
uygulamada ciddi sorun var su anda,1,2024-07-19 20:44:58,2024,7
Çok güzel,5,2024-07-19 20:01:51,2024,7
Ben kartimi&hesabimi kapatmadigim halde kapattiniz diyor anlamadim bu uygulumadan ben,1,2024-07-19 17:16:20,2024,7
Ya kardeşim hem aylık para çekiyo hem hesabı kapatıp açmama izin vermiyor bu uygulamayı yapanın Allah belasını versin,1,2024-07-19 16:35:10,2024,7
Bu sabahtan itibaren paycell hesabimdaki bakiyeyi sıfırlamış ve kayıtlı paycell kartimi hesabimdan silmiş bulunmaktadir nedeni ise kendi bünyelerinde oluşan bir teknik sorun size tavsiyem bu aralar sakın paycell ile bir işlem yapmayın zorda kalırsınız.,1,2024-07-19 16:25:48,2024,7
150 TL limit veriyor lar ben size 500 TL vereyim mesaj atmayın mesajlarınızi silmekten bıktım,1,2024-07-19 15:54:40,2024,7
"Teşekkür ederiz. Harika bir uygulama,çok işimize yarıyor:)👍",5,2024-07-19 15:34:26,2024,7
Guzel,5,2024-07-19 14:44:04,2024,7
Uygulama berbat bu uygulamaya yaklaşık 70 bin TL koydum şimdi birden kartlarımın hepsi iptal edilmiş 500 TL vardı kartımda şimdi paraya ulaşamıyorum paycell ekibinin bu sorunu çözmesini bekliyorum,1,2024-07-19 14:37:34,2024,7
Beğenerek kullanıyorum,5,2024-07-19 13:51:25,2024,7
Çok iyi,5,2024-07-19 13:44:21,2024,7
1 yıldız bile çok tamamen kendi paranızla rezil oluyorsunuz. Sürekli ve yüksek komisyon kesiliyor. Aksaklık yaşandığı zaman bile müşteri hizmetleri ile görüşmek için dakikalarca bekliyorsunuz ama hiç bir çözüme ulaşamıyorsunuz. Sanal kartım içindeki bakiye ile silinmiş alışveriş yapmak için yüklemiştim ama maalesef ürünü alamadım sorunun çözülmesi uzun sürdüğü gibi mağduriyetimin giderilmesi herhangi bir girişim yapılmadı. Sakın indirip bulaşmayın.,1,2024-07-19 13:26:34,2024,7
BERBAT,1,2024-07-19 13:14:26,2024,7
1 gün önce kartım calisiyodu bugün bir sipariş vericektim sorun yaşandı yazdaı paycell girdimde paranin goruktü yerde kart ekleyin yazıyordu olan parama oldu alım veya kulanim demeyin paraların giti bidaha kullanırsam 2 olsun paramı vermezler büyük ihtimal,1,2024-07-19 12:36:09,2024,7
Bugün uygulamaya bı baktım paycell sanalnkartaki param yok hata kart yok ap kartima ne oldu icndeki paraya ne oldu ap ben kime soyliyim şimdi bu durumu para geri gelcekmi gelmicekmi hiç bişey bilmiyorum,1,2024-07-19 12:23:23,2024,7
Süper,5,2024-07-19 11:50:31,2024,7
Öne çıksın diye 5 yıldız verdim Benim sanal kartım olmasına rağmen sanal kart oluşturun hatası veriyor,5,2024-07-19 11:20:41,2024,7
Çok kötü pişmanım markette alışveriş yapıyorum ödemeyi paycell kart ile yapıcam error veriyor rezil oluyorum müşteri hizmetlerini arıyorum genel bi hata var düzeltilecek deniliyor. Gidin banka hesabı kullanın bu resmen sorumsuzluk.,1,2024-07-19 11:18:56,2024,7
Ben kartımı kullanıyordum sorunsuz sonra birden kart bilgileri paycell uygulamasından silindi ve kartı tekrara uygulaamya yansıtamıyorum lütfen yardımcı olun,3,2024-07-19 10:23:10,2024,7
Hesabimin içinde para vardi hesap kapatıldı diyor neden kapattinz aceba param nere gitti,2,2024-07-19 10:14:35,2024,7
Güncelleme gelmiş ama bir türlü gu cellrmefi,4,2024-07-19 10:08:38,2024,7
Ya abi 3 yıldır kullandığım paycel hesabım şifre doğru olmasına rağmen bloke oluyor vede çok mağdur bırakılıyorum lütfen düzeltin bu parola doğrulama sorununu,1,2024-07-18 21:24:13,2024,7
"Para yüklemek istiyorum 3D doğrulama ekranı donuyor, bembeyaz ekran kalıyor ve doğrulamayı yapamıyorum.Bu ne biçim bir uygulama.Arkadaşlar kesinlikle tavsiye etmiyorum. Ben de zorunluluktan kullanıyorum.",1,2024-07-18 20:06:57,2024,7
Tamammiyle berbat atmde para yatirmaya çalışıyorim bankaniz izin vermedi diyor karta verdigim 30 lira çöpe gitti onun yerine bir çekirdek alirdim yaziklar olsun almayin aldirtmayin,1,2024-07-18 18:15:32,2024,7
"Uygulamayı açamıyorum. Cihazim Casper VIA G5, ayrıca karta aktarılabilir bakiye'den kesilen işlem ücreti cidden çok fazla atıyorum 500 lira ekliyorsun 60-70 siz aliyorsunuz zaten.",3,2024-07-18 15:00:43,2024,7
Kardeşim ödeme yapamıyorum bu ne,1,2024-07-18 02:07:49,2024,7
Süper,5,2024-07-17 19:36:55,2024,7
"Gördüğüm en saçma, en beceriksiz uygulama olabilir. Müşteri hizmetleri de yardımcı olmuyor, uygulamaya yönlendiriyor. Uygulamada dedikleri şeyi yapmak mümkün değil. Bize ulaşın kısmı işlevsiz. İnsan gibi düzeltsenize şu uygulamayı. Umarım batarsınız bu zihniyeti değiştirmezseniz",1,2024-07-17 13:28:50,2024,7
Veli izin olayi icin sms atıyorum 1 ay sonra geliyor çok kötü,1,2024-07-17 12:50:36,2024,7
Mükemmel bir uygulama tüm kullanıcılara öneriyorum,5,2024-07-17 12:29:32,2024,7
"Paycell programındaki parayı kendi hesabiniza aktariyorsunuz, ama öyle olduğunu sanıyorsunuz ama öyle birşey yok, paycell kendi hesabına aktarıyor ve ATM'den cekemezsiniz anca alışverişlerde kullanabilirsiniz diyor anası satam nasıl kullancaz çok saçma bir durum, paycell den nasıl alış veriş yapılır ki biryerden yada internetdrn birşey almak istersin yok yani çok saçma sapan bir durum. İsteyenler baksın bakiyesini kullanabilen varsa güzel bir iş bklm.",1,2024-07-17 11:51:03,2024,7
Ben bu pacell anlamıyorum daha önceden limit gözüküyordu şimdi limit gözükmüyor kafalarına göre 1 ay limit veriyorlar 1 ay vermiyorlar ya hep limiti verin yada hiç vermeyin 2 ay önce cihaz alma limiti gözüküyordu şimdi oda yok artık faturamı tam zamanında ödüyorum yeter artık buna çözüm bulun kendin kafalarına göre işler yapıyorlar,2,2024-07-17 03:46:26,2024,7
41500 paysel puanım var faydalanamiyorum paylaşılmiyor da uygulama git gide kötüleşiyor,3,2024-07-16 23:13:21,2024,7
👏,5,2024-07-16 20:50:10,2024,7
Çok kötü,1,2024-07-16 12:42:28,2024,7
Teşekkürler ederim iyiki varsınız,5,2024-07-16 11:18:59,2024,7
Güzel bir uygulama herkese tavsiye ediyorum teşekkür ederim,5,2024-07-16 06:09:25,2024,7
Çok kötü,1,2024-07-15 21:10:27,2024,7
Uygulamayı yükledim şifreyi giriyorum açılıyor sonra tekrar atıyor şifreye hep aynı kullanamıyorum bugün sildim yükledim yine aynı bu nasıl çözülür bu şikayetleri yapan birçok insan var yardımcı olurmusunuz.,1,2024-07-15 16:38:35,2024,7
Sim kart değişikliği nedeniyle sim kart blokem var kaldırılmasını istiyorum,1,2024-07-15 09:53:13,2024,7
Güvenlik şifresi 6rakam ama 4 rakam geliyor bende uygulamayı kaldırdım zaman değerli kimsenin zamanını çalmayın,1,2024-07-14 22:13:38,2024,7
kardeşim güya e postaya şifre yenileme gönderiyor...tık uok diğer e postalar geliyor paycell gelmiyor müşteri hizmetleri bıdı bıdı saçma sapan bir uygulama......İnternette dolaşmama engl olan adi kapitalist bir uygulamadır ..bir yıldızı bile haketmeyen bu haymantosların uygulamasını indirmeyin.. UYGULAMA REKLAMLARININ İNATCI OLDUĞU SAYFAYI TERK ETMEDİĞİ 101 kişiye bildirilecek... bunu tüm yakınlarınıza bildirin,1,2024-07-14 17:07:20,2024,7
Bu gerizekalı yeni şifre istiyorum gelmiyor yaa yardimci olun,1,2024-07-13 21:10:44,2024,7
Merhaba öncelikle bugün garanti bankasından Fast ile hesabima 2000 tl para gönderdim bildirim geldi hesabıma yatırldıgına dair ama hala yatırılması lütfen bununla ilgilenin ve geri dönüş yapın...!!!,1,2024-07-13 20:27:40,2024,7
"6 haneli şifreni gir diyor, 4 rakamdan fazla yazılmıyor...ÇÖP",1,2024-07-13 18:16:30,2024,7
Bunlar hırsız,1,2024-07-13 13:11:52,2024,7
Rezalet numarama kod gelmiyor,1,2024-07-13 13:02:38,2024,7
Berbat bir uygulama ha bire şifre d gistirtiyor şifre bloke olunca Turkcell bayiine gidicen diyor ne kartım yanımda telefonum yanımda uygulama yüklü saçma sapan birde alışverişe giseye bir sürü ürünle gidip herkesin önünde paye çalışmıyor diyorlar ya kardeşim bir dene daha önce denedik diyorlar şikayet edilen deyince a çalışıyor yeni gelmiş kaç aydır çalışmıyor su diyorlar 0 size fazla -10000 puan,1,2024-07-13 12:13:00,2024,7
Unuttuğum şifreyi almak için tekrardan aynı şifreyi sormanız ve 850 telefona yönlendirmesi onunda hala unuttuğum şifre ile işlem yapmaya çalışması ve sonra tekrar uygulamaya yönlendirmesi gibi saçma bir yöntem yok unuttuğum şifreyi nasıl yeniliyeceğim allah aşkına bir yol gösterin ama doğru olsun programı yazanlar bezdirdiniz,3,2024-07-13 10:51:05,2024,7
Türkiye'nin olduğu için sonuns kadar destekleyecem papara turan ve paycell,5,2024-07-13 05:57:51,2024,7
Berbat bir uygulama,1,2024-07-12 17:09:58,2024,7
çok güzel 👌👌🤗,5,2024-07-12 16:48:18,2024,7
Hat ımdaki parayı kartıma aktarmaya çalışınca hata verio duruyor.,1,2024-07-12 11:53:32,2024,7
Kart ile fatura ödemesi yapılmıyor,5,2024-07-12 11:33:07,2024,7
Karta bakiyeden 200tl yatırdım faturaya yansıtıp ne internetten alışveriş yapabiliyorum ne otobuse basabiliyorum ne çekebiliyorum şaçma sapan iş yapmışsınız 200tl kaldı kartta saçma,1,2024-07-12 10:57:19,2024,7
Türkcel kadar insanları sömüren başka bir operatör şirketi yok. Paycelde karta aktarılabilir limitte 29 tl işlem ucreti kesiyor bu tamamen soygundur tl aktarma işlemlerinde çok ücret alıyorsunuz işlem ucreti duzeltilmeli aksi takdir de birdaha paycel kullanmıycam,5,2024-07-12 10:37:13,2024,7
Ent çok şükür kima çok şükür yok TT yy v yüksek kalite düşük olur mu diye lbilir i u kkaç gün tatil edildi ve meslek lisesi oldu ki bu neydi o zaman bu neydi i km ye,3,2024-07-12 08:46:29,2024,7
Hsan mi bu,4,2024-07-12 00:44:55,2024,7
Süper,5,2024-07-11 23:37:04,2024,7
Kredi kartından taksitle para yükleme özelliğini getirirseniz daha iyi olur bazı cüzdanlarda var,4,2024-07-11 20:32:21,2024,7
Berbat bir uygulama,1,2024-07-11 11:58:18,2024,7
"Cebinizi fare gibi kemiren, faturanızı öderken kesinti yapan, hatta durduk yere hiçbir bka yaramayan sanal kartınız var diye kesinti yapan berbat bir uygulama. Kesinlikle uzak durun",1,2024-07-11 06:12:05,2024,7
"Her türlü işlemi fatura ödeme, İstanbulkart para yükleme, para gönderme gibi onlarca işlemini yapabiliyorum",5,2024-07-11 05:20:39,2024,7
Yatır işlemleri sürekli karışıyor ve birşeyler ters gitti diyor ve giremiyorum aktarıla bilir bakiyeyi başka karta atamıyorum veya kendi paramı papara gibi yerlere atamıyorum aktarıla bilir bakiyeye kartlar arası tranferde yok benim ne işime yarıyacak yatırım işlemleride sürekli karışıyor,1,2024-07-10 12:41:25,2024,7
İşe yaramaz bir uygulama ya da benim için önemsiz,1,2024-07-09 22:55:22,2024,7
0c hani 500 tl vardı kartta a m k cocuklarına bak ya,1,2024-07-09 22:27:13,2024,7
Kullanması zor,3,2024-07-09 22:25:31,2024,7
hepsiburadadan aldığım karti aktive edebilecegim bir yer yok. musteri hizmetleri de konu hakkinda bilgili degil. yardimci olamiyorlar,1,2024-07-09 21:17:09,2024,7
"Dolandırıcı amaçlı bir çok uygulama için aracılık ediyor, allimobi gibi online yasadışı para toplama şirketlerine de aracılık ediyorsunuz. Sayenizde 229 TL dolandırıldım",1,2024-07-09 15:44:30,2024,7
Uygulamaya girmiyor şifre yazma yeri gidiyor açınca. Madem bi halt ediyorsunuz düzgün yapın. Ya da böyle bi uygulama olmasın,1,2024-07-09 13:38:53,2024,7
Güz l uygulama,5,2024-07-09 08:02:24,2024,7
Kötü uygulama,1,2024-07-08 23:00:22,2024,7
🌹,5,2024-07-08 22:20:16,2024,7
Allah belasını versin çok canımı yaktı sırf yorum için bir yıldızı verdim o bile çok hepsi dolandırıcılık oymuş buymuş almadım halde almışsın abonelik olmuşsun bahanesiyle somuruyorlar insanları yazık ya 😡🤬,1,2024-07-08 16:53:58,2024,7
Gboard panosuna hoş geldiniz. Kopyaladığınız tüm metinler buraya kaydedilecektir.,5,2024-07-08 12:43:10,2024,7
Allah belasını versin bu uygulamanın bu uygulama yüzünden dolandırıldım hiç güvenli bir uygulama değil,1,2024-07-08 07:08:28,2024,7
Para tuzağı resmen,1,2024-07-07 16:46:50,2024,7
20 liraya yaptığım şeyi bana 60 liraya ödettı ben orada 20 liralik alışveriş yaptım 40 lirasi nereden geldi,1,2024-07-07 16:11:54,2024,7
Güzel bazı sıkıntılar var ama düzeldi teşekkür ederim işlem ücreti biraz yüksek onun dışımda güzel,5,2024-07-07 13:56:17,2024,7
Dünyanın en kötü bankacılık sistemi uygulama şifresini unuttum mail atacağız dediler attılar onu bile doğrulaması gerekiyormuş müşteri hizmetlerini arıyoruz zar zor konuşuyoruz en az 8. Aramamda doğru düzgün yanıt verdiler hiçbir şeyi doğru düzgün yapmıyorlar onay için mesaj gönderiyoruz hiçbir şekilde geri dönüş bile yapmıyorlar sıfır yıldız olsa sıfır yıldızı hak edersiniz,1,2024-07-07 09:57:01,2024,7
Arkadaşını davet et kısmında sorun var direkt uygulamadan atıyor,1,2024-07-07 04:43:18,2024,7
Habire içinde bir şey bozuluyor,1,2024-07-07 01:03:56,2024,7
Google den bir işlem yaparken yanlışkla paycell üye gibi bir şey oldu ve iptal edemiyorum da hesapta ki şifremi bloke etmişler hiç bir şey kile işlem yapamıyorum uygulama dan şikayetçiyim 300 küsur bir para istiyor 1 yıldızı bile hak etmiyor,1,2024-07-06 19:34:09,2024,7
"Sıfıra sıfır elde var sıfır,,",1,2024-07-06 16:26:33,2024,7
Paycelle birini davet etmek istediğimizde uygulamadan atıyor. 1 aydır bu sorun devam ediyor ve duzeltmiyorlar,3,2024-07-06 13:15:35,2024,7
Harika,5,2024-07-06 04:48:22,2024,7
O kadar berbat bir sistemki hiç bir satın alma işlemimiz olmadığı halde onay kodu gelmiş kodu girmediğimiz halde Turkcell faturay dalyfunworld adı altında abonelik ücreti yansıtılmış şikayetçi olacağım sakın paycell kullanmayın..,1,2024-07-06 02:11:55,2024,7
Muq,5,2024-07-06 01:36:47,2024,7
"Üstte görünsün diye 5 yıldız verdim , sakın yüklemeyin paranız çöpe gitmesin başka banka hesabından 100 lira gönderdim hesaba geçmedi ve iade yapılmadı para kayboldu müşteri hizmetlerini aradım konuyla ilgi yardımcı olamayacaklarını dile getirdiler..",5,2024-07-06 00:11:22,2024,7
"Paycell hesabınızdan 5000 küsur TL lik finanscell ödemesi yapılmış diye SMS gönderince yükleyip bakayım dedim, hiçbir emare yok işlemle ilgili Üyeliğimi sonlandır diye seçenek de yok. 5 para etmez saçma sapan bir uygulama Bilgilerinizi verdiginizle kalıyorsunuz",1,2024-07-05 23:51:35,2024,7
Son güncellemelerden ve değişikliklerden sonra uygulama berat bir hal aldı sifre değiştirmek istiyorum şifremi değiştirmem için tekrar şifre istiyor böyle bir saçmalık olabilirmi hemen 3 ve bunun düzelmesini talep ediyorum en kısa sürede bununla ilgili herhangi bir süreç olmazsa 3 adet paycell hesabımı kapatıp siliyorum ve bu durumu yaşayanların da aynı hareketi yapmaya davet ediyorum iyi günler......,2,2024-07-05 21:30:44,2024,7
Nazar değmesin de,5,2024-07-05 18:13:35,2024,7
Sürekli uygulama kendi kendine kapatıyor bi türlü giremedim uygulamaya,1,2024-07-05 17:32:29,2024,7
Çok güzel,5,2024-07-05 16:27:33,2024,7
", Sürekli hata veriyor işlem yapıyoruz işlem yarıda kalıyor uygulama kapanıyor Koskoca Turkcell'e hiç yakışmadı bu",1,2024-07-05 14:24:52,2024,7
Defalarca yazilan sifreyi sistem kabl etmiyor. üç ay sonra bugün hesabıma girmek için parola yenilediğimde eski parolayı kullanmamı istiyor. Aldığım telefonun ilk taksit ödemesini bir hafta Ankara Kızılay da bulunan ödeme noktalarında sistemin çalışmadığı söylendi. Havadan faiz işletildi ve bir ayda iki ödeme yapamadığım için geciklemeli ödeme yapmak durumunda kaldım. Bir daha asla Türkcell aracılığıyla taksitli telefon almam. Alacak olanlara da tavsiye etmem. Muzaffer ESEN,1,2024-07-05 10:52:03,2024,7
İyi ama arkadaş davet ette 2500 puan vermesi güzel değil,5,2024-07-04 20:45:14,2024,7
Paycell temassız kart kullanıyorum her mağazada temessız alışveriş yapıyorum bu uygulama ile tüm ödemeleri yapıyorum Çok iyi bir uygulama,5,2024-07-04 17:17:25,2024,7
Faturana yansit diye bir illet cikarmislar. Butun normal kampanyalarin hepsi faturama yansit adiminda. Ben faturali hatt kullanmiyorum kardesim. Bu neyin dayatmasi?,1,2024-07-04 16:22:16,2024,7
"8 gün arayla hattımdan 2 kere turkcell mobil ödeme kullanım ücreti çekildi. Normalde 3 ayda bir alındığı yazıyordu. Paycell ve turkcell resmen burada tüketiciyi kandırıyor. Kampanyadan kazandığınız avntajları mobil ödeme ücreti, inaktif kart ücreti vs. Gibi gizli ücretlerle sizden geri alıyor",1,2024-07-04 14:27:33,2024,7
Puan paylaşımı yapamıyorum hemen beni uygulamadan atıyor,2,2024-07-04 14:00:33,2024,7
Eşkiya,1,2024-07-04 09:48:17,2024,7
Kuzzulkurt,1,2024-07-04 06:43:02,2024,7
hayatımda kullandığım (kullanamadım) en saöma kart kimliğimi en az 30 dakika tuttum ve okumadı!!,5,2024-07-04 01:47:45,2024,7
İşlem ücretleri çok yüksek tefeciye borç ödüyorum gibi hissettiriyor.,1,2024-07-03 20:30:07,2024,7
"Girişinde parmak izi yok hala numarayla giriş yapıyoruz hangi, biz 2024 teyizde siz hangi senedesiniz acaba",1,2024-07-03 18:21:40,2024,7
Şifremi unuttum diye yeni şifre oluşturmak istedim e postama link geldi paycellden giriyorum bana bu orjinal link değildir diyo sen atmışsın zaten bana linki Ayrica kazandığınız puanlarla sıkıntı çıkıyor yükleme yapmıyor Berbat bir uygulama zaman kaybı,1,2024-07-03 12:53:57,2024,7
Çok güzel yardımcı olan bir uygulama,5,2024-07-03 04:12:45,2024,7
Ben çok memnunum,5,2024-07-02 00:51:46,2024,7
Çok kötü paramda gotoi tavsiye etmem hayatımda gördüğüm en kotu kart uygulaması,5,2024-07-01 21:00:17,2024,7
Kampanyalar güzel ama ilkten kazı kazan vardı gitti onu geri getirseniz daha iyi olur salla kazan geldide kazı kazan gelmedi haylan lütfen getiriseniz güzel olur,5,2024-07-01 19:14:10,2024,7
İrenç uygulama,1,2024-07-01 15:53:32,2024,7
Paycell root kapmış ne yapmam gerek,1,2024-07-01 15:39:58,2024,7
Merhaba ben daha önce Türkcelliydim sonra Vodafone geçtim çekmiyor diye sonra Vodafone olduğum yerde çekmiyordu bidaha türcele geçtim ama paycel hesabına giriş yapmak istiyorum ama sim kart blokesi diyor yardımcı olur musunuz müşteri hizmetlerini aradım yaptık dediler hala aynı,1,2024-07-01 13:05:35,2024,7
5 veriyorum diye yorum başta dursun diye nasıl bir uygulama bu ne işimize yarıyor nede şey güncelleme olduktan sonra tamamen batık bir uygulama oldu bu sistem ne zaman düzeltme olacak,5,2024-07-01 12:08:08,2024,7
Acilen bu uygulamaya kart yapma limitini kaldırın çünkü 1 aydır bekliyorum ama 1 ay oldu hala kart açamıyorum,4,2024-07-01 07:50:41,2024,7
"Operatör değişikliği yaptım ancak sim blokeli deniyor çağrı merkezi ile çözülmüyor,niye var bu uygulama?",1,2024-07-01 02:45:34,2024,7
