Yorum,Puan,Tarih,Yıl,Ay
uygulamaya girmek bile sıkıntılı giriş yapıyorum ama tekrar giriş sayfasına yönlendiriyor,1,2025-06-30 21:43:34,2025,6
kimlik doğrulatamıyorum selfie kısmında sürekli hata veriyor,1,2025-06-30 15:55:06,2025,6
"Şifrenin süresi dolduğu için değiştirmemi istiyor, yeni şifreyi yazdığımda ""Devam et"" butonu aktif olmuyor",2,2025-06-30 12:52:53,2025,6
Uygulama güzel ama kartı bir kere kullanınca internet alışverişine kapanıyor daha doğrusu parada yatıramıyorum kart kullanılamaz hale geliyor,5,2025-06-30 02:02:53,2025,6
çok iyi Paycell,5,2025-06-29 17:25:17,2025,6
Sürekli kesinti yapıyor sebebini anlamıyorum. Açıklama yapılmıyor. Bir ay içerisinde 4yeya 5kez kesinti yapıyor. Bazen 100 bazen 400 tl ye varıyor. Hiç memnun değilim. Lütfen bu uygulamayı düzeltin yada açıklama yapın. Yoksa şikayette bulunacağım,1,2025-06-29 11:17:59,2025,6
Yurtdışı para transferinde pişmanlık duyulan bir uygulama.,1,2025-06-29 10:21:58,2025,6
insanları resmen soyuyorsunuz faturaya 1 oyun aldim 19.99 kuruşa 44 tl fark yazmışsınız. faturama yansitmişsiniz ben hakkınızda cumhuriyet başsavcılığına suc duyurusunda bulunacagim bunu böylece bilin ?,1,2025-06-28 21:51:24,2025,6
hesap doğrulamasını Türkcell genel merkezden yaptık. 20 dk sonra link mesajı gelecek dediler 5 saat geçti hala gelmedi,2,2025-06-28 20:19:29,2025,6
cidden çok iğrenç bir uygulama bu uygulamayı kullanmayın kullandırtmayın sürekli kimlik doğrulaması istiyor eskiden para yüklerken istemiyordu ama artık yeni güncelleme ile birlikte kimlik doğrulaması istiyor çok saçma bir sistemleri var,1,2025-06-28 18:31:10,2025,6
rakip uygulamalar fatura ödemeye üstüne para verirken sizin işlem ücreti kesmeniz hiç mantıklı değil.,3,2025-06-28 17:12:21,2025,6
haberim olmadan para kesiliyor,1,2025-06-28 13:46:11,2025,6
"NFC kimlik okuma çalışmıyor. 5 kere denedim. Algılamıyor. EDİT: Tekrar tekrar denedim, çözüldü ama uğraştırdı saatlerce.",3,2025-06-28 13:23:29,2025,6
Wi-Fi kapatmamı istiyor ama kapatınca da İnternet bağlantısı yok diyor affedersiniz ama ben interneti vahiyle mi çekeyim? benden böyle bir beklentiniz varsa üzgünüm ben peygamber değilim vahiy ile İnternet'e erişemem,1,2025-06-28 11:59:29,2025,6
Pek işime yaramadi üstelik üyelik ücreti adı altinda para kesiyorlar,1,2025-06-28 11:13:36,2025,6
gerçekten çok kullanışlı çok avantajlı bir sürü imkan sağlıyor ve kuponları ile beraber güzel bir uygulama,5,2025-06-28 06:44:00,2025,6
Ben salla topla yapamıyorum heralde telefon desteklemiyor lütfen tıklayarak yapma özelliği gelsin.Kolay Gelsin,1,2025-06-27 17:34:06,2025,6
on numara,5,2025-06-27 15:23:28,2025,6
Durduk yere kimlik doğrulama işi çıkardınız kardeşim kaç defa doğrulayacağız? Adam gibi çalışsa neyse yarım saattir uğraşıyorum ne selfiesi düzgün çalışır ne nfcsi. Aferim böyle kullanıcı kaybedin daha da elimi sürmem şu uygulamaya sizinle mi uğraşıcam?,1,2025-06-27 11:40:42,2025,6
sakın indirmeyin sizi karşılıyorlar,1,2025-06-27 09:10:08,2025,6
işe yarar hediye vermiyor salla topla hep gereksiz :D,1,2025-06-27 07:48:15,2025,6
ben hesabımı doğrulamadan internetten alışveriş yapabilir miyim,5,2025-06-26 18:03:08,2025,6
"Çok kötü bir uygulama kartınıda almayın hiç bir vasfı yok online alışveriş, online işlemler yapılmıyor",1,2025-06-25 17:50:20,2025,6
kullanılabilir bakiye olarak hesabımda bakiye gözüküyordu. bunu karta aktar dedikten sonra birde faturama ekleme yapmış. insanları kandırmak oluyor bu.,1,2025-06-25 01:15:46,2025,6
Papara ya para atılmıyor mu? Banka kartlarına atılmıyordu da Papara ya atılıyordu? Eğer ona da atılmıyorsa kullanılmaz artık,1,2025-06-25 00:19:28,2025,6
berbat birsey . kurdum ve kaldırdım.,1,2025-06-24 19:57:21,2025,6
hiçbir işlem yapmadan ödeme kesilmiş bunedir ya hattı en yakın zamanda değiştireceğim,1,2025-06-24 11:04:57,2025,6
B..tan bi uygulama gelen iadeleri cok bekletiyorlar bulaşmayın.. 2022 de yaptığım yorum bu Hala aynı sorun devam ediyor iadeler çok geç geliyor ayıp yaaaaaa,1,2025-06-23 23:42:15,2025,6
veli beyanı doğrulaması olmuyor sms gönderilemiyor konuyla ilgili mail attım hiçbir şekilde düzgün bi çözüm sunmadılar müşteri hizmetleri uygulamayı silip tekrsr yükleyin dediler dalga geçer gibi,1,2025-06-23 17:13:03,2025,6
1 yıldız bile fazla böyle gereksiz bir uygulama için. Turkcell'e özel hiç avantajı yok.,1,2025-06-23 16:22:24,2025,6
cokniyi ve guzel bir uygulama cok faydali,5,2025-06-23 08:25:02,2025,6
SMS gelmiyor,1,2025-06-22 22:47:20,2025,6
bence bidaha kart çikarmayın yeni kart aldım giremiyorum herşeyi denedim olmuyo gidipte almayın yani papara kapanmasaydı keşke,1,2025-06-22 18:53:34,2025,6
hicbir ise yaramiyor,1,2025-06-22 09:17:45,2025,6
Çok güzel bir uygulama banka ile uğraşmaya gerek olmadan yapay zeka ile amarikaya ödeme imkanı hem güvenli bu sistem Turksel güvencesiyle çok güzel bir uygulama bence herkese tavsiye ederim,5,2025-06-21 19:27:57,2025,6
arkadaşlar selfi yapmak çok zor bide kimlik bilgileri istiyor yapamadım para aktarma Zor hesaplar arası,1,2025-06-21 12:07:38,2025,6
"Günlerdir trumore ile birlikte TOGG araç başvurusu için selfie ile kimlik doğrulaması yapamıyorum, her seferinde hata veriyor, kimlik doğrulaması yapamıyor. Bu kadar da olmaz.",1,2025-06-21 06:34:23,2025,6
👍👍👍,4,2025-06-20 03:57:14,2025,6
Doğrulama işlemi için telefonunuzda NFC özelliğinin olması gerekiyor diyor. Ama telefonumda NFC yok. Lütfen bu özelliği NFC'siz bir şekilde yapabilelim. 😭😭,2,2025-06-19 21:08:33,2025,6
Bir yıldız vermemin nedeni uygulama da NFC sorununu var hesabımı doğrulayamıyorum NFC kimliği okumuyo bunu düzeltmeniz lazım,1,2025-06-19 19:17:02,2025,6
Google Play Store servisinden 19.06.2025 15:41:37 tarihinde 49.99 TLlik Faturana Yansitla odeme isleminiz gerceklesmistir. böyle bir işlem yapmadım uygulama yüklü bile degʻil bu ne demek???,2,2025-06-19 17:14:57,2025,6
Kimlik doğrulama da sorun yaşıyorum. Redmi cihaz kullanıyorum müşteri temsilcisiniz yeni bir güncelleme olduğunu we güncelleme sonrası bu sorunun düzeleceğini söylemişti. Fakat hala yeni bir güncelleme görünmüyor.,2,2025-06-19 17:08:12,2025,6
uygulamaya giremiyirum aynı telefonda girmeme rağmen 30gun beklememi söylüyor okadar zamanım yok,1,2025-06-19 13:51:48,2025,6
"Hesabıma para aktarabilmem için komisyon ödemem gerekiyor. Fast, EFT, banka kartı ..vs hepsi aynı. ne biçim iş. indirimi benden komisyonlarla geri alıyor. Vodafone da komisyon ödemiyorum. turkcell faturamı ödemek için bile komisyon vereceksem sizin yapacağınız ödeme sisteminden bir cacık olmaz.",1,2025-06-18 18:16:55,2025,6
Hesap doğrulaması da yaparak kampanyalar ve bazı para transferleri için yaklaşık üç yıldır aktif olarak kullandığım bir uygulama. Kampanyalarda bir iki defa hariç önemli bir sorun yaşamadım bugüne kadar. Kampanyalara yönelik harcamalarda nakit iadenin hemen yapılması çok güzel.,5,2025-06-18 09:52:02,2025,6
Faturama yansıt ücreti 40 kusur tl,1,2025-06-17 21:17:28,2025,6
paycell kartında para tranferi var mı,2,2025-06-17 15:57:16,2025,6
Uygulama diğer telefonumda sorunuz çalışıyordu. Bir üst model telefona geçince sürüm eksikliği diye bir hata verip beni telefon yazılımına yönlendiriyor. Uygulamaya giriş yapamıyorum. Eski telefondaki sürüm daha eski olmasına rağmen uygulama açılabiliyor.,2,2025-06-17 13:13:31,2025,6
neden hediyelerde ve puan yollamada sınır var?,1,2025-06-17 11:02:46,2025,6
Merhaba Arayüz Tema Felan Değiştirme Seçeneği Gelebilirmi Klasik Sade Bir Tasarım Kötü Ama Mesela Karanlık Tema Yada Arayüz Tasarım Değiştirme Mod Seçenekleri Olsa Efsane Olabilir Birde Kart Tasarımları Gelebilir Mesela Futbol Tarftarları Yada Görsel Gönderip Süslemelik Harbiden Efsane Birşey Olabilir 😁🤗 Gerçekten Tasarım Çok Kötü,5,2025-06-17 00:32:40,2025,6
YORUMUM ÖNE CİKSİN DİYE 5YİLDİZ VERDİM İCİNDE 265TL VAR DOĞRULAMAK İSTEMİYORUM HESABIMI AMA PARAYİ HARCİYAMİYORUM NE SAÇMA PAPARA HESAB DOĞRULAMADAN HARCAYABİLİYORUZ AMA BU SACMALİK PAYCELL HARCİYAMİYORUM PARAM KALDI İCİNDE YARDİM,5,2025-06-16 12:30:36,2025,6
super,5,2025-06-16 07:18:38,2025,6
Guvenlik sorusu istiyo guvenlik sorusunu hayatimizda bir defa yapiyoruz eger unutursak o numara uzerinden paysele bir daha giris yapamiyoruz birde sifreyi degisiyoz sifreyi ne yaparsak yapalim kabul edmiyor sonra sinirlenip sallarsaniz sonra tekrar sifreyi isdio o salladiginix sifreyi yazip giris yapmak zorundasiniz eger o sifreyi unuttuysaniz 1 gun boyunca hesaba giris yaoamiyorsunuz,1,2025-06-15 20:38:16,2025,6
hatlarla ilgili her işimi kolaylıkla yapabiliyorum ve çok kolaylokşa,5,2025-06-15 20:17:25,2025,6
yani gerçekten faturamı yatırmak için 5 gündür kimlik dogrulama yapmaya çalışıyorum kameranin karşısinda öylece bekliyorum hattim kapanacak ve ben payselde kendimin olduğunu kanıtlamaya calışyorum 5 yıldız verdim aslında 0 yıldız bir uygulama,5,2025-06-15 13:38:28,2025,6
İyice sacmaladınız su nfc mı her ne boksa yuzu tanımlamıo delırcemcıdden duzelt ın sunu,3,2025-06-15 13:18:19,2025,6
paycell ibanım görünmüyor,3,2025-06-15 01:19:45,2025,6
"sim değişikliği yaptım diye bloke konmuş,Bloke kaldırmak için şifre istiyor,şifre için bloke olmaması gerekiyor,saçma sapan bir kısır döngü,müşteri hizmetlerine bağlanmak için şifre istiyor,şifre için de yine bloke kaldırmak gerekiyor,yani milyarlık firma ama beyinsiz çalışanları yüzünden düştüğü duruma bak, kullanmıyorum paycell ne diye inat ettiysek",1,2025-06-14 23:15:00,2025,6
Çok güzel bir uygulama.,5,2025-06-14 21:47:08,2025,6
rezillik şifrenizi unuttuysanız bir daha sittin sene giriş yapamıyorsunuz,1,2025-06-14 20:51:34,2025,6
paycell gerçekten iyi bir banka ama uygulamada bazı değişiklikler yapılması gerek mesela para iadesi olduğu zaman para iadesi son hareketlerde gözükmüyor ayüzbir tarafından veya Spotifydan iade geldi ve bunlar gözükmedi bunun çözülmesi gerekli ve atm gelirse daha da iyi bir banka ve paycell'in yükseleceğinden şüphe duymam lütfen çözülsün,5,2025-06-14 15:31:15,2025,6
uygulama iyi gibi ama kimliğimi doğrulayamıyorum çünkü kimliği doğrula yok kimliği doğrulayamadığım içinde limiti arttıramıyorum yani bunu göz önünde bulundurarak indirin bence,4,2025-06-14 14:26:47,2025,6
kimlik doğrulamada sürekli hata veriyor ya kimliği okutamadınız ya da vesikalık hatası cart curt yani bunu bile beceremeyen Turkcell gibi büyük bir firmaya ne diyelim,1,2025-06-13 23:54:16,2025,6
Aktarma yapıcam bilgilendirme istiyo aktarma yapamıyorum bir de neymiş cihazınızın nfc özelliği yokmuş,1,2025-06-13 09:59:47,2025,6
Uygulama şifre değiştirmemi istiyor.Ama hiçbir şifreyi kabul etmiyor.,2,2025-06-12 22:32:16,2025,6
Uygulama çalışmıyor.,1,2025-06-12 21:18:26,2025,6
brouhhh,5,2025-06-12 18:16:23,2025,6
"İnaktif Kart aidatı ile verdiğiniz nakit iadeleri geri alıyorsunuz ben durmadan işlem yapmak zorunda mıyım kart ile kartın işlem yapılmadan durmasının size bir maliyeti mi var da aidat ödüyorum kullanmadığım için , çok istiyosanız yıllık kart aidatı belirleyin kullanmadığım için ödeyeceğime kullandığım için ödeyeyim , bu gidişle kapatacağım kartıda uygulamayıda",2,2025-06-12 13:19:10,2025,6
uygulamada zorunlu kimlik dogrulama var ama sürekli hata veriyor ve düzeltmek için hic ugrasmiyorlar...,1,2025-06-12 10:41:27,2025,6
güzel bir uygulama,5,2025-06-12 10:13:57,2025,6
"google PlayStation den 154,99 tl haziran 04 ve 05 iki ayrı günde ödeme yapılmış gözüküyor.çözüm nasıl olucak.",5,2025-06-12 01:11:57,2025,6
nerelerde kullanılır,2,2025-06-11 19:11:53,2025,6
gerçekten müşteri memnuniyeti diye bir şey yok bu kadar da olmaz şifre mi unuttun ve altarafi yenilenmesini istiyorum müşteri hizmetlerine ulaşmaya çalışıyorum oda olmuyor bu kadar iğrenç bir durum olabilir mi ya,1,2025-06-11 08:04:56,2025,6
üstte gözükmesi için 5 yıldız verdim asla hak etmiyor yüz tarama işlemi olmuyor kaç defa oldu doğrulayamıyorum,5,2025-06-10 21:37:12,2025,6
gözüksün diye 5 yıldız ben yandım siz yanmayın kullanmayın indirmeyin pişman olursunuz. Türkcell demek paycell demek pişmanlıkdir 2 gün geç ödeme dolayı paycell benden 79 TL faturama yansıtmıştır dileğim Türkcell seninde bitişine kayum Atamana sıra gelir inşallah,5,2025-06-10 20:57:28,2025,6
"paycel doğrulama için çok zorluk çekiyoruz turkcell calışanları düzce hatası , nfc sorunları ikametgah getirin demeleri hangi çağda yaşıyoruz. o kadar çok hata var ki kimlik taraması, müşteri hizmetleri sıfır... bize ulaşına yazıyoruz okuyan yok . cevap kopyala yapıştır. cevaplar halen kopyala yapıştır. konu incelenmedi çözüm yok. aynı hata siliyorum paycelli.",1,2025-06-10 19:52:57,2025,6
Gözükmesi için 5 yildiz veriyorum berbat ötesi 5 para etmez faturana yansit özelliğiyle paycell karta para aktardım kart bilgilerini göstermiyor kullandığım tutar boşa gitti kartla hiç bir işlem yapılmıyor durumu mail olarak ilettim herhangi bir çözüm sunmadilar asla kullanmayin,5,2025-06-10 18:14:03,2025,6
eski süremdeyken daha iyiydi yeni sürüm de berbat olmuş bunun geri düzeltilmesi gerekir hiçbir şey normal çalışmıyor sıkıntı,1,2025-06-10 17:07:46,2025,6
indirmeden önce seni davet edicem çünkü int veriyor,5,2025-06-10 14:52:51,2025,6
berbat igrenç bir uygulama limit olmasa keske düzeltin bunu,1,2025-06-10 12:50:01,2025,6
Selam saka gibi yillardir sizi kullaniyom ve baska operatorde kullaniyom vodafone o vodafonepay limit 500 tl veriyor sizin sistem gecen 10/05/2025 200 tl 10/06/2025 100 verdi simdide nasil bir algoritmaysa yapay zeka ise cozemiyom ama musteri hizmetleriyle konussam sadece kopyala yapistir finansal sektor odemeler hat acma kapama vs odeme aliskanliklari bunlarin bazilari negatif sistem hic vermemesi lazim gene veriyor 100 tl,1,2025-06-10 00:06:26,2025,6
1 yıldız hak etmiyor uygulamayı bir daha kullanmamak üzere siliyorum. Teknoloji bu kadar ilerlemişken 1 doğrulama işlemini doğru düzgün yapamıyorsunuz birde mağazaya yönlendiriyor.,1,2025-06-09 23:45:25,2025,6
karta para aktaramıyorum ve kimlik doğrulama olmuyor hep hata veriyor düzeltilmesi gerek,5,2025-06-09 21:27:11,2025,6
hiç iyi değil müsteri hizmetleri hiç yardımcı olmuyorlar aradığınız zaman sadece bekletiyorlar,1,2025-06-09 15:14:56,2025,6
berbat bir uygulama.,1,2025-06-09 12:59:42,2025,6
uygulmayayı hiç kullanmadım her ay faturama ücret yansıyor virüs müsünüz siz,5,2025-06-09 11:42:14,2025,6
güvensiz ve yeteri kadar gelişmemiş. yanlışlıkla Google play'e biryerim değse hemen para kesiyor.,1,2025-06-09 07:39:36,2025,6
10 kez denedim Ne kimliği doğru okuyabiliyor ne selfie doğru çekebiliyor bunu buraya koyarsanız adam gibi deneyin millete işkence çektirin bu kadar zor olmaması para vermek için eziyet çekiyoruz Tövbe daha indirimden de Kullanmam da tavsiye de etmiyorum gerek yok Sizden gelecek Hayır illaki bir yerden gelir Rezalet ya Allah aşkına bu yazılımı yapan adama verin bir seferde çalışırsın bu sisteminde göreyim ya harcadığımız zamana Yazık,1,2025-06-08 22:55:00,2025,6
almayın yayın aldırmayın onun yanına gideyim doğru düzgün bir banka kartı alın kredi kartı alın ama bunu almayın papara kapandı diye almıştım ama pişman oldum her ama her şey para kesiyor para kesmesi çok can sıkıcı durum,1,2025-06-08 22:20:13,2025,6
"20 kere aradım bir kere açıp bakmadınız telefona ,şifremi unuttum giriş yapamıyorum doğrulama kodu bile gelmiyor sadece çağrı merkezi ile işlem yapılabilir diyor telefona bakmıyorsunuz",1,2025-06-08 17:23:42,2025,6
şifre yenilemek bu kadar zor olmamalı 1 saattir uğraşıyorum kod gelmesine rağmen beni uygulamaya değil de müşteri hizmetlerine yönlendiriyor gerçekten saçmalık bu kadar kötü bir uygulama daha yoktur bir yıldızı bile hak etmiyorsunuz,1,2025-06-08 12:58:16,2025,6
gözükmesi için 5 yıldız veriyorum karta para aktarımı yapamıyorum kimlik tanıma işlemi başarısız oluyo çözüm sağlar mısınız,5,2025-06-07 18:39:46,2025,6
hesap açtım hiç memnun değilim kapatmak istiyorum,1,2025-06-07 17:46:06,2025,6
Şifre ALMAYI NE ZAMAN NORMAL BİR ŞEKİLDE AÇILICAK Hiçbir şekilde ÇALIŞMIYOR şifre ALINMIYOR GEÇEN SENE DEN BU YANA KULLANAMIYORUM KULLANılmıyor ama benden para almaya gelince hemen alıyor lütfen bir düzeltme uygulayın .Belirtmiş olduğunuz reklamlardaki salla topla hediyeleri hiç biri yok Her zaman 100 puan veriyor sadece 1 kaç gün duruyor gidiyor paycell olarak Müşteriye yalan beyanda reklam yapmanın ne anlamı kaldı hiç etik değil bu durum,1,2025-06-07 17:44:48,2025,6
uygulama aşırı iyi ama keşke hediye dünyama Wolfteam nakitte koysanız daha iyi olur lütfen koyun,5,2025-06-07 17:12:59,2025,6
KAFALARINA GÖRE TAKILIYORLAR BENİM Paycell diye bir talebim yok .,1,2025-06-07 12:54:02,2025,6
şifremi unuttum yardım lütfen,5,2025-06-07 09:03:55,2025,6
"Hiç bir işlem yapmadım 79 TL ödeme çekilmiş, sebebi nedir ?",1,2025-06-06 19:27:36,2025,6
yaw arkadaşlar ben bu paycell mıdır nedir aylar önce iptal ettim her ay ben den 124 tl kesiyor acil bana dönüş yapın,1,2025-06-06 19:02:45,2025,6
harika,5,2025-06-06 17:16:01,2025,6
"kırk yılın başı paycelli kullanicam şifre için müşteri hizmetlerini aradım sifre değişikliği için eski cihazımın marka modelini soruyor 2 yıldır girmiyorum nerden bileyim TC yok doğum tarihi sormak yok platinium musterisiydim faturasiza geçiş talebimi aldılar bı musterinizden oldunuz bayram arifesi Ödeme Tipi Değişikliği başvurunuz alınmıştır, 96 saat içerisinde işleminiz gerçekleştirilecektir. Turkcell B002",1,2025-06-06 03:12:12,2025,6
çok güzel bir uygulama ama turktelekomlulara ayda 1 internet getirme hakki tek veriyo,5,2025-06-05 21:59:53,2025,6
Salla kazandan hediyemizi alacağız diye zorla uygulama indiriyoruz,1,2025-06-05 16:47:35,2025,6
sanal kart verip kullandirmiyorsunuz hiç memnun kalmadim kartida iptal ettim günlerce bayiden ve müsteri hizmetlerinden hizmet alamadim sürekli kimlik doğrulamam isteniyor zaten kaydolurken kimlik bilgilerimi veriyorum bu oyalama taktiği neden yapılıyor anlamadım sonuçta yapılan işlemler faturama yansıyor ve ödüyorum,1,2025-06-05 15:53:57,2025,6
çok kötü,1,2025-06-05 15:22:16,2025,6
"Merhaba, bu biz kullanıcılar için bir kâr değil. Avantajımız ne ? ATM'ler daha avantajlı. ATM'ler bedava değil. 1000 Türk Lirası üstü alışverişe düşük puan ve puan sisteminiz bile avantajı yok. bu sistem de kazananlar kullanıcılar kesinlikle değildir. faizsiz sistemlerin kazandırmadığı gibi sizin sistemleriniz, uygulamalarınız ve politikalarınız halkın mutluluğu için değildir. Paycell'e ikinci kez geldim ve sonuç yine kaybettim. halkın kazanması neden istenmiyor?",1,2025-06-05 14:19:00,2025,6
Doğrulama işi uygulamayı bitirdi. Fatura ile ev araba alacak halimiz yok gereksiz işler.,1,2025-06-05 06:26:11,2025,6
hesap varsa kapatın ne olduğunu anlamadan ucret aldık diye mesaj geliyor,1,2025-06-05 05:40:54,2025,6
hesabim haksız yere kapatıldı hiç bir açıklama dahil yok itiraz hakkı yok hiç bir yasal dayanak yok hiç bir şey yok niye,5,2025-06-04 20:23:56,2025,6
Uygulamayı indireli 20 gün oldu sadece YouTube premium üyeliği için kullandım ancak bu süre içinde 2 kez kart aidatı ve 3 kez itunes harcaması (neye ilişkin olduğu hakkında bir fikrim yok ve açıklama yazmıyor) adı altında para kestiler. Bir de hergün bakiyeniz yeterli olmadığından işleminiz gerçekleştirilemedi diye bir mesaj alıyorum. Dolandırıcı mısınız siz? Herhangi bir onayım olmadan kaldı ki kimlik doğrulaması dahi yapmamışken nasıl kesinti yapıyorsunuz?Savcılığa suç duyurusunda bulunacağım.,1,2025-06-04 19:12:33,2025,6
yorumum görünsün diye beş yıldız verdim uygulamayı güncelleme yaptım giriş yapamıyorum üç hattım mevcut hepside aynı Hatayı veriyor lütfen ilgilenin,5,2025-06-04 15:27:44,2025,6
GÜVENLİK NEDENİYLE OTURUMUNUZ SONLANDİRİLMİSTİR DİYOR HESABİMA BAN ATMIŞLAR GİREMİYORUM BÖYLE UYGULAMA GÖRMEDİN HİC BİR YERDE,1,2025-06-04 05:01:55,2025,6
yıllardır paycell kullanıyorum bu ay tam bir fiyasko oldu benim için müşteri hizmetleri sorun çözmek yerine tim merkezine gönderiyor benim bulunduğum yerde zaten olsa sizle ne uğraşayım kimlik doğrulama kısmının en son aşaması olan NVI adres numarasını istiyor giriyorum hata veriyor tekrar başa dönüyor bir hafta da 15 kayıt 33 seferde müşteri hizmetlerini aradım artık bıktım be kardeşim çözün bu işi yoksa hattı değiştircem.,1,2025-06-03 23:33:08,2025,6
Ben hiç bir işlem yapmadım ama 79 tl faturaya yansıtma oldu diye msj geldi bu nedir acil cevap,5,2025-06-03 20:00:06,2025,6
"paycell kullanmaya başla adımında, kredi kartının son kullanma tarihini soruyor ama ay ve yıl arasında / işaretini kullanamıyoruz. Farkında mısınız?",1,2025-06-03 17:52:34,2025,6
yeni gelen mobil temassız ödeme özelliği şahane çalısıyor kartım evde derdi kalmamış zaten pay cell yani çok konuşmaya gerek yok,5,2025-06-03 09:15:56,2025,6
önermiyorum bütün aileme internet verdi bana vermedi kesinlikle önermiyorum,1,2025-06-02 21:26:27,2025,6
çok iyi bir uygulama ve işlemleri hızlandırmış oldum teşekkürler,5,2025-06-02 16:45:51,2025,6
Nakit avans çekemiyorum dehşet kötü fatura ödenmiyor vs. yardımcı bile olmuyorlar,1,2025-06-02 16:02:53,2025,6
👍👍👍👍,5,2025-06-02 10:14:59,2025,6
çok iyi ama puan benim sala kazan vermiyor,5,2025-06-02 09:54:38,2025,6
beş para etmez saçma sapan bir uygulama iki saat yüz tanimliyamiyor banka işlemlerimi beş dakikada hallediyorum ama bu uygulama yüz taniyamiyor böyle bir saçma program olmaz olsun,1,2025-06-02 09:25:49,2025,6
kimlik doğrulaması olmuyor NFC özelliği herkes te yok ve şubelerde de sistem çalışmıyor diye personeller yapmak istemiyor zaten hattı kimlik ile alıyoruz sistemde kimlik bilgilerimiz var bu dayatma neden anlamıyorum,5,2025-06-02 09:21:50,2025,6
Deezer cashback geri gelmeli.,3,2025-06-02 03:18:17,2025,6
paycel indirdim kullanıyordum kendiliğinden giriş yapamıyorum müşteri hizmetleri aradım açan Yok berbat bir uygulama kaldırdım kullanmıyorum,1,2025-06-02 02:50:21,2025,6
memnunum,5,2025-06-01 22:05:17,2025,6
doğrulamayı bi türlü geçmiyorum,1,2025-06-01 18:44:28,2025,6
paycell fiziki kartlarını biraz daha sağlam ve çeşitli renk veya desenlerde çıkartırsanız güzel olur bence,4,2025-06-01 16:09:25,2025,6
deneyimlilik,5,2025-06-01 16:08:39,2025,6
"giriş yapılamıyor, kullanamayacağımız app neden yüklememiz için dayatıyorsunuz .",1,2025-06-01 16:05:09,2025,6
maalesef bir kimlik doğrulama sorununu iki aydır çözemiyorlar. özellikle müşteri hizmetleri çok kötü. Sorunu çözmeyip geçiştiriyorlar.,1,2025-06-01 15:34:21,2025,6
hiç bir zaman memnun kalmadım Turkcell de. punanım sıfır 0,1,2025-06-01 10:17:21,2025,6
operatör değiştirdik uygulamaya giriş yapamıyorum ayrıca canlı destek yok baya parayı bulmuş.,1,2025-06-01 00:02:06,2025,6
Sim bloke kaldırmak istiyorum beni müşteri hizmetlerine yönlendiriyor. Müşteri hizmetleri şifre istiyor. Şifrem yok şifre almak istiyorum bu sefer sesli yanıt sim blokeniz var şifre veremiyoruz diyor. Müşteri hizmetlerine aktarıyor ama orada da 10 dk bekliyorsunuz cevap verek yok. Kusura bakmayın ama 10 dakikam bile sizin uygulamanızı kullanmak istememe değmiyor. Kısacası berbat bir işleyiş sisteminiz var.Kullanmak isteyenlere başta bu kadar sorun yaşatıyorsanız güvenilirliğiniz sorgulanır...,1,2025-05-31 18:49:55,2025,5
Ben böyle uygulama görmedim arkadaşım tamamen sahtekarlık arkadaşımı davet ettim puan gelmedi,5,2025-05-31 14:53:05,2025,5
Turkcell yakışmayan uygulama matabı yok müşteri hizmetleri bağlanamıyorum derhall kapatıllsın,1,2025-05-30 23:29:28,2025,5
üstte görünsün diye 5verdim internetten birsey sipariş vereceğim sanal pos aktifleştirdim hâlâ sanal pos diyor,5,2025-05-30 22:25:55,2025,5
uygulama güzel ama iki sıkıntısı var bir dogrumala yapmadan fast işlem ve kartlar Arası transfer yapamıyoruz ben kimlik doğrulama yapmak istedim ama olmadı ve hata verdi lütfen doğrulama için yardım edin,2,2025-05-30 21:24:23,2025,5
"≺≻ Togg TruMore'da, PayCell'de CÜZDAN DOĞRULAMA yapılması isteniyor. PayCell profilde kimlik doğrulama dahi yok. Doğrulanıp doğrulamadığı belli diil. menüde doğrulama için bi seçenek yok. Tüm bilgiler güncel, telefon numarası gibi bana ait. Doğrulanmış olduğunu nasıl görecek? neden zorluk çıkarıyorsunuz!",2,2025-05-30 17:51:07,2025,5
Bu uygulamayı kullanmamız icin tursell olmamız mi gerek anlamadim cvp verir misiniz,5,2025-05-30 17:40:40,2025,5
bir hesap açtık artık kapatamıyorum başa bela bir uygulama,2,2025-05-30 16:09:02,2025,5
güvenliğiniz nedeni ile oturumunuz kapatıldı diyor neden giremiyorum hesabımda para ve puanlarım var,5,2025-05-29 23:17:46,2025,5
Iyi bakalım çok iyi,5,2025-05-29 20:33:07,2025,5
hiçte iyi bir oygulama deyil tafsiye etmiyorum,1,2025-05-29 20:10:01,2025,5
şifreni unutunca şifreni yenileyemiyorsun,1,2025-05-29 17:54:32,2025,5
"reklamları çok saldırganca ard arda geliyor, Google un tüm ayarları da bozulmus olmalı maalesef",1,2025-05-29 11:39:07,2025,5
yani sipariş çok kolay oluyor indirimleri iyi,5,2025-05-29 09:57:35,2025,5
"Salla topladan 100 puan ne 200,300 yapın...",1,2025-05-28 19:44:48,2025,5
arkadaşlar iyice araştırmadan yüklemeyin tavsiye etmiyorum,1,2025-05-28 18:10:04,2025,5
selfie hatası alıyorum bir an önce çözüm bulun lütfen,1,2025-05-28 17:39:39,2025,5
sizden çok memnunum fakat onaylı hesaplarda artık limitleri yukseltseniz keşke,5,2025-05-28 16:23:49,2025,5
LİMİTİM OLDUĞU HALDE BİM VE ŞOK MARKETTE KASADA GÜNLÜK LİMİT AŞIMI GİBİ SAÇMA BİR SORUNLA KARŞILAŞIYORUM.. MÜŞTERİ TEMSİLCİSİ GÜVEN DAMGASI OLMAYAN YERLERDE BU SORUN OLABİLİYOR DİYOR...OYSAKİ BİR GÜN ÖNCE YİNE BİM VE ŞOK MARKETTE ALIŞVERİŞ YAPARKEN SORUN YOKTU...BİR GÜN İÇİNDE BİM VE ŞOK MARKET GÜVEN DAMGASINI KAYBETTİ DEMEKKİ...TAMAMEN SAÇMA BİR CEVAP VERİYOR MÜŞTERİ TEMSİLCİSİ...BENDE KAPATTIM FATURAYA YANSIT TARİFEMİ...KİMSEYEDE TAVSİYE ETMİYORUM ARTIK,1,2025-05-28 14:10:20,2025,5
uygulama harika papara dan daha iyi severek kullanıyorum tavsiye ederim bide inşallah papara gibi burasıda kara paradan kapanmaz sizi seviyorum paycell❤,5,2025-05-28 07:43:26,2025,5
kimlik doğrulama işlemlerini yapıyorum berbat bir uygulama müşteri hizmetleri ne hiç bağlanilmiyor ilgilenen kimse yok,1,2025-05-28 02:09:16,2025,5
"hiçbir halta yaramaz bomboş bir uygulama, kimlik doğrulayın diyo ama asla doğrulamıyo günlerce uğraşın yine doğrulamaz",1,2025-05-28 00:08:12,2025,5
"Berbat elli defa denedim. selfie çekerken sürekli geçersiz doğrulama dedi. Şarjda 0,75 kuruşluk bir fazlalığı ödemek için paycelli indirmek zorunda kaldım. Ne bu kişisel verileri bu kadar ısrarla toplamak. El mecbur kabul ettim, ama selfie çabekmiyor kısacası berbat elli defa berbat. Yıldıza yanlışlıkla bastım tek yıldızı bile hak etmiyorsunuz.",1,2025-05-27 21:54:56,2025,5
paysel edeni kayyum aradılar açılmıyor,1,2025-05-27 20:45:55,2025,5
harikasın paysel,5,2025-05-27 20:34:11,2025,5
nasıl bir şey bu bir türlü yükleyemiyor yüklediğin zamanda açamıyorsun bir türlü bunu belli olmuyor Olmuyor bu nasıl bir şey ya oturup onunla uğraşıyorsun şifre koyuyorsun şifreyi almıyorsun,1,2025-05-27 19:38:46,2025,5
"hesap doğrulama adımında kimlik fotoğrafını çekiyorum, kimliği nfc ile taratıyorum. selfie çekiyorum her şey tamam. sonra bir anda işleminizi gerçekleştiremiyoruz yazısı çıkıyor. 100 kere denedim 100 ....",1,2025-05-27 17:30:34,2025,5
Dah fazla özellik ve dahada gelişmeli döviz birikimi yapamıyoruz ve ria money ve Western unio para al gonder yok,4,2025-05-27 15:31:13,2025,5
"koyu tema özelliği getirirseniz sevinirim anlayışınız için teşekkürler paycell-Cüzdan,Ödeme,Kart",4,2025-05-27 15:30:24,2025,5
paycell hesapima giremiyom şifrem suresi geçmiş herseyin suresi geçmiş ne yapabilirim,5,2025-05-27 15:23:59,2025,5
İyi,5,2025-05-27 11:07:16,2025,5
para geliyor fakat burdan başka hesabıma aktaramiyorum o kötü para geliyor fakat burdan başka hesabıma aktaramiyorum o kötü,5,2025-05-27 10:58:13,2025,5
benim iznim olmadan yapılan bu üyeliğin derhal iptal edilmesi ni rica ediyorum bu ne saçmalik iznim olmadan paramın iadesi ni istiyorum .....................................................................,1,2025-05-27 10:14:10,2025,5
Paycell uygulamasında salla topla kazan yaptım 2.500 puan geldi telefonuma böyle bir mesaj geldi kimbirgbister Tebrikler! PAYCELL ile kazandığın 1000 FreeByte hattına tanımlandı. Yüklemek için hemen tıkla! diyor paycellden 2.500 puan kazandım kim 1 GB ister uygulamasına baktım 1000 puan gelmiş 2.500 puan gelmesi geliyordu düzeltmenizi rica ediyorum Ayrıca eski arayüz paycell uygulaması daha güzeldi fazla internet vardı internet kazanmak için indirmiştim fazla internet ekleyebilirdiniz eskisigibi,2,2025-05-27 08:28:57,2025,5
lanet olsun ya 25 yaşındayım ilk defa bir uygulamanın altına yorum yapıyorum para transferi yapıyorum para karşıya gitmiyor paycell müşteri hizmetleri gitmiş diyor dekont yok neymiş bizde dekont yok falan diyorlar müşteri hizmetlerine 35 dakikadır ulaşamıyorum daha hala çalıyor,1,2025-05-26 23:07:18,2025,5
ben bunun kadar kötü bir uygulama görmedim sürekli hata veriyor yatırdığım paranın artan kısmını geri çekemiyorum limit koymuş şifre yenileme için saatlerce uğraşırmı bir insan yaaa 1 yıldız bile haketmiyor,1,2025-05-26 22:31:44,2025,5
super,5,2025-05-26 18:29:33,2025,5
müşteri hizmetleri hiç bir şekilde yardımcı olmuyor telefon numarası annemin üzerine şifremi unuttum hesapa giriş yapıpmıyor benim annem yaşlı bir insan müşteri hizmetlerine anlatıyorum derdimi anlamıyorlar bu kadar kötü bir şey olamaz,1,2025-05-26 18:26:13,2025,5
Google playden kullanmadığım uygulamayı faturama yansıtmış bana sormadan kesmiş iade etmiyor.,1,2025-05-26 15:29:04,2025,5
Yetkililere duyurulur günlerdir kimlik doğrulaması yapılamıyor “Döküman yükleme servisinde anlık bir hata oluşmuştur lütfen tekrar deneyin” yazıp duruyor hiçbir hata olmamasına rağmen şu sorunu artık giderin gerçekten can sıkıcı bir hâl almaya başladı defalarca denememe rağmen kimlik doğrulama sistemi hiçbir işe yaramıyor ve bu aksaklık devam ederse eğer hattımı değiştireceğim umarım en yakın zamanda bu sorunu düzeltirsiniz.,1,2025-05-26 05:26:01,2025,5
"borsa istanbula para yatırdım,yaklasik 24 saattir icerige girip parami yonetemiyorum.bir hata oluştu uyarısı aliyorum.akli olan ne paycell nede borsa yonetimini kullanir.turkcellin en rezalet uygulamasi.sakin indirmeyin",1,2025-05-26 03:21:38,2025,5
Para yatırmış olmama rağmen alışveriş yapamıyorum duzelirse gene kollan nayi duşune bilirin lütfen bu surunu düzeltin,1,2025-05-26 01:40:03,2025,5
"Kimlik doğrulama sisteminizi düzeltin, ve altyapınızın güvenliğine oldukça dikkat edin :))) belki leaklenir falan. Genel olarak ortalamanın altı bir uygulama Turkcell gibi büyük bir firma/şirket in standartlarına göre vasat bile denilebilir",1,2025-05-25 23:22:09,2025,5
çok kötü uygulama faturaya yansıyor,1,2025-05-25 18:12:48,2025,5
kartlar arası transfer için neden kimlik bilgileri istiyor önceden istemezdi düzeltseniz iyi olur,3,2025-05-25 09:03:26,2025,5
herşey zorlaştı madem para transferi olmuyor transfer seçenekleri neden var aldatmaca yani,1,2025-05-25 02:50:06,2025,5
bu ne biçim paycel uygulaması ödeme yapılmıyor güncelleme istiyor,5,2025-05-25 01:34:32,2025,5
çöp paycell,1,2025-05-25 00:46:40,2025,5
paycell kimlik doğrulama hata veriyor..hiçbir işlem yapılamıyor...Turkcell bayiden kimlik doğrulam a yaptım hala çözüm yok...lütfen ilgilenin..sorun hala devam eden varmı....,1,2025-05-24 23:20:16,2025,5
çok iyi,5,2025-05-24 23:08:32,2025,5
"TOGG için uygulamayı kullanmam gerekiyor, bütün şifrelerin süresinin dolduğunu söylüyor aramaya yönlendiriyor, ne yardım ediyor ne bir yere bağlıyor, kısır döngüde sonsuza kadar menü dinletiyor, bu kadar düşünülmeden bir uygulama yapılamaz,",1,2025-05-24 19:17:42,2025,5
çok kötü bir uygulama sakın kulanmayın,1,2025-05-24 14:04:14,2025,5
virüs arkadaşlar sakın indirmeyin ben şuan telefonumda nereye tiklarsam tiklayayım hep direk uygulama ekranı komple kapsıyor 18-20 saniye boyunca hiçbir şey yaptırmıyor bilgileri ele geçiriyor olabilir,1,2025-05-24 13:12:44,2025,5
paycell kadar bis Bir uygulama görmedim hayatımda yani hem kimlik doğrulama isteyip hem nasıl yaptirmamayi başarıyorsunuz anlamıyorum be para transfer edebiliyorum nede kimlik doğrulaması,1,2025-05-24 13:03:41,2025,5
veli onayı verip duruyor kac defa onay ladim hala aynı hatayı veriyor aradım istedikleri yaptım bir sorun yok dediler ama yine devam ediyor yazık izlerlemi uğraşacağım sistemden bir türlü düzeltmediniz ne yapalim siz söyleyinde onu yapalım insanları boş yere oyalamayin,1,2025-05-23 21:48:09,2025,5
lütfen yardımcı olun hesabım da para transferi yapmam ama hesabım durup dururken donduruldu lütfen yardımcı olun,5,2025-05-23 18:03:21,2025,5
Uygulama yükelmesi bile 15 dakika sürüyor.,1,2025-05-23 15:47:30,2025,5
Uygulama sürekli açılıp kapanıyor. Uygulamaya girmediğim halde bir anda ekranımda açılıyor. Çıkamıyorum da Çıkınca da tekrar geliyor. Gün içinde birkaç defa bu sorunu yaşıyorum,1,2025-05-23 15:42:51,2025,5
Kimlik doğrulama sırasında hata ile karşılaşıyorum bir türlü düzelmiyor lütfen bu problemi çözün !,1,2025-05-23 01:32:15,2025,5
Nasıl yani yapicam,1,2025-05-22 09:02:36,2025,5
Uygulamanın komisyon ücretleri kesintileri çok yüksek sadece sınırlı sayıda çok zorunlu olmayan yerlerden alışveriş yapabilmek için bile isteye bu kadar komisyon vermek mantıklı değil. Nakit döngüsü olsa belki ama nakit yok. Merak için indirmiştim ama lüzumsuz. Ayrıca son zamanlarda uygulama durup dururken açılıyor bunca banka uygulamaları üzerinden hesapları ele geçirilen mağdur olan insanları görünce kaygılandım. Uygulamayı kaldırıyorum. insanı sömürmeyen bir tutum sergilemeniz dileklerimile.,1,2025-05-22 04:13:49,2025,5
hesabımdan habersiz para çekilmiş hiç bir aboneliğim olmadığı halde geri dönüş yapılmazsa gerekli yerlere şikayet edecegim,1,2025-05-21 22:09:03,2025,5
para kitleme uygulaması uzak durun,1,2025-05-21 19:22:02,2025,5
bu nasıl berbat bir uygulam arkadaş şifre yeniliyorum giriş yapıyor 20 saniye sonra tekrar atıyor defalarca aynı şeyi yapıyor silip tekrar yükledim aynı şeyi yapıyor hepten sildim gerçekten beş kuruş etmez uygulma bir yıldızı bile hak etmiyor,1,2025-05-20 12:27:46,2025,5
paysel berbat sakın turkcel hat almayın canın yakmayın sakın turkcel hat almayın tavsiye etmiyorum lımıt dusurme paket cok pahalı fahıs haksız fiyat artıs hat almayın,1,2025-05-20 02:01:39,2025,5
iyi,5,2025-05-19 20:27:10,2025,5
iyi değilim,2,2025-05-19 05:24:37,2025,5
bu nasıl uygulama ya bir işlem yapacam donuyor kendini atıyor uygulamadan hiç kimseye de Önermiyorum berbat berbat berbat 1 yıldızı bile hak etmiyorsunuz,1,2025-05-18 09:33:28,2025,5
"Kimlik doğrulama kısmında selfie hata veriyor. Faturana yansıttan kazandığım 150 lira da yok olmuş, ceonuza don alırsınız bereketini görün",1,2025-05-17 17:51:48,2025,5
Sırf 1 yıldız vermek için yükledim. Siliyorum. Oğlumun telefonunda program yükleme. Izni olmadigi halde bu program her hafta kendi kendini yüklüyor. Biz siliyoruz. Kim bilir neredeki izni kullanıp bunu yapabiliyorsunuz. Ama bu yaptığınız zorbalık. İstemediğimiz halde programınız telefonunuza yukleyemezssiniz. Gerekli yasal şikayette de bulunacağım. Haberiniz olsun.,1,2025-05-17 08:00:13,2025,5
Karacadan alışveriş yaptım hediye 250 lira gelmedi neden kampanya yaparsınız o halde foto da var,5,2025-05-16 11:40:30,2025,5
güzel,5,2025-05-16 06:37:58,2025,5
boş bi uygulama,1,2025-05-15 23:08:10,2025,5
saat ile öde seçeneği olmadan bir hiç,1,2025-05-15 22:40:04,2025,5
bu uygulama tabi boş uygulama hiç bir şey yaramıyor ben aldım siz almayın boşa masraf,1,2025-05-15 21:33:27,2025,5
üstte dursun diye 1 yildiz verdim ulan ne kadar aptalca iş yapiyorsunuz daha yüz tanima sistemini yapamiyorsunuz niye getirdiniz 1 saattir tanima yaptirmaya calisuyorum berbatsinuz berbat,1,2025-05-15 21:19:20,2025,5
yeni deniyom,4,2025-05-15 17:50:37,2025,5
guzelguzel,5,2025-05-15 16:54:13,2025,5
puan vermiyor,5,2025-05-15 15:18:52,2025,5
Maalesef topla kazan 100 puana devam ediyor her hafta.Arasıra internet ve yüksek puan bekliyoruz Saygılar iyi çalışmalar,1,2025-05-15 13:56:59,2025,5
çoğu zaman program açmıyor bazen de alışverişte kasada uzun süre bekletiyor,1,2025-05-15 10:17:15,2025,5
şifrem bloke oldu kesinlikle kullanamıyorum müşteri hizmetleri ne ulaşamıyorum,1,2025-05-14 18:18:33,2025,5
çok iyi para veriyor,1,2025-05-14 15:32:34,2025,5
kimlik doğrulamazsanız 2700 TL lik limit varmış kart içinde param var ama doğrulama sürekli hata veriyor ne hata düzeliyo ne de paramı alabiliyorum parayı aldığım gün kartı kırıp çöpe atıcam,1,2025-05-14 13:25:05,2025,5
"mail ilettim değişen hiçbir şey olmadı Paye yemek kartı çok az yerde geçerli. Getir yemek. Yemek sepeti. Migros, Trendyol go gibi. Bilinen yerlerde geçmiyor çoğu restoranlarda, da yok bunun için aksiyon alınması gerekiyor",1,2025-05-14 11:51:08,2025,5
seviyorum bunu,5,2025-05-14 09:13:53,2025,5
bu kadar lanet bir sistem olamaz sakın kullanmayın adamı soyuyorlar.,1,2025-05-13 22:45:34,2025,5
üstte görünsün diye 5 yıldız verdim. uygulamada epeydir kimlik doğrulamak için son adımdaki yüz tanımlama aşaması bir türlü işlem yapmıyor. darlanmaya başladım. acilen düzeltilirse sevinirim. aksi halde hattımı değiştireceğim.,5,2025-05-13 20:30:43,2025,5
Allah belasını versin bu uygulamanın Paramın hepsini aldi,1,2025-05-13 18:37:04,2025,5
her yerden para kesiyor para aktar para kes karekod ödeme yap para kes,1,2025-05-13 13:34:13,2025,5
paycell benım için çok mükemmel ama merskım uzun yıllarfır kullanmama rağmen limitim hala aynı yukselmıyor nıye acaba?,5,2025-05-13 07:39:22,2025,5
Hesabımı kapatıp yeniden açmak istiyorum!,3,2025-05-12 22:49:25,2025,5
bir puan bile hak etmiyor yav hesap dondurulmuş diyor ya niye hesap vermyorsunuz,1,2025-05-12 21:22:12,2025,5
Togg alacaz diye bakiye zart zurt muhabbetlerine giriyor yok premium yükselt diyor yükseltelim diyoruz her bir adımda hata veriyor,1,2025-05-12 19:35:22,2025,5
kartım internet harcamasına açık ama alış veriş yapmaya çalıştığım zaman kartınız internet alışverişine kapalı diyor tam bir saçmalık,1,2025-05-12 17:07:49,2025,5
5 kuruş etmez uygulama girişinde müşteri temsilcisini aramak nedemek aramassan uygulama açılmıyor,1,2025-05-12 16:39:15,2025,5
alışveriş yapamıyorum sıkıntı cikariyo . sürekli kartınız sanal pos işlemine kapalıdir diyo,1,2025-05-12 15:35:44,2025,5
"Nerden çıktı bu Paycell sorgulaması? 720 tl niçin aldınız.Ben bunla ilgili hiç bir şey, paylaşım yapmadım.Benim rızam yoktur Lütfen iade edin.",1,2025-05-12 14:35:32,2025,5
bu ne rezalet. uygulama çalışıyor gunceledim de ama hayla bin puan im gelmedi 30 dk dir üstünde çalışıyorum yardım edin... paycel i de aradım.,1,2025-05-12 13:23:36,2025,5
biriken paycell puanları artık hiç bir işe yaramıyor google play kullanımı kapatmışlar aylık 5gb yarine günlük 1gb alabiliyoruz o da ayda 1 kez ben böyle pintilik görmedim. sözde %50 indirim aldığımız markalarda bize sunulan fiyat piyasadan daha pahalı yani indirim pafan yok kandırmaca,1,2025-05-12 12:23:41,2025,5
Böyle saçma bir uygulama yok uygulamayı açmadığım zaman otomatik açılıyor uygulama,1,2025-05-12 12:16:57,2025,5
"14TL lik 1000 puan kazanma oyununda iki kez para çekilmesine rağmen puanım ortada yok, paramın iadesini yapın.",1,2025-05-11 21:02:57,2025,5
merhaba 50 TL ile ne yapacağız bir der misiniz vermezseniz daha idi şaka mı yapıyorsunuz acaba 😂😂,1,2025-05-11 19:09:02,2025,5
bir aydır girmiyor hata veriyor müşteri hizmetleri ni arıyoruz yardımcı olmuyor üstüne bizi suçlu çıkarıyorlar,1,2025-05-11 14:36:45,2025,5
arkadaşlar indirmeyin sürekli hangi uygulamada olursam olayım jendi kendine açılıyor uygulama,1,2025-05-11 12:45:47,2025,5
iyi hem ibanlı sevdim kredi iyi,5,2025-05-10 22:19:34,2025,5
Abe uygulama eskiden çok iyiydi her ay hediye veriyodu şimdi hiç bi book vermio uygulama berbat olmuş,5,2025-05-10 20:37:52,2025,5
ödeme yapamıyorum,1,2025-05-09 22:30:17,2025,5
kesinlikle kullanmayın tavsiye etmem.kart blokesini kaldirman gerek diyor menüde kaldırma imkanın yok dalga geçiyorlar sanki. müşteri hizmetlerine bağlanma imkanın hiç yok.kayip çalıntı birimine de bağlanma imkanın yok.tamamen bütün seçenekleri ortmusler.icinde param da vardı gitti demekki,1,2025-05-09 22:25:30,2025,5
en üstte görünsün diye 5 Yıldız veriyorum yazıyorum bu uygulama beni mağdur durumuna düşürdü yatırım yaptım ama yatırımımı satamıyorum kaç kere yazıp sormama rağmen bir türlü sorun çözülmedi kesinlikle bu uygulamada yatırım yapmayın aldığınız madeni satamıyorsunuz çok saçma bir uygulama olan 1900 TL me oldu.,5,2025-05-09 21:51:07,2025,5
paycele giriş yapmak istiyorum ama olmuyor,5,2025-05-09 12:25:03,2025,5
turkcel den telefon aldik diye taksitlerini odemek icin mecbur birakilan bir sistem her taksit yatirdigimda ucret uyelik kesintisi adi altinda dolandiricilik resmen bide sifre degistirdim ayni gun içinde neymis bir kez degis tirebiliyormusum sane arkadas koskoca banka hesap sormuyor kiytirik paycel mi soracam 3 de degistirirm 5 de borc bitsin aninda cikacam uyelikden kafam atarsa tuketici haklarinin yolu gözüküyor rezalet,1,2025-05-08 23:22:27,2025,5
sorunların hiçbiri çözüme kavuşturulmuyor.Mail atıyorsun müşteri hizmetlerine bağlanıyorsun hepsi farklı bir kulp söylüyor.Bir araç almak için böle saçma bir uygulama kullanılması gerçekten çok saçma,5,2025-05-08 18:27:27,2025,5
hiç iyi bir uygulama değil çok saçma yavsetmiyorum,1,2025-05-08 18:08:07,2025,5
merhabalar. uygulama şifremi unuttum ve herhangi bir şekilde değiştiremedim yardımcı olur musunuz,2,2025-05-08 14:12:49,2025,5
Paycelle giriş yapamıyorum şikayetciyim ve paycel hesabım dondurulmuş diyor bir yıldız veriyorum,1,2025-05-07 14:40:37,2025,5
kullanışlı,5,2025-05-07 13:11:48,2025,5
"Rezalet, sürekli sonra tekrar deneyin yazıyor.",1,2025-05-07 11:24:14,2025,5
paycelli kullanmıyorum kullananların da verim alacağını sanmıyorum,1,2025-05-06 21:56:10,2025,5
bu uygulama gerçekten çok berbat şifrenin süresi dolmuş beni uygulama ya yönlendirme yapıyor uygulama hiç açılmıyor bile muhattap olunacak kimse yok hiç beğenmedim,1,2025-05-06 21:31:42,2025,5
"KULLANMAYIN KULLANDIRTMAYIN !!! Kartımı hiç bir ATM kabul etmiyiyor. Kartım eski diye etmedi diye düşündüm ve yeni kart aldım. Kutusunda dilediğin zaman aktif et diyor, kartı aktif edince kart hesaplarım kısmında görünmüyor. Aboneliklerimi ödemem gerek fakat kartıma para yatıramıyorum.",1,2025-05-06 20:03:03,2025,5
lütfen havale sistemlerinde dekont atmayı getirin,4,2025-05-06 14:46:49,2025,5
müşteri hizmetlerinize bağlanılmıyor 25 daka bekledim ya böyle saçmalık mı olur müşteri temsilcisine bağlanma süreci şifre değiştiriliyor bide 🤨,1,2025-05-05 22:19:42,2025,5
kimlik doğrulama adımında video çek kısmına çalışmıyor. insanların zamanını çalmaktan uğraştırmaktan başka birsey değil. bir uygulamayı yapamayan şirketten ne beklenir ????,1,2025-05-05 21:27:34,2025,5
en iyi uygulama paycell tebrik ederim 👋👍,5,2025-05-05 21:06:26,2025,5
uygulamada Kimlik dogrulanmadan limitli hesap actim daha sonra haberim olmadan yasal kısıtlama gelmis ancak bunu bilemeden para yukledim ve şimdi iade edilmesini istiyorum çok kötü param içeride kaldi,1,2025-05-05 14:49:24,2025,5
İnsanları ugrastirmak için kurulmuş bir uygulama,1,2025-05-05 11:40:54,2025,5
aklınız varsa paycell kullanmayın sürekli çökme sorun yaşama gibi sorunlar oluyor bu uygulama çöp gidin papara kullanın şuan papara kullansaydım daha rahat olurdum lütfen bu rezalet uygulamayı indirmeyin.,1,2025-05-05 01:17:37,2025,5
kampanyalar güzel ama uygulama arayüzü biraz daha estetik olabilir koyu mod gelmesi lazım ve fiziksel kartlarda isim yazilanlarda daha fazla renk seçeneği olmalı,4,2025-05-04 19:37:19,2025,5
çok iy kulanışı çok sevidirme,5,2025-05-04 19:19:21,2025,5
bi cüzdan uygulamasının bu kadar salak olmaması lazım,1,2025-05-04 15:09:33,2025,5
"vereceğiniz 1gb internet. hem uygulama indirtyorsunuz hem de çıkmayan çağrı merkezini aratmak zorunda bırakıyorsunuz şifre için. doğru düzgün bir operatör gelse de,2025 yılında şu işkenceden kurtulsak.",1,2025-05-04 13:54:58,2025,5
böyle bir saçma uygulama görmedim muhatap yok uygulama açılmıyor Turkcell müşteri hizmetlerine gönderiyor gidiyoruz bu sefer uygulamaya hiç girilmiyor bekliyoruz bakalım hayırlısı işim bittiği vakit kesinlikle kullanmamak üzere silmek istiyorum,1,2025-05-03 16:28:38,2025,5
Rezil bir uygulama cashback sorunu yaşayıp duruyorum. Müşteri hizmetleri de dalga geçer gibi başka kampanyalarımızdan yararlanın diyor.,1,2025-05-03 15:20:30,2025,5
Mükemmel,5,2025-05-03 15:00:12,2025,5
dünyanın en kötü uygulaması,1,2025-05-02 18:36:56,2025,5
Paycell uygulamasını yükleyemiyorum indiliryor diye görünüyor ama inmiyor,1,2025-05-02 16:53:39,2025,5
bilerek 5 yıldız verdim üstte gözüksün die PAYCELL HESABIMA GİREMİYOM SMS ATMIYOLAR GİRİŞ İÇİN,5,2025-05-02 16:36:27,2025,5
para yatıramıyorum,1,2025-05-02 16:19:09,2025,5
harika,5,2025-05-01 21:51:55,2025,5
Müşteri hizmetleri cok ukala ve becerekisiz,1,2025-05-01 17:26:55,2025,5
uygulama iyi ama NFC özelliği kalksin telefonda NFC özelliği olmayanlarda var,5,2025-04-30 19:49:03,2025,4
komisyon ücreti çok fazla,3,2025-04-30 18:04:06,2025,4
qr kod ödeme sisteminiz çalışmıyor,1,2025-04-30 17:23:12,2025,4
Seni yapan adamın mantığına şaşayım arkadaşım bi şifre alamıyoruz bu ne saçmalık la,5,2025-04-30 13:20:37,2025,4
iyi gibi,5,2025-04-30 12:08:49,2025,4
3 D doğrulama yapamıyorum hata veriyor veya kodu göndermiyor.,5,2025-04-30 08:43:58,2025,4
2 gün hesaba girmedim hesabım dondurulmuş 0 yıldız olsa 0 verecem hiç indirmeyin,1,2025-04-29 18:19:24,2025,4
paycell hesabına para yüklemiştim Kart aidatı diye diye tüm parayı çekmissiniz sanal bi kartın nasıl aidatı ola biliyo hadi onu geçtim 5 ay içerisinde nasıl 1k para Kart aidatı na gide biliyo şakamisiniz lan siz,1,2025-04-29 09:53:25,2025,4
BAŞARILI,5,2025-04-29 05:31:47,2025,4
rezalet,1,2025-04-29 00:37:33,2025,4
iyi,5,2025-04-29 00:35:37,2025,4
lütfen artık şu kimlik doğrulama hatasını yapın artık 1 yıl oldu bu kadar umursamazlık olmaz param var uygulamada ne cekebiliyorum nede alışveriş yapabiliyorum hala duzeltmediniz,1,2025-04-28 21:25:50,2025,4
rezalet bir uygulama kandırmaca faturama yansit diyorsun işlem asla olmuyor google bazlı çalışılmasına rağmen asla google da işe yaramıyor Fast ile transfer edebilirsin diyor KOCAMAN BIR YALAN berbat bir uygulama,1,2025-04-27 08:40:23,2025,4
Troy kart ve uygulama güzel. teşekkürler,5,2025-04-26 23:40:12,2025,4
Uygulama da troy özellikli kart da güzel. ama kampanyalarınızı biraz daha çeşitlendirmelisiniz bence,5,2025-04-26 23:33:47,2025,4
Güvenlik nedeniyle tekrar giriş yapman gerekiyor bildirimi geliyor. Tekrar tekrar giriş yapmaya çalışmama rağmen aynı sorun .Uygulamaya giremeden nasıl kullanabilirim.,1,2025-04-26 14:57:49,2025,4
karta aktarılabilir bakiyemden sanal karta aktarma yaıyorum sipariş vereceğim yetersiz bakiye diyor obir yıldız vermemin başlıca sebebi bu,1,2025-04-26 13:05:26,2025,4
onay vermediğim halde ücretli kesintisi yapmış...,1,2025-04-26 00:26:10,2025,4
hesabıma para yatırdım atm den kartsız işlemlerden atm bilgi fisi vermedi bu sebepten dolayı ödeme hessbıma gecmedi banka yı bddk inceledi sıkıntı yok dedi ama türkcell uygulaması paycell ısrarla banka dsn dekont almamı istediler tabiki paycelin bankaya talimat vermeden bana dekont vermiyorlar bunu dile getirmekten 2 aydır magduriyet yasadım siz siz olun kartsız yatırdıgınız an dekontunu alın yoksa paycell hesapta olan parayı atmamak için mücadele veriyor bide dosyayı kapatıp paranıxa el koyuyor,1,2025-04-25 22:28:05,2025,4
uygulamaya 1 yıldız verdim sebebine gelirsek hesabımı doğrulama adiminin en son evresinde video kaydında sorun yaşıyorum.Hicbir şekilde son bölüm tamamlanıyor.İvedi şekilde yeni bir güncelleme ile bu sorunun çözülmesi gerekiyor,1,2025-04-25 09:37:32,2025,4
ne yapsam hesap silinmiyor,1,2025-04-25 06:53:18,2025,4
paycell kapatım halde limit var diyip duruyor 🤦‍♂️,3,2025-04-25 02:44:43,2025,4
Telefonunuzda NFC özelliği yoksa kimlik bilgilerini ekleyemiyoruz. Yinede her ihtimale karşı müşteri hizmetlerini aradım aldığım cevap NFC özelliği olan hane halkından birinin telefonuna uygulamayi indirip kimlik bilgilerini ekledikten sonra Kendi telefonumda uygulamayı kullana bileceğim söylendi. NFC niçin var güvenlik için peki bu özellik telefonumuzda yoksa başka birinin cihazına uygulamayi indirmeyi söylemek muhteşem bir güvenlik olayı NFC yoksa alternatif çözümler olmalıdır.,1,2025-04-24 15:00:40,2025,4
Salla Topla'dan kazandığımız bir puan vardı onu da saçma sapan kullanmayacağımız hediyelere çevirdiniz. Zaten eskiden olduğu gibj casback gibi güzel kampanyalarınız da yok. Karttan para yüklerken komisyon kesiliyor. Kazandiğımız puanlarla istediğimiz kadar GB hediyesi alamıyoruz. E ne anlamı kaldı ki kullanmanın?,1,2025-04-24 12:24:23,2025,4
berbat,1,2025-04-24 00:31:18,2025,4
şifre süre dolması çok garip olmuş hesabima göremiyor yeni şifre olusturdugumda hepsi eski şifre diyiyor buna çözüm bulun,2,2025-04-22 15:09:24,2025,4
NFC desteği olan LG g4u aldık sürümü yetmiyor diyor amacinizz ne sizin? niye andorid 8 ve üstü düşürün acilen 1700 TL içeride kaldı ne QR la ödeme var ne kart arası transfer var nede para yükleme Turkcell'e gittik biz yapamıyoruz başka bir Turkcell mağazasına gönderiyor oda benim şehrime 30 km uzakta su uygulamayo adam akıllı hale getirin param kaldı uygulamada öğrenciyim beni mağdur edemezsiniz,1,2025-04-22 14:31:13,2025,4
hem çok saçma bir uygulama hem de müşteri hizmetlerini aradığımda daha tuşlama yapmadan size verilen sürede tuşlama yapmadığınız diyip suratlarima kapatıyorlar bence siz bu uygulamayı da bu paycell kartında direk kaldırıldı ne saçma uygulama siniz,1,2025-04-22 13:54:12,2025,4
parası olanlar için bol bol alışveriş yapın her yerde geçer😂,5,2025-04-22 13:43:40,2025,4
Paycell puanlarını harcarken neden limit var?Aylık maksimum limit fln neden var.Puanlarımısı bırakında rahatça hharcayalıkmaylık 3 defa alma sınırı olmasın lütfen stok her zaman dolu olsun :(,1,2025-04-22 02:26:52,2025,4
çok kötü bir uygulama hiç iyi değil sakın indirmeyin,1,2025-04-21 20:53:47,2025,4
İyi,5,2025-04-21 17:42:20,2025,4
"Merhaba Toplam Kart Bakiyem olan 1,58 TL yi Karta Aktarılabilir Bakiyem kısmına aktarılmasını talep ediyorum. Toplam Kart Bakiyem 0 TL olarak güncellenmesini talep ediyorum. Konu acildir. Bugün bu işlemin yapılmasını istiyorum.",1,2025-04-21 14:17:31,2025,4
kimlik doğrulama 3 saat uğraştım yapamadım saçma salak uygulama gerek yok kullanmaya turkcelden de ayrılacağım insanı salak yerine koymayin,1,2025-04-21 13:07:55,2025,4
nfc kart okutunca direk uygulamaya giriyor nfc başka banka tanımlı ödeme yapacam paycelle giriyo,1,2025-04-21 01:46:41,2025,4
"beş para etmez bir sistem, hiçbir işe yaramıyor",1,2025-04-21 00:51:06,2025,4
salla topladan 100 puan veriyorsunuz ama o puana alacak hiçbir şey yok ve 1 hafta sonra gidiyor biriktirebilsek en azından.,5,2025-04-20 18:56:06,2025,4
hersek para kesintisiyle oluyor. bunu kullanacağınıza hadi kullanın inanın daha avantajli,1,2025-04-20 18:38:32,2025,4
yaklaşık 3 yıldır falan kullanıyorum ama şu son 1 kaç aydır doğru şifremi girmeme rağmen hesabıma giremiyordum ama müşteri temsilci hattından arayıp hallettim çok sağolsunlar Kübra ve melike adında iki abla halletiler ellerine sağlık,5,2025-04-19 16:06:10,2025,4
tavsiye ederim,5,2025-04-19 13:47:51,2025,4
kart doğrulama yapılamıyor bu yüzden sadece güven damgalı yerlerden alışveriş yapabiliyorum bunların sayısıda çok az bütün paramı saçma salak sistemlerine kaybettim sakın ama sakın paycell kullanıcısı olmayın 5 yorumları boşverin bot yorum çoğu,1,2025-04-18 18:25:00,2025,4
Tecrübesiz. Paycellden gelen mailler txt dosyası ve spama düşmekte olup okunmuyor. Problem olduğunda Karşınızda bir muhatap yok. Kart kuryede gösteriyor ama kaç gündür gelen giden yok. Takip numarası yanlış veya kurye şirketi dedikleri firma değil. Kart aidatı yok diye kartı parayla veriyorlar ama üye olduktan sonra kullanım ücreti diye bir bölüm var orada ücretler fahiş şekilde yazıyor. Türkcell kullandığıma Bi kez daha pişmanım.,1,2025-04-18 15:19:59,2025,4
çok güzel,5,2025-04-18 08:16:12,2025,4
boş bi uygulama,1,2025-04-18 00:56:54,2025,4
severek kullanıyorum,5,2025-04-18 00:50:54,2025,4
kartı bağlayamıyorum,1,2025-04-17 22:55:08,2025,4
hesabım çalındı yardımcı olabilir misiniz,5,2025-04-17 15:08:41,2025,4
harika bayıldım denemenizi tavsiye ederim,5,2025-04-17 14:51:46,2025,4
Gönderim yaparken altına iletişim bilgisi yazılmadı diye param bir haftadır paycele gitti ama hesabıma geri iadedi yapılmadı 3 iş günü dendi bir hafta oldu dekont da ilettim çağrı merkezini arıyorum ancak çözüm yok uygulama hizmet noktasında gerçekten sıkıntıları var,1,2025-04-17 14:39:59,2025,4
hesabımı yükseltmek için doğrulama yapmaya çalışıyorum kimliğimi bilgilerimi girdikten sonra en sonda video çek kısmında kalıyor sadece yükleniyor,2,2025-04-17 13:36:08,2025,4
10 dakika boyunca kimlik doğrulaması yapabilmek için kameraya kimlik okuttum ama kimlik okuma devam ediyor dedi ve hiç bir şekilde onaylamadı,1,2025-04-17 09:48:24,2025,4
puanlarınız çok az hediyelerden çok pahlı bence çok saçma düzeltseniz iyi olur.,2,2025-04-17 09:37:34,2025,4
Sürekli kimlik doğrulama istiyor ve uygulama üzerinden adımları tamamlayamadığım için bayiye gitmek zorunda kalıyorum. Lütfen kaliteli bi doğrulama sistami getirilsin.,1,2025-04-17 08:40:12,2025,4
"sürekli hata veriyor, kartlar arası para transferi yapmaya çalışıyorum hata, kimlik doğrulama sürecinde hata veriyor",1,2025-04-17 08:11:58,2025,4
hiç güzel degil mecburiyetten kurdum,1,2025-04-16 18:50:31,2025,4
DOLANDIRICI SAKIN İNDİRMEYİN.PARA İSTEYİP DURUYOR.POLİSLER İNCELESİN BU UYGULAMAYI. UYGULAMA İPTAL TUŞU DAHİ YOK.PİŞMAN OLMAYIN SONRADAN.SPAMLI.,1,2025-04-16 18:13:26,2025,4
teşekkürler,5,2025-04-16 18:01:04,2025,4
"paycell olarak hattıma 69 tl kesim yapılıyor ben abone olmadım yada yanlışlıkla oldum ama uygulamayı kullanmıyom, aboneliği mi bulamıyorum lütfen iptal ediniz",5,2025-04-16 15:29:05,2025,4
çok güzel ve güvenilir. çok teşekkür ederim.,5,2025-04-16 15:28:11,2025,4
galaxy c7 telefonum. uygulmaya güncelleme gelmiş telefonumla kullanılamazmış. dandik uygulama ve sorunları. uygulama içinden yardım talebi oluşturun demissin de uygulamayı guncelleyemıyorum telefon eski diye nasıl yardım alayım. öylesine yanıt yazıyor utanmadan abel avel,1,2025-04-16 14:19:02,2025,4
Bi türlü uygulamaya giremiyorum Sürekli aynı yere atıp duruyor yıldızı bile haketmiyor benim gözümde...,1,2025-04-16 02:46:36,2025,4
"şifremi unıttum seçeneğini seçiyorum kurtarma kodu istiyor, kurtarma kodunu da bilmiyorum. sisteme giremiyorum. kontrolüm dışında ödediğim haksı bedeller ve iptaller ettiklerim cabası",1,2025-04-16 01:55:21,2025,4
1000Tl yüklerken 40 TL kesen uygulama mi olur bune resmen şaka gibi????,2,2025-04-15 22:50:31,2025,4
cok iyi,5,2025-04-15 18:43:32,2025,4
1 bile hak etmiyo benim param gitti arıyorum hiç ilgilenmilolar size tavsiyem bu kartı almayın aldırmayın bunu alcağınıza başka kart alın iyi günler,1,2025-04-15 15:21:59,2025,4
çok güzel,5,2025-04-15 11:00:01,2025,4
tc kimlik kartını okutunca bu uygulama açılıyor. ne alaka? bunu düzeltin lütfen.,1,2025-04-15 00:28:25,2025,4
sırf üstte gözüksün diye 5 yıldız veriyorum 0 bile hak etmiyor 20 tl lik play kod alıyoruz 5k puana onu da vermiyor rezil bir uygulama hakkım haram olsun,5,2025-04-14 21:51:51,2025,4
iğrenç bir uygulama tüm paramı aldı transfer yapamıyorum,1,2025-04-14 21:08:14,2025,4
gerçekten insanın ağzını bozmaması çok zor saçma sapan bir uygulama yapmışlar şifre yenilemek istiyorsun çağrı merkezindeki menü ve yapay zeka seni sürekli aynı iki menü arasında kısır döngüye sokuyor ve hiçbir işlem yapamıyorsun saçma sapan hiçbir işlem yapamadığın bir yere varmayan bir uygulama ve çağrı sistemi rezalet.,1,2025-04-14 18:48:01,2025,4
"Çok güzel ve kullanımı basit bir uygulama. Fakat 18 yaş altı kullanamaz hâle geldi, çok fazla doğrulama istiyor.",3,2025-04-14 12:21:15,2025,4
Rezalet uygulama,1,2025-04-14 10:26:44,2025,4
çok güzel uygulama,5,2025-04-13 20:21:57,2025,4
Faturana yansıt özelliği ile Google Play'den ürün ödemesi yapıyorum diye paycell faturama yansıt abonelik adı altında Ocak ayında 44.90 tl tutar kesildi müşteri hizmetleri yılda bir kez abonelik ücreti olduğunu söyledi zaten peşin ödemişim diye kullanmaya devam ettim 3. ay aynı miktarda yine ödeme kesilmiş şimdi sorduğum da 3 ayda bir faturama yansıt abonelik ücreti kesildiği söylendi fırsatçılık her yerde tüm kullanımlarımı iptal ediyorum uygulamayı da kaldırıyorum 👏👏👏,1,2025-04-13 19:45:33,2025,4
Kendi kendine üye yapıyor faturaya yansıtmak yerine buna yansıtıyor birde komisyon kitliyor hattımı Turkcelden taşıycam.,1,2025-04-13 15:56:04,2025,4
En üstte görünmesi için 5 yıldız verdim. ama 5 yıldızı değil bir yıldızı bile hak etmiyor bence. uygulamaya giriş yapamıyorum. güvenlik nedeniyle işleminiz iptal edilmiştir diyor. başka telefonla denedim yine aynı uyarıyı verdi. togg gibi bir firma neden paycell cüzdanı mecbur tutuyor anlamadım.,5,2025-04-13 11:42:01,2025,4
Turkcell'den çok memnunum.,5,2025-04-13 10:40:12,2025,4
Uygulamada yapılan işlemler ekranıma geç yansıyor. Mesela 100 TL civarı bir iade parası aldım ama bakiyem de gözükmüyor. Onun dışında kart kaydettim kart hesapta 1 gün sonra gözüktü. Uygulamada bu tarz sorunlar var. Düzeltilirse sevinirim.,2,2025-04-13 10:01:45,2025,4
her açılışta giriş yapılmıyor tek şifre bilmem ne bu nasıl bir uygulamadır.Kaldırıp yeniden yüklrdim aynı.Şifre yazılacak olan yere şerit çekiyor.Gir girebilirsen,1,2025-04-11 18:20:58,2025,4
Hiçbir hayır görmedim bu uygulamadan. çok kötü çokkkkk,1,2025-04-11 17:51:01,2025,4
çok iyi kart,5,2025-04-11 16:37:39,2025,4
Nfc işe yaramıyor 2 farklı cihazdan denedim salak saçma işler,1,2025-04-11 14:08:32,2025,4
süper,5,2025-04-11 12:29:24,2025,4
Uygulamada yeterli bakiyem olduğu halde kendi Turkcell hesabıma para yüklerken işlem limitini aşacağı için yükleme yapılamıyor gibi bir hata mesajı veriyor. Bu nasıl bir uygulamadır ki çalışmıyor?,1,2025-04-11 08:16:24,2025,4
"Rezalet, para adrese gitmediği gibi de kayboldu. sorun çözülmez bir daha asla kullanmam. kullanmayın. 0 yıldız verilebiliyorsa 0 yıldız verirdim.kimligimi doğrulattım nfc okuması yoktu ama bari parayı yemeyin, şaka mısınız??!",1,2025-04-11 06:25:56,2025,4
çok kötu,1,2025-04-10 22:31:05,2025,4
paycellden kurtulamıyorum sürekli iznin olmadan satın işlemi yapılıyor.sifre felan onay kodu gelmiyor,1,2025-04-10 19:34:37,2025,4
para gönderme işlemini tekrar açarsanız çok güzel uygulama,5,2025-04-10 17:42:27,2025,4
Cook iyi,4,2025-04-10 17:41:50,2025,4
"parama bloka koydu ve bütün işlerime engel olan saçma bir uygulama!!! kesinlikle bulaşmayın. müşteri memnuniyeti arka planda talep oluştur şu bu yılan hikayesi... bugün işlerime engel oldunuz, ben yandım siz yanmayın...",1,2025-04-10 17:14:56,2025,4
Kimlik doğrulaması yapmak istemiyorum ve bundan dolayı her onaya Red veriyor saçmalık,1,2025-04-10 16:21:09,2025,4
güzel uygulama,5,2025-04-10 12:18:51,2025,4
İşlemine devam edebilmek için Kimlik Doğrulama yapman gerekmektedir. Hemen Profil Menüsü içerisinden Kimliğini Doğrula işlemlerine güvenle devam et hatası alıyorum,1,2025-04-10 03:09:06,2025,4
faturana yansıt tam bir saçmalık faturama boş yere bir dünya yük bindi 😡,1,2025-04-10 01:22:22,2025,4
Beş para etmez bir uygulama...Limit neden vermiyorsunuz...Devletin eline geçtiğinden beri berbat beş para etmez bir uygulama.Geleceğin teknolojisi falan değilsiniz geçmişe gidiyorsunuz.Ahhhh eski PAYCELL i herkez mumla arıyor.Bütün yorumlarınız olumsuz.Hiç dikkate almıyorsunuz.Herkez gider Mersine siz gidiyorsunuz tersine...Güzelim uygulamayı leş yaptınız yazıklar olsun size. 1 yıldızı bile haketmeye güzelim bir uygulama nasıl yok edilir bunu herkeze gösteriyorsunuz her geçen gün.Yazıklar olsun.,1,2025-04-10 00:57:55,2025,4
düzenli olarak kullandığım bir uygulama ancak cihazım eski olduğundan yeni sürümleri desteklemiyor. uyguluma için yeni telefon satın almak gerekiyor . bunun yerine eski telefon modelleri için de çalışabilir bir farklı sürüm alternatifi sunmanızı bekliyoruz.,5,2025-04-09 23:40:34,2025,4
Bku bile hakemtmiyorsunyz bırakın yılıdızı,1,2025-04-09 23:08:40,2025,4
şifremi unuttum,5,2025-04-09 20:20:27,2025,4
"Kimlik doğrulama yapılmadan kullanılamayan bir kart, zaten kart kullanmamın sebebi kimlik doğrulama yapmamak neyin kafasını yaşıyorsunuz. Müşteri hizmetlerini defalarca aramama rağmen 1 sefer geri dönüş yaptılar. Mailinize cevap vermiyorlar. Kısacası kullanmayın, kullandırtmayın",1,2025-04-09 16:54:42,2025,4
telefonumda yukluyken birden kendi kendine acilmaya basladi sildim bende hacklandimi acaba,1,2025-04-09 13:52:08,2025,4
Turkcell bir çok bankanın yapamadığını yapıyor Vatandaşın her zaman yanında,5,2025-04-09 13:46:53,2025,4
kimlik doğrulama hata veriyor yardımcı olabilirmisiniz teşekkürler,1,2025-04-08 20:44:11,2025,4
paycell işlemlerini nasıl iptal edebilirim faturam cok yüksek geliyor,2,2025-04-08 18:42:03,2025,4
memnunum şimdilik öğreniyorum uygulamayı,5,2025-04-08 11:30:07,2025,4
kullanmadığım puanlar nasıl yok oluyor bu ne saçmalık,1,2025-04-08 09:20:39,2025,4
kod gelmiyo istiyom nasıl bir uygulamaya,1,2025-04-08 00:11:17,2025,4
Uygulamadan kimlik dogrulama yapamıyorum,2,2025-04-07 18:48:14,2025,4
dolandırıcılar.indşrmeyin.para tuzağı,1,2025-04-07 14:13:30,2025,4
Paysel e giriyom her angi bir yere deydimmi giriş ekranına atıyor,1,2025-04-07 13:40:45,2025,4
paket yüklemesi yapacağım fakat her defasında aboneliğiniz olmadığından bu paketi yükleyemezsiniz başka paketlere bakın diyor ne yapmalıyım,3,2025-04-07 10:41:02,2025,4
sakın yüklemeyin hesaba yüklu miktarda para yatırdım ve bi baktım paranın hepsi bi anda çekilmiş herhangi bir onay vermememe rağmen oldu güvenmeyin yüklemeyin yükletmeyin,5,2025-04-07 06:46:06,2025,4
mal gibi iş yapmışlar işleri çözmek değil batırmak,1,2025-04-07 04:22:49,2025,4
paysell giremiyorum şifre yeniliyorum onay kodu gelmiyor ne yapmam lazım,4,2025-04-07 00:43:10,2025,4
Berbat gerçekten kimlik doğrulamsı yapamıyorum devamli hata veriyor,1,2025-04-06 14:29:37,2025,4
Çok kötü,1,2025-04-05 21:54:14,2025,4
5 yıldız verdim amaustte çıksın diye kimlik doğrulaması asla geçilmiyor almayın kullanmayın onermeyin çok kotu kart papara bin basar,5,2025-04-05 20:36:44,2025,4
Kimlik doğrulamada video çek kısmında ne videosu çekecez? Anlamadım ben. Zaten kalıyor öyle ne bir yönlendirme ne açıklama hiçbir şey yok.,1,2025-04-05 16:14:07,2025,4
Veli Beyanı seçeneği gözükmüyor neden olabilir?,5,2025-04-05 07:42:10,2025,4
uygulamada kimlik doğrulaması yapamıyorum. en son video kısmına gelince ya atıyor ya öylece bekliyor. togg alacağız diye yükledik. yoksa 5 kuruş etmeyen bir uygulama yapmışsınız bize küfrettirip duruyorsunuz,1,2025-04-04 16:55:43,2025,4
ödemelerde mesaj gelmiyor,2,2025-04-04 14:01:55,2025,4
hayatımda bu kadar kötü bir uygulama görmedim,1,2025-04-04 11:39:30,2025,4
"Çok sık kullanmıyor olmakla birlikte hiç sorum yaşamadan işlerimi halletmiştim. Ama nedense uygulama şaşırdı. Durduk yere kendiliğinden açılıyor. Hiç alakası olmayan bir işin içindeyken pat diye paycell uygulaması açılıyor önüme. Silip tekrar yükledim ama nafile. Düzelmezse tamamen sileceğim, alternatifsiz bir uygulama değil sonuçta.",3,2025-04-03 22:12:11,2025,4
Yükleyen pişman oluyor,1,2025-04-03 21:44:47,2025,4
lanet bir uygulama kullanmadigin talep etmediğin uygulama için paycell turkcell ödeme taleb ediyor (youtube premium sözde 2 ay hediye ediyor süresi bitiyor 3.cu ay fatura edip para kesiyor,1,2025-04-03 21:25:03,2025,4
🤦🏻‍♀️🤦🏻‍♀️ hayatımda gördüğüm en kötü kart hiçbir işlem yapmayın içine azıcık para atın yine de zart ücreti zurt ücreti osuruk ücreti diye parayı çalıyorlar. indirmeyin kartı da almayın aldıysanız kapattırın,1,2025-04-03 21:03:05,2025,4
benim eski e postam gitmiş halla e posta daha geri getiremem diyom görüşmeyi sonlandirir müşteri hizmet kaldırın bir güncelleme getirin kendimiz yapalım,1,2025-04-03 19:40:57,2025,4
dolantdiricilar bunlar,1,2025-04-03 05:29:37,2025,4
rezalet uygulamaya giremiyorum İnternet olmasına rağmen daha birçok işlem kısıtlı ve cok uğraştırıcı,1,2025-04-03 00:42:29,2025,4
istem dışı üye olmuşum üyeliğimin iptali için Müşteri hizmetlerini aradım tamam iptal ettik dediler. ancak bir sonraki faturaya yine ücret tahakkuk ettirmişler.Elini veren kolunu kurtaramıyor.,1,2025-04-02 17:11:04,2025,4
"Musteri hizmetleri berbat kaba saba tipler sikayet ediyoruz Turkcell yonetimi musteri temsilcisini hakli buluyor, karmakarışık anlaşılmaz sistemleri var ve taahhütlerini yerine getirmeyen hesabindaki parayi aktarmaya bile 7 TL isteyen bana göre çok gereksiz uygulama.",1,2025-04-02 16:33:50,2025,4
uygulamaya sanal karta ATM'de qr kod ile para yatırma gelirse dahada güzel olur bence.,5,2025-04-02 16:15:31,2025,4
çok iyi çok güzel ilgileniyor gayet güzel bakıyorlar müthiş bakıyorlar nick lewis dunya 1. siyim en iyisidir derece müthiş oyunlar çok güzel çok iyi oyuncular var paycelle bakıyorlar hediye kodum resmi yeni oyuncular geldi seneye görüşürüz e spor oyunları gene yenicez görüşürüz e spor oyuncusuyum kimse beni caunter strike da yenemez var büyük iddia yapalim ben oyunlarda en iyisim,5,2025-04-02 14:00:48,2025,4
O kadar berbat bir kart uygulaması ki. Kesinlikle bundan satın aldığınız bir ürünü iade etmeyin geri aşırı pişman olursunuz. Hareketleriniz de Peşin İade olarak iadenin yansıdığı gösteriliyor ancak bu Kart Bakiyenize işlemiyor. Müşteri hizmetleride sorunlu herşeyi affedersiniz de şeylerinden anlıyorlar sorunuda çözemiyorsunuz.,1,2025-04-02 12:19:54,2025,4
eski hesabim kayboldu,1,2025-04-02 12:18:50,2025,4
karta para var ama telefon dogurlma kodu gelmiyor bende kullanamıyorum 2-3 gün oldu hiç değişmedi,5,2025-04-02 06:19:18,2025,4
supriz,5,2025-04-01 22:51:04,2025,4
internet vermiyor,2,2025-04-01 13:19:00,2025,4
Paket yükleyeceğim zaman şuanda para yatırma işleminizi gerçekleştiremiyoruz lütfen daha sonra tekrar deneyin diyor,4,2025-04-01 07:22:58,2025,4
kimlik doğrulama adımlarında sorun çıkıyor.,1,2025-03-31 22:08:22,2025,3
karakod kamerası netlesmiyor ve bulanık olduğu için okumuyor karekodu,1,2025-03-31 21:51:00,2025,3
Her haliyle berbat bir uygulama oldu. Güncelleme istiyor sonra uyumlu değil uyarısı verip çalışmıyor. Sil yükle sil yükle bıktık. Hediye dedikleri kuponları bir taraflarına soksunlar. Beş para etmiyor. Masraf adı altında soyuyorlar. AKLI OLAN UZAK DURSUN,5,2025-03-31 00:38:00,2025,3
her şeye bı sınır koymuşlar madem vermek istemiyorsunuz neden koydunuz gercekden berbat bir uygulama bir yıldızı bile hak etmiyor cimri Turkcell in zaman kaybı uygulaması,1,2025-03-31 00:09:40,2025,3
iğrenç uygulama ya birde kurtarma kodu diye bir saçmalık varmış. mantıken şifresini unutan bir insan kurtarma kodunu nerden hatırlasın. ve sürekli şifre degistiriyorsak şifremizi nerden hatırlayalım. sisteminizin güvenlik önlemleri berbat dizayn edilmiş diye yorumladım. yoksa sürekli şifre değişikliği yapma girisimine bulunulmazdi.,1,2025-03-30 20:00:57,2025,3
Ya 5 yıl oldu şimdi bı hesap dondu diyor giriş yapamıyorum .müşteri hizmet aryum cvp vermiy.ama msj atyonuz kampanya için.eeee ozaman ndedn giriş yapamiyum💌💌💌😥Payselli olalı tam 5yil olmuş 5yil şimdi bu ne demek giriş yapamiyum🍬🍬🍬🍬🍬🍬,5,2025-03-30 14:23:18,2025,3
şifre için kod göndermiyor ve bir muhattabın yok müşteri hizmetlerini arıyorum uygulama şifreni girip giriş yapın diyor saçma sapan sorun aynı devam ediyor giriş yapamıyor,2,2025-03-30 14:12:17,2025,3
banka kartıyla yükleme yapmaya ücret kesiliyor. ibana para göndermeye bile para kesiliyor. paycell kalitesini giderek kaybediyor. Müşteri kaybediyor. ön ödemeli kartların en kalitelisi paycell eski günlerini aratıyor. Müşteri memnuniyetinin sağlanmasını istiyorum. tekrar 1 numara olmak için paycellden atak bekliyorum.,5,2025-03-30 00:52:29,2025,3
güzel bir uygulama ama İnternet stokları az artırmanızı tavsiye ederim ayrıca kazan kazan migros hediyesi vermiyor hediye 1000 TL ben 1500 TL lik kazan kazan yaptım ama yinede vermedi .,5,2025-03-30 00:05:41,2025,3
uygulama güzel ancak 2 yıldır herşey arttığı halde limit hala 2750 acilen bunada güncelleme gelmesi lazım. iki yıl önce asgari ücretin neredeyse yarisiydi limit. şuan herşey arttı 10da 1i limit.,1,2025-03-29 20:37:37,2025,3
bir tane sorum var 2750 TL yi çeke biliyor muyuz?,5,2025-03-29 10:18:17,2025,3
beğenmedim,1,2025-03-29 00:00:42,2025,3
iyi,5,2025-03-28 20:53:45,2025,3
Ben yapmaya çalıştım olmuyor hep şifre istiyor yapıyorum şifre yenile diyor,1,2025-03-28 19:55:58,2025,3
berbat bir uygulama sürekli hata veriyor para göndermiyor ne işe yarar saçma sapan bir uygulama,1,2025-03-28 19:17:00,2025,3
expresso lab reklamını yapıyorsun sende boykot listemdesin...,1,2025-03-28 18:55:57,2025,3
cok sorun var cok kötü,1,2025-03-28 17:39:31,2025,3
paycel benim için bitmiştir 15 tl işlem ücreti mi olur siz nerenin soyguncususunuz,1,2025-03-28 13:53:23,2025,3
berbat bir uygulama haline geldi kendi paramı aylık limitim dolmuş diye ne transfer edebiliyorum nede ATM den para çekebiliyorum muhattap yok,1,2025-03-28 13:47:03,2025,3
Bu kadar arayüzü berbat bir uygulama daha önce görmemiştim . Karta para gönderdiğimde onu da yansıtmadılar . Kullanmamanızı öneririm,1,2025-03-28 13:17:37,2025,3
çok güzel,5,2025-03-28 10:16:06,2025,3
kimlik doğrulama video çek adımı çalışmıyor bir türlü geçemedim sıkıntılı,1,2025-03-28 01:12:45,2025,3
Paycell yetkiliye bağlanmak istiyorum ama olmuyor kimseye tavsiye etmiyorum paycelli cimere şikayette bulunacağım,5,2025-03-28 00:34:50,2025,3
Bence çok iyi bir uygulama turkcell in her uygulaması iyi,5,2025-03-27 20:55:47,2025,3
turkcell olanlara hep hediye olarak 300 puan başka hat giriş yaptım sürekli indirim kodu 5000 puan vs ne salak uygulama aq,1,2025-03-27 19:55:52,2025,3
"Eskiden 5 yıldız verdiğim uygulama. Artık banka kartımdan bakiye yüklemek için çok yüksek işlem ücreti istiyor eskiden 2499 TL ye kadar kesmezdi. Neyse nankörlük yapmayalım dedim parayı nays'a atmak istiyorum bu kezde bu kartla bu işlem yapılamıyor diyor. Parayı sadece kendi ibanınıza attırıyor. Ordada komisyon. Paycell, özellikle 18 yaş altı gençler için muazzam bir ön ödemeli kartken bir anda donuk kart oldu. Daha çok kazanalım derken elimizdekinden de olacaksınız. Şu haliyle kimse kullanmaz.",1,2025-03-27 17:40:32,2025,3
"Uygulama şifresi yenilemem gerektiği için giriş yapamıyorum. Şifre yenileme için müşteri hizmetlerini arıyorum. En son giriş yaptığın telefon işletim sistemi, giriş yaptığın tarih ve saat gibi saçma sapan güvenlik soruları soruluyor. Kişisel bilgiler sorulmuyor. Haliyle bu sorularda cevaplanamadığı için yardımcı olmuyorlar. Saçmalık konusunda yarışacak başka uygulama yok. tek geçerim paycelli.",1,2025-03-27 13:00:22,2025,3
Rezalet iki saat kimlik doğrulama için uğraştık bir nfc okumuyor bir video cekmiuor telefonda öyle eski değil berbat,1,2025-03-26 22:25:23,2025,3
kendi kendine rasgele açılıyor,1,2025-03-26 21:50:19,2025,3
ilgisizlik var yaptığım işi düzenli ve güzel bir şekilde yapamıyordum imkanlar çok sınırlı aynı zamanda reklamları da çok yalan içeriyor ve beni rahatsız ediyor kısaca berbat!!,1,2025-03-26 18:15:47,2025,3
karta aktarılabilir bakiyemi kartıma aktaramiyorum aciiil çözüm lütfennnn,1,2025-03-26 15:34:26,2025,3
kullanışlı bir uygulama nakit iadeleride cabası,5,2025-03-26 15:26:30,2025,3
çok memnunum,5,2025-03-26 14:26:02,2025,3
mukemmel,5,2025-03-26 07:17:57,2025,3
teşekkürler ilgilendiğiniz için,4,2025-03-26 05:40:50,2025,3
oğlum bilmeden üye oldu bir türlü iptal edemiyorum lütfen yardım,5,2025-03-25 23:45:42,2025,3
Şifremi hatrlmiyurum yeni şifre kuymak istiyurum,5,2025-03-25 20:51:59,2025,3
bi kere kulandıysaniz kurtulamıyosunuz sakın kunlanmayın,1,2025-03-25 19:39:00,2025,3
Her yüklemeye limit koymaksızın işlem ücreti koymuşsunuz!,1,2025-03-25 18:57:41,2025,3
Artik tüm yüklemelerden komisyon kesiyor.Artık yolları ayırma ve hesabı kapatma vaktidir.,1,2025-03-25 18:39:46,2025,3
Cihazımda NFC Özelliği Bulunmasına Rağmen Kimlik Doğrulama Yapamıyorum. Ayrıca Paycele Yükleme Yapıyorum Para Tekrar Banka Hesabıma Geri Geliyor Paycele Yüklenmiyor. Bu sorunu Halletmenizi Rica Ediyoruz,1,2025-03-25 18:25:38,2025,3
kampanyalar cok guzel,5,2025-03-25 17:31:48,2025,3
Kesinlikle tavsiye etmiyorum.,1,2025-03-25 01:30:19,2025,3
uygulama iyi ama para çekiyo ben şimdi 500 tl yatırdım 494 geldi,5,2025-03-24 15:46:00,2025,3
"kartımı uygulamaya kaydedemiyorum ""kartınız iptal edilmiştir"" diye bir yazı alıyorum kartı daha yeni almıştım kart çalışmıyor uygulamaya giriş yapamadığım için çalışmıyorsa bunu düzeltmenin bir yolu var mı?",1,2025-03-24 07:50:27,2025,3
yaw şifremi unuttum değiştirmek istiyorum çağrı merkezi diyor arıyorum 1 saat boyunca şifre istiyor bilsem zaten aramam çok saçma eskiden e posta kod gidiyordu eskisi gibi olsa daha iyi olur,1,2025-03-23 19:00:28,2025,3
bir yıldız veriyorum çünkü 3 aydan beri kart eklemeye çalışıyorum kartımı aldım kartı ekliyorum kartı eklenmiyor çok kötü bir kart satın almayınız tavsiye etmem paranıza yazık olur,1,2025-03-23 15:14:27,2025,3
Türkcell PİŞMANLIKTIR,1,2025-03-23 15:11:37,2025,3
COK GÜZEL BİR UYGULAMA HERKESE TAVSİYE EDERİM,5,2025-03-23 12:53:33,2025,3
"ilk zamanlar güzel kampanyalar vs var ama biraz eski müşteri olunca işe yarar hiçbir kampanya çıkmıyor. müşteri hizmetlerini arıyorum diyorum ki şu kampanyalar tüm paycell müşterilerine açık yazıyor ama bende yok, yok efendim onlar kişiye özel deyip geçiştiriyorlar. madem öyle, oyum da böyle...",1,2025-03-23 10:17:24,2025,3
Sizin kadar rezik adi bir uygulama görmedim trendyok siparişimi iptal ettim ve para iadesi (peşin iade)olarak hareketlerde gözüküyor fakat nedense BENİM KARTIMA YÜKLENMEMİŞ BENİM BAKİYEM NEREYE KAYBOLDU KİM ÇALDI KİMİN CEBİNE GİTTİ BEN PARAMI İSTİYORUM LÜTFEN 2 İŞ GÜNÜ İÇERİSİNDE BANA MAİL ÜZERİNDEN GERİ DÖNÜŞ SAĞLAYINIZ,1,2025-03-23 01:12:02,2025,3
cokguzel,5,2025-03-22 20:34:33,2025,3
hesap doğrulaması yapamıyorum. hattın yasal sahibi kim olursa olsun size ne? rakiplerinizi böyle mi geçmeyi düşünüyorsunuz? siz Turkcell'den bağımsız tüm operatörlerden hesap açılabilen bir finans uygulaması değil misiniz? öyleyse neden hâlâ hesabım onaylı değil? telefon numarası değiştirdim diye hesabım kendi kendine kapandı paralar ve kartlar gitti amacınız ne sizin? hakkımı arayacağım.,1,2025-03-22 17:22:11,2025,3
Uygulama bir anda açılıp hiç bir şey yokken konum izni istiyor. Böyle bi saçmalık olabilir mi,1,2025-03-22 17:00:27,2025,3
önceden ne güzel hazır limit kullanıp iban üzerinden banka hesabınıza atip cekebiliyorduk artık onuda kaldırdılar tam anlamıyla uygulama çöp uygulama oldu o yüzden kullanmıyorum artık 1 yıldız bile çok,1,2025-03-22 15:35:59,2025,3
hediye dünyamdaki limiti kaldırın sinir bozucu insanın silesi geliyor puanım la istediğim kadar almam lazım Ken sadece ayda 3 kere lütfen kaldırın yoksa ben uygulamayı kaldırıcam,5,2025-03-22 11:36:56,2025,3
Kar yok zarar var internet yok,1,2025-03-22 08:14:41,2025,3
Banka kartından yüklemelerde yüksek komisyon kesmeye başlamış. Benim için çöp olmuştur.,4,2025-03-21 22:40:19,2025,3
"5 puan vermemin sebebi yorumun üste çıkması indirmeyin,indirtmeyin,kimlik doğrulama kadar saçma bir şey yok ne doğrulayabiliyorsun ne de bir sey yapabiliyorsun, anlamıyorum neden böyle.......",5,2025-03-21 17:39:29,2025,3
Uygulamada hata var telefona kod gelecek diyo telefona kod falan gelmedi yardımcı olabilirmisiniz,5,2025-03-21 17:04:21,2025,3
cok iyi,5,2025-03-21 14:22:20,2025,3
yaptığınız güzel kampanyarı indirimleri karekod ödemelerini niye sadece faturana yansıtla olarak izin veriyorsunuz normal içine attığımız para para değil mi,1,2025-03-20 17:45:03,2025,3
ilk baslarda iydi sonradan icine yukledigimiz paralara komisyon almaya basladi,1,2025-03-20 16:45:34,2025,3
hesap açtım ve uygulama girmiyor internet kontrol ettim internet gibi hiç sorun yok ama paycell girmiyor lütfen bu durumu düzeltin,1,2025-03-20 13:30:15,2025,3
mobil ödeme çalışmıyor,1,2025-03-20 13:16:14,2025,3
güvenlik nedeniyle oturumunuz sonlanmıştır sorunu var sürekli,2,2025-03-20 12:05:22,2025,3
harika bir uygulama,5,2025-03-20 10:41:17,2025,3
hesapta vardı kartim da var ama şimdi hesapta parada yok kart ta gözükmüyor 1 yıldız bile cokkk,1,2025-03-20 01:04:46,2025,3
Paycell kartlarim görünmüyor!! bana yeni kart ekleyin diyor ama kart eklememe de izin vermiyor sürekli uyarı veriyor?,5,2025-03-20 01:04:00,2025,3
kartlarım gözükmüyor ve sanal kart oluşturmaya yönlendiriyor orada da hata veriyor herkes aynı sorunu yaşıyor ve hiçbirşey yapılmıyor aylardır. Neyi bekliyorsunuz acaba? @turkcell,1,2025-03-20 01:02:48,2025,3
son zamanlarda sürekli hata verip durdu ve gerçekten yarın sabah itibariyle iptal edeceğim müşteri hizmetlerine bağlanmak için tam 1 saat bekledim telefonda gerçekten çok gereksiz bir şey ve en kısa sürede operatörümü bile değiştireceğim,1,2025-03-20 00:58:14,2025,3
sanal kartım ve ekli olan banka kartımı bir anda sildiler. Şu anda ne kart ekleyebiliyorum ne de sanal kart acabiliyorum. tamamiyle rezillik. Yakışmayan bir şey,1,2025-03-20 00:52:17,2025,3
ok,5,2025-03-19 21:50:12,2025,3
kimlik doğrulamada uygulamanız kimlik okumuyor,5,2025-03-19 06:21:29,2025,3
berbat bir şey hayatımda böyle para kesen para koparan bir uygulama görmedim kendi kendine sitelere abone oluyor faturam 400 iken şuan 800 oldu 400 TL kopardi benden bu uygulama abone olmadığım şeylerden para alındı benden üstüne üstlük her ay 40 50 lira aynı şey oluyor uygulamayı bu nedenle sildim silmemem rağmen aynı para koparıyor benden,1,2025-03-18 23:35:55,2025,3
Harika,5,2025-03-18 23:12:07,2025,3
"Kimlik doğrulamada video çekme aşamasında takılı kalıyor, devam etmiyor. Farklı zaman aralıklarında denediğim halde böyle...",1,2025-03-18 22:51:42,2025,3
Bir türlü timlik doğrulama yapamıyorum hep hata veriyor,3,2025-03-18 22:44:41,2025,3
Uygulamayı gerçekten severek kullanıyorum ama uygulama sürekli kendi kendine açılıyor.Kapatıyorum pencereyi tekrardan açılıyor.Gerçektende bu bildiğin telefon kullanım özgürlüğünün elinden alınması artık.Sildim bir dahada kullanmam artık,3,2025-03-18 22:20:58,2025,3
paysel ve yetkili servise teşekkürler biraz uzun sürdü ama sonunda halledebildik teşekkür ederim emeği geçen herkese,5,2025-03-18 18:00:40,2025,3
İndirdim ve indiremez olaydım. Uygulama açık olmamasına rağmen sürekli kendini açıyor. Uygulamayı sildim hala bana bildirim göndermeye devam ediyor. Çok kötüydü. En son telefonumu sıfırlamak zorunda kaldım. Kesinlikle indirmeyin o kadar kötüydü ki,1,2025-03-18 15:51:28,2025,3
Paycell karta para yüklemek para ile fatura ödemek para ile işiniz gücünüz para olmuş artık bu uygulama benim için bir çöp bu saatten sonra da kullanmak enayilik olur zaten,1,2025-03-18 13:48:21,2025,3
Stok da ürün bitmiş diyo lütfen düzeltin iyi günler,4,2025-03-18 09:10:06,2025,3
Müşteri hizmetlerini arıyoruz daha bağlanmadan yüzümüze kapanıyor nasıl bir banka ATM paramızı üstüne yutuyor bankayı ariyoruz paycelle yolluyor paycell cevap vermiyor,1,2025-03-17 20:52:48,2025,3
Berbat bir uygulama.Simdi de kimlik doğrulama diye bişey çıkardılar fakat uygulama üzerinden yapabilmenin imkanı yok.Once uygulamayı düzeltin sonra doğrulama isteyin,1,2025-03-17 16:44:32,2025,3
Paycell puanları ile Paycell'e veya farklı uygulamalara 10-15 lira gibi dijital bakiye yükleyebilsek harika olurdu.,4,2025-03-17 14:17:22,2025,3
karta aktarılabilir tutarı çekemiyormuyuz,5,2025-03-16 23:01:38,2025,3
Ben harcama yapıyorum ancak borcumu nasıl ödeyeceğim yardımcı olabilecek var mı?,5,2025-03-16 21:57:46,2025,3
bu bile çok,1,2025-03-16 15:53:32,2025,3
Başka IBAN numarasına para gönderme kapanmış. Sayenizde para içerde kaldı.,1,2025-03-16 14:02:03,2025,3
Dünyanın en kötü uygulaması bu saatten asla önermem hiç kimseye!! Artık online alışveriş yapamıyoruz ve gönderdiğimiz para başka bir karta aktaramıyoruz tam rezillik Yazıklar olsun!,1,2025-03-16 13:43:22,2025,3
çok para kesiliyo,1,2025-03-16 12:45:22,2025,3
Telefon ekran kilidini açtığımda kendiliğinden paycell uygulaması da açılıyor.,1,2025-03-16 12:07:20,2025,3
Güzel uygulama kullanıyorum memnunum,5,2025-03-16 08:28:22,2025,3
Uygulamaya girilmiyor bile tam bir rezalet,1,2025-03-16 04:43:54,2025,3
Papara enpara belki papel diğerleri leş,1,2025-03-15 19:42:53,2025,3
paycel üyeliğini nasıl iptal ediliyor yardımcı olur musunuz,5,2025-03-15 17:59:17,2025,3
berbatinda kotusu hesabımı dogrulamiyor 30 liram boşa gitti,1,2025-03-15 15:26:17,2025,3
"Aktif kuponlarıma tıklayıp ""şimdi kullan"" diyorum ama google play store' dan hiçbir şey alınmıyor. Hata veriyor. Hediyeleri google play parası olarak vermeyin. Boşa gidiyor.",1,2025-03-15 15:03:02,2025,3
80 TL cop oldu,1,2025-03-14 18:20:13,2025,3
Teşekkürler paysell,5,2025-03-14 13:08:24,2025,3
Uygulama para yüklemesi yaparken komisyon alıyor.O sebepten artık para yüklemesi yapacağımı pek sanmıyorum.Benim için çöp bir uygulama.,1,2025-03-14 11:17:09,2025,3
Ben önceden para çekip havale yapabiliyordum şimdi atm den ne para çekebiliyorum nede hesaba para havale yapabiliyorum niye böyle oldu ve artık neden havale yapılmıyor,5,2025-03-14 08:25:49,2025,3
program çalışmıyor çok kötü,1,2025-03-14 07:55:27,2025,3
iyi aksamlar paycell uygulamam gırıs yapamıyorum dondurulmuş ılgılenırsenız sevınırım,2,2025-03-13 23:59:29,2025,3
5 YILDIZ VERMEMİM SEBEBİ EN USTTE GORUNSUN DİYE paycell uygulama üzerinde kart ekleme alanına paycell kart ekliyorum fakat 2 aydan beri kart ekleme limitiniz aşılmıştır ama henüz ekli bir kartım yok sanal kart oluşturmaya çalışıyorum işleminize geçici olarak devam edemiyoruz diyor 2 aydır bu 2 işlemin hatası devam ediyor son olarak güvenli ödeme kartı oluşturdum ona para yüklemeye calisiyorum aynı hatayı ondanda alıyorum lütfen acil destek talep ediyorum ve en kısa sürede lütfen sorunun giderilm,5,2025-03-13 21:32:28,2025,3
Hesabımda 450 tl var nasıl çekebilirim bi türlü olmuyor,1,2025-03-13 19:51:45,2025,3
harikaaaa,5,2025-03-13 19:13:48,2025,3
Ödeme yapılmıyor.Kart kaydedilirken yarım saat bekliyorsun yani bu veriyi nereye kaydediyosunda kullanıcıyı ui da 3 dk kitliyorsun,1,2025-03-13 11:00:43,2025,3
Playstore dan alışveriş yaptım bana 49 lira geçirmişlir faturana yansıt adı altında. 39 liralık Playstore alışverişini 39 alması gerek ayrıyetten 49 lira hizmet bedeli kesti ahlaksızlar,1,2025-03-13 07:12:02,2025,3
Ekranda baska bir uygulama varken bile ya da telefonun kilidini açtığımda falan durduk yere açılıyor. Ben açmıyorum kendi kendine açılıyor.,2,2025-03-12 20:30:48,2025,3
Fatura ödemek için SMS onay kodu gelmiyor kaç gündür bıktım,2,2025-03-12 18:13:24,2025,3
"Almanya'da ki hesabıma para göndermek için kullandım, çok memnunum. Kullanmaya devam edeceğim fiyatlar çok iyi. Teşekkürler Paycell.",5,2025-03-12 14:56:20,2025,3
Sürümü düşürün arkadaş biraz telefonuma inmiyor artık sizin yüzünüzden telefonu niye degiştireyim acil yardım talep ediyorum,1,2025-03-12 12:15:27,2025,3
Para transferi yaptım hızlıca gerçekleşti. Turkcell' in de güvenilirliği birleşince sorunsuz olarak işlemlerimi yapabiliyorum. Teşekkürler.,5,2025-03-12 11:39:41,2025,3
"Uygulamayı büyük bir memnuniyetle kullanıyordum, fakat banka kartından yükleme işlemleri için masraf almaya başlamaları durumu değiştirdi. Bu nedenle, uygulamanın benim için artık bir anlamı kalmadı. Uygulama üzerindeki kartlarımı pasife çekip iptal etmeyi ve protesto amaçlı kullanmamayı düşünüyorum.",1,2025-03-12 02:26:25,2025,3
"Hatalı bir giriştre Anında ücret kesiliyor faturaya yansıyor,çok dikkat ediniz,arkadaşlar",1,2025-03-12 01:26:58,2025,3
Netflix var deniyor yok gibi bulamadım,2,2025-03-11 21:05:09,2025,3
Kötü,1,2025-03-11 19:13:07,2025,3
İyi bir uygulama,5,2025-03-11 17:24:10,2025,3
Uygulama yı Google Play'den indirmiyor. Başka yerden indiriyoruz bu sefer güncelleme sorunu var,1,2025-03-11 14:11:39,2025,3
sizden.isteğim.şuandaki.poandurum.oğrenmek.istiyorum,5,2025-03-11 13:09:09,2025,3
uygulamayı yükledim pasaj dan ürün almak için ancak turkcell 400 tl limit tanımlamış ne alınabilir acaba 400 tl limit ile ürünü alamadım gerek de yok baska yerden alabilirim siz kaybedersiniz uygulamayı sildim üyeliği iptal ettim kullanışsız,1,2025-03-11 06:12:19,2025,3
Sorunumuz oluyor yardimdan bize ulaşin diyorsunuz ama geri dönüş yok para yatırma sorunum var sorunum çözülmezse gereken yapılacak cimerde iyi günler,1,2025-03-11 04:50:15,2025,3
yeni getirdikkeri işlem ücretleri ile artık kullanilamaz hale gelmiş silme zamanı gelmiştir kusura bakmayin .,1,2025-03-11 03:04:46,2025,3
Çok guzel,5,2025-03-11 00:30:17,2025,3
hiç gerek yok pek faydasını görmedim,1,2025-03-11 00:10:30,2025,3
Kullanılmiyor sürekli güvenlik sorunu nedeniyle diye başa atıyor,1,2025-03-10 20:24:30,2025,3
Dokunduğum gibi çıkyor,1,2025-03-10 19:30:24,2025,3
Puanların süresi var diyolar biz ozaman nasıl puan bitiktirelim hem 1000 puan biriktirin diyolar hemde puanların süresi var diyolar gerçekten anlamadım sizi çok kötü bi uygulama,1,2025-03-10 17:58:16,2025,3
Kampanyaların hepsi nedense faturaya yansıt kampanyası olmuş. TV+ %75 kampanyası hariç. (O neden devam etmiyor?) Ben Turkcell'li değilim.,1,2025-03-10 13:33:33,2025,3
Rezalet bi uygulama,1,2025-03-10 09:27:57,2025,3
Uygulama çok güzel,4,2025-03-10 06:48:41,2025,3
Bence bu uygulamayı kullanan kendisine saygisi yok birtane şifre alamıyoruz,1,2025-03-10 06:34:22,2025,3
Açılmıyor,1,2025-03-10 00:18:17,2025,3
Yeterli puanım ve gününde doldurmama rağmen bir türlü internet alamıyorum,1,2025-03-09 16:54:30,2025,3
Sakın olmayain alırsanız büyük enayilik siz siz olun sakın almayın ben hayatımda bundan rezalten kötü bir kart görmedim,1,2025-03-09 15:16:07,2025,3
İnaktif Kart ücreti çok anlamsız,3,2025-03-09 14:59:32,2025,3
Çok güzel arkadaşını davet et 1GB kampanyası da var mükemmel. 🎁,5,2025-03-09 14:23:18,2025,3
Böyle uygulama olmaz olsun bu uygulamayı bozmuşlar sakın yüklemek gibi bir hata yapmayın benim kartım var para yükle yemiyom internette alışveriş çalışmıyor neymiş efendim kimlik doğrulama sı gerekiyormuş eskiden daha iyiydi şimdi bozmuşlar zaten kimlik doğrulamasıda yapılmıyor nfc gerekiyormuşta benim cihazda yok ya böyle rezillik olmaz para yükleyemiyorum karta bunu acil düzeltin lütfen yoksa paycelli sileceğim paycelli eski haline getirin,1,2025-03-09 08:50:01,2025,3
Uygulama sistemi çok kötü daha önce asla hesabım yoktu hesabınız dondurulmuştur yazısı çıkıyor (5 yıldızı üstte olsun diye verdim),5,2025-03-09 06:55:03,2025,3
Para yükleme ücretli yapmışlar bu saatten sonra bir dakika durmam paycell sacmaladi kalana,1,2025-03-08 22:02:50,2025,3
"Banka kartından paycell kartına TL yüklenince ücret alınmıyordu ama artık alınır olmuş, neden acaba?",1,2025-03-08 21:51:02,2025,3
çok pis,1,2025-03-08 19:41:43,2025,3
Uygulama güzel ve güzel kampanyaları var evet ama kampanyaların yanında bir de kendi atm lerinden komisyon alınmaması ince ve hoş olurdu ve para gönderirken de her seferinde 6 TL komisyon alinmasa daha çok kullanıcı kazanabilir :)💙,4,2025-03-08 16:32:09,2025,3
Resmen paramı yediler yatırdım numarayı yazmayı unuttum diye gelmedi para sözde 3 iş gününde iade gelecek dediler 2 ay geçti her aradığımda şikayet kaydı alıyorlar ama öyle kalıyor. Resmen dolandırıcılık bu,1,2025-03-08 14:46:15,2025,3
Hayırlı olsun banka kartlarından da artık bakiye yüklemeye işlem ücreti almaya başladılar.Zaten kampanyaların iade oranını azaltıp bide her şeye işlem ücreti eklediniz ne farkı kaldınız kaldı bankalardan neden sizi kullanalım.,1,2025-03-08 12:24:37,2025,3
Güvenlik nedeniyle giremiyorum bir süredir bu durumun düzeltilmesini istiyorum,1,2025-03-08 10:25:34,2025,3
Son güncellemeden sonra işlem ücreti getirildiği için bu kartı artık kullanmayacağım.Artı bir de diğer kartlara karttan para yüklenmiyor kendinizi bitirecek hareketi yaptınız,1,2025-03-08 05:09:38,2025,3
Kimlik doğrulama yaparken en son ıslemde takilip kaliyor islem yapamiyorum yardimci olurmusunuz,1,2025-03-07 23:38:45,2025,3
"Koskoca paycel banka kartı ile kendi paranı yükleme için para kesiyor bravo hadi kredi kartı kesiyonuz onu anladık da banka kartı ile yüzde 3,5 masraf nedir yuh artık kendi ayağınıza sıkıyorsunuz uygulamanız çöp olur",1,2025-03-07 21:52:03,2025,3
hesaptaki iban kişiye özel mi,5,2025-03-07 17:21:24,2025,3
Bugün karta 30 tl yükledim yani yüklediğimi sanıyordum işlemleri hallettim ama nedense o 30 tl bi türlü bana grlmedi 30 tl çok bişey değil ama böyle or çocuklarına gidince zoruma gidiyor üstelik kredi kartına baktım çekmiş 30 u,1,2025-03-07 14:19:47,2025,3
Yeni getirdikleri hesap doğrulama işlemi bozuk sürekli takılıyor birçok telefondan denedim. Bide paramı yedi vermiyor,1,2025-03-07 08:38:36,2025,3
En iyi uygulama inşallah TC no olmaz gelmez ellerinize sağlık,5,2025-03-07 00:29:55,2025,3
Fatura ödeyemiyorum kartınız işlem için uygun değildir diyor neden böyle oluyor Karttan harcama bile yapamıyorum..,1,2025-03-06 19:56:07,2025,3
Çok güzel,3,2025-03-06 18:41:08,2025,3
Çok güzel bir uygulama yemenize sağlık,5,2025-03-06 14:44:16,2025,3
Ne kurtarma kodunu değiştirebiliyoruz ne derdimi anlatabileceğim bir kişi çıkıyor karşıma operatör değişikliğinden dolayı hiçbir işlem veya giriş yapamıyorum devlet sırrımıdır uygulamaya girmek anlamadım,1,2025-03-06 11:41:05,2025,3
Puan olduğu halde hediye İnternet vermeyen tek uygulama puan var bu ayki kotanız doldu diyor. Memnuniyetsizlik...,1,2025-03-06 08:48:35,2025,3
Paycelden uzak durun magdur olmayın. Tel numaramdan 18 yaş altı biri üye olmuş hesaba bloke koymuşlar. Hat benim adıma kayıtlı kendim kullanıyorum. Defalarca yazdım hesabı silin doğrulama yapayım diye. Veli onayı istiyor. Ya nerden bulalım bilmediğimiz veliyi anlamıyorlar asla. Magdur olmak istemiyorsanız silin uygulamayı biz olduk sizler olmayın.,5,2025-03-06 05:12:18,2025,3
Doğrulama kodu gelmiyor şifremi yenileyemiyorum,1,2025-03-05 22:21:39,2025,3
Ğelmıs geçmiş en kötu en sacma uygulama dolandırıcı lar herşeye komisyon kesen yasal dolandıricilar,1,2025-03-05 22:02:09,2025,3
Sürekli başka uygulamaya tıkladığım halde paycell açılıyor cidden uygulama olarak büyük bir probleminiz var paramı çekemiyorum,1,2025-03-05 12:29:41,2025,3
Limit çok az veriliyor limitin yükselmesini istiyorum,1,2025-03-05 07:44:06,2025,3
"Şu kimlik doğrulamayı düzeltebilirmisiniz? canlılık testi düzgün çalışmıyor hata veriyor, ayrıca nfc'de rastgele ,bazen çalışıyor bazen çalışmıyor. Bu sorunları ir halledinde hesabımı kullanayım.",5,2025-03-05 07:42:13,2025,3
"Uzun zamandir kullaniyorum uygulamayi ancak ihtiyac halinde. Malesef ki hâlâ ayni eksiklikler devam ediyor. Bir cok kampanya var eyv., kullandikca puan kazaniyoruz o da tamam. Gel gelelim ki bu puanlar birikiyor ve hic bir sekilde kullanamiyoruz. Kullanim icin teklif edilen her sey sadece faturali hatlara ve ya tl yukleyenlere hitap ediyor. Paycell ayrica bir uygulama. Burada biriktirdigimiz puanlari burada kullanabilmek hakkimiz ama siz bu hakki tanimiyorsunuz. Onca biriken puan boşuna.",1,2025-03-04 20:52:57,2025,3
Şifremi yenileyemiyorum sürekli hata veriyor,5,2025-03-04 20:36:57,2025,3
Bu kadar kötü bir uygulama görmedim 96 saat dediler hala para iadesi yapmadılar çok kötü çözüm yok,1,2025-03-04 14:44:03,2025,3
Kesinlikle tavsiye etmiyorum hesap doğrulaması yaptığım halde bir süre sonra hesap doğrulaması yapılmadı gibi mazeretlerle hesap bakiyenize bloke koyup parayı işletiyorlar kesinlikle hesapta para tutmayın. Artı alışveriş iadeleriniz hesaba artı gibi gözüküyor ama hesaba hemen geçmiyor takip etmezseniz iade yapıldı zannedersiniz. İşlem geçmişimi göremiyorum. Kampanyadan kazandığım hediye limitleri hesaba yansımıyor. Ne kadar kazandığımın bilgisini iletmeniz gerekiyor.,1,2025-03-04 11:48:38,2025,3
Çalışmıyor,1,2025-03-04 03:42:48,2025,3
Hesabınıza belli bir sayıda giriş yapaliyorsunuz.Sonra Hesabınız bloke oluyor.,1,2025-03-03 23:52:12,2025,3
Kimlik dogrulama yapamiyorum bi turlu teknik hata verip duruyor 🤷,3,2025-03-03 20:51:15,2025,3
Onaydan geçmek zor gelir bana yardim ettin,5,2025-03-03 09:38:45,2025,3
Güzel bir uygulama beğendim,5,2025-03-02 23:19:30,2025,3
"Otomatik ödeme talimatı vermek istersin, SMS gelmez, markette faturama yansıt ile ödeme yapmak istersin olmaz, normal karttan yüklediğiniz parayı geri yüklemek istersiniz SMS gelmez, para atmak istersin sürekli masraf keser. Bir uygulama neden bu kadar işlevsiz ve sıkıntılı olur anlamadım.",1,2025-03-02 22:19:51,2025,3
Android 7 cihazda artık açılmadığı için,1,2025-03-02 20:02:28,2025,3
ödeme yapmak için para yukluyorsun işlem ücreti fatura ödüyorsun işlem ücreti gerçekten gördüğüm en rezil uygulama bu olabilir fatura ödemek için 65 70 TL de işlem ücretleri istiyorsunuz,1,2025-03-02 15:27:21,2025,3
mükemmel bişey,5,2025-03-02 14:46:37,2025,3
Uygulamada bi sorun var ve telefon durduğu yerde paycele girmeye çalışıyor başka uygulamada gezerken bianda paycel şifre istemeye basliyor destek bekliyorum,1,2025-03-02 12:35:46,2025,3
Berbat birşey,1,2025-03-01 19:53:01,2025,3
Salla kazan yapıyorum 100 puan geliyor girip bakıyorum 78 puan olarak gözüküyor ve kaç yıldır düzeltilmiyor. Ne zaman düzelteceksiniz?,1,2025-03-01 14:14:55,2025,3
"Şifremi unuttum menüsüne giriyorum 4 haneli kod gönderiyor obu giriyorum şifre almak için numarayı arayun diyor. Arıyorum kurtarma şifrenizin süresi doldu diyor, uygulamadan şifre alabilirsiniz diyor, webden giriyorum, karakter resmindeki karakterleri giriyorum sürekli yanlış diyor, faturama ek cihaz aldım banka uygulamasında da çıkmıyor, mobilden ödemeyi hiç bir kanaldan yapamıyorum. Rezalet.",1,2025-03-01 14:12:15,2025,3
Lanet,5,2025-03-01 00:37:51,2025,3
Bence dolar euro gibi dövizler gelse daha iyi olur,4,2025-02-28 21:02:49,2025,2
Türk telekom ve vodafonda haksızlık yapıyor ayda 1 kere ve 2500 puan çok saçmaladı düzelmesi gerek turksele aynı şartların gelmesi gerek,5,2025-02-28 20:03:53,2025,2
İnternet yavaş 🐢,3,2025-02-28 18:09:35,2025,2
Ağzına,1,2025-02-28 17:19:18,2025,2
Aşırı derecede memnun olmadığım hiç tavsiye etmem,1,2025-02-28 16:13:13,2025,2
PRO,5,2025-02-28 15:46:38,2025,2
Güzel bir uygulama,5,2025-02-28 15:32:34,2025,2
Kimlik doğrulama istiyorsunuz yapıyoruz sıfırlıyorsunuz tekrar doğrulama istiyorsunuz ne saçma sapan bir uygulama bu,5,2025-02-28 15:16:13,2025,2
Turkcell ile ortak çalışmada bulunup faturayı şişiren bir uygulama. Müşteri memnuniyeti sıfır,1,2025-02-28 09:03:16,2025,2
Çok iyi,5,2025-02-27 20:07:27,2025,2
Bu kadar ilgisisz kötü uygulama giriyorum atıyorlar 29 şubat ta ilgilenencekler mis (şubat 28 çekiyor) haberleri yok 😂 berbat siniz,1,2025-02-27 19:46:53,2025,2
Lütfen bu yorumumu gözden geçirin .öncelikle 2.500 paycell puanı ile sadece 1 GB alabiliyoruz ve oda sınızlı sadece ayda iki keremi ne alabiliyoruz.bu çok kötü ve sadece 1 GB olmasıda çok kötü en azından 5GB veya 7GB gibi yüksek rakamlarda Gb alabilsek bence çok daha yararlı olacaktır.lütfen bunu düzeltin.bunun dışında uygulama çok iyi sadece 1 yıldız kırdım .onunda sebebini açıkladım zaten.,4,2025-02-27 17:46:32,2025,2
Aşırı kötü,1,2025-02-27 17:19:25,2025,2
Hayatımda gördüğüm en kötü uygulama kimlik doğrulama yapamıyorum arayıp şikayetimi bildiriyorum bayiye gidin diyorlar neden ozaman uygulama'ya kimlik doğrulama koydunuz Berbat bir uygulama hiç tavsiye etmiyorum.,5,2025-02-27 16:29:10,2025,2
Faturaya yansıt üyeliğinin iptali uygulama üzerinden yapılmalı.,1,2025-02-27 14:19:55,2025,2
Güzel,5,2025-02-27 13:56:38,2025,2
Arkadaş nfc acik olunca cuzdanima yaklastirinca nie acıliyorsun surekli. Kaldırıyorum bi daha da kullanmıyorum.,1,2025-02-27 09:00:45,2025,2
"Uzun zamandır kullanamıyorum neden mi? Telefon rootlu olduğu için. Bekliyorum düzelir diye ama değişiklik yok biraz daha bekleyip, uygulamayı sileceğim. Bu arada mail falan atmam, uğraşamam.",1,2025-02-27 01:35:18,2025,2
Çök gözel ve mükemmel uygulama sizede tavsiye ederim ...,5,2025-02-26 22:03:50,2025,2
Çok kazandıran bir uygulama,5,2025-02-26 19:49:38,2025,2
Para isterken kaç para istediğimi kendim belirlesem daha iyi olur..,5,2025-02-26 09:24:07,2025,2
Bence iyi,4,2025-02-26 09:06:18,2025,2
Berbat arkadaşlar indirmeyin sakın ben bunla rezil oldum,1,2025-02-26 02:31:42,2025,2
Güzel bir uygulama,5,2025-02-25 21:07:12,2025,2
uygulamaya giremiyorum,1,2025-02-25 20:51:15,2025,2
Uygulamaya giriş yapamıyorum her seferinde güvenlik nedeniyle oturumunuz sonlandırılmıştır diyor kaç defa müşteri temsilcilerini aradım talep oluşturdum ama sorun hala düzelmedi.,1,2025-02-25 03:42:21,2025,2
Kardeşim bak oraya Max 2000 para çekme hakkı sunmuşsunuz eyvallah bak ben Max 600 harcadım o faturayı sadece 1 faturada göstermen gerekiyor 2 sinde göstererek parayı 2 ye katlayıp dolandırmaktan başka bir şey bilmiyorsunuz? :d burda güvenip bazı şeyleri yapıyoruz. Bir de öğrenci adamım babama ne diyeceğim ben? Ne bileyim böyle olduğunu kılavuzda öyle bir şey yazmamışsınız? Dava açsam yeri değil mi cidden kırılıyor insan ya.,5,2025-02-25 01:51:21,2025,2
An itibariyle paycell çöktü,1,2025-02-25 00:11:45,2025,2
Çok güzel ama salla kazan çok az puan veriyor,5,2025-02-24 23:12:43,2025,2
Harika Bir Uygulama sadece alışveriş değil hediyeleri ile de cazip fırsatlar sunuyor,5,2025-02-24 20:54:13,2025,2
Mukemmel,5,2025-02-24 12:44:19,2025,2
Anlamadım ne işe yarıyor bana yaramıyor faturaya habire ilave oluyor iptal etmek istiyorum,1,2025-02-24 10:28:25,2025,2
Uygulamayı Açmadığım Halde kendi kendine açılıp duruyor en sonunda sildim,1,2025-02-24 08:16:11,2025,2
Guncelemeyi tlf desteklemedi ve hesabimda param kaldi,1,2025-02-23 23:18:01,2025,2
Şimdilik iyi,5,2025-02-23 22:20:14,2025,2
Android 8 den aşağısında ve root lu cihazda calismiyor lutfen duzelsin benimki android 6 geçen aya kadar çalışıyordu sacmalik,1,2025-02-23 18:56:56,2025,2
Arkadaş bir uygulama bukadar kötü olur şifremi resetleme yapıyorum unuttum diyorum müşteri temsilcine gidiyorum arıyorum ilgilenen yok neden turcell bayi bilgisi eee neden kullanayım ozaman,1,2025-02-23 14:24:51,2025,2
5 PARA ETMEZ GİRMİYOR SORUNLU YÜKLEME YİN İŞE YARAMAZ,1,2025-02-23 11:37:05,2025,2
Kimlik dogrulama yapıyorum video çekme kısmında takılıp kalıyor bir iki üç sürekli aynı şey saldım bende artık,1,2025-02-23 10:55:37,2025,2
Dolandırıcı bile bunlar kadar soymuyordur. Yok böyle bir soygun. 1500 TL alışveriş yapmıştım 1000 TL Karekod ücreti çıkarmışlar. Ayriyeten 25 TL de karekod işlem ücreti çıkarmışlar. İşlem yaparken göstermiyor. Ama fatura ayrıntılarında gösteriyor bu ücretleri.,1,2025-02-23 09:43:54,2025,2
👎👎,1,2025-02-23 03:05:20,2025,2
Saçma sapan sapan bir uygulam. Müşteri hizmetleri sürekli aynı şeyi tekrar ediyor.,1,2025-02-22 18:05:53,2025,2
"mobil uygulamadan yurtdısı para transferine tıklayınca ""bu işlemi gerçekleştirmek için sistemde geçerli kayıtlı adresiniz bulunmuyor. lütfen tım e basvurun"" diyor",4,2025-02-22 13:21:53,2025,2
Super,4,2025-02-22 02:25:50,2025,2
Mükemmel,5,2025-02-21 18:45:45,2025,2
bencede saçma sapan bir uygulama Turkcell de calıstıgı gibi calilmıyor üstelik Aldıkları 20 TL bile geri odemıyorlar nedense değerli gıbı salla kazan olayı kolay birde asıl hesap onaylandıktan zorlanıyor papara gıbı geldı geçti bunları bıraz uygulama yeni bırseyler eklemek lazım,5,2025-02-21 14:33:37,2025,2
Mükemmel,5,2025-02-21 11:22:49,2025,2
Uygulama crash oluyor. Z fold 5 cihazinda şifreyi girip actigimda kapaniyor.,1,2025-02-21 03:16:35,2025,2
Süper,5,2025-02-20 23:21:54,2025,2
Paysel Cüzdan Uygulamasından Çok Memnun Oldum,5,2025-02-20 20:17:08,2025,2
Surekli atip duruyor paycelin icinden uste gözüksün diye 5 yildiz verdim yoksa 1 yildiz bile haketmiuor,5,2025-02-20 16:43:55,2025,2
ZORUNLU GÜNCELLEME DEN VAZGEÇİN,1,2025-02-20 15:45:08,2025,2
Sürekli kendi kendine açılıp duruyor. Az bir sabrım kaldi silicem uygulamayi,1,2025-02-20 15:11:05,2025,2
Payceli mobil acamıyorum Neden,1,2025-02-20 14:21:50,2025,2
Saçma sapan bir uygulama 1000 TL kart bakiyesi yükledim hicbirsekilde kulanamiyorum fatura öde dediğimde hata veriyor 2 ay oldu 1000 TL çöp oldu dolandırıcı bir uygulama kimse bakiye falan yuklemesin benim gibi mağdur olmayın karşınızda muhatapta yok,1,2025-02-20 12:16:29,2025,2
"Genel olarak iyi bir uygulama. Ama ""kartı aktif et"" seçeneğine tıklayınca uygulama kapanıyor. Temassız paycell kartımı aktif edemiyorum. Yardımcı olur musunuz?",1,2025-02-20 12:11:13,2025,2
Puanımız ile. İnternet paketi alamıyoruz.. operatörümüz Vodafone,2,2025-02-20 05:35:58,2025,2
Gayet güzel ve kaliteli bir uygulama,5,2025-02-20 04:59:57,2025,2
Kullanmayın parayı yatirama kadar bisey yok yatırıldıktan sonra kimlik dogrulaması isitoyor param cöp oluyo yasım 18 altı oldugu icin bu nedir ya yeni yeni şeyler getiriyorlar,1,2025-02-19 17:30:21,2025,2
cihazla uyumlu değil hatası verdiği için indiremiyorum??,1,2025-02-18 23:26:04,2025,2
Ben ömrü hayatımda bu kadar saçma bir uygulama görmedim şifremi unuttum onun için müşteri hizmetlerini arıyorum benden şifre istiyorlar üç saat bu ikisi arasında ki kısır döngüde dolaştım lütfen bu sorunu düzelttin,1,2025-02-18 20:59:40,2025,2
"Kötü bir uygulama, herşey kısıtlı, daha çok çalışılması gerekir üzerinde,insanı kanser eden bir uygulama, Türkcelle yakışmamış..",1,2025-02-18 20:27:56,2025,2
Güzel uygulama cidden saygılar,5,2025-02-18 19:33:36,2025,2
uygulamadan boş yere reklam izni istemeyin benim canımı da sıkmayın,1,2025-02-18 19:13:51,2025,2
"Kampanyaya katılıyorum 100 lira iade olmasi gerekiyor. Şartları saglamiyorsunuz diye iade yapilmiyor. Madem sartlari saglamiyordum, katıldığım kampanyalar kısmında bu kampanya neden var. Bunun duzeltilmesi talebinde bulunuyorum. Iletin diyorsunuz sanki iletmedik ayni seyleri tekrarlayacaksiniz",1,2025-02-18 17:36:39,2025,2
NFC li cihazımda herhangi bir temassız kartı kimlik kartım dahil yaklaştırınca paycell uygulaması otomatik açılıyor şifre girmiyor ama rahatsız ediyor NFC ayarlarından paycell uygulaması kesinlikle seçili değil,4,2025-02-18 16:29:52,2025,2
TV plas üyeliğini 75 tl lik iade gerçekleşti ama 3 buçuk hafta sonra. Verilen sözü tuttuğunuz için 1 yıldız daha veriyorum.,2,2025-02-18 15:23:39,2025,2
Harika bir uygulama dijital kart daha iyi.aninda yanimizda teşekkürler,5,2025-02-18 00:38:30,2025,2
Cidden güzel bir uygulama Turkcelliler için iyi kampanyalar veriliyor insanın para harcayası geliyor,5,2025-02-17 20:07:58,2025,2
Berbat,5,2025-02-17 16:30:45,2025,2
Ben rootlu telefon kullanıyorum. Sorumluluğu da bana aittir. Sen nasıl rootlu diye uygulamayı engellersin. Ben de ilk çıktığı günden beri kullandığım Paycell'i bir daha kullanmam olur biter.,1,2025-02-17 13:47:46,2025,2
Benim heaabımı sadece bi kodla hiçbir açıklama olmadan kapattılar oysaki çok güzel bir uygulama devam etmek isterdim keşke bi dinleyip öyle karar verselerdi evraksa evrak ama hiçbirşey söylemeden kapadılar yazık,1,2025-02-17 01:53:55,2025,2
super,5,2025-02-17 01:42:12,2025,2
Kartlarım arası trasfer yapamiyorum son güncellemeden sonra oldu bu lütfen sorunu çözün,1,2025-02-17 01:16:11,2025,2
Güzel program,5,2025-02-17 00:55:31,2025,2
Uygulama bile değil,1,2025-02-16 21:47:12,2025,2
Benden habersiz para çekildi müşteri hizmetleri aramadım yapamadılar hemde hesapını kitlediler içinde olan paramda hesapıma kitlediler aradım 3 aydır acıcaklar,1,2025-02-16 19:10:38,2025,2
Kampanyaların çoğu neden her ay değil de tek seferlik? Vodafone pay'de mesela çoğu kampanya her ay kullanılıyor müşteriler tarafından. Bir de uygulamaya bazen girdiğimde Kampanyaların hepsi gözükmüyor. Çık-gir yaptıktan sonra düzeliyor. Edit: harbi 5 para etmez,1,2025-02-16 18:01:13,2025,2
Hesab giremiyorum operatör desikden dolayı bloka olmuş Sizler bana hiç yardımcı olamadınız Telefon uzerin bloka kaldırma işlemini Yapmaya çalıştım olmadi imel de kimlik bilgilerimi yazıp gönder dim yine olmadı efendim. Yine çok teşekkür,1,2025-02-16 17:22:53,2025,2
Çok iyi,5,2025-02-16 16:07:43,2025,2
Merhabalar bugün uygulamayı yükledim kayıt yaptırdım. Buraya kadar sorun yok. Ama telefonun kilit ekranını her açtığımda uygulama kendi kendine açılıyor. Sadece paycel de bu sorunu yaşadım. Cihazım yeni bir cihaz. Virüs problemi de yok. Konuyla alakalı lütfen bir çalışma yapar mısınız?,1,2025-02-16 16:02:13,2025,2
Hiç bir şekilde puan vermiyor her hafta 100 puan oda haftadan haftaya sıfırlanıyor puan birikmiyor siz kimi kandırıyorsunuz,1,2025-02-16 06:42:09,2025,2
Gzl uygulama,4,2025-02-16 05:23:34,2025,2
Çok güzel bi uygulama her hafta ya internet yada puan veriyor o punalada internet ala bilirsiniz,5,2025-02-16 00:20:06,2025,2
İyi güzel bir uygulama,5,2025-02-15 23:30:55,2025,2
Uygulama güzeldi ama şimdi beyenmedim internet GB vermiyorlar hep 100 puan işe yaramıyor mahallesef internet GB versinler,1,2025-02-15 22:19:28,2025,2
oparatör degisikligi yaptigim icin uygulamaya giremiyom musteri hizmetlerini ariyom sim card blokesini kaldirmak icin sifrenizin suresi dolmus diyorlar uygulamaya girip yeniden arayiniz falan filan onay msji gelmiyoki sim card degistigi icin bende uygulamayi siliyom isim görülmedigi icin,1,2025-02-15 22:01:52,2025,2
Canlı yüz testi yüzünden hesabımı onaylıya mıyorum bunu düzeltin papara bile bukadar şey istemiyor,1,2025-02-15 19:00:22,2025,2
Önce deneyimlemem gerek bir ay dolmadı kullanım,1,2025-02-15 16:09:07,2025,2
Guzel,5,2025-02-15 12:00:03,2025,2
Eskisi gibi degil artık ölmüş de gömeni yok,5,2025-02-15 11:49:23,2025,2
On numara bir uygulama,5,2025-02-15 06:11:14,2025,2
Durduk yere para kesiyor aidat parası alıyorlar,1,2025-02-14 19:51:31,2025,2
Kendi kendine açılıyor,3,2025-02-14 19:19:22,2025,2
3D mesaj gelmiyor. Uygulama beyaz ekranda donup kalıyor.,5,2025-02-14 16:52:02,2025,2
Bugünden itibaren zorla yeni model telefon aldırmayı şart koşmak doğru değil. Bugüne kadar düzgünce kullandığım paycell uygulamayı şu an kullanamıyorum. Anlaşılan Turkcell'in para kazanmaya ihtiyacı yok. Kartımızı hesabımızı iptal edip ayrılalım mı ?,1,2025-02-14 14:35:37,2025,2
Bunun kadar gereksiz bir uygulama görmedim hediye dünyası var hediye veren bir şey yok salla topla hiç doğru düzgün puan vermiyor arada bi güncelleme yapıp 1000 puan max yani çok gereksiz birşey kullanmasam daha iyi kullanmayı kimseye tavsiye etmem herkes silsin başka bir işe yaramıyor daha güzel uygulamalar var,1,2025-02-13 13:15:16,2025,2
Kimliğimin arka yüzüne okuturken hata alıyorum okuyor ama hata veriyor Neden,2,2025-02-13 11:15:23,2025,2
2000tl fatura ödedim limit tanımlanmadı şaka gibisiniz gerçekten ondan sonra msj atarsiniz kullanın diye paycell,1,2025-02-13 10:19:07,2025,2
Tam bir para tuzağı yanlışlıkla giriş yaptım 10 dk içinde aradım iptal için iptal etmediler 229.000tl aldılar iptal ettiler güya ertesi aya 29000kesmisler yazıklar olsun aldığınız paralar haram olsun,1,2025-02-13 00:11:45,2025,2
Güzel,4,2025-02-12 13:13:33,2025,2
Sitenizede uygulamanizada sokuyum kayit olmak icin bir kod 24 saat gelmiyor..,1,2025-02-12 12:40:59,2025,2
iznim olmadan abonelik tekrarlanıyor her ay İptal etmekten bıktım resmen hırsızlık bu yapılan.yazıklar olsun sözleşmem bitince türkcelden ayrılacağım,1,2025-02-11 23:12:38,2025,2
IBAN için doğrulama istiyor ama uygulamada her zaman hata alıyorum. Temsilciler bile turkcell gidin diyor neden ben kart aldım acaba.,1,2025-02-11 19:47:57,2025,2
Birisi anlatsın karta aktardığım bakireyim tekrar hesaba nasıl atarım anlamadım bir türlü berbat bir uygulama bu arada,1,2025-02-11 19:05:32,2025,2
İstemiyorum reklamınızı.,1,2025-02-11 14:09:26,2025,2
İşlem sıkıntısı var. Satın almış olduğum gümüş değeri hesabımda görünmüyor,1,2025-02-10 15:42:47,2025,2
Başarılı,5,2025-02-10 10:55:19,2025,2
hic begendim kesinlikle tavsiye etmiyorum arkdslar ben indiridm arti ustune borclu ciktim faturma ek olrak yansitilack kesinlikle tavsiye etmiyorum degerlendirme puan felan da veemiyorum hic bi sekilde,1,2025-02-10 02:09:59,2025,2
Süper,5,2025-02-10 00:13:25,2025,2
"Girmeye çalışıyorum ve giremiyorum giriş şifremi girdikten sonra ekrana ""üzgünüz geçici olarak bilgilerine ulaşamıyoruz"". Diyor çok severek kullandığım bir uygulamaydı",4,2025-02-10 00:10:52,2025,2
NFC olsa harika,2,2025-02-09 23:29:58,2025,2
Salla topladan kazandığım puanlar gözükmüyor,1,2025-02-09 21:43:49,2025,2
Super,5,2025-02-09 11:32:00,2025,2
Harika,5,2025-02-09 04:05:19,2025,2
Rezil bir uygulama kac haftadır şifremi yenilemeye çalışıyorum müşteri hizmetlerini bağlıyor ama bir halta yaramıyolar.Bloke uygulama sifresini kabul etmiyor sadece müşteri hizmetleri seçeneği sunuyor uygulamdanda.,1,2025-02-08 23:14:18,2025,2
Kartta 600 lira var 510 liralik oyunu almiyo para yida çekemiyoruz paramizi geriverin,1,2025-02-08 19:22:02,2025,2
yorumum en üste gözüksün diye verdim hesabımı açtım turkcellden gidip kyc onayı yaptırdım hesabım bloke oldu müşteri hizmetlerini aradım sistemsel sorun var dedi hatta birde talep oluşturdu 2 iş gününde açılır dedi 4 gün oldu hesabım gene açılmadı uygulamaya her güncelleme attığınızda daha beter bozuyorsunuz bilmiyorsanız güncellemeyi yapmayın 14 ocakta güncelleme yaptınız o günden beri bu sorun yaşanıyor muş ama daha düzelen birşey yok valla helal olsun,5,2025-02-08 15:57:19,2025,2
Kullanmak istediğiniz,5,2025-02-08 15:10:57,2025,2
Uygulamaya girmek için 6hane yazın diyor sadece 4hane girebiliyoruz,1,2025-02-08 13:55:46,2025,2
Rezil bir uygulama sorun var sorunu çözecek kimseye ulaşamazsin,1,2025-02-08 13:33:11,2025,2
Telefon numarasını kabul etmiyor saçma sapan bir uygulama,1,2025-02-08 04:22:39,2025,2
Hiç tavsiye etmem bir tızak,1,2025-02-07 21:47:42,2025,2
Valorant da vp aldım 1.250₺ le boşa gitti,2,2025-02-07 20:59:11,2025,2
Dayı bu ne daha önce hiç kayıt olmadan 6 haneli şifreni gir diyor sonra desteğe yönlendiriyor,1,2025-02-07 19:56:08,2025,2
Para çekme nasıl yapılıyor bilen biri varmı,5,2025-02-07 15:08:46,2025,2
"Acelesi olan, acil birisine para göndermesi gereken adam sakın indirmesin!! Kimliği okutuyorsunuz. NFC istiyor ama NFC kapalı açmak için ayarlara giriyorsunuz, sonra uygulamayı açıyorsunuz ve karşınızda baştaki giriş ekranı... Neyse tekrar yapayım diyorsunuz, kimlik doğruladınız, NFC açık diye bu sefer tekte okuttunuz şimdiki olacak sandınız sonra ne ola ki? Uygulama sizi ikamet numarası için E-devlete yönlendiriyor. Dönüyorsunuz ve bir bakıyorsunuz kimlik doğrulama yine en başa dönmüş.",1,2025-02-07 13:39:00,2025,2
Arada hesap kartlarını göstermiyor,3,2025-02-07 12:59:18,2025,2
Fazlasıyla sorunu var . Uygulamaya girdiğim herhangibir gun internet ağımın stabil olamsına rağmen kartlarim yok oldu . Para sanal kartta kaldı ve aldığım( elimde tuttuğum) karta aktaramadım . Hemen duzeltilmeli. Aradan 1gun gecince toparlanıyor o ana kadar kartlarınız yok,1,2025-02-07 12:50:35,2025,2
Çok kötü zamanlar için,1,2025-02-07 12:26:36,2025,2
Kartlarımı göstermiyor 1000 tl vardı acil destek,5,2025-02-07 12:24:06,2025,2
Güzel,5,2025-02-07 02:20:24,2025,2
Kartımdan para yükledim ve sanal kartla harcama yapayım dedim ve sorunlar başladı İlk defa kullanayım dedim pişman oldum sanal kartıma bloke katılmış ama ben harcama yaptıktan sonra güvenlik birinden arama yapılmıyormus ben aradım müşteri hizmetlerini böyle Bir hizmet yok diyor hiç güvenilir bir uygulama değil arkadaşlar kullanmayın kullandırmayın lütfen sizden ricam,1,2025-02-07 01:06:04,2025,2
Uygulama yi indirdim fakat surekli cikis yapip sifre istiyor kafam karıştı daha önce böyle yapmıyordu 👎,1,2025-02-06 23:58:13,2025,2
Komisyon alıyorsunuz diye kızıyorum ediyorum ama sağolun bu ay beni iyi idare etti,5,2025-02-06 23:19:48,2025,2
Paccell kartı müp,5,2025-02-06 20:35:15,2025,2
Madem arkadaşını davet et 2500 puan kazan süresi dolmuş neden hala uygulamada göseteriyorsunuz düpedüz insanları kandırıyorsunuz Arkadaşlarınızı davevet etmeyin süresi dolmuş sadece insanları kandırıyorlar daha fazla etkileşim için,1,2025-02-06 19:19:23,2025,2
Salla toplada hata var,1,2025-02-06 13:23:21,2025,2
Sürekli başka uygulamadayken paycelle atıyor sildim tekrar aynı şey oluyor,1,2025-02-06 10:31:51,2025,2
Iban numaram ı alamadım lütfen yardım edin. Ederseniz çok mutlu olcam,4,2025-02-05 23:07:01,2025,2
Ben 1114 lira attım hesabıma sanal kartına eklenmiş müşteri temsilcisine bağlandım gerekli adımları yaptım param hala gözükmüyor şikayet ederim paramı geri versinler,1,2025-02-05 12:41:05,2025,2
Şifre unuttum,5,2025-02-04 23:36:47,2025,2
Aksa Bilecik bolu doğalgaz faturamı ödeyemiyorum. Önceden ödeyebiliyordum. Sorun ne? Acil çözün problemi.,1,2025-02-04 23:08:03,2025,2
Bence çok düzgün yapılmış ve piksel sorunların bile olmadığı bir uygulama istediğimiz ortak bir atm'den para çekebiliyoruz altında aldım ama bir sıkıntı oluşmadı yapımcılara çok teşekkür ediyorum iyi yeni uygulamalar yapmaya doğru...,5,2025-02-04 18:19:08,2025,2
1 yıldız bile fazla Hesabı yükle diyorsunuz ama Hesaba giriş yapılmıyor. Beş kuruş etmez uygulama.,1,2025-02-04 17:26:19,2025,2
Paycell de bize ulaşın çalışmıyor hata veriyor Alışveriş yapamıyorum sürekli hata veriyor bankanızla iletişime geçiniz diyor,1,2025-02-03 21:41:30,2025,2
Harika bir uygulama ben gayet memnunum,5,2025-02-03 21:40:18,2025,2
içimden 10 yıldız geçiyor amma 🤣😁😬,5,2025-02-03 19:46:43,2025,2
Herhangi bir fatura ödemesi yapamıyorum sorunu çözebilirseniz iyi olur,1,2025-02-03 10:42:04,2025,2
Olan kampanyaların çoğu faturana yansıt oldu.,1,2025-02-02 22:40:48,2025,2
Çok iyi on numara indirin,5,2025-02-02 21:16:14,2025,2
Kendi kendine aciliyo uygulama anladmjm salak bir sey,1,2025-02-02 20:12:29,2025,2
Yani altı üstü bir şifre alacağız onun için bile müşteri hizmetlerine bağlatmak istiyorlar arıyoruz ama cevap veren yok nasıl iştir bu arkadaş ya,1,2025-02-02 14:31:33,2025,2
Kart dert oldu,1,2025-02-02 12:45:51,2025,2
Tesekur ederim,5,2025-02-02 01:25:54,2025,2
iyi,5,2025-02-01 23:56:11,2025,2
Paycell on numara memnun kaldım,5,2025-02-01 21:22:02,2025,2
"siz benle dalgamı geçiyorsunuz kardeşim 1 gün geçti tık yok ya puanımı verin yada şu uygulamayı kaldırın küçük bir işi bile halledemiyorsaniz uygulama üretmeyin ya cevap verme tenezzülüne bile girmiyorsunuz nasıl bir uygulamasınız puanımı verin kullanmayacam bidaha uygulamanızı böyle bir saçmalık olamaz arkadaşımı davet ediyorum gereken kanıtlarıda iletmişim tarafınıza, bana herhangi bir puan geçmediğine dair ona rağmen hala bir işlem sağlanmıyor",1,2025-02-01 19:01:14,2025,2
Çocuk kartı gibi herşey in sınırı var masrafı ayrı Bi dert zaten çoğu kampanya faturana yansıtla oluyor. Öyle oluncada 200 harcadımı 30-40 masraf çıkıyor zaten ne anlamı kaldı. Ay sonu silicem mecbur,5,2025-02-01 17:19:53,2025,2
Kötü,3,2025-02-01 16:03:27,2025,2
Fast ile işlem yaptım param 1.5 saattir tarafıma iletilmedi rezalet bir uygulama eğer devam ederse tüketici haklarına başvuracağım,1,2025-02-01 14:35:07,2025,2
Ben uzun zamandır paycell kupanıcısıyım ama son üç gündür telefonumu her açtığımızda ya da farklı uygulamalarda işlem yaparken her defasında paycell kendi kendine açılıp paycelle yönlendiriliyorum tüm izinleri kontrol etmeme rağmen hiçbir şekilde bu işlem düzelmiyor sadece uygulamayı sildiğimde bu işlem tekrarlamıyor lütfen bana bu konuda yardımcı olabilir misiniz?,3,2025-02-01 12:18:59,2025,2
Her noktada kazikliyor dikkatinize,1,2025-01-31 22:59:31,2025,1
Para yükledim yatırım yaptım uygulamaya artık giremiyorum. Hiç tavsiye etmiyorum günlerce şifre problemiyle karşılaşıyorum. Müşteri hizmetleri hiç bir şey yapmıyor. Saçma bir sistemin içinde ve yatırımım üzerinde herhangi bir ulaşım aylardır sağlayamiyorum,1,2025-01-31 21:40:51,2025,1
Kimliğimi okutuyorum hata veriyor berbat bir uygulama,1,2025-01-31 16:40:07,2025,1
5 kurş etmez uygulama,1,2025-01-31 15:36:06,2025,1
Saçmalık,1,2025-01-31 15:18:26,2025,1
Uygulamaya girilmiyor ve yardım eden de yok,1,2025-01-31 13:34:15,2025,1
Paycell kartımın limitini kestiler nede eğer limitim tekrar tanımlanmaz ise ben hem kartı hemde turkcell hattımı iptal edecem,5,2025-01-31 09:41:57,2025,1
Hesabı kullanmadığım halde saçma sapan mesajlar geliyor berbat,1,2025-01-30 23:39:19,2025,1
Sakın kimse indirmesini sahtekar dolu hiçbir şekilde müstei hz.yardımcı olmuyor kullanmadığın harcamadığın limiti faturaya yansıtıyor,1,2025-01-30 22:21:04,2025,1
Bu ne sacma sapan bir uygulama. Bes para etmez.,1,2025-01-30 19:42:18,2025,1
Faturama yansıt limitim var ama kullanamıyorum yardımcı olabilir misiniz 🙏,1,2025-01-30 19:33:41,2025,1
İnaktif kar aidat ne demek ben kartı iptal etmeme tağmen bana haraç kesiyor ben ömrümde böyle bir saçmalık görmedim şirkete dava açacağım sakın indirmeyin,1,2025-01-30 19:25:00,2025,1
Karti kullanmadigim icin para kesmek ne. Uygulamayi indirdim uygulama bozuk giriş yapılmıyor hesabımı silecem,1,2025-01-30 17:40:35,2025,1
"Hiç güvenli değil, kayıp çalıntı bildirimi için çağrı merkezine bağlanmam 8 dk sürdü. Tüm herşeyimi sildirdim.",1,2025-01-30 17:28:40,2025,1
İptal edemiyosunuz,1,2025-01-30 17:08:45,2025,1
Bu neydi hesabim olmamasina rağmen mesaj geldi ve operatörde degistirdim artık Turkcelli değilim.Mart ayindan zam gelcek gibi bir şey şimdi yanlışlıkla hesap açtım.Hesabımı kapatmak için giriş yapım ama hsabım yokmuş???,1,2025-01-30 16:11:13,2025,1
"Paycell'den bir harcama yapamıyorum, 3D secure kodunu girdiğim zaman ""şu anda işleminizi gerçekleştiremiyoruz"" diyor. Lütfen bu aksaklık düzeltilsin",4,2025-01-30 15:58:30,2025,1
Aliş veriş yaparken banakniz onay vermedi diyor bunu acilen çozmeniz lazım,1,2025-01-30 15:04:44,2025,1
Müşteri hizmetlerine bağlanmadan şifre değiştirme işlemi yapabilmeliyim. Ses kayıtlarının kötüye kullanıldığını biliyorum aşırı fırsatçı ve şereften yoksunlar.,1,2025-01-30 14:30:46,2025,1
Android 7 telefonum eski tüm bankacılık uygulamaları çalışıyor ama paycell cihazınız desteklemiyor diyor indirilmiyor bile APK yukluyorum yine giriş yapilamiyor diyor. Diğer bankalardan ne farkınız var verdiğiniz 1000 1500 lira faturana yansıt zengin insan zaten tamah etmez.,1,2025-01-30 09:50:47,2025,1
Dijital işlem ve Mobil ödeme ile gereken bütün özellikleriyle muhteşemsin paycell,5,2025-01-30 06:01:53,2025,1
Berbat,1,2025-01-30 02:01:12,2025,1
Madem insanlar aradığında bir muhatap bulamayacaksaa neden bu kadar paralı işlere müsade ediliyor ? Müşteri hizmetlerinde kimse tenezzül edip bakmıyor bile,1,2025-01-29 23:56:30,2025,1
Giriş yapa miyorum,1,2025-01-29 22:22:05,2025,1
En üste çıksın diye 5 yıldız verdim bakın puan kazanıyoruz 5bin puan mesela gidip neden 1hafta sonra puanlarımızı alıyor sunuz bide aylık 3kez 1gb kazanma kotasını koymuş sunuş bakın 1gb bir gün bir kişiye gider yani 3 gün de biter aylık 3 kez 1gb alsak kaldı 2bin puan ile de bir şey kazanılmıyor başkasından almak istesem bin puan kota var e onla da önceden aldığımız sayar sak o 2bin puanı geri alıyorsunuz duzletin lütfen bide kaç gündür arıyoruz müşteri hizmetlerine baglanılmıyor lütfen düzelt,5,2025-01-29 21:57:35,2025,1
Böyle mal bir uygulama yok para transferleri sıkıntılı bol bol işlem ücreti alınıyor tamamen Turkcelle anlaşmalı yasal dolandırıcılık sitesi para yatırdım ne kullana biliyorum ne de fatura ödeye biliyorum arıyorum saçma salak konuşuyorlar ilgilenen yok puan felan boş bir işe yaradığı yok hazır limit felan var insanları tamamen borçlandırmak için tasarlanmış,1,2025-01-29 21:23:03,2025,1
"uygulama 2 saatte açılmıyor, karekodu okumuyor , para gelsin de ne olursa olsun diyorsunuz",1,2025-01-29 19:28:38,2025,1
Limit artırma talebi için buton oluşturulmalı. Limitlerimizi hüncelleyemiyoruz,3,2025-01-29 18:52:32,2025,1
"Tercih bile etmeyin derim bu kadar ilgisiz bir uygulama görmedim kullanmadığım kartım için inaktif kart aidati isteniyor ben kullanmadığım kartıma neden para vereyim? ve bu işlem için müşteri hizmetlerine bağlanmak istediğimde müşteri hizmetleri hiçbir şekilde açmıyor cevaplamıyor. belki kartımız kayboldu iptal ettirmek icap edicek adamın varını yoğunu sömürürler bu kadar ilgisiz olmanız gerçekten inanılmaz,kısa Bir süre içinde geri dönüş sağlamanızı istiyorum.",1,2025-01-29 18:35:50,2025,1
Çok rahatsız edici,1,2025-01-29 18:34:30,2025,1
Paycell uygulaması sürümü bu cihaza çalışmaz diye ifade çıkıyor indrilmiyor,1,2025-01-29 16:32:14,2025,1
Berbat uygulama defalarca hesabımı kapatmaları için görüştüm hala mesaj geliyor telefonuma müşteri hizmetlerini arıyorum açan yok sakın kullanmayin bu uygulamayı,1,2025-01-29 15:10:43,2025,1
"Uygulamada üyeliği iptal seçeneği yok, müşteri hizmetlerine ulaşılamıyor . Kullanmadığım paycell için neden yıllık ücreti ödemek zorunda olayım ki!",1,2025-01-29 14:26:18,2025,1
Kene gibi yapışan bir sistem. Yıllar önce bir defa kullandım. Turkcell abonesi bile değilim ama hala mesaj atıyorlar.,1,2025-01-29 13:47:21,2025,1
Tamamen dolandırıcılık için yapılmış bir uygulama. Geçen 10 TL'lik Google Play işlemi için 40 TL işlem ücreti kesmiş. İptal edilmiyor ve sürekli aylık düzenli kullanım ücreti alıyor. Sırf bu uygulama yüzünden hattımı diğer operatöre taşıyacağım. Turkcell iyice kaliteyi düşürdü. Kesinlikle artık Turkcell ve ürünlerini asla kullanmayın.,1,2025-01-29 13:27:11,2025,1
"Nasıl acaba kullanışlı olur mu bi gireyim dedim, girmez olaydım. Telefon kilidi her açtığımda karşıma şifre girme ekranı çıkıyor, uygulama kendi kendine açılıyor. Bir ayarla düzeltiliyorsa da ben bi uygulamaya girdim diye sürekli ayarlama ile uğraşacak değilim. Abuk sabuk şeylerle insanların zamanını çalmayın artık, kazanmaktan ziyade insanlara hizmet etmeye bakın biraz da",1,2025-01-29 11:27:02,2025,1
Salla topla yapamiyorum sayfa yüklenirken hata oluştu diyor bir kaç numara denedim yine ayni acil yanıt,1,2025-01-29 11:00:36,2025,1
Bugün buradan mesaj aldım paycell üyeliği ile ilgili ancak benim paycell üyeliğim yok. Kartı iptal etmek istiyorum ama bana kart olmadığından iptalin mümkün olmadığı söyleniyor. İleti iznim olmamasına rağmen mesaj atıyorlar. Ticaret bakanlığına şikayet oluşturduk bakalım bekleyecez.,1,2025-01-29 10:47:07,2025,1
Hesapı kapatmak istiyor olmuyor asla tavsiye etmem çok kötü,1,2025-01-29 10:38:56,2025,1
5 para etmez kredi kartından para yatırdım sanal karta yatmış dediler ve parayı geri 1 hafta sonra verdiler bu uygulamayı bidaha kullan mıcam,2,2025-01-29 09:01:33,2025,1
Şifre yenileme diyip bir türlü uygulamaya giremiyor um bıktırdı artık türkcell ı de kullanmayacağım bunlar yüzünden,2,2025-01-28 23:08:50,2025,1
Hiç bir şeye yaramıyor uygulama müşteri hizmetlerine bağlanmak için bir saat beklemek gerekiyor,1,2025-01-28 21:24:04,2025,1
Rahatsız edici,1,2025-01-28 19:47:34,2025,1
Aklı evveller pasif hesaplarda aidat ücreti alacakmış. Alında göreyim bakalım. O yöneticiniz kimse selam söyleyin üyeliğimi iptal etsin.,1,2025-01-28 19:24:10,2025,1
sayın paycell ben bu uygulamayı hiç kullanmadım sanki aktif kullanıcıymışım gibi bana mesaj yollamışsınız,3,2025-01-28 14:22:26,2025,1
yeter artık bi mesaj göndermeyin uygulamaya hesap silmede koymamışınız şaka gibisiniz 😁,1,2025-01-28 13:11:34,2025,1
Bu uygulama çöl kötü yüklemeyin arkadaşımı davet etim puanımı vermedi yüklemeyin,1,2025-01-28 12:55:51,2025,1
Uygulamayı sildim yükledim sürekli başka bi yere girdiğimde paycel uygulaması geliyo eskiden böyle bi durum yoktu şimdi mecbur tekrardan silemm gerekiyo,2,2025-01-27 19:22:44,2025,1
İki aydır faturama para ekleniyo işlem yapmadığım halde uygulama telefonuma yüklü bile değil nasıl iptal edebilim,1,2025-01-27 19:13:45,2025,1
Acayip kotü bi uygulama hesap açarsanız direkt kapayın başınızabela olurlar uğraşıyorumhesap kapanmıyor,1,2025-01-27 17:21:04,2025,1
Dünyanın en kötü kart hizmeti böyle birşey görmedim kartı kapatmak istediğim halde müşteri hizmetleri cevap vermiyor o ona o ona 10 kere aktarım yaıldı habere de sms bölüyorlar artı çok fazla aidat alıyorlar kartı kırdım,1,2025-01-27 16:57:33,2025,1
İnaktif kart aidatı keseceğiz diye mesaj atıp mecburen uygulamanızı indirtiyorsunuz. Uygulamada ne bir bilgi var ne de iptal etmek için bir seçenek.,1,2025-01-27 16:16:17,2025,1
Şifre sıfırlama sistemi düzeltin,1,2025-01-27 14:25:32,2025,1
Hırsızlık resmen ayaküstü 6 TL param gitti yurt dışı alışveriş yapayım dedim olmadı,1,2025-01-27 14:11:36,2025,1
5 yildiz veriyorum görünsün diye 3 gündür arıyorum müşteri hizmetleri asla açmıyor bu ne biçim iş anlamadım şifrem için arıyorum yanıt yok,5,2025-01-27 11:27:34,2025,1
Sistemde sorun mu var açılmıyor,4,2025-01-27 06:10:06,2025,1
Çok kötü bir uygulama giriş yapana kadar ağaç oldum,1,2025-01-27 01:53:52,2025,1
Abonelikleri iptal etmeme rağmen faturalarıma hala yansiyo çok berbat bir şey,1,2025-01-26 20:01:16,2025,1
müşteri hizmetlerini 10 dk bekledim herhangi bir şekilde acmiyorlar telefonu,1,2025-01-26 16:25:02,2025,1
İgrenc ötesi bi uygulama faturana yansit üyelik adi altinda faturaya ucret yansitiliyo böyle bi rezillik görmedim kesinlikle uzak durulmali yarin ilk firsatta turkcellden faturami baska bi hatta tasiyacagimm kesinlikle pismanlik cayma bedelini birkez öderim ama bidahada asla tuekcelle isim olmaz uzak durun ve durdurunn aslada yüklemeyin,1,2025-01-26 02:13:54,2025,1
"Sadece insanlar içeride işlem yaptığını zannetsin ama aslında paycell den dışarıya cikmayacak bir para borclandirma sistemi olarak kurulmuş, yatırım yapiyorsunuz ama parayı disariya alamiyorsunuz zarar edecekleri her işlemde islem gerceklesmiyor hatasi veriyor",1,2025-01-25 21:10:06,2025,1
SITENIZI KULLANISLI BULMADIM,1,2025-01-25 13:19:28,2025,1
Paycel hesabıma giriş yapıyorum beni ana sayfaya girişe gönderiyor hesaba giriyorum otomatik çıkış yapıyor yaklaşık 3 aydan beri bu şekilde lütfen uygulamanızı güncelleyin ayarlarını yapın saygılarımla şimdilik bir yıldız hak ediyor uygulama,1,2025-01-25 12:24:31,2025,1
2 adet 500tllik epin aldım kodlar gelmedi musteri hizmetleri telefonu açmıyor tamamen dolandırıcılık,1,2025-01-25 11:37:54,2025,1
SMS gelmior,5,2025-01-25 03:12:51,2025,1
İşinizi düzgün yapın,1,2025-01-25 01:15:49,2025,1
Bunun kadar donan kasan bir uygulama görmedim ne sayfayı yüklüyor ne de yeniliyor tekrar tekrar denememe rağmen öyle kalıyor sadece dünyanın parasını almalarına rağmen hizmet çok kötü,1,2025-01-25 01:05:05,2025,1
fazla bile uygulama sürekli hata veriyor giremiyorum,1,2025-01-25 00:57:16,2025,1
Pişmanlık kullanmak,1,2025-01-25 00:35:21,2025,1
Ughulama 1330 TL parmi çekdi haberim yok nasıl alabilirim şikayet yeri varmi,1,2025-01-24 22:30:18,2025,1
Netlik ödemesini ilave edememek kötü,1,2025-01-24 21:03:55,2025,1
Arkadaşımın hesabında par aksldı atamıyorrr,1,2025-01-24 15:57:05,2025,1
Hesabımda para var ama 1 haftadır hata veriyor kullanamıyorum,1,2025-01-24 14:47:43,2025,1
Benden her ay düzenli para çekilmiş sebebi nesir acaba buda yeni dolandırıcılık yöntemi mi,5,2025-01-24 02:41:22,2025,1
gerçekten iyi bir şekilde yapılmış gerçekten son zamanlarda kendini çok geliştirdi paycell emeği geçen herkesin eline sağlık,4,2025-01-23 18:07:52,2025,1
Aşırı kötü bi uygulama.fiziksel kart ekledikten sonra kartları göstermiyor.sanal kart göstermiyor düzeltin acil😡😡😡😡😡😡😡😡😡,1,2025-01-23 15:00:34,2025,1
Para gönderiyoruz yansıması gerektiği halde yansımayıp mağdur ediyor paycell 5 para etmez finans ekibi ne iş yapıyor acaba,1,2025-01-22 23:46:41,2025,1
Uygulamqda aşırı eksik var. Dekont vermiyor. Kart kaydedince uygulama loading ekraninda donup kalıyor. Ayrıca sayfa geçişlerde aşırı duration var.,2,2025-01-22 17:04:20,2025,1
"Kullanamıyorum. Çünkü beni sürekli giriş yapma sayfasına atıyor, 5 snden uzun kalamadım içerde.",1,2025-01-22 16:29:00,2025,1
"Kimlik Doğrulama ekranında Video Çek adımında sürekli olarak ""Kamera yalnızca senin yüzün görünecek şekilde dene"" uyarısında takılıyor.",3,2025-01-22 16:23:35,2025,1
değeri bilinmeyen bir uygulama,5,2025-01-22 15:27:32,2025,1
Bakiye yükledim ancak hiçbir işlem yapamıyorum ve geri çekemiyorum lütfen yardımcı olurmusunuz.,1,2025-01-22 07:21:00,2025,1
5 yıldız vermemin sebebi yukarda gozukmmesi için gerçekten berbat bir uygula şifremi unuttuğum için şifrem bloke edildi ve müşteri hizmetlerini aradığımda benden şifremi istiyor ve bı turlu onlara ulaşamıyorum kimse kullanmasın berbat,5,2025-01-20 23:33:50,2025,1
5 yıldız vermistim ama düşürdüm dün fatura kesim tarihimdi ben limitimi kullanıyorum zaten kullanın diye bi ton reklam yapiyorya paycell her ay yüksek faturalar ödüyorum ama dün limitim borcumda olmadığı halde üstelik bu ay iki fatura ödedim kesim tarihi değişikliği yaptığım için limitim düşürülmüş şaka gibi limitimi neye istinaden dusurdunuz acaba demekki ödeyen suclumu bu ülkede anlamadım ben,1,2025-01-20 10:50:44,2025,1
Karta yükleme yaptığım hâlde kart bakiyem 24 lira olarak görünüyor,3,2025-01-20 00:40:54,2025,1
Uygulamaya giriş bile yapamıyorum,1,2025-01-19 21:49:06,2025,1
Nasıl saçmalık şifre unuttum eskiden e-posta kod gelirdi şimdi müşteri hizmetleri aramamız gerekiyor arıyoruz sapan saçma sorular çok uzatıyor lar berbat,1,2025-01-19 19:39:49,2025,1
Güzel bir işlem,5,2025-01-19 18:04:23,2025,1
Salla toplada her hafta 100 puandan başka bir şey vermiyorsunuz bu bir ikincisi kampanyalara katılıyorum ama yararlanamıyorum bu da iki üçüncü ve son olarak ta paycellde kupon yada harcamalarda hem sıkıntı yaşıyorum hem de kullanamıyorum hem para bakiyem yeterli hem de hiçbir şekilde yararlanamıyorum ödemede sorun yaşıyorum gerçekten kendinizden nefret ettirdiniz buda üç böyle bir uygulama yapacaktiniz madem kullanamiyorsak neden bu uygulama var kökten kaldırın yeterli,1,2025-01-19 13:27:44,2025,1
Bu uygulamanın salakca gönderdiği bildirimler yüzünden her gün bebeğim uyanıyor.,1,2025-01-19 13:08:54,2025,1
Çok güzel çok 🙏🙏🙏,5,2025-01-19 07:17:14,2025,1
Nasıl bir uygulama müşteri temsilcisine bile baglanmiyor,1,2025-01-18 20:52:05,2025,1
"Kimlik okutma olayını yapıp başarıyla tamamlıyorum ve sonra başa atıyor. Amacınız ne sizin? Bu nasıl bir hataysa, 1 yıldır giderilmedi. Tavsiye etmiyorum. Nays & Enpara daha güzel, onlardan örnek alın.",1,2025-01-18 19:51:51,2025,1
Kart etkinleşmiyor ve sanal kart açılmıyor.,1,2025-01-18 19:13:07,2025,1
Lanet olsun bu uygulamaya,5,2025-01-18 17:39:12,2025,1
İĞRENÇ BİR UYGULAMA KARTLARIM ARASİ PARA TRANSFERİ YAPMAYA ÇALIŞIYORUM İKİDEBİR HATA VERİYOR PARAM DİGER KARTİMDA KALDİ LANET GELSİN BÖYLE BOŞ BİR UYGULAMAYA,4,2025-01-18 16:22:10,2025,1
228 TL farkına varmadan kazıklandım. Yazıklar olsun.,1,2025-01-18 08:16:29,2025,1
"Uygulamayı yükledim , kullanımı pratik ama tek sorun yapılan para transferlerinden ,fastdan para kesmesi o yüzden uygulamayı sildim ve kullanmayı düşünmüyorum.Benim kullandığım ,fastda para kesmeyen 4 ila 5 tane kartımın var ,bu yüzden paycell'i kullanmak istemiyorum.Payceli bu şartlarda işime yaramadığı ,halde hooby olarak kullanacak değilim, kimseyede tavsiye etmem.",1,2025-01-18 03:48:57,2025,1
"Olumlu yorum yapmıştım fakat bunu olumsuza çeviriyorum vaat ettiklerini yapmıyorlar Steam geri ödemesi için kullanmıştım süresi geçti ve kaç tane mail atmama rağmen bir dönüş alamadım , kesinlikle kullanmayın. Çok daha güzel alternatifleri var . Müşteri hizmetleri bile yok ve maillere de cevap verilmiyor. Resmen sahtekarlık. Ödememi de alamadım.",1,2025-01-17 17:27:46,2025,1
100 puan tek veriyor,1,2025-01-17 13:16:06,2025,1
bol gibi,1,2025-01-17 10:47:02,2025,1
Kimlik doğrulama yapamıyorum,2,2025-01-16 22:41:58,2025,1
Oll ne de,5,2025-01-16 18:00:20,2025,1
Kendileride ne işe yaradığını bilmiyor. Berbat ötesi bir uygulama. Aklı olan uğraşmaz bu saçma sapan uygulamayla,1,2025-01-16 17:28:15,2025,1
Benim bir sıkıntım var kimlik doğrumada en son adıma kadar geliyorum NFC ile tamamlıyorum ama bir hatta olduğu daha sonra tekra deneyin diyor tekrar denediğimde olmuyor para ile tanımla diyorum oda olmuyor ve kartlar arası transfer yapmak istediğimde gene aynı hatta,2,2025-01-16 16:37:54,2025,1
"Ikidebir duruyo, ullanmayiyorum",1,2025-01-16 15:42:24,2025,1
Ben yüllemiyorum ama hinede param gidiyor kendi yükleniyor artık yeter her ay para veremem🤮🤮🤮🤮🤮,1,2025-01-16 15:34:36,2025,1
Teşekkürler,5,2025-01-16 14:47:29,2025,1
Uygulama üzerinden kimlik doğrulama yapmak imkansız. Bunun için sizi Türkcell mağazasına yönlendiriyorlar.,1,2025-01-16 13:58:31,2025,1
"Berbat bir uygulama, kurtarma kodu alamıyorum. Müşteri hizmetleri hiç ilgilenmiyor. Defalarca arayıp dilekçeler yazmama rağmen, ilgilenen yok. Tüketici hakem heyetine müracaat edeceğim.",1,2025-01-16 10:08:48,2025,1
Rezillik diz boyu daha ne diyeyim ki paysell iptali istiyorum ama çözüm yok artık noterden ihtar çekerek olacak,1,2025-01-15 20:54:47,2025,1
Merhabalar iyi akşamlar paycell şifremi oluşturdum fakat kurtarma kodu istiyor ne yapmalıyım,2,2025-01-15 18:41:28,2025,1
Saçma sapan bir uygulama para yükledim benzin almak için malesef kart aidatı kesmiş hemen alamadım ve kart kullanmıyorum ayrıca para transfer ücreti 6 TL'den fazla banka bile az alıyor hemen sildim uygulamayı hesap kapatma bölümüde yok.,1,2025-01-15 16:04:35,2025,1
"Çok fazla para kesintisi yapıyor , puanları bile kısıtlı kullandırıyor hiç memnun değilim.",1,2025-01-15 12:46:58,2025,1
Hiçbir şekilde borcumu n olmamasına rağmen bddk ile referanslı çalışan bir kurum sildim böyle böyle kurtulucam bunlardan,1,2025-01-15 00:39:23,2025,1
Guzel,5,2025-01-14 22:46:34,2025,1
Lütfen şifre sıfırlama e-posta oluştursun lütfen,5,2025-01-14 20:07:51,2025,1
Çok güzel,5,2025-01-14 17:58:55,2025,1
Hayattımda gördüğüm en kötü uygulama kampanya faydalanmak için yükleme yaptım para kesiyor çekiyoruz para kesiyor her türlü mağdur ediyor ürün aldım kusurlu çıktı iade ettim kampanyadan kazandığım parayı benden aldılar mağdur ettiler,1,2025-01-14 17:11:37,2025,1
"İsteğim dışında, hatalı dokunma ile üyeniz olmuşum.aylık kesintiler görüyorum. Lütfen üyeliğimi siliniz, iptal ediniz. İptal bilgisini görmek istiyorum. Değilse şikayetçi olacağım. 14.01.2025",1,2025-01-14 11:15:40,2025,1
Giriş yapamıyorum o yüzden '0',2,2025-01-14 09:31:48,2025,1
berbat içinde kalan paramı 4 yıldır alamadım hala duruyor hala zorluk çıkarıyorlar,1,2025-01-13 23:08:32,2025,1
kendi verdiğiniz kartın aktivasyonu bile yapılamıyor defalarca beni uğraştırdınız yaptığım işlemlerin resmini çektim attım o kadar hâlâ bi şeyi halledemediniz. Koskoca Türkcellin bilgi işlem merkezinde şu kadar basit bir meseleyi bile halledebilecek bir Allah'ın kulu yoksa cidden bitmiş bu ülke.,1,2025-01-13 16:52:59,2025,1
Puanları alıp İnternet vermeyen dandik uygulama,1,2025-01-13 12:22:50,2025,1
Hep bir eksik var uygulamada şifreni unutup yeniden sifre alamıyorsun müşteri temsilcisine bile bağlanamıyorum hep kusurlu uygulama 👎,1,2025-01-13 11:27:00,2025,1
Uygulama üzerinden şifre oluşturulamıyor müşteri hizmetlerine yönlendiriyor. Müşteri hizmetlerine de 10 dk oldu hala bağlanamadım,1,2025-01-13 10:11:31,2025,1
Kendi hesabımıza para transferi yapamıyoruz,1,2025-01-13 06:58:06,2025,1
Çok iyi,5,2025-01-12 20:09:57,2025,1
👍🏽👍🏽👍🏽👍🏽🤝🏻💯,5,2025-01-12 17:01:48,2025,1
Çok kötü,1,2025-01-12 15:18:56,2025,1
kod gelmiyor duzgun çalışmıyor 5 para etmez,1,2025-01-12 14:22:36,2025,1
PAYCELL TEMASSIZ KART BEKLENTMİZ VAR AMA NASIL ALIRIZ BAYRAMPAŞA BELEDİYE ARKASINDA TURKCELL E NE ZAMAN GELİR?,2,2025-01-11 20:05:15,2025,1
Aktardım para gelmedi,1,2025-01-11 17:47:14,2025,1
Hiç bulaşmayın kayıp çalıntı için bile 5:10dakka ancak bağlanıyor müşteri hizmetleri hiç yardımcı olmuyorlar,1,2025-01-11 17:29:49,2025,1
Ben kullanıyorum birde para yatırıp çekerken ve Turkcell'de fatura yatırırken kesintisiz olsa zaten millete pahalı veriyorsunuz birde buradan kazanmayın,2,2025-01-11 03:47:34,2025,1
"Uygulama giriş yaparken telefonda devam etmiyor müşteri hizmetleri yardımcı olamıyor bu konu hakkında, ve paycell karta telefondan para aktarırken aşırı yüksek işlem ücreti alıyor maalesef",1,2025-01-10 22:58:35,2025,1
yarım saattir kimlik doğrulaması yapmaya çalışıyorum her şey doğru ama kabul etmiyor işleminize devam edemiyoruz diyor ve bunu hep yapıyor bu konuda gerçekten berbat bir uygulama,1,2025-01-10 19:05:49,2025,1
Mobil uygulamada Kampanyalar görünmüyor. Desteğe yazdığımda ise kişiye özel kampanya olduğu için size kampanya tanımlanmamış cevabı alıyorum. Nasil oluyor da 5 aydır kullandığım kampanyalar şu andan itibaren görünmüyor 5 aydır bana özel olup ta simdi bana özel olmayan kampanya nedir saçma bir politika kullanmayı bırakacağım...,1,2025-01-10 15:47:03,2025,1
Turkcelli değilsen berbat,1,2025-01-10 15:09:31,2025,1
Hatalarla dolu bir uygulama. Her yaptığınız işlemde hata alıyorum o yüzden uygulamayı siliyorum.,1,2025-01-10 14:52:04,2025,1
berbat,1,2025-01-09 22:54:09,2025,1
Her hafda puanlarım siliniyor kardeşim bu nedir ya puanları topluyorum kendi kendine gidiyor düzeltin şunu kardeşim 😡,1,2025-01-09 18:40:48,2025,1
Bu uygulama bi bana galiba internet vermiyor,4,2025-01-08 23:56:52,2025,1
"Muhteşem! Çünkü gerçekten puanla verdiği ödüller yalan değil, gerçek, sanal işlemler için uygun ve Turkcell'e uygun ama puanların süresi bitmese güzel olurdu. (güncelleme: ne boş yapmışım aq)",4,2025-01-08 23:56:43,2025,1
Uygulama 10 numara 5 yıldız.,5,2025-01-08 13:05:43,2025,1
Çok beğeniyorum,5,2025-01-08 04:24:27,2025,1
Harika bi uygulama gayet memnunum,5,2025-01-07 13:12:24,2025,1
Sadece güzel,5,2025-01-06 18:09:22,2025,1
One cıksın fıye google play kodu adım 10 lıralık 20 lıralık sey odıyecegım fatura seyınden bana 10 lıra ucuzamı grlır ucuza gelıyorsa evete gelmıyprsa hayır dıyın,5,2025-01-06 17:54:48,2025,1
1 yıldız vermenin sebebi salla topla sadece 100 puan veriyor eğer 1 gb falan verseydi puanım 5 olabilirdi,1,2025-01-06 17:37:24,2025,1
Çalışmıyor,1,2025-01-06 13:12:54,2025,1
Sahtekarlık üye değilim benden izinsiz neden faturama yansıyan para kestiniz hırsızlar..,1,2025-01-06 11:27:16,2025,1
Kisi,5,2025-01-06 06:59:58,2025,1
"Müşteri hizmetlerinizi defaatle aramama rağmen hâlen bir çözüm bulamadınız.. Yaklaşık iki aydır uygulamaya girdiğimde beni atıyor yani uygulama aniden kapanıyor. Üstelik başka telefonlarda da deniyorum, uygulamayı silip yeniden yükledim fakat aynı sonuç.....",1,2025-01-06 06:52:22,2025,1
Trendyol üzerinden siparişimi iptal ettim geri ödemesi hala olmadı 2 gündür berbat bir sistem her şeye para kesiyor,5,2025-01-06 01:14:04,2025,1
dijital harcama iade kampanyası uygulamada çıkmıyor ama web sitesinde var hangisi doğru ?,1,2025-01-05 15:38:20,2025,1
"Merhaba Turkcell Paycell Ekibi, Öncelikle, bizlere sunduğunuz kaliteli hizmet ve harika uygulamanız için teşekkür ederim. Uygulamanızı severek kullanıyorum ve oldukça memnunum. Daha önce düzenlemiş olduğunuz dijital platform harcamalarına %50 nakit iade kampanyası 2 Ocak'ta sona ermişti. Bu kampanyanın tekrardan aktif hale getirilmesini rica ediyorum. Özellikle YouTube Premium bireysel (79,99 TL) ve aile (159,99 TL) paketlerinde %50 nakit iadenin bu tutarlar üzerinden hesaplanmasını istiyorum",5,2025-01-05 15:06:10,2025,1
"Yeni yeniliklerle kendilerini geliştirmişler sanmıştım. Ancak hâlâ kullanışsız bir uygulama. Para gönderme işlemlerinde yüksek komisyon kesmenin yanı sıra karekod harcamalarında da komisyon kesiyor. Harcama yapıyorsun diye komisyon ücreti keseni de ilk defa gördüm. Kampanyalarından faydalanmak ise en zoru, anlaşılmamak üzere koşullar belirlemişler. Harcama yapınca o hediyeyi hiçbir şeklde alamıyorsunuz. İlgilenecek, muhattap olacak birilerinde yok. Puan sistemi de yanlış işliyor. En iyisi papara",1,2025-01-05 05:44:57,2025,1
Bilerek 5 verdim okuyun ve çözüm bulun uygulamanızı indiremiyorum cihaz ile uyumlu değil diyor yeterli alanım vaar format attım olmuyor,5,2025-01-04 22:36:38,2025,1
Para tuzağı,2,2025-01-04 16:28:25,2025,1
Lanet olasıca iğrenç bir uygulama . Daha ilk başta şifre kurtarma denen bir rezaletle başlıyor müşteri hizmetlerindeki gevrekler tarifenizi soruyor ulan benim tarifeme gelene kadar 1000 soru var be .sonrasında şifre kurtarma yapamıyorsunuz sürekli bir sorun çıkartıyor . Kullanmam kullandırma tavsiye etmem silkelerim böyle uygulamayı,5,2025-01-04 03:58:59,2025,1
Ama doğrulama yapıyoruz sona geliyoruz olmuyor,4,2025-01-03 23:14:14,2025,1
Şifre değiştirmek için niye sizi arıyorum? Sor tc falan filan uygulama içinden değiştirelim. Size kalsa mektup isticeksiniz.,1,2025-01-03 22:19:13,2025,1
Müşteri temsilcisine bağlanıp işlem yapamıyorum Her şey benim adıma olmasına rağmen benden güvenlik bilgisi sormak yerine paycell şifresi istiyor boşuna indireceğim bir uygulama şimdi Turkcell de bu yüzden 1 yıldız alacak paycell de Turkcell de mobil ödemeyi kapatmıyor saçmalığa gel 🤬🤬🤬🤬,1,2025-01-03 21:29:07,2025,1
0 PUAN HIC KIMSE YARDIM ETMIYOR BENIM PATSAL HATTIMI IPTAL EDIN LUTFEN,1,2025-01-03 16:07:04,2025,1
Kendilerine olan olan kredi borcumu öderken bile 42 lira komisyon alıyorlar tam bir soyguncu bunlar,1,2025-01-03 13:52:13,2025,1
Hiçbir şekilde yardımcı olmayan müşteri hizmetleri ve komple para tuzağı Allah belanızı vers...n şer...ler,1,2025-01-03 09:32:30,2025,1
Efsane muhtesem,5,2025-01-02 23:25:09,2025,1
dijital platform iade kampanyasına tabii de eklenirse güzel olur,4,2025-01-02 19:38:23,2025,1
Olmasada olur.,2,2025-01-02 10:01:47,2025,1
Rtttrr tr sda,3,2025-01-02 09:21:21,2025,1
Dolandırıcılığın modern hâli her adıma para kesiyor. Faturalı hatta gectigim güne lanet olsun dedirttiler. Üstelik paycell i iptal ettirdim üyeliği kapqttirdim halq faturama 99.90tl yansitmislar paycell uygulaması faturana yansıt play store işlemidiyor. Haram zıkkım olsun haksız yere kestikleri tüm paralar.,1,2025-01-01 20:58:27,2025,1
Eğlence sektörü iadesine tabii platormunu ekleyin,5,2025-01-01 17:36:23,2025,1
Paycell den bize ulaşın dan size ulaşamıyorum.çalismiyor yada devre dışı bırakılmış,1,2025-01-01 11:41:53,2025,1
"paycell turkiyeden yurtdışına para göndermeye tıklayınca sitemde geçerli kayıtlı adresiniz bulunamadı turkcel iletişim merkezine basvurun diyor. ne adresi adresi nereye yazıyoruz anlamadım. turkcell müşteri hizmetleri, paycell, turkcell müşteri hizmetleri sordum sorun çözülmedi. şikayetvar sitesinde aynı sorunu yasayan bir arkadas sorunun çözüldüğünü söylemiş.",4,2025-01-01 00:39:40,2025,1
