Yorum,Puan,Tarih,Yıl,Ay
Fatura çok geliyor hiç qulana aolmadım,1,2024-06-30 23:14:26,2024,6
Turkcell in en sacma uygulama si,1,2024-06-30 22:55:33,2024,6
Devamlı çöküyor,1,2024-06-30 20:42:56,2024,6
Sakin kullanmayın para transferleri geçmiyormiyor 3 saat içinde geçermiş açıklama boş olursa 3 günde iade olurmuş,1,2024-06-30 19:22:22,2024,6
Çok güzel bir uygulama Özellikle de internet kampanyaları ama bence bir sorunu var Birine puan gönderdiğimizde 2 defa tek yani 1000 puan tek gönderebiliyoruz Bence bunu düzeltmeliler istediğimiz kadar puan göndermeliyiz Ayrıca en fazla her bir internet kampanyasından 3 tane alabiliyoruz Bence bunu da sınırsız yapmalılar istediğimiz kadar almalıyız Bence uygulamanın kusurları bu onun için 2 puan kırdım,3,2024-06-30 17:24:47,2024,6
İyi,5,2024-06-30 00:24:08,2024,6
paracell iş başında,1,2024-06-29 23:59:06,2024,6
SMS gelmiyor,1,2024-06-29 04:11:41,2024,6
yükleme sorunu olan kart almayın ise yaramaz,1,2024-06-28 02:23:44,2024,6
Kartımı neden kapattiniz 6000 TL vardı içinde ne hakkınız var kapatmaya amk? Lanet bir uygulama onermiyorum,1,2024-06-27 22:38:30,2024,6
Puan gönderemiyorum kimseye sürekli sorun çıkıp duruyor bunun sorununu öğrene bilirmiyim açaba öyle devam ederse sılıcem uygulamayı.,1,2024-06-27 22:26:53,2024,6
Gerçekten Hızır gibi yetisen uygulama,5,2024-06-27 22:06:12,2024,6
Puan paylaşamıyorum ve arkadaş davet edemiyorum yakışmadı turkcell,1,2024-06-27 22:05:17,2024,6
Arkadaşımı davet edemiyorum lütfen yardımcı olur musunuz,1,2024-06-27 18:06:36,2024,6
🤑💸💵💴💶💰💳,5,2024-06-27 14:53:56,2024,6
Hesabım silindi ve o hesapta Bilmediğim bir uygulamadan paycell faturalandırması ile ödenmiş... sürekli mesaj geliyor para olmadığı için. aboneliği nasıl iptal edebilirim? hemen yardım etmenizi istiyorum paycell ekibi.,1,2024-06-27 14:04:54,2024,6
Güzel kulanışlı tavsiye edilir,5,2024-06-27 13:46:59,2024,6
Yaş sınırı olmayan tek kart efsane,5,2024-06-26 18:05:09,2024,6
Beleş internet kazandığım için,4,2024-06-26 15:54:03,2024,6
ukh,5,2024-06-26 15:46:14,2024,6
Abi niye kazan kazan da işlem limiti var,1,2024-06-26 12:44:00,2024,6
🥰,5,2024-06-25 23:21:37,2024,6
kesinlikle kullanmayın simkart değişikliği sebebiyle giriş yapamıyorum müşteri hizmetleri baglanmama rağmen şifre bir için yönlendirme yapıyor tekrar başa dönüp duruyor lanet bir uygulama,1,2024-06-25 18:15:12,2024,6
KULLANMAYIN,1,2024-06-25 17:42:33,2024,6
Türk telekomlulara Oluyormu arkadaşlar knk,5,2024-06-25 13:18:55,2024,6
Aldığım oyunu iade etmiştim kartın satın alma geçmişinde iade ettiğim oyunun parası gözüküyor ama kart bakiyesinde gözükmüyor bu sorunun çözülmesini istiyorum,1,2024-06-25 11:31:46,2024,6
Uygulama hiç güzel değil yüklendiğinden beri daha bir kere bile olsun iki yüz puan vermedi full yüz puan veriyor yüz puan ile de hiç birşey gelmiyor bu kadar da olmaz 😤,1,2024-06-25 11:12:32,2024,6
Odemelerdeki yeni kredi kartı odeme seçeneği çalışmıyor,3,2024-06-25 10:22:49,2024,6
Iyi,5,2024-06-24 22:35:29,2024,6
ödeme yapamadım paramıda geri alamıyorum müşteri temsilcisiyle görüşemiyorum vs Türkcell şubeme gittim bizimle alakalı deyil yanıtını aldım ve bir yıldız sadece görüntü olsun diye verdim paramı geri istiyorum muhatap yok bu bir dolandırıcılık,1,2024-06-24 21:36:20,2024,6
"şuan dolandırılmış gibi hissediyorum. anlatayım. müşteri temsilcisine sordum hesabımda 2400 TL görünüyor neyin nesi, hesaba aktarıp telefon faturanızı ödeyebilirsinizsadece %9 komisyon alır dedi. aktardım turkcel hesabimdaki borç 600 Ken 3000 oldu. tekrar aradım siz kredi çekmiş oldunuz söylemedi mi size önceki kişi dedi. yani adamlar öyle bir sistem kurmuş ki bir müşteri temsilcisinin yanlış söyleminin bedelini ben mi ödeyeceğim. kesinlikle uzak durun. KESİNLİKLE!!!",1,2024-06-24 20:01:41,2024,6
Şerefsiz bunlar işleri milleti soymak asla bir daha bu mikrop uygulamayı kullanmam sildim artık,1,2024-06-24 13:40:34,2024,6
"Hiç güzel ödüller yok,her hafta 100-300 puan veriyonuz ztn Turkcell tam bı kazık operatörü",2,2024-06-24 12:22:44,2024,6
Ya benim puanım olmasına rağmen kullanamıyorum aylık maksmuma ulaştı diyor bu ne ya sadece birinden aldım ama puanım yettiği halde diğerlerinden alamıyorum iyice bozdunuz uygulamayı,1,2024-06-23 22:12:51,2024,6
Parayı yüklerken kimlik doğrulama istemiyor ama çekerken istiyor Kimlik doğrulama çalışmıyor Turkcell mağazalarına gidiyorum kimlik doğrulama için bizde bu hizmet yok diyorlar bu nasıl iş ya Kaç aydır ne yaptıysam olmadı saçma sapan uygulama kimlik doğrulama dan para atmayın cekemiyorsunuz sonra,1,2024-06-23 14:39:40,2024,6
Üstte gözüksün diye 5 yıldız verdim Kesinlikle indirmeyin paranızı çekene kadar insanı kanser ediyor sildim bidaha da paysellin p siyle işim olmaz dolandırıcılar sizi,5,2024-06-23 10:16:18,2024,6
.o,5,2024-06-23 00:19:34,2024,6
"Çok azaldı kampanyalar, uzak durun",1,2024-06-22 23:57:52,2024,6
Kart ekleme işlemini yapamıyorum önceden böyle deyildi nasıl yapa bilirim,5,2024-06-22 22:16:20,2024,6
Musteri hizmetlerine baglanirken asistan sifre istiyir bende sifre yok iki aydir eski telefon uzerinden apple store para kesiyorlar telefon bozuldu acilmiyir iptal edemiyirum,5,2024-06-22 16:32:52,2024,6
"Uygulamayı kazayla yükledim. Ardından sildim. Faturama 80 küsur ödeme yansıdı. Yükleme hatası tarafıma ait deyip itiraz etmedim. Tekrar benzer bir sorun yaşanmaması için Turkcell yetkililerini aradım. Biz ilgilenmiyoruz, sizi paycell yönlendirelim dediler. Sonra paycell müşteri hizmetlerini aradım. Paralo almadan işlem yapmıyorlar. Önce parola alıp aktif etmem gerekiyormuş. Aktif değilse benden neden ücret aldınız. Aktifse neden iptal etmiyorsunuz. Zaten bence gereksiz bir uygulama.",1,2024-06-22 16:22:35,2024,6
Kullanıcı arayüzü aşırı kötü. Ek olarak kredi kartı borcu ödeme ekranında ilerletmiyor. İki farklı cihazdan denendi uygulamadan atıyor,1,2024-06-22 15:49:37,2024,6
Ne e-posta geliyor şifre yenileme ne müşteri hizmetleri yardımcı oluyor 2 haftadır acamadi,1,2024-06-21 14:17:36,2024,6
Şifre yenile diyor e_posta adresine kod gelmiyor,1,2024-06-21 02:56:38,2024,6
Gıris yapamiyorum telefon root falan diyo yardim,1,2024-06-20 19:50:34,2024,6
Güzel uygulama,5,2024-06-20 18:48:04,2024,6
Hayatımda gördüğüm en kötü uygulama bulsalar uygulama giriş ücreti alacaklar Turkcell den telefon alıyorum paycell aracılık ücreti alıyor uygulamasını bile kullanmıyorum benden ücret alıyor ş...,1,2024-06-19 14:35:40,2024,6
Almayın aldırmayın,1,2024-06-19 13:18:26,2024,6
10 tllik 1gb geri getirin pls 😔,2,2024-06-19 13:18:23,2024,6
1000 tl ye kadar iade ediliyor diye yazıyorlar sonra onay verilirse diyorlar kullanmadığım parayı faturama yansıtıyorlar kesinlikle pişmanlık dava acıcam,1,2024-06-19 11:00:47,2024,6
Kartı ekledim sonra hesabım otomatik kapandı ve açılmıyor yardımcı olurmusunuz,1,2024-06-18 20:51:18,2024,6
Puan hesaba 1 saat sonra geçiyor bide durdukyere puanım gidiyor,1,2024-06-18 18:31:13,2024,6
Günde 10 defa aynı SMS i atiyorlar 4 aydir sikecem hergun smslerinizi silmekten bıktım atmayin artik yeter amk zaten kullanmiyoz,1,2024-06-18 02:56:19,2024,6
.. .,1,2024-06-18 02:32:29,2024,6
Çok kötü geçen bir Suriyelide gördüm indireyim dedim adamların neden indirdiği belli oldu gidip nargile gibi yerlerde para harcıyınca puan veriyor gerçekten çok berbat,1,2024-06-17 23:48:13,2024,6
Herşeyiyle 0 boşuna yükleyip uğraşmayın,1,2024-06-17 23:24:01,2024,6
Düzeldi biraz,5,2024-06-17 12:53:43,2024,6
Hesabım dondurlduğu için giremiyorum lütfen yardım edin,5,2024-06-17 12:43:38,2024,6
Beş para etmez,1,2024-06-16 22:18:39,2024,6
Cooooooook iyi,5,2024-06-16 20:17:30,2024,6
"Bu ne rezalet şifremi unuttuma tıklıyorum gelen linke tıklayınca şifre değiştirmek için benden unuttuğum şifreyi istiyor! Numaradan arayınca parola belirleden parola da alamıyorsunuz. unuttuğunuz parolayı istiyor.(Temsilci öyle yapın dese bile) Paycell ekibine kayıp çalıntı ihbarı dışında asla ulaşamıyorsunuz ve onlar da bu konuda yardımcı olamıyor. Paycell pişmanlıktır!(Dolayısıyla Turkcell de öyle, başka yerde mobil ödeme yapabilecekken Turkcell'liyseniz yapamazsınız)",1,2024-06-16 19:05:48,2024,6
Uygun hem haladygym ürünler satın almak için,5,2024-06-16 15:35:15,2024,6
Hesabım gitti 1.000 tl gitti paramı iade istiyorum,1,2024-06-16 14:47:20,2024,6
Cok iyi bir uygulama her şeyi yapabiliyoruz indirin,5,2024-06-16 13:54:43,2024,6
Paycell e girmiyorum bir defa dolandırıldim 3000 bin ödedim hiç yoktan 2 aydır da hiç kullanmıyorum girmiyorum ve 2 aydır faturama ekstra paycell kullanımı adı altında ücret yansıyor taahutum bitiyor çok şükür hiçbir sorunla mağduriyetle ilgilen milyonlar bilgilerim dolandırıcıların eline nasil geçti hiç sorumluluk almadılar,1,2024-06-16 04:50:56,2024,6
"Şifre yenileme maili gelmiyor, maile gelen linkten girince şifre istiyor böyle saçmalık mı olur",1,2024-06-15 23:39:48,2024,6
Ne bilim öylesine,1,2024-06-15 23:12:14,2024,6
Puan paylaş çalışmıyor. Uygulamadan atıyor.,1,2024-06-15 21:50:53,2024,6
Çok iyi,5,2024-06-15 18:30:34,2024,6
Çok mantıksız bir şifre sıfırlama sistemi var şifremi unuttum secenegine basıyorum e postama kod gidiyor ve o koda basıyorum sonra sifremi sıfırlamak icin eski şifremi istiyor eski şifremi bilsem zaten şifre sıfırlamak için ugrasmazdim çok saçma sapan bir sistem hiç memnun değilim,1,2024-06-15 01:27:30,2024,6
ACİLL ACİLLLArkadaşım paysell benim haberim olmadan mobil ödeme yapmiş ve ben ne operatörlerden nede uygulamadan kimseye ulaşamıyorum lütfen hemen iptal edin ve şu lanet paysell uygulamasını kapatın,1,2024-06-14 10:39:56,2024,6
Millet uygulamayı güzelleştirmek için güncelleme getiriyor bunlarda her güncellemede uygulamayı kötüleştiriyor. Eskiden paycell karttan diğer paycell karta rahatça para aktarıp ve başka kişiye rahatça para gönderebiliyoken şimdide başımıza saçma sapan karta aktarılabilir bakiye ile ve kredi kartıyla yükleme yapıldığı için para transferi yapılmamaktadır VS VS o zaman sizi ben niye kullanayım ki millet zaten kredi kartından para transferi yapamadığı için paycelle yüklüyor böyle bi saçmalık olabili,5,2024-06-14 10:24:07,2024,6
Sanal karttaki paramı paycell kartına aktaramıyorum.berbat bir uygulama,1,2024-06-13 21:18:31,2024,6
Paycell puanlarimi paylasamiyorum sürekli çıkış yapıyor nedenini öğrenmek istiyorum,3,2024-06-13 17:19:43,2024,6
Uygulama gayet güzel,5,2024-06-13 16:37:02,2024,6
Güzel,5,2024-06-13 03:14:39,2024,6
Çok güzel😍💓,5,2024-06-12 11:17:11,2024,6
Sakın üye olmayın hesap açmayın. Param içeride kalıyordu zor kurtardım şimdi de her ay üyelik ücreti kesiyor geçen ay müşteri hizmetlerini arayıp iptal ettirdim tamam dediler bu ay yine faturama yansımış üyelik ücreti,1,2024-06-11 02:17:59,2024,6
Kredi kartı ödemeye alanında tam ödemeye çalışırken birden kapanıyor uygulama. Para aktarırken sorun çıkarmıyor da iş fatura ödemeye gelince mi bozuluyor,1,2024-06-10 15:12:46,2024,6
paycell uygulamasini acamyorum 1 telefonunuza gelen bildirimi dokunun diyor ama bildirim gelmiyor salak salak turkcell uygulamsi,5,2024-06-10 11:04:08,2024,6
Paycel para çekmek istedim çekemesim faturaya yansıdı şimdi 90 lirada faiz alarak odeme yapacam 1180 TL fatura 1000 TL hesaptan çıkmıyor nasıl ödeme yapıcam üstünü balen olsun,1,2024-06-10 00:39:56,2024,6
Paycell otomatik ödeme talimatı ver 2 GB haftalık kazan diyordu fakat henüz tanımlanmadı bu nedir böyle,1,2024-06-09 14:05:39,2024,6
Paycell şifremle uygulamaya giriş yapamıyorum son güncellemeden sonra böyle oldu 🤔 bundan sonra karttan fatura ödeme yapmıycam😡 sorun büyük,1,2024-06-09 12:18:42,2024,6
Uygulama iyi ama güncel olsa da galiba android sürümüm eski kart ekleme menüsü yok,5,2024-06-08 19:00:21,2024,6
Güzel bir uygulama,5,2024-06-07 21:07:02,2024,6
Berbat uygulama yetkiliye mesaj atma kısmı yok iade işlemlerundeki parayı geri gondermuyo hiç onermiyorum,1,2024-06-07 20:11:28,2024,6
Güzel uygulama ben daha bir sıkıntı yaşamadım oyunlardan gelen geri iadelere bayılıyorum,5,2024-06-07 16:01:41,2024,6
Bu nekadar da kötü bir uygulama benim 14 tl mi karttan çektiler ama bana puanımı vermediler gereğinin yapılmasını arz ederim,1,2024-06-07 11:23:52,2024,6
Süper,5,2024-06-07 04:29:07,2024,6
Kötü berbat,1,2024-06-06 20:09:13,2024,6
Çok detay yok,1,2024-06-06 19:12:29,2024,6
Paycel kartıniza para atmayin.Paycell kart çıkarmayin sakinz.Sürekli paranizi kesiyor biryerlerden.Heryerden para kesiyor.Paranızi ç*liyolar resmen.İcindeki paralarim kayboluyor resmen.Sakin kullanmayin bile bu uygulamayı.Lütfen,1,2024-06-06 17:59:36,2024,6
Uygulamayı nasıl iptal edebilirim,5,2024-06-06 10:40:48,2024,6
"04.06.2024 tarihide Tarafıma gönderilen bir linkte content board isimli bir uygulamayı satın aldığım söyleniyor ve oparatörüme 179 tl tutarında bir ücret yansıtılmış fakat iki taraftan da (oporatör ve contentboard ) bu işlemle ilgili net bir bilgi ve bu işlemi yaptığıma dair görsel içeren mail alamıyorum, bu işlem bilgim dışında gerçekleşmiştir , bu satın alma işlemini ben yapmadım, ne olduğuna dair bir fikrim dahi yok, ödemeyi reddediyorum ve ücret iadesi istiyorum.",1,2024-06-06 02:51:49,2024,6
Salla kazan ilk 500 puan veriyordu sonra 300 puana düşürdüler ve şimdi de 100 puana düşürmüşler. Hiç vermeyin daha iyi ! Bu uygulama kadar rezil düzenbaz bir uygulama görmedim. Turkcell'in tüm uygulamalari böyle. Kesinlikle destek vermeyin bunlara,1,2024-06-06 00:21:02,2024,6
"E-Cüzdan, ön ödemeli kart vs. gibi kullandığım uygulamalar içerisinde açık ara en kötüsü. Paycell'e para gönderiyorsun 1 saate yakın sürede hesaba geçiyor. 18 yaş altı çocuk için onay mesajını 17. denememde kabul etti. Onay verdiğine dair de cevap gelmedi. Çocuğa aldığım kartı da sisteme tanımlayamıyoruz. Hatalı kart numarası diyor 🤦 Kimlik doğrulama yapacağım, NFC kısmını aşamıyorum. Bir hata oluştu sonra tekrar deneyin diyor başka birşey demiyor. Defalarca denedim. Bu kafayla yürümez",1,2024-06-05 23:27:10,2024,6
Çok kötü bir uygulama kartı kullanamıyorum sizin yüzünüzden sizden şikayetçi olacağım,1,2024-06-05 17:22:42,2024,6
Benden iznim olmadan kesilen 179 TL min geri iyadesini taleb ediyorum Bende kesilen 279 TL i geri iyadesini talep ediyorum,1,2024-06-05 16:19:26,2024,6
Kartım gizukmuyir ve um18.000 TL ye yakın param giti,1,2024-06-05 11:36:10,2024,6
Ya bence çok saçma babamın üstune açtim kartı hala veli beyan diyo 45 yaşındaki adamı 18 yaşından küçük gösteriyor bunu düzeltirseniz sevinirim,5,2024-06-04 21:26:44,2024,6
Profile basınca kod girme vae diyorsunuz yok öyle birşey,1,2024-06-04 15:18:22,2024,6
Para transferi yapamıyorum sistemsel hata diye uyarı verip duruyor,1,2024-06-04 10:49:44,2024,6
Daha iyi bir sistem olabilir di.......,2,2024-06-04 10:00:48,2024,6
Ahha mada fakis,4,2024-06-04 00:23:20,2024,6
Hesabı düzelt,5,2024-06-03 23:36:46,2024,6
Hesabtan atılan para transferi 1 günde geçiyor. Enteresan bir hizzz ....,1,2024-06-02 23:40:12,2024,6
Uygulamada kimlik doğrulama yaparken sürekli atıyor tam son aşamaya geliyorum uzun süre işlem yapmadığınız için otomatik olarak atıyor,1,2024-06-02 19:58:02,2024,6
Sanal kart eklemeye çalışıyorumama sınırlandı diyor her ay deniyorum bir degişen yok,1,2024-06-01 23:33:41,2024,6
"Uzun zaman girmediğim için hesabım dondurulmuş ,buraya kadar hiç bı sorun yok ama e- posta ile gönderilecek olan şifre asla gelmiyor. Bir hafatadır bunla ugraşıyorum. Silip tekrar yükledim, olmadı yine. Yardımcı olun...",1,2024-06-01 21:04:53,2024,6
Sanal kart siliniyo kart ekleyince,3,2024-05-31 15:31:52,2024,5
Cook kötü bir uygulama Allah belasını versin keslikle yüklemeyin,2,2024-05-31 12:05:45,2024,5
Paket yüklemek için kayıt oldum hesabıma para attim ve sanal kart icin doğrulama kodu sim kart değişikliği nedeni ile gondermeyip bilmem şu numarayi arayın diyor alay mı ediyorsunuz lan siz!,1,2024-05-29 11:00:22,2024,5
Sizin bisey duzelticeniz yok durmadan yonlendirme yapiyo en iyisi uygulamayi silmek kendim cozmus oldum sorunu kullanilcak bi uygulama degil artik 👎👎,1,2024-05-29 00:59:25,2024,5
Kesinlikle indirmeyin ve kullanmayın telefonunuzda parmağınız her hangi bir tuşa değse hemen kısa mesajla 300 500 hatta daha fazla ücreti ödemek zorunda kalıyorsunuz ayrıca bu pay cell kumar sitelerinin kullandığı bir program ben şahsen bu pay cell yüzünden Turkcell hattımı vodafona taşımak zorunda kaldım . Tam anlamıyla soygunculuk bu . Benim hesabımdan hiç kullanmadan benden 1000 TL den fazla para tahsil ettiler operatorunuzu arıyorsun onlarda bilgi vermiyor dolayisiyla dolandirilmak istemiyor,1,2024-05-28 19:21:53,2024,5
harika,5,2024-05-28 15:06:01,2024,5
Sorunlu hatali musteri temsilciside sorunu cozemiyor,1,2024-05-28 15:03:43,2024,5
Tiktok uygulamasına para yüklemek için bu uygulamayı tercih etdim gönderdiğim paralar hesaba yüklenmedi bir nevi bu uygulamayı kuran hırsız gibi bişi heralde,1,2024-05-27 23:23:01,2024,5
Güvenlik adımını bir türlü geçemiyorum müşteri temsilcisinede bağlanamıyorum bir faturam gecikmeye düştü ödedim borcum yok hala borçlu görünüyorum findex notumu alt üst etti faturasiza geçtim turkcell yükleme yaptım paket alamıyorum tam bir baş belası afaki komisyonlar hiç bir işe yaramaz,1,2024-05-27 15:44:42,2024,5
Berbat,5,2024-05-27 12:23:01,2024,5
Mobil payel uygulamasına giriş yapılmıyor,5,2024-05-26 14:54:32,2024,5
Merhaba yönetici banka hesabım ile paycell hesabıma para gönderdim açıklama kısmına telefon numarası başına 90 yazmadım yüklenir mi bakiyem lütfen yardımcı olun,5,2024-05-25 18:20:10,2024,5
Bu kadar boş bir uygulama olamaz Turkcell böyle uygulamaları artık kaldırması gerekiyor hiç bir avantaj yok şuan siliyorum,1,2024-05-25 14:39:54,2024,5
Mükemmeldi herkese tavsiye ederim,5,2024-05-25 12:34:34,2024,5
Kendi kendine faturana yansıt üyelik bişeyi almış iptalde edemiyorum hesabıda silemiyorum. Resmi dolandırıcısınız siz,1,2024-05-23 23:04:35,2024,5
Çok berbat bir uygulama hiçbir şey hak etmiyor sakın bu uygulamayı indirmeyin,1,2024-05-23 20:52:00,2024,5
Mükemel🤩,5,2024-05-23 20:40:16,2024,5
aa😃2🙀ccc😻😻👻r💕 cuz,3,2024-05-23 10:40:01,2024,5
"Ya parolamı unuttum diyorum, parolanızı yenilemek için önceki parolanızı girin diyor. KARDEŞİM PAROLAMI BİLSEM NİYE DEĞİŞTİREYİM ŞAKA MISINIZ SİZ YA",1,2024-05-23 00:25:55,2024,5
Paycell karttaki parayı neden banka hesabına atamıyoruz daha önce atabiliyorduk faturaya yansıyordu,1,2024-05-22 15:11:21,2024,5
Anca hakketiginiz puanı veriyorum Allah belanızı versinla sizi şikayet edecem siz görürsünüz la para yükledim param gözükmiyor tam 680 TL boşa gitti,1,2024-05-22 11:10:43,2024,5
Hayatımda bu kadar kötü bir şey görmedim,5,2024-05-21 22:04:17,2024,5
Çok saçma. Şifremi unuttum ve yeni şifre oluşturmak istediğimde eski şifremi sordu..,1,2024-05-21 19:12:44,2024,5
İyi,5,2024-05-21 15:01:45,2024,5
E postamı degiştirdim ve şifremi hatırlamıyorum e postamı nasıl yenileyen bilirim bi yardımcı olurmusunu,5,2024-05-20 18:26:43,2024,5
Banka havalesi ile basitleştirilmiş doğrulamam neden gerçekleşmiyor üstüne üstlük birde havaleden sonraseçenekler arasından basitleştirilmiş doğrulamayı kaldırmışsınız kimlik doğrulama ile gidiyorum 20 dakika selfie çekilecek diye kameraya baktım Allah belanızı versin bir selfie çekemediniz dolandırıcıdan başka birşey olmadığınız gayet net anlaşıldı kimseye tavsiye etmiyorum kesinlikle uzak durulması gereken bir sistem ve şirket.. rezillikcell,1,2024-05-20 16:51:41,2024,5
mükemmel süper,5,2024-05-20 13:56:17,2024,5
Sırf yorum en üste kısımda dursun diye 5 yıldız verdim böyle rezalet bir uygulama yok para alıyor ama göndermiyor rezillik,5,2024-05-20 10:47:30,2024,5
Tüm yorumlara katılıyorum,1,2024-05-19 17:37:54,2024,5
Şuanda herşey güzel umudediyorumki hep iyi gider .,1,2024-05-19 17:32:31,2024,5
Ne rezillik 10 gündür İstanbul kart yüklemesi yapamıyorum. Şuan işlem gerçekleştiremiyoruz uyarısı veriyor ne zaman düzelecek. Türkcell bir altyapısı çalıştigini görsek keşke,1,2024-05-19 11:36:40,2024,5
Güzel,5,2024-05-19 06:28:49,2024,5
Bu uygulama ne işe yarıyor biri bana bunu anlatsin,1,2024-05-18 16:28:43,2024,5
Hiç beğenmedim giriş yaptım telefonu değiştirmek zorunda kaldım artık giriş yapamadım Türkseli aradım sesli yanıt sistemine bağladı böyle sorumsuz bir şey görmedim uygulamayı hiç tavsiye etmiyorum,1,2024-05-18 09:35:41,2024,5
Pubg 60 uc gelirse güzel olur.midasbuy üzerinden daha kolay oluyor.,4,2024-05-17 19:55:31,2024,5
Playstore duzgun calismiyor,4,2024-05-17 00:35:28,2024,5
Igrencsiniz,1,2024-05-16 22:49:53,2024,5
paycell pişmanlıktır sözde Fast işlem ile saniyeler içerisinde para göndermeme rağmen 30 dk dır hesaba geçmeyen para,1,2024-05-16 21:45:03,2024,5
Beş para etmez bir uygulama telefondan da ulaşılamıyor uygulamadan da ulaşılamıyor saçma sapan protokleriniz var sizi gören Microsoft yazılımı zanneder,1,2024-05-16 18:28:33,2024,5
Cok güzel,3,2024-05-16 15:39:38,2024,5
Lütfen benim paramı iade edin ben sizin ne iş yaptığınızı anlayamadım Yoksa haram edeceğiz.,1,2024-05-15 18:34:48,2024,5
Uygulama tam saçmalık fatura düzenli ödemene rağmen faturaya yansıt limitim durduk yere sıfıra indi paycell müşteri hizmetlerini arıyorum dalga geçer gibi cevap veriyorlar yardımcı da olmuyorlar,1,2024-05-15 17:29:39,2024,5
Paramı aldılar hatalı kod girişimde bulunduğum için paramı iade edin ve onaysiz param çekildi,1,2024-05-15 16:32:26,2024,5
İyi bir,5,2024-05-15 09:22:18,2024,5
Paycell çok işe yarıyor Paycell kartı olana öneririm,5,2024-05-15 07:43:29,2024,5
Güvenlik nedeniyle oturum sonlandırdı. Bu ne saçma uygulama.,1,2024-05-13 01:05:23,2024,5
Şu uygulamada emeği geçen herkes hırsız bu ne ya hiç bir halta yaramıyor yok işlem sınırı yok mutabakat yok işlem yapılmıyor takılmış bir para var çektiğim ama bir türlü harcayamiyirum yoksa hemen silerdim,1,2024-05-12 23:58:38,2024,5
Allah aşkına daha mesaj atmayın hiçbir platforma bağlı olmak istemiyorum şu mesajlarınızı kesin Yeter,1,2024-05-12 23:48:13,2024,5
"Tam bir rezillik siniz resmen 3,5 aydır 250 lira parayı orada harcama yapmanız burada harcama yapmanız gerekiyor diye sürekli telefonda bildirimler yapıyorsunuz söylediğiniz her bir şey yapmama rağmen şu anda o parayı hala daha kullanamıyorum ve bunun üzerine 1.500 1.750 olmak üzere toplamda iki sefer para çektim sizin yüzünüze fakat bunun da kararını verecek mertler var rezillik hiçbir ... benzemem",1,2024-05-12 20:59:49,2024,5
Berbat,1,2024-05-12 14:37:28,2024,5
Merhaba 5 yıldız veriyorum one çıksın Herkes görsün Para çekerken veya yollamaya çalışırken günlük nakit çekme limitiniz aştığınız için gerçekleştirilmemektedir Böyle Yanıt ila karşılaşıyorum lütfen yardımcı olur musunuz 1200 lira param var çekemiyorum 2 gündür İyi günler paycell ekipi,5,2024-05-12 14:34:06,2024,5
Paycel iptal etmek istiyorum müşteri temsilcisine baglanamiyorum,1,2024-05-12 12:13:06,2024,5
İsteklerimi düzenliyemiyorum bilgi organize eksikliğim var,4,2024-05-12 11:03:05,2024,5
Fatura ödemeye girince sürekli şifre istiyor güncelleme ile bu hatayı gidermenizi bekliyorum,5,2024-05-12 10:30:49,2024,5
Para transferinde berbat bir uygulama emtia alışları için soyyorlar resmen 250 ₺ mal oldu benim için bittiniz artık,1,2024-05-11 21:36:52,2024,5
Şifremi unuttum. Yeni şifre için aradım sizleri.Gelen maillerde benden şifre istiyorsunuz. Ben şifremi unutmamış olsam sizden neden yeni şif re işteyim ki...,1,2024-05-11 17:56:10,2024,5
Uygulamanın her şeyi ayrı sinir bozucu. Berbat bir bildirim sesi var ben o sesi duymak istemiyorum.,1,2024-05-11 14:45:15,2024,5
Böyle ugulama olmaz olsun,1,2024-05-11 13:31:20,2024,5
Emtia işlemlerinden altın almıştım. Şimdi satmak istiyorum işleminiz gerçekleştirilemiyor diyor. Olamaz böyle birşey,1,2024-05-10 19:38:55,2024,5
ne ödeme yapabiliyorum ne hazır limitimi kullanabiliyorum ne oldu bu paycelle,1,2024-05-10 12:55:47,2024,5
Şok marketlerde sürekli olarak sorun yaşıyoruz.sadece gıda ürünü aldığımız halde hata veriyor,1,2024-05-10 11:49:16,2024,5
İşlem ücretleri çok yüksek,1,2024-05-10 08:10:01,2024,5
Müşteri hizmetleri 0,1,2024-05-09 17:40:22,2024,5
Karta aktarılabilir gereksiz para alan işlem ücretinizi skiyim,1,2024-05-09 17:29:50,2024,5
"Bu kadar kötü bir uygulama hiç görmedim. Tek kelimeyle berbat... Turkcell çalışanları kullanıcıların şikayetlerinden bıkmış, müşteri temsilcisini aradığınızda hiçbir işlem yapamıyor. Bu kadar gereksiz bir uygulama az görülür gerçekten. Turkcell gibi köklü kurumsal bir firmanın ayıbı olarak nitelendirilebilir sadece!",1,2024-05-08 21:44:35,2024,5
Bankada para sıkıştı paramı vermiyorlar 1500 binlira kullanmayın kullandıertmayın öne çıksın diye 5 yıldız verdim.,5,2024-05-08 16:51:34,2024,5
Komisyonlar çok yüksek. Bildiğin resmi dolandırıcı lık kartımda kalan 7.88 tl 10tl altında diye hiç bir türlü idaesini sağlayamacaklarını söylüyor küçük gözüken kişi sayısına milyonlar eder.,1,2024-05-08 15:58:26,2024,5
Çoooook kötü bir uygulama,1,2024-05-08 14:14:00,2024,5
"Cüzdan kısmında 5mayıstan beri kartta 5.66 TL görülüyor. Halbuki en som işlem 862.59TL'lik iade, yani böyle bi şey imkansız. Evvela ""belki paycell aynen iade/iptal edilmiş ödemeleri karta yeni yükleme yapmak olarak sayıyorur, o yüzden aylık limite takılmıştır"" diye düşündüysem de, 6nisan'dak yüklemeden bi ay geçince nihayet bu sonuncuya yer açılmış olmalıydı, 8mayısta kart hala 5.66 TL gösteriyor. Ayrı acaiblik olarak, 27nisanda 17.99TL Lifebox ücreti kesilmiş, bizde onu hiç kullanmış yokken.",2,2024-05-08 12:46:27,2024,5
Mükemmel,5,2024-05-08 11:39:32,2024,5
Ucuz jeton verin daha iyi olur Lütfen tiktok,5,2024-05-07 23:26:52,2024,5
"Bu,kartı şoktan aldım gereksiz bi kart hesap açmaya çalışıyorum sanal,kart açılıyor verdiğim paraya yazık birdaha bu hatayı yapıp bu karttan almicam",1,2024-05-07 20:51:28,2024,5
Berbat bir uygulama,1,2024-05-07 20:45:55,2024,5
Paycell şifresinin geçerlilik tarihi dolmuştur yazısı karşıma çıktı ve şifremi değiştirmek için her türlü sayıyı denedim ve her seferinde eski şifre hatalı diyor yorumuma cevap vermenizi arz ederim!,1,2024-05-07 04:49:06,2024,5
Çok iyi uygulama ama bazı alışverişlerede kullanılabilse,5,2024-05-07 04:26:00,2024,5
Berbat ötesi uygulama sakın indirmeyin. Dalga geçiyorlar insanlarla. Berbatsiniz başka bişey degil,1,2024-05-07 02:25:51,2024,5
Merhabalar paycell uygulamasındaki Uygulama mağazaları için olan dijital kodlar kaldırıldı mı? Neden yok ? Lütfen geri getirin,5,2024-05-07 00:35:29,2024,5
Uygulama güzel ancak finans işleri sıkıntı kendi parasını kim neden bu uygulamaya yüklerinki zaten bütün bankaların uygulamaları aynı işi görüyor faturama yansıt olayını anlamadım kendi uygulama abonelikleri için bir limit açmışlar asla ve asla anlaşmalı oldukları yerlerde bile kullanamıyorsun limit gözüküyor ödemeye geçince 0.00 tl gözüküyor aylık 600tl üzeri fatura ödüyorum platium tarife ayrıca süper online aboneligimde var 380tl falan ödüyorum hiç bir bankadan sorunum yok neyime yarıyacak 😂,1,2024-05-06 19:52:03,2024,5
Bu nasıl bir uygulama hesaba giriş yapamıyorum neden böyle yapıyorsun bu sorunu çözün ekibinizle,1,2024-05-06 07:43:43,2024,5
Paycell cüzdanım bölümüne giriş yapamıyorum cüzdanım sekmesine bastığımda programdan atıyor acil destek.,5,2024-05-06 07:14:31,2024,5
Daha uygulamaya giremedim bilemiyorum,5,2024-05-06 03:54:54,2024,5
Rezalet ötesi kötü bir uygulama puan biriktir ama aynı kategori den hediye alamazsın diyor. SONRA PUANLARI TARİHİ GECİP SİLİYOR.😡,1,2024-05-06 02:59:04,2024,5
Limitinin 200 TL yükselmesini istiyorum Lütfen,5,2024-05-06 02:07:29,2024,5
Paycell uygulamasına giriş yaparken tanı madıgım bir e eposta çıkıyor ve nütfen düzetrin aksi halde sizi şikayet edicem,5,2024-05-05 20:54:38,2024,5
Çok güzel olmuş,5,2024-05-05 20:07:02,2024,5
Allah aşkına ne para çekebiliyorum ne ödeme yapabiliyorum önceden böyle değildi,1,2024-05-05 14:07:46,2024,5
Musa Tmm,5,2024-05-05 10:58:41,2024,5
Rezalet herşey para her etkinlik para 1 yıldır şu salla paycel 100 puandan başka bi b.k verdiğini görmedim hergelen mesaj para para parra da paraa,1,2024-05-05 10:34:05,2024,5
Paycell kartıma sanal MasterCard oluşturdum ve faturamla 600 ekledim knk kuruluşunuz tarafından reddedildi hatası veriyor Google bende bişey yapmadım yardım lazım,3,2024-05-05 03:13:03,2024,5
"Payseli iptal etmek istiyorum ,nasıl iptal edebilirim, çünkü bildiğin dolandırıcılık her ay ödemesini yapıyorum ama hiç bir faydasını göremiyorum",1,2024-05-04 22:27:02,2024,5
Ben böyle berbat bir uygulama görmedim ne canlı destek ne temsilciler hiç bir şekilde yardımcı olmuyor anca baştan savma laflar konuşuyorlar operatörü değiştireceğim böyle rezillik görmedim,1,2024-05-04 21:20:30,2024,5
Dikkat edin faturama yansıt kullanılarak her ay para çekiyor paycell,1,2024-05-04 19:25:40,2024,5
PAYFIX E GECTIM 100 DEFA DAHA IYI PAYCELL YETKILI SERVIS VE TURKCELL GIREVLILERI DE ASLA MUSTERIYLE ILGILENMIYOR PAYFIX DAHA GUVENLI. DAHA IYI,1,2024-05-04 17:57:02,2024,5
Arkadaşımı davet ettim ama internet vermedi,1,2024-05-04 13:44:52,2024,5
Uygulamaya gidiyorum güvenlik nedeniyle oturumunuz sonlandırılmıştır diyor açmak istiyorum açılmıyor yani çok saçma bir uygulama yani bunu yapanın Allah aşkına,1,2024-05-04 10:19:46,2024,5
Artık Kendi hesabına para atamiyorsun sıkıntı büyük,1,2024-05-03 13:25:20,2024,5
Hic begenmedim e posta soruyor ama yazili olan bana ait değil telefon numarama sifre gelmiyo yardimci olan yok e postami deyistirmek istiyorum ama olmuyo bana e postamla ulasan yok,1,2024-05-03 10:28:59,2024,5
Rezalet bir uygulama uygulamaya giriş yapamıyorum hesabın dondurulmuştur diyor şifre yenileme için mail geldi diyor ama gelmiyor,1,2024-05-01 07:08:31,2024,5
Bir aydır bloke kaldıramıyorum lanet olsun,1,2024-05-01 03:52:37,2024,5
"gişeler de ödeme de rezil etmekten başka bir işe yaramayan rezil uygulama, sürekli hata verir, kurum zorunlu tutmasa yanından geçilmez.",1,2024-04-30 19:36:15,2024,4
Giriş yapamıyorum,1,2024-04-30 01:16:01,2024,4
2 dir yarışmalarda puan kazanmak için yüklediğim para kayboluyor puan da vermiyor lütfen yetkililer tarafından onarılsın bu sorun,1,2024-04-29 19:39:22,2024,4
yapacağınız uygulamaya... numaramı giriyorum sms gelmiyor,1,2024-04-29 16:59:28,2024,4
yav bı kampanya yapmışsız salla puan topla die 2 yıldır haftada 100 puan verisiz bidahaki haftaya o 100 puanda gidir ztn ya biraz daha fazla puan verin yada bırakın puanları biriktirelim olmaz böyle biraz daha böyle devam ederse uygulamayı kullanmayı bırakacam haberiniz olsun ayıp bişey madem böyle yapisiz salla toplayı kökten kaldırın yavv,1,2024-04-29 16:40:39,2024,4
İyi,5,2024-04-29 13:14:12,2024,4
"Paycelle giriş yapamıyorum,mail adresime gelen bir mail yok müşteri hizmetleri diye bir şey yok. 1 gün geç ödense dünyanın parasını kesiyorlar hizmet 0 . Berbat bir uygulama",1,2024-04-29 11:09:09,2024,4
On numara bes YILDIZ..,5,2024-04-28 23:55:20,2024,4
"B cevap xx SSS c, ne x xx xx xx",5,2024-04-28 17:29:04,2024,4
Çok kötü bir uygulama sakın yüklemeyin para yatırılıyor ama ödeme yapılamıyor indirmenizi ve almamanızı öneririm,1,2024-04-28 12:10:50,2024,4
Sorun çözüldu teşekkürler,5,2024-04-28 01:59:52,2024,4
"., kadar kac kira odem gerekiyor söyleyin",3,2024-04-27 22:39:47,2024,4
Paycell adına her ay 12 TL kesiliyor faturamdan neden acaba nasıl engelleyebilirim,1,2024-04-27 22:18:06,2024,4
Param sıkıştı ne harcıya biliyorum yada göndere biliyorum bugün 10 kere müşteri hizmetleri ile konuştum hepside karta hatayı bulamadılar rezalet,1,2024-04-27 20:35:28,2024,4
Şifremi unuttum diyorum mail adresime mail gelmiyor.,1,2024-04-27 12:09:51,2024,4
Hiç beğenmedim e-mail adresi istiyorum normalde telefon isteyeceğini hiç beğenmeme sebebi ondan daha güzel Inna daha kolay telefon numarası isteyip o kodu yönlendiriyor ondan sonra inmez şey yaptırıyor bize sıfır atıyor bence de bu uygulamayı kullanmayın ininal kullanın veya toslaya bilmem ama Tosla hiç denemedim ilk denediğimde güzeldi tosla'da Eminoğlu paycell sordum yani kredi kartı alacağım bunun yüzünden Turkcell'de değiştireceğim yani Türk Telekom yapacağım şikayetçiyim 30 tane avukata,2,2024-04-26 23:13:56,2024,4
"Uygulamayı uzun zamandır kullanıyordum fakat sim kart değişikliği yaptım uygulama müşteri hizmetlerine yönlendiriyor ,müşteri hizmetleri uygulamaya bir türlü giriş yapamıyorum çok saçma bir sistem . Beş para etmez...",1,2024-04-26 20:54:37,2024,4
Güzel ama puanları az verio 100 gibi,3,2024-04-26 20:04:11,2024,4
Kanki herkes biliyormu bu kartı çocuklar kullanıyorlar oyuna falan para yatırıyorlar sizin haberiniz varmı!,1,2024-04-26 20:02:59,2024,4
O kadar Kötü uygılamaki Eğer Tleefonunuzda nfc özelliği ( kart okuma sensörü ) yoksa işlem yapamıyorsun yapmak için yakın Turkcelle gidip Belgeler verip 4 iş günü bekliceksiniz Bu kadar kötü uygulama olamaz,1,2024-04-26 19:23:44,2024,4
Keyfi keder çalışan bi sistem. Markete gidip alışverişinizi paycel ödeme yaparsanız sistem hiçbir zaman çalışmaz. İstanbulkart yüklemek istersiniz sistem izin vermez. Kendi paranızla rezil yada mağdur olmak istemiyorsanız kesinlikle bulaşmayın derim..,1,2024-04-26 17:39:33,2024,4
Güzel bir şey,5,2024-04-26 15:18:21,2024,4
"Hiç bir işe yaramıyor, süresi dolduğu için kart değiştirmek istedim müşteri hizmetleri cevap vermiyor sürekli kartınız bloke oldu diyor ama düzeltme işlemi yapmıyor. Kartı iade almadılar iptal de etmediler. Size ödediğim para zehir zıkkım olsun.. Saygılarımla..🇲🇴",1,2024-04-26 15:09:37,2024,4
çok kötü uygulama ve banka,1,2024-04-26 05:13:17,2024,4
Uygulamaya yapılan para transferi hesaba dusmuyo yapılan dekont gonderimi den her hangi bi bilgide alinmiyo,1,2024-04-26 01:04:17,2024,4
Ben paycelle davet koduyla girdim bana puan vermedi neden,3,2024-04-26 00:53:22,2024,4
Uygulamanın fatura ödeme sekmesi çalışmıyor.,5,2024-04-25 18:36:33,2024,4
"Turkcell kendi alacagina seytan gibi fakat paycell iptal edilirken karttaki parayi iade edemiyorlarmis cok boburlendikleri teknolojileri bu basit seye yetmiyor. Yazdigim yazidan sorunun ne oldugunu anlamiyorsaniz ciddi algilama probleminiz var. Herkese kopyala yapistir cevap vermek daha kolayiniza geliyor tabi. Paycell uyeligini iptal ettigim icin oradan ben size ulasamam , fakat siz isterseniz bu yorumu yazdigim isim olan ""Ersen Uzuntaş"" isminden abonelik bilgilerime ve numarama ulasabilirsiniz",1,2024-04-25 17:19:14,2024,4
Mükemmel,5,2024-04-25 16:10:34,2024,4
Vui lضòng để kiện hàng ngay cửa. Xin cảm ơn!,4,2024-04-25 01:01:08,2024,4
Çok iyi,5,2024-04-24 23:45:24,2024,4
çok kötü bir uygulama şifremi unuttum yazdihimda şifreni yazıp şifremi degistirbwlicegimi diyo şifremi bilsem girerim ztn,1,2024-04-24 16:09:25,2024,4
Ne düzgün para gönderebiliyoruz göndermeyi başarabilirsek de paranın hesaba yansıması en az yarım saat sürüyor alışveriş yapıyosun onların sisteminde doğrulama smsi gönderildi olarak gözüküyor ama sms ulaşmıyor salla topla kampanyası desen bir hafta var bir hafta yok ve 300 puan anca veriyor puanların süresi her hafta doluyor doğru düzgün bişeyinden yararlanamıyosunuz. Bu çağ dışı uygulamayı sırf bedava internet alıcam diye kullanmaya gerek yok böyle sistemler başarısız olmaya mahkumdur.,1,2024-04-24 14:41:58,2024,4
Para gönderimi saçma. çağ ötesi sistemlerle çalışıyorlar. saçma sapan hatalar veriyor. 1 gb internet almak için uğraşılacak şey değil. indirip ruh ve sinir sağlığınızı bozmamanızı öneririm.,1,2024-04-24 14:38:31,2024,4
"Para etmez uygulama.kimlik onayinda hata veriyor0-berabat ötesi uygulama.sizi turcell,e yonlendiriyor.parami cekip silecem ve kartı çöpe atacam.paycell kart almayın ve yüklemeyin.pişman olursunuz",1,2024-04-24 14:29:53,2024,4
Erisim sikintili,5,2024-04-24 10:54:44,2024,4
PEŞİN ÖDEMEK İSTİYORUM,4,2024-04-23 21:14:03,2024,4
tek kelimeyle mükemmel sadece müşteri hizmetleri ile iletişimi düzeltmeleri lazım sadece bir aramayla istediğimiz her işlemi yapabilmemiz lazım böyle çok uğraşıyoruz,5,2024-04-23 20:29:09,2024,4
Paycell e eklediğim başka banka kartımdan paycell kartıma para gönderemiyorum lütfen daha sonra tekrar deneyiniz yazıyor sürekli nedeni nedir yardımcı olursanız sevinirim,3,2024-04-23 18:54:25,2024,4
Bloke kaldıramıyorum SMS gelmiyor Parola alamıyorum Mail güncellemesi yaptım Berbat bı durumdayım bir muhattap bile bulamadım,1,2024-04-23 18:49:44,2024,4
Çok kötü keşke 0 yıldız olsa,1,2024-04-23 17:50:23,2024,4
"Gereksiz bir şey sadece para yüklersen puan geliyor haftada bir salla kazanda sadece 100 puan veriyor oda 2 gün sonra gidiyor, bedava internet için yüklicekseniz yüklemeyin , eskiden en azından ayda bir 1000 puan veriyordu , günlük 1 GB için",1,2024-04-23 14:58:52,2024,4
Ya da TTK olan et yok hanımağımı bir tanesi tdcngmul,5,2024-04-23 14:14:36,2024,4
Paycell e giriş yapamıyorum. Turkcell bayiindeki çalışanlar ürün almak istediğimde uygulamayı yükleyip sahte bir mail açmışlar. Alacağım üründe onaylanmadı zaten. Şimdi programı açarken mail doğrulama karşıma çıkıyor. Ne yaptıysam maili değiştiremedim. Bu konuda yardımcı olabilir misiniz. Mağdurum,5,2024-04-23 07:13:08,2024,4
Sıkıntı yok şu anda yeni kullanıyorum,5,2024-04-23 00:19:42,2024,4
paycel kullanamiyorum,5,2024-04-22 20:31:49,2024,4
bana puan kazandın diyor ama girip puanı GB yapamıyorum. Sistemde root var diyor yinede devam edecek misin diyo evet diyorum açmıyor. Ben puanımı kullanmak internetimi almak istiyorum bir çözüm istiyorum.,1,2024-04-22 19:05:17,2024,4
Acilen irtibat kurabileğimiz bir numara vs getirilmesi lazım 300 tlmi yuttu hesabımda gözükmüyor kartta bakıyorum atmden ortada para falan yok,1,2024-04-22 12:09:35,2024,4
Çok iyi kullanışlı güzel,5,2024-04-22 09:03:01,2024,4
Sabaha kadar saydırasım var lan bak verdiğiniz limiti paycall karta aktarabiliyorum da niye başka hesaba gönderemiyorum yapacağınız uygulamayı seviyim,1,2024-04-22 07:12:47,2024,4
Destek konusunda gerçekten çol zayıf. Yardım merkezinde iletişime kesinlikle geçemiyorum. Bir sorunum var ama muhatap bulmak çoook zor.,3,2024-04-22 01:31:37,2024,4
Merhaba rezalet bir kart ypamısınız ben 13 yaşındayım ve kart tolgunç akademi kitap almak için adım ama daha birşey almadan ücret kesti 1 sanal kart tek var normal kartı bile daha gimedim rezalet ne diyim,1,2024-04-21 23:45:44,2024,4
Uygulama acil durumlarda işimizi görüyor bu konuda sorun yok. Fakat QR ödeme yönteminde kart değiştirme çalışmıyor kasada bekletiyor işlem iptal oluyor buna çözüm bulunması gerekli...,1,2024-04-21 14:26:58,2024,4
Şifremi unuttum seçeneğine tıklıyorum e-postama link geliyor ve linke tıklayınca eski şifremi girmemi ve sonrasında şifreyi sıfırlayabileceğimi söylüyor.Yahu eski şifremi bilsem ne diye sıfırlamak isteyim o zaman.,2,2024-04-21 00:30:38,2024,4
Uygulamada bulunan gaming bölümüne pubg Mobil 60 uc gelse mükemmel olurdu.arzederim,4,2024-04-20 21:09:09,2024,4
Diğer ön ödemeli kartlar kart ücreti almazken paycell 3 ayda bir defa 29.90 kart aidatı alacakmış.. Rekabet halindesin paycell vazgeçilmez değilsin unutma.. Bu sebepten paycell benim için bitmiştir,1,2024-04-20 19:57:19,2024,4
Yav bu ne iştir benim 3000 puanım vardı girdim baktım 100 kalmış helal etmiyem,1,2024-04-20 19:34:00,2024,4
SA uygulamaya karşı çok açık olucam uygulama çok kötü bir şey kart eklemek istiyorum ekleyemeyeyim diye önüme bir sürü sorun çıkarıyor 3d doğrulamaya girmiyor bile b*k gibi bir uyguluma,2,2024-04-20 15:22:25,2024,4
Her ay para kesmeyi biliyorsunuz ama bi şifre yenileme maili yollayamiyorsunuz gerçekten pes!!! rezillik,1,2024-04-20 13:16:58,2024,4
Çok güzel bir uygulama,5,2024-04-19 19:31:07,2024,4
Herkes okusun tamamen dolandırıcılık 7 bini geçtik fatura ödedim oyun adı altında para kesiyor ve kimsenin haberi yok fatura gelince haberimiz olmuyor oyun satın alınmış diyor SMS onaylanmış kim onayladı acaba geçen ay biz bunu kapattırdı 10 TL'ye düşürdük yeni,1,2024-04-19 18:35:27,2024,4
Almanızi tavsiye etmem uygulamada sorun var veli dogrulamasinda hata veriyor,1,2024-04-19 17:38:47,2024,4
Turkcell telefon taksidi ödeyince 70 tl işlem ücreti kesiyor bunun yerine ziraat mobil ile taksit ödüyorum 70 tl cebimde kalıyor bilginize,3,2024-04-19 16:40:32,2024,4
Yatırım bölümüne 3 aydır giremiyorum iletişime geçtiğim halde düzelmedi hem paycel müşteri hizmetlerini hemde yatırım şirketiyle iletişime geçtim berbat ve fesat bir uygulama yatırım bölümü özellikle,1,2024-04-19 13:23:10,2024,4
Hayatımda daha kötü uygulama görmedim,1,2024-04-19 11:00:51,2024,4
Nisan 16 dan itibaren steam de 1.500 tl ve üzeri alışverişlerde 200 tl hediye kampanyası uygulama da görünmüyor internet sitenizde görünüyor uygulama dan katılabilirsiniz diyor ama yok neyin kafası bu anlamadım...,1,2024-04-18 21:36:43,2024,4
memnunum,5,2024-04-18 19:41:35,2024,4
Nereden kapatılacağı belirtilmeyen bir uygulama,1,2024-04-18 11:56:51,2024,4
İlk üye olduğum zaman kullandığım mail adresi kurum mail adresi ve emekli olmam nedeniyle o mail adresi kapandı mail adresini değiştirmek istiyorum ancak şifremi hatırlamıyorum şifre değiştirmek istediğimde iptal edilmiş mail adresine link gönderiyor telefon ile görüşecek muhatap bulamıyorum üyeliğimi iptal etmek istiyorum ama iptali yapılmış mail adresini değiştiremediğim ve şifremi hatırlamadığım için hiç bir şey yapamıyorum umarım yazdıklarıma bir muhatap bulurum yoksa CİMER e şikayet edeceği,1,2024-04-17 17:46:31,2024,4
"2024 yılına girdik hâla hediye dünyam a hediye eklemiyorsunuz rakipleriniz sizi geçti haberiniz olsun.Edit: Paycell kum torbası etiket gibi bir şey getirmişler ama gerçekten ödül verecek mi hakkında bilgiye ulaşamıyoruz.Eğer puanlarla ödül alıp kargoyla adrese yollamayı başarabilirlerse başarı elde edeceklerdir.Play store hediye çeki,bilim dergisi, bunu yapan hiçbir uygulama yok şuan,Paycell Tupper 750 ml çevirmeli kapak,El yayı,öğrenci adam ne yer simit yer bunun için indirim,olabilir",2,2024-04-17 11:05:55,2024,4
"Hayatımda daha saçma böyle bir özelliğe sahip uygulama görmedim ya kardeșim șifremi unuttum diyorum bak UNUTTUM ha anlamadın mı heceleyerek yazıyorum U - N - U - T - T - U - M. Șifremi unuttum ben sonra yardım almak için ""Șifremi unuttum"" butonuna tıkladım iyi hoș buraya kadar. Yav mail gönderildi bu da iyi hocam gönderilen mailde ki linke basıp șifremi yenilemek için neden benden șifre isteniyor? Unuttuğum șifreyi nerden bileyim ben be șifremi bilsem unuttum diyip link mi isterdim?? REZALET",5,2024-04-17 01:08:58,2024,4
Benin hesabım otomtik kapatıldı ve tek tuş la aç denilen yere basmama rahmen hata veriyor ve bu kart eklediğim gibi oldu ben hiç beğenmedim,1,2024-04-16 19:42:55,2024,4
herşey iyiydi fakat şifremi unuttum ve güvenlik sebebiyle hesabım donduruldu lütfen yardım,1,2024-04-16 16:49:32,2024,4
700 tl para transferi işlemi oldu bi dekont atamıyorlar detayli SMS bilgisi gelmedi diyorum ilgi yok 1 ay oldu neredeyse madur ettiler hep aynı şeyleri söylüyorlar oyaliorlar bi paranın ibnami telofonami gittiğini orda görmek çokmu zor,1,2024-04-16 09:41:29,2024,4
Kimlik doğrulama kısmında problem var. Kimliği okumuyor. Ve irtibat numarası da yok sorunu bildirebileceginiz bir muhatap yok. Acilen düzeltilmesi lazım. O zamana kadar 1 yıldız. Turkcell e yakışmadı.,1,2024-04-16 00:01:27,2024,4
güzel bi uygulama bedava internet kazandırıyo,4,2024-04-15 21:01:36,2024,4
fakirlere göre çok güzel,5,2024-04-15 20:21:18,2024,4
30 tl kart mi olur amk 😑,5,2024-04-15 18:03:31,2024,4
Çok güzel bir şey,5,2024-04-15 14:11:05,2024,4
Çok güzel bir uygulma ben memnun,5,2024-04-15 10:41:07,2024,4
Cok sessiz olmam gereken biyerde ses 0 da olmasina rahmet ses acip kimliginizi tarayin dedi tum iygulamadan sikayetciyim,1,2024-04-15 09:19:02,2024,4
Çok iyo,5,2024-04-15 02:31:32,2024,4
"Dijital kod alamıyoruz hesabımızdaki parayla, Faturana yansıt diyor faturasızlar ve hesabında para olanlar neden yararlanamıyor nasil bi kafa bu ? Uygulama üzerinden Kimlik Dogrulaması yaptım atm para cekme yok bunun düzeltilmesi lazım diger bankalar gibi olmalı",1,2024-04-14 21:13:07,2024,4
Siliyorum boşss,1,2024-04-14 19:21:02,2024,4
İstikrarlı bir şekilde yarı yolda bırakır.,1,2024-04-14 19:16:54,2024,4
Ben bu uygulamayı yükleyip hesabı kapatıp geri sildim. Hesap silinmiş oluyor mu? Her hangi bir sıkıntı çıkmaz demi? Kullanmadığım bir uygulama ama kullananlar memnunsa bir şey demiyorum.,5,2024-04-14 18:28:49,2024,4
Inanilmaz kotu hic bir ise yaramiyor turkcel aboneligimi dahi iptal ettim. 0 yildiz olsa vericem 1 yildiz size artar,1,2024-04-14 14:15:22,2024,4
Süper,5,2024-04-14 13:39:30,2024,4
Turkcell hattımı başka operatöre taşıma sebebimdir bu uygulama... Yanlışlıkla galiba küçük oğlumun onaylayıp aldığı satranç ve Duolingo gibi oyunlara abonelikler yüzünden çatır çatır da ödedim kimseye de bişey ispatlayadim iade istedim olmadı. daha da batmamak için taşındım,1,2024-04-13 19:52:21,2024,4
"Sim kart değişikliği var diye Hata veriyor . Şifremi unuttum tıklıyorum müşteri hizmetlerini arayın diyor. Müşteri hizmetlerini arıyorum, size SMS şle şifre göndericez diyor. Gelen SMS de ise sim kart blokeniz var müşteri hizmetlerini arayın diyor😀😀😀 bu kadar amatörce bi yazılım olamaz",1,2024-04-13 11:54:33,2024,4
"Kardeşim, telefonumun ekranı kırık, dokunmatiği bozuk, telefonun arayüzünü bile göremiyorum, farklı bir cihaza geçiş yapıp paycell'i yüklediğimde ise eski cihazimdan bozuk olduğunu belirtmeme rağmen onay vermemi istiyor? Kafayı mı yediniz siz? nasıl onay vermem gerekiyor ilahi bir güç yoluyla mı? Sms atsana ne varda böyle gereksiz saçma sapan şeylerle uygulamayı kullanılmaz yapıyosunuz?",1,2024-04-13 01:05:15,2024,4
Çok kotu indirmeyin açılmıyor,1,2024-04-12 22:10:25,2024,4
Paycell kullanamıyorum yardım edin artik,1,2024-04-12 20:33:43,2024,4
"Uygulama güzel ama salla topla bölümünden kazanılan puanlar bir kaç gün sonra kayboluyor. Bunun ne anlamı kalıyor ki? Bari biriktirilip internet alınabilse. Puanı alıp biriktiremeyip puanın silinmesinin ne anlamı var, anlamak zor. Bari salla topla var 100 puan yerine 500 veya 1000 puan olsa, insanlar rahatça internet alsa. Turcell'in eski tadı kalmadı.",4,2024-04-12 17:42:24,2024,4
Ben böyle bir uygulama görmedim şifremi unuttum a tıklıyorum şifrenizi değiştirmek için şifrenizi girin diyo ben böyle uygulamanın a*k,1,2024-04-12 17:33:53,2024,4
Iyi,5,2024-04-12 15:27:18,2024,4
Guzel,5,2024-04-12 11:23:09,2024,4
O iğrenç bildirim sesini çok aradınız mi,2,2024-04-11 23:51:09,2024,4
Kredi karti borcunuz varsa burdan hicbirsey alamazsiniz,1,2024-04-11 22:43:26,2024,4
Dolandırıcı ve iğrenç bir uygulama hesabımla para mı çaldılar,1,2024-04-11 16:24:07,2024,4
Paycell şifremi unuttum.Çocukken açmıstım hesabi ve actigim e postanin da sifresini kaybettim.Simdi paycell hesabim var ama giris yapamiyorum.Lütfen yardımcı olun.,5,2024-04-11 14:28:37,2024,4
İndirmeyin,1,2024-04-11 13:11:31,2024,4
Valla güzel bi uygulama çok yararlı yükleyin,5,2024-04-11 03:45:07,2024,4
Gayet anlaşılır bir şekilde sorularıma cevap aldım,5,2024-04-10 08:48:57,2024,4
"UX ve diğer uygulama içi ana ekrandaki butonların dizaynı ile ilgili ve sayfa düzeni tamamen saçma. Dokunmatik telefonumda hediyeler kısmına gireceğim zaman uygulamadan çıkıyor. Neden mi? 😱 Çünkü çok aşırı fazla mükemmel saygı değer Turkcell uygulamasının hediyeler butonu benim telefonumun en altındaki geri tuşu ile neredeyse aynı hizada. Ve Paycell ile faturama yansıtma özelliğini kullanmadığım aylarda da ücret alınıyorsa eğer (ki öyledir, heh, certainly) haram olsun! Hıh",1,2024-04-10 00:21:29,2024,4
Arkadaşlar Paycell kartıma para yükledim param kart da görünüyor ancak ne kullanabiliyorum nede parayı geri alabiliyorum. Karşılıklı birbirimize bakıp özlem gideriyoruz.,5,2024-04-09 20:16:58,2024,4
Berbat bir uygulama,1,2024-04-09 12:40:13,2024,4
Paycell adi altinda heray 179 TL çekiyorsunuz kimseye de ulaşamıyorum beni acil arayın,1,2024-04-08 21:51:17,2024,4
Paycellden ayrılık vakti geldi. Artık benim için bi şey ifade etmiyor. Kendi çalıyor kendi oynuyor. Elveda,1,2024-04-08 19:20:33,2024,4
"Arkadaşımı davet ettim,davet kodunu girdi ama ikimizede puan gelmedi.",1,2024-04-08 19:03:05,2024,4
Sakın kullanmayın daha yeni bir uygulama olduğu için bilmiyorlar gelene sokuyorlar 2750 TL'ye 7 bin TL aldılar bunlar dolandırıcı hırıszlar sölüyorsun anlamıyorlar,5,2024-04-08 16:51:31,2024,4
Uygulamayı iki sene önce sadece bir özelliğe bakmak için indirdim KART VB OLUSTURMADİM uygulama sanirim kendi kendine kart olusturmus uygulamayı kullanmiyorum sürekli inaktiflik ücreti gibi mesajlar aliyorum uygulamayı kullanmiyorum kendi rizamla kart OLUSTURMADİM kesinlikle indirmeyin,1,2024-04-08 16:13:16,2024,4
Uygulamada Kartı ve hesabı iptal etme özelliği yok,1,2024-04-08 14:14:09,2024,4
İnternet şifre unuttum,5,2024-04-08 13:52:14,2024,4
"Şifre mi unuttum diyorum çağrı merkezini ara diyor, arıyorum link gönderiyor tıklıyorum , sim kart değişikliğinden dolayı çağrı merkezini ara diyor, arıyorum şifreniz yok diyor link gönderiyor ve bu kısır döngü asırlarca sürebilir ...! PAYCELL FARKI kısacası amatörlük",1,2024-04-08 13:36:18,2024,4
Uygulama 70-80 TL mi benden habersizce aidat adı altında harcadı. Çok kötü...,1,2024-04-08 13:35:27,2024,4
Her şey iyi güzel ama şu puan kullanım sınırı artık yükselmesi,5,2024-04-08 05:37:47,2024,4
"Şifremi güncellememi talep ediyor ancak sürekli olarak ""Eski şifre hatalı"" uyarısı veriyor. Uygulamaya giriş yaparken girdiğim şifre kesinlikle doğru, bu şifreyi daha önce kullanmadım ancak yine de izin vermiyor.",1,2024-04-08 00:06:02,2024,4
Benim hesabım şifre nedeniyle donduruldu müşteri hizmetlerini aradım ama yardımcı olmadılar dedikleri şu paycell şifrenizi giriniz yazık koskoca Turkcell ve paycell iyice çöp olmuş müşterisine değer vermiyor en kısa zamanda Turkcell den cikicam size 1 yıldız bile çok da neyse,1,2024-04-07 23:38:59,2024,4
Şifre yenileme dahil hiçbir mail alamıyorum gönderildi diyor ama gelen kutusuna gelmiyor,1,2024-04-07 23:10:17,2024,4
hiç tavsiye etmiyorum bir yerde harcama yaptım sonra iade etim firma beni paramı iade eti halde hesabıma aktarmadılar,1,2024-04-07 10:49:03,2024,4
Muhteşem performans herkesi tavsiye ederim 🧿🧿🧿🧿,5,2024-04-07 05:04:02,2024,4
Oyun oynayıp paycell puan kazanmak istiyorum işlem limiti yüzünden oynayamıyorum çok saçma ve sinir bozucu. Parasıyla oynuyoruz kardeşim işlem limiti ne alaka.,1,2024-04-07 02:08:45,2024,4
KART AİDATI İSTİYORLAR HEMDE 3 AYDA BİR. Kartı hiç kullanmadan ve çalıştıramadan istiuorlar. PARA TUZAĞI.,1,2024-04-06 23:08:34,2024,4
Ben paycelli kullandım suan bana kart bilgisi gelmiş ben hiç bir kart kullanmadım bu nasıl oluyor aidat istiyorlar bide bana bilgi verin cimere sşikayet edecem😡😡😡😡😡😡,1,2024-04-06 18:58:17,2024,4
Çok iyiiiiii,5,2024-04-06 14:56:21,2024,4
Aktif kullanıcıyım ama çok fazla problem yaşıyorum mesele şuan şifreyi yeniledim ama sürekli uygulama beni şifre yenileme ekranına aldıgı için giriş yapamıyorum müşteri temsilcisine bağlanmak zaten imkansız giderek kötüleşiyorsunuz lütfen toparlanın.,1,2024-04-06 11:16:31,2024,4
Önermiyorum. Parola sıfırlama yaptırıyor. 6 basamaklı parola istiyor. Sıfırlıyorsunuz. Sonra uygulamaya girişte sizden sadece 4 basamaklı parola alıyor. Türkiye'nin lider teknoloji şirketlerinden birisiniz. Ama haliniz ortada.,1,2024-04-06 03:15:55,2024,4
Paycell parala dogrulanmadigi için şifre sıfırlama yapamiyorum,3,2024-04-06 00:52:59,2024,4
10 numara,5,2024-04-05 23:11:00,2024,4
"Berbat bir uygulama berbat bir firma, dolandirici gibiler, istem disi kart veriyorlar, iptal ettirmemek icin her turlu zorlugu cikartiyorlar Uygulamada bize ulasin bolumu yok, kart kapatma yok!!! Kullanilmayan karta ucret alacagiz diye mesaj atip taciz ediyorlar",1,2024-04-05 18:31:21,2024,4
Çocuğum yanlışlıkla oyun satın aldı geri iade talebinde bulundum yok çektiniz lütfen yardımcı olun.,1,2024-04-05 16:38:05,2024,4
Kardeşim mobile giremiyorum müşteri hizmetlerine ulaşamıyorum nasıl napcam kimse bisi demiyor ya dalgamı geçiyorsunuz insanlarla kendinize gelin lütfen,1,2024-04-05 15:27:59,2024,4
1 Haftadır kazan kazan oynayamıyorum işleminizi şuan gerçekleştiremiyorum hatası veriyo gerçekten yeto,1,2024-04-05 12:14:08,2024,4
Merhaba biraz önce telefonuma mesaj geldi paycelli 1Hazirandan itibaren inkaktif kart aidat tutarı güncellenecektir diye benim inaktif kart üyeliğim yok yani bana 1Hazirandan itibaren para yansıtmayın,1,2024-04-05 11:39:29,2024,4
Ben bunu 1 yıl dan daha uzun süre önce indirmiştim şuan hesabıma yeniden girmek istedim ve şifremi unutmuştum haliyle şifremi unuttuma bastım yeni şifre oluşturmak için numara verdi ne alakaysa artık onu aradım bir türlü o şifreyi yenilememe dair link gelmedi sonra yine aradım denedim bu sefer link geldi linke girdim şifremi yeniledim şifre başarıyla yenilendi dedi fakat uygulamaya girdiğimde şifreyi girmeden bu şifreniz bloke olmustur yeni şifre olusturun diyo bekledim yenisen başlattım ama yok,1,2024-04-04 21:32:27,2024,4
Türkçe'den nefret ediyorum üç gün önce fatura ödedi hiç konuşmadan İnternet paket bittiği soiliorlar alah belası versin saxtekarlar,1,2024-04-04 17:25:20,2024,4
Para tuzağı ıslak imza olmadan abonelik bağlıyorlar,1,2024-04-04 16:51:20,2024,4
Hiç bir işe yaramayan geri zekalı bir uygulama..!,1,2024-04-04 11:23:53,2024,4
İade geldi gözüküyor ama para hesabıma tanımlananmamış 5 gündür bekliyorum,1,2024-04-04 08:05:48,2024,4
Bu nedir ya saçma sapan uygulama,1,2024-04-04 03:29:32,2024,4
Turkcell li değilim kulanabiliyozmu,3,2024-04-03 21:19:34,2024,4
Para transferi sorunu var,5,2024-04-03 17:33:34,2024,4
Ya ben şifremi unuttum ve uygulamaya bağlı olan gmail hesabı kaybettim paycell hesabıma nasıl geri getirebilirim,3,2024-04-03 00:29:39,2024,4
Google play kodları steam kodları vb gibi kodlar lütfen bu paycell uygulamasına eklenizi rica ediyorum. Eskiden ne güzel kodlar vardı ne oldu da kaldırdınız anlamıyorum. Lütfen bu kodları tekrardan yüklemenizi öneriyorum.,1,2024-04-02 07:36:01,2024,4
Mesaj gelmiyor,1,2024-04-01 18:23:42,2024,4
Merhaba Paycell Aylık Ücret kesimi Falan Faturaya Yansıtma Falan Oluyormu Onu Merak Ettim Ona Göre Kullanmayı Düşünüyorum,5,2024-04-01 15:01:12,2024,4
Denemeden birey olmaz. Denemelisiniz ve kazanırsınız,5,2024-04-01 10:37:37,2024,4
Neden kodu hataliyoooor,5,2024-04-01 00:02:28,2024,4
iyi iyi,1,2024-03-31 17:58:16,2024,3
Şifreyi değiştirmek bu kadar mı zor ya,1,2024-03-30 23:45:12,2024,3
Ben böyle birşey başka yerde görmedim. Şifremi unuttuma tıklıyorum mail geliyor linke tıklıyorum parolamı soruyor.Yav şifremi bilseydim zaten parolayı unuttuma tıklamazdım. Yani şifrenizi unutunca şifrenizi soruyor deistiremiyorsunuz,1,2024-03-30 20:23:22,2024,3
"Sırf üstte gözüksün diye beş yıldız veriyorum.Uygulama rezalet youtubeden baktım normalde kartlarim kismina girince ""Kart Ekle""butonu çıkması lazım bende çıkmıyor.Baska biryerden eklenebilir mi diye baktım ama yok.Soktan almıştım kartı ekleyemiyorum.Yardimci olursanız sevinirim lütfen.",5,2024-03-30 16:13:07,2024,3
Konunlardaki marketler yok olanda bizde geçmiyor diyor boş bir uygulama fasat,1,2024-03-30 14:07:15,2024,3
uygulama iyi gibi ama bazı sıkıntıları var. mesela temassız ödeme geçici olarak kapatılabilir geçen kuzenlerim kartı çalıp harcama yapmışlar Allahtan parayı geri ödediler bana. veya geçici olarak kart kapatma gelebilir güvenlik açısından çok iyi olur,4,2024-03-30 11:12:40,2024,3
fatura ödeme ve İstanbul kart yükleme ekleme kayıt yapilamiyor,1,2024-03-30 10:53:44,2024,3
Kimliğimi doğrulamaya çalışıyorum fakat video çekme kısmında pat diye uygulama kapanıyor.,1,2024-03-30 04:34:16,2024,3
Güzel bir etkileşim uygulaması,5,2024-03-29 23:53:27,2024,3
Kesinlikle tavsiye etmiyorum çok yoruyor çok geç valorant oyun pini çok çok pahalı almayın almayın almayın,1,2024-03-29 19:47:22,2024,3
15 Mart tarihinde kredi kartından para yükledim. Aynı tarihte iadesini talep ettim. Bugün ayın 29'u henüz iade işlemim gerçekleşmedi. Kimseye tavsiye etmiyorum. Paranızı yaptırdığınızda iadesini almak istediğinizde oyalıyorlar. Yazık.,1,2024-03-29 16:17:08,2024,3
"Para çekme işlemini neden kaldirdiniz? Ayrica aylik kullanim ucreti, para gonderme masrafi gibi şeyler hic bi bankada kalmadi artik. Bir az olsun kullanicinin aktif kullanmasini istiyorsaniz bu gibi ek ucretleri kaldirmaniz lazim.👎",1,2024-03-29 13:39:29,2024,3
"Ne sipariş verdiysem en hızlı bi şekilde kapımda ,iyiki varsınız",5,2024-03-29 11:27:02,2024,3
Bankalar bile bukadar faiz almıyor lüzumsuz bir uygulama,5,2024-03-29 00:12:43,2024,3
5 kuruş yetmez boş ver yüklemeyin sırf israf insanların kandırmaktan başka bir şey,1,2024-03-28 22:54:25,2024,3
Beş kuruş etmez sırf israf,1,2024-03-28 22:51:09,2024,3
önceden çok güzel uygulamaydı şimdi baya bozulmuş,1,2024-03-28 22:35:52,2024,3
Çalışmıyor,1,2024-03-28 21:03:03,2024,3
"Şifre yenilemede 6 hane var , ugulama şifre girişinde 4 hane ile girmemizi istiyor. İnsanlarla alay mı ediyorsunuz ? Hem zaman , hem internet kaybisiniz. Aşağılık bir uygulama",1,2024-03-28 20:40:46,2024,3
Abi o nasil bildirim sesi siliyorum kullanmicam bu uygulamayi olur olmadik yerde bildirim atiyorsunuz sacma sapan ses. Sildim gitti,1,2024-03-28 19:02:39,2024,3
Puanların son kullanma tarihi kalkarsa çok güzel olacak puanlar sürekli siliniyor nasıl puan biriktirebiliriz o zaman,1,2024-03-28 16:21:47,2024,3
Çok boş bir uygulama tavsiye etmem,1,2024-03-28 16:11:49,2024,3
Paycel e 1 puan veriyorum berbat bir uygulama para aktaramiyorsun emita satim yapilmiyor,1,2024-03-28 07:08:31,2024,3
Şifremi unuttum ve şifre sıfırlama linkine girdiğimde bana eski şifremi soruyor. Böyle saçmalık ilk defa görüyorum. Zaten unuttuğum için sıfırlama yapmak istiyorum. Şaka mısınız siz? Koskoca Turkcell'in yaptığı uygulamaya bak. Şifremi unuttum ve sıfırlama yapamıyorum. Rezillik.,1,2024-03-28 03:53:02,2024,3
Paycell uygulamasını aktif kullanan birisiyim 4.5 kere hesaba 2000 tl yatırıp çektim hesaba bloke kondu yetkilileri arayıp durumu bildirdim bloke kalkması 1 haftaya yakın sürdü şimdide paycell kartıma para yükledim fatura ödemek için o para kartta gözüküyor ama uygulamda gözükmüyor kartım şuan nerede bilmiyorum sanal kartta iade talebi oluşturdum onun için de Max 21 gün süre verdiler güzel sistem herşey çok hızlı tavsiye ederim,1,2024-03-27 23:23:14,2024,3
Yaş kısıtlaması varmı,4,2024-03-27 19:38:59,2024,3
hazır limitim 250 lira dün şok markette 248 TL alışveriş yaptım onaylıyorum olmuyor hep hata verdi yazıklar olsun ramazan mübarek ayında güncelleme yaptım herşeyi yaptım yine aynı tam onaylıyorum işlem hatası diyor rezil olduk...,5,2024-03-27 15:55:50,2024,3
iyi,5,2024-03-27 14:16:03,2024,3
Ben eskide kulanıyordum ama şimdi bir gram internet vermiyo,1,2024-03-27 13:06:33,2024,3
hiç kullanmadım.,5,2024-03-26 19:41:34,2024,3
Ben uzun zamandır kullanıyorum başlarda iyi ve her kampanyası doğruydu üç aydır Trendyol kampanyasına katılıyorum vaadlerini gerçekleştirmiyor kartımda para olmasına rağmen Trendyol siparişimi onayladığim da bakiye yetersiz diyor yazık bide turksele bağlı çok yazık !!!!!!!!,2,2024-03-26 14:10:19,2024,3
İii,5,2024-03-26 12:01:48,2024,3
"Yorumumu sizin isteğinizle düzenliyorum ,belanızı bulun salak herifler mesaj göndermeyin artık",1,2024-03-26 11:36:08,2024,3
Soru cevap oynadım 1000 puanım gelmedi lütfen bakarmisinız,1,2024-03-26 11:27:55,2024,3
YQGCJUYO davet kodum,5,2024-03-26 02:28:57,2024,3
Annem veli beyan kısmını dolduracak fakat sms göder tuşunun arkasında bişe var ama yazmıyor ne olduğu,1,2024-03-25 19:54:14,2024,3
Bloke olan hesabımı açmak için mail gönderiyor. Daha sonra müşteri hizmetlerine yönlendiriyor ama blole kaldırmak için tekrar uygulamaya gönderiyor. 😡,1,2024-03-25 17:18:48,2024,3
Asla uygulamaya giremiyorum açmıyor,1,2024-03-25 02:12:34,2024,3
Uygulama işime yarıyor ama iade konusunda geç uğraştırıyorlar .Sizden ricam ihtiyacım var iade tutarımı hesabıma yansıtır mısınızz,2,2024-03-24 23:22:59,2024,3
Aktivasyonu bir türlü yapamdim,1,2024-03-24 18:19:55,2024,3
"Kart değiştirdim ve uygulama IBANa para atmak istediğimde bir sıkıntı olduğunu beyan ediyor. Defalarca kontrol edip ""sil-yükle"" yapmama rağmen sorun düzelmedi.",3,2024-03-24 13:48:05,2024,3
Ben şuan giremiyorum uygulamayı kullanamıyorum gireceğim zaman direk beni geri çıkarıyor yardımcı olur musunuz,5,2024-03-24 01:00:58,2024,3
Neden her zaman 100puan veryorsunuz?,1,2024-03-23 22:53:33,2024,3
Bir yıldızı bile haketmiyorsunuz kimi 200 TL olurmu bir uygulama satın alacam,1,2024-03-23 22:45:21,2024,3
Sakın yüklemeyin 5 para etmez bir uygulama saçma sapan kriterleri var rezillik,1,2024-03-23 20:00:51,2024,3
Şansım olsa puan vermem bile çok kötü bı kart telefondan şifreyi degistiremiyorump giriyorum ama şifre değişmiyor karta para yüklemeye çalışıyorum yüklenmiyor o kart in numarası çıkmıyor başka kartımda yok fakat böle oluyor bankadan da yükleyemiyorum asla almayın 10 TL biz gider şokta satılıyor 10 TL ye asla almayın.,1,2024-03-23 14:47:03,2024,3
Şifremi unuttum,5,2024-03-23 12:57:37,2024,3
Fatura ödemeye çalışıyorum 3 gündür şifre gelmiyor,5,2024-03-23 12:02:32,2024,3
Hızlı teslimat,5,2024-03-23 04:46:42,2024,3
Milli piyango ya yükleme yapabiliyorum şimdi yapamıyorum,2,2024-03-23 03:50:44,2024,3
Çok güzel,5,2024-03-23 00:14:24,2024,3
Kimlik doğrulama yöntemi daha kolay olsaydı daha iyi olurdu,5,2024-03-22 14:57:32,2024,3
"sistem cok basarili ancak the bee keeper filmindeki gibi paycellde cetelesmis bir organize suc yapisi herkesin icerideki parasinin uzerine mafya gibi cokuyor, tum paranizi kaptirirsiniz uzak durun.",1,2024-03-22 14:53:24,2024,3
param yok,1,2024-03-22 13:26:42,2024,3
Şifremi değiştirmek için şifremi unuttum diyorum ama yine şifre istiyo. Bu nasıl mantık,1,2024-03-22 13:19:48,2024,3
Hesaba giriş yapamadım eski olduğu ve şifre işlemlerinin artık 6 rakam olduğu söylendi hesabı iptal edip yeni hesap açmak zorunda kaldım.,4,2024-03-22 11:31:56,2024,3
Şifremi Unuttum Ve Hiç Bir Şekilde Erişim Sağlayamıyorum Bilgisi Olan Var Mı??,5,2024-03-22 08:39:43,2024,3
"Emeğe saygı her şeyden önce insanlık ahlakıdır. Paycellin çok faydasını gördüm. Ama son zamanlarda kampanyalar epey azalmış çoğu oyun uygulamalarda geçerli iade veriyor oysaki benim oyun takibim ve bağımlılığım yok. Bana, market,eczane,e-ticaret harcama iadeleri lazım. Ayrıca puanla GB alımında stoklar çoğu kez dolu puan oldukça almak sınırsız olmalı. Önerilerim dikkate alınır diye düşünüyorum.",5,2024-03-22 06:31:17,2024,3
"Müşteri hizmetleri çok iyi yardımcı oluyor diğer cüzdan uygulamaları gibi bahane bulmuyor. Kampanya ve fırsatlarıda çok iyi, beğendim.",5,2024-03-21 23:08:18,2024,3
"Yaa lutfen yardimci olun kizim yanlislikla yuklu uygilamadan 700 tl lik bir paket satin almis, nasil iadesini geri alabilirim",1,2024-03-21 17:49:20,2024,3
Süper,5,2024-03-21 13:17:54,2024,3
Paycell uygulamasından hissemi sattım ama bakiyem çekilebilir bakiye olmasına rağmen birşeyler ters gitti diyor.paramı çekemiyorum.lütfen yardımcı olur musunuz?,1,2024-03-21 11:59:03,2024,3
Güzel,3,2024-03-21 04:07:28,2024,3
Hesabım dondurulmuş yeni şifre alamıyorum e posta adresine birşey falan gelmiyor,3,2024-03-21 00:25:54,2024,3
hatika bir uygulama iban bile geldi doğrulama kalktı galiba yatırım geldi birde dolar falan alanilsek müq olcak,5,2024-03-20 16:26:06,2024,3
Öncelikle 5 yıldız vermemin sebebi yorum üstte gözüksün diye 17 mart pazar günü banka hesabımdan paycelle 290 tl attım hâlâ gelmedi Müşteri hizmetlerini aradaım e postadan şikayet oluşturdum 3 iş günü içerisinde düşer düşer diyor Para ortada yok ve bu sorun biran önce çözülmezse bi avukat bulup tazminat davası açacağım paycelle,5,2024-03-20 16:06:21,2024,3
Paycell para yatırdım oyun içerisinde paket almak istedim alamadım güvenilir bir site degil,1,2024-03-20 12:28:49,2024,3
Bu nasıl bir şey ya puan kasmak için uğraşıyom internet lazım bende her hafta 300 de kalıyor 400e çıkıyor sonraki hafta tekrardqn 300,1,2024-03-20 07:24:34,2024,3
İyi,5,2024-03-19 22:38:56,2024,3
Almayın aldırmayın uğrasılmaz,1,2024-03-19 18:04:36,2024,3
Ya benim anlamadığım yan uygulamalarda bu kadar çok veri harcanıyor bu neden fazla veri harcamanızı istiyor bence daha az alsanız daha iyi olur,2,2024-03-19 15:45:59,2024,3
Benim hesabıma bloke kondu ve düzeltmeye calıştım ama olmadı,1,2024-03-19 15:18:13,2024,3
Hesabım donduruldu eposta adresine şifre istediğim halde gelmiyor ve giriş yapamıyorum hiç bir şekilde.,1,2024-03-19 11:08:34,2024,3
paycell para kesiyor mu,1,2024-03-19 10:31:04,2024,3
Para yüklediğim kart kapantı. Param gitti. Yeni karta da para yükleyemiyorum.,1,2024-03-18 19:40:54,2024,3
verim alamiyorum,2,2024-03-18 13:29:04,2024,3
Eveet. Eskiden paycell kullanıyordum vr hat değiştirdim. Şimdi hesabımın bloke olduğunu ve ve bu numarayı arayarak hesabımı açtırabileceğimi söylüyor. Numarayı arıyorum hesabınızın şifresinin son kullanma tarihi geçmiştir uygulamaya girip yenileyin diyor fakat ben uygulamaya giremiyorum. Canlı desteğe bağlanmak istiyorum yine şifre istiyor yine aynı muhabbet. Yani asla ulaşamıyorum.,1,2024-03-18 13:04:34,2024,3
"Bu uygulama hiçbir puanı haketmiyor, uygulamayı sildim. Daha sonra tekrar indirdim ama uygulama açılmadı.",1,2024-03-18 10:45:49,2024,3
Müşteri hizmetlerin aradım 10 dakikadır saçma sapan bir müzik çalıyor ama cevap veren yok Olurda bir sıkıntı yaşarsanız müşteri hizmetlerine ulaşamayacağınızın bilinciyle indirebilirsiniz,1,2024-03-18 07:59:57,2024,3
Çok iyi kesin indirin,5,2024-03-17 12:02:07,2024,3
Bloke kaldırılmiyor lütfen düzeltin,1,2024-03-17 11:34:24,2024,3
Paysell uyggulasi indiremiyorum,1,2024-03-17 10:59:08,2024,3
Tlfnda root var diyor uygulamayi açmıyor neden açmıyor? yardımcı olursanız sevinirim,1,2024-03-17 00:18:49,2024,3
Paycell ile ilgili bir bağlantım olmaması halinde turkcell faturama yansıtılarak işlem yapılıyor müşteri hizmetlerini aradığımda bizim yapabileceğimiz birşey yok deniliyor ben böyle bir şey görmedim şikayetimi kime ileteceğim bana en kısa sürede dönüş sağlarsanız memnun olurum saygılar,1,2024-03-16 20:43:28,2024,3
Aylık kullanım ücretini benim yüklü olan bakiyemden mi kesiyorsunuz?,5,2024-03-16 20:35:55,2024,3
Paycell hesabıma 9 bin TL nakit yükledim hiçbir sebeb yokken kartima bloke koyuldu müşteri hizmetleri ni arayıp aciliyetimi dile getirmeme rağmen hala bir dönüş yapılmadı.,1,2024-03-16 16:12:53,2024,3
Her Hafta Salla Kazan 100 Puan Veriyor😑,1,2024-03-16 16:03:43,2024,3
Turkcell neden yaptığın hey sey kötü? Sorunumun çözülmesini iştemiyorum zaten ininal kullanacağım. Sadece soruma cevap ver.,1,2024-03-16 13:14:07,2024,3
Yeterli puan yok,1,2024-03-16 07:53:40,2024,3
Donmuş payccel açılmıyor nedeni nedir Olmuyor bana yardımcı olun... Çok önemli işim vardır acil lütfen hatde biraz çabuk olun dondurulmuş giriş olmuyor donmuş olmuyor geliştirici,3,2024-03-15 15:15:27,2024,3
Kampanyalardan engellenmişim gibi mevcut kampanyaların çoğunu göremiyorum.,1,2024-03-15 09:49:08,2024,3
Abe asla indirmeyin sakın ki kartını almayın bakın kampanya yapıyoruz geri iade TL hediye vermiyor kartı boş ATM den para da kesiyor iyi değil indirmeyin..,1,2024-03-15 01:44:44,2024,3
Son güncelleme ile fatura ödeyemiyorum uygulama kapanıyor Uygulama düzeldi teşekkür ederim,5,2024-03-14 20:43:03,2024,3
Lütfen pubg paycel kartını Konya'ya da getirin..,5,2024-03-14 16:02:05,2024,3
"Sitenize girip dijital platform üyeliklerinde cashback kampanyası görüp kart aldım, üyeliğimi aktifleştirdim. Fakat uygulamanıza girdiğimde böyle bir kampanya görmüyorum. Müşteri hizmetlerini arayıp kayit açtırıyorum, gelen cevap ""KATILIM ŞARTLARINI SAĞLAMIYORSUNUZ!"" katılım şartları paycell müşterisi olmak. Hangi şartı sağlamıyorum acaba!! ( Ayrıca diğer paycell kullanan arkadaşlarımın mobil uygulamalarindada bu kampanya yok bilginize! Konu çözüme kavuştu. Teşekkürler.",4,2024-03-14 14:19:16,2024,3
Paycell in internet sitesinde yer alan kampanyalar telefonumdaki paycell uygulamasında görünmüyor kişiye özel kampanya mı oluşturuluyor acaba,1,2024-03-14 12:21:49,2024,3
Üyelik iptal edemiyorum çok kötü nasıl iptal edebilirim,1,2024-03-14 10:08:07,2024,3
Şifremi unutmuştum değiştirdim ama hesap dondurldu günlerdir bekliyorum düzelir diye hala açılmadı silip indirdin gene olmadı,5,2024-03-14 00:29:01,2024,3
"Kimlik doğrulama yüz tanıma yüzümü bir türlü tanımıyor paycell,le tanıştığımda beri hep sorun kullanılacak bir uygulama değil çok sorumsuz sunuz",5,2024-03-13 20:09:12,2024,3
Giriş yapamıyorum kaç keredir girmeye çalışıyorum sms kodu göndermiyorlar yardımmmm!!!,5,2024-03-13 19:52:14,2024,3
Eliniz dert görmesin kendi bilgilerimi girmeme rağmen babamın hesabına girdim,5,2024-03-13 17:45:07,2024,3
1₺ yüklemeyin. 2749₺ yok 10 iş günü bekleyin olmazsa tekrar başvurusunu diyorlar. Sakın. Uzak durun,1,2024-03-13 17:05:20,2024,3
Para yükleme sınırı daha fazla olması gerekir banka kartında ücretsiz 2500 TL ücretsiz üzeri ücretli en az 5000 TL gibi olması gerekir bu dönemde çok az .,3,2024-03-13 16:54:22,2024,3
Hizliveuygulanabilir,5,2024-03-13 12:58:21,2024,3
"""Salla Topla""dan kazandığım hediye puanlar asla tanımlanmıyor. Sadece göstediğiyle kalıyor. Böyle bir şeyin acilen düzeltilmesi gerek. Yoksa ""Salla Topla""nın bir anlamı kalmıyor. Boşuna bizi kandırıyorsunuz.",1,2024-03-12 23:19:46,2024,3
Ben boyle uygulaminin ta amk boyle sacma bi uygulama gormedim,5,2024-03-12 12:28:36,2024,3
i şifresini değiştirmeye çalışıyorum şifreyi sıfırlamaya çalışıyorum hiçbir şekilde paycell hizmet müşteri hizmetlerini arıyorum hiçbir şekilde yardımcı olunmuyor insanları mağdur ediyorsunuz ya bu şekilde çalışacaksınız hiçbir şekilde yani bu uygulamayı yapmayın,1,2024-03-12 11:30:35,2024,3
Böyle devam iyi gidiyorsunuz,5,2024-03-11 18:46:38,2024,3
Uygulamanın açıklama kısmında faturanıza yansıt özelliği ile para çekin havale yapın yazıyor fakat gerçekte olan ibana transfer edemessiniz transfer alırsınız şimdi ibana transfer yok ise ben bu uygulamayı ne yapayım,1,2024-03-11 04:39:08,2024,3
Şifre yenilemesi gerekiyor diye uyarı veriyor. Yenile dediğimde e posta adresime şifre yenileme linki gönderildiğini söylüyor. Fakat gelen bir posta yok. Farklı günlerde defalarca denedim. Fakat sorun devam ediyor.,3,2024-03-11 02:02:43,2024,3
Böyle rezil bir uygulama görmedim ya kartımda para olmadığına rağmen '' işleminizi yapamıyoruz sonra deneyiniz'' diyo kafayı yememe az kaldı,1,2024-03-10 15:59:44,2024,3
Şifre gelsin,3,2024-03-10 15:51:04,2024,3
7 tl ye 1000 puan vardı para gitti puan yok ortadq,1,2024-03-09 20:58:48,2024,3
En iyisi paycell,5,2024-03-09 20:26:36,2024,3
Süper,5,2024-03-09 20:13:36,2024,3
Bana giriş kodu gelmiyor lütfen yardım edin acil,2,2024-03-09 18:39:22,2024,3
Bu kanalı seviyorum,5,2024-03-09 17:54:12,2024,3
İyi sen teşekkür ederim ⭐⭐⭐⭐⭐,5,2024-03-09 00:36:13,2024,3
Turkcell bütün uygulamalarinda rahatsızım hepsi çok saçma ve boş yerlere sürüklüyo o yüzden bu uygulama puanim 1,1,2024-03-08 21:53:04,2024,3
Ben yüklüyorum sonra kart donduruldu yazıyo,5,2024-03-08 21:29:34,2024,3
Uygulamaya numarayla giriş yapmak istediğimde hesap kayıtlı diyor giremiyorum şifremi unuttum deyince de bana hiç kullanmadiğım bir e posta gösteriyor yardımcı olur musunuz,5,2024-03-08 21:14:23,2024,3
Hayatımda gördüğüm en kötü uygulama sürekli hata veriyor,1,2024-03-08 19:33:51,2024,3
İsteye bagli,5,2024-03-07 21:24:05,2024,3
Paysell kullanamiyorum neden mobil ödeme yapamiyorum,2,2024-03-07 20:31:20,2024,3
Bana reklam reklam yapmayın rahatsız oluyorum beni rahat birakin size ihtiyacım yoktur,1,2024-03-07 19:39:37,2024,3
"Kampanyalara katılmak zulüm gibi, toplu katılım yapılabilir",4,2024-03-07 11:23:37,2024,3
güzel,5,2024-03-06 21:54:38,2024,3
"Financell alışveriş kredisini kullandigima binlerce kez pişmanım fatura başı işlem ücreti ne demek, Allah tan korkunuz yok. insanlardan haraç keser gibi.krediyi bitirdikten sonra ne paycell nede turkcell hayatım boyunca kullanmam",1,2024-03-06 10:44:37,2024,3
Bu uygulama çok güzel olmuş yapanın ellerine emeğine yüreğine sağlık,5,2024-03-05 14:13:38,2024,3
Hayatımda gördüğüm en rezil uygulama Turkcell faturamı bile ödeyemiyorum,1,2024-03-05 12:27:24,2024,3
malesef.....,1,2024-03-05 10:44:08,2024,3
Her defasında ayrı sorun yaşamaktan bıktım. Paycell bir taraftan borsa hesabı bir taraftan hepsi sorunlular... Parana kafalarına göre sistem arızası diyip en yakın zamanda hesabına yansicaktır demeleri ayrı sorun... Şu anda yatırım hesabımdaki 78$ ortalıkta yok nereye gitti belli değil bakiye 0$ görünüyor.,1,2024-03-05 09:57:52,2024,3
Hazir limit koymus faiziyle para satiyor.adima kayitli baska bir hatta giris yaptim diye engelledi faiziyle parayi kullandirmiyor musteri hiznetleri vervat burinin dedigi oburubu tutmuyor.uc ay param bubkarda kaldi alana kadar 50 defa mail attim. hergun mesaj sunu getir sukadar puan vs yalan dolan.PAPARADAN SASMAYIN,1,2024-03-04 17:15:11,2024,3
çok kaliteli bir uygulama tavsiye ederim..,5,2024-03-04 17:09:38,2024,3
6 haneli şifre aldım yeniledim 4 hane yazıyor sifrede saçmalığa bak,1,2024-03-04 16:29:02,2024,3
"KESİNLİKLE KULLANMAYIN. Hesaba para yükledim ancak hesapta görünmedi müşteri hizmetleri ile görüştüm düzeltmeleri 3 gün sürdü, hesaba yüklediğim 350₺ erimiş 347₺ hesaba geçmiş +2 küsür lira da olmayan karta aidat kesmişler. İçerideki parayla Türkcell faturamı ödemek istedim kendi fatura ödemesinden dahi kesinti yapıyor. REZİL, ÇÖP, GEREKSİZ, SOYGUNCULAR.",1,2024-03-04 16:18:35,2024,3
Hesabım kapalı diyor lütfen açınnnnn,5,2024-03-03 19:49:56,2024,3
Kimliğimi dogruliyamiyorum sinirlendim bu uygulamayı kaldırıyorum kaldirilmiyor bu ne rezillik..birde üzerine faturada her ay para alıyorsunuz.. sim kart evet değişti ama telefonu kullanan yine aynı kişi size neyi ispT etmem gerekiyor bir sim kart değişikliğine 2000 tl para verdim şaka gibi hala şifre diyor gondermiyorsunda.. alarmı ediyorsunuz....lanet oksun size hırsızlara kolaylık sağlarsınız ama .doğru insanida ugrastirirsiniz .,1,2024-03-03 19:36:19,2024,3
Maalesef yükledim ama.ne para gönderebiliyorum ne de alışveriş kimlik doğrulama hatası diyor sürekli iki bin TL boşuna faturama yansiycaz,1,2024-03-03 17:30:35,2024,3
Sayın turkcell uygulamada hediye dünyam sistemi çok yanlış bence benim 2000 puanım var ayda 3 kez günlük 1 GB alabilirsin diyor 1 kere alınca aylık limite ulaştı diyor bu sistemi düzeltmenizi çok isterim herkes istediği kadar almalı puanlar boşa gidiyor çünkü umarım ki bu sorunu çözersiniz,2,2024-03-03 12:37:27,2024,3
Çok güzel,5,2024-03-03 11:15:20,2024,3
Karta neden bloke attınız hiç anlamıyorum güvenleğiniz için incelemeye alınmış kredi kartımısın hesaba para aktardık sonrası çekildi neden bloke ettiniz ki hesabı 🤔,1,2024-03-03 07:50:23,2024,3
Kimlik doğrulayamıyoruz hata veriyor,1,2024-03-02 21:26:09,2024,3
Çok iyii tabi sonradan bi sorun çıkmazsa,5,2024-03-02 20:10:14,2024,3
Arayüzünü beğenmedim lütfen değiştirin.,5,2024-03-02 19:29:26,2024,3
Çok güzel uygulama.,5,2024-03-02 10:34:09,2024,3
Guzel,5,2024-03-02 04:39:03,2024,3
Günlerdir uygulamayi indirmeye calişıyorum inmiyor neden acaba yanlislikla sildim uygulamayi simdi inmiyor nedennnn,1,2024-03-02 03:47:28,2024,3
hesabım donduruldu şifre yenileniyorum müşteri hizmetlerini aradım hiç yardımcı olmadı zaten ben gmailden yenileyebilsem aramam bu nasıl ilgilenmek müşteriler ile,5,2024-03-02 01:44:02,2024,3
Önermiyorum hesap bı turlu açamadım çok saçma,1,2024-03-01 22:39:54,2024,3
Çok problem li sorun yumağı bir uygulama,2,2024-03-01 20:04:02,2024,3
Bu paycell Cüzdanda hiç kullanmadığım bir kredi için sakın bana borç falan çıkartmayın mahkemelerde tüm hukuki haklarımı kullanırım ona göre. Birde limit diye koydukları para tam bir komedi.Resmen insanlarla alay ediyorlar..,1,2024-03-01 19:22:17,2024,3
Root olduğu için uyhulamayi kulanamiyor kalksin,1,2024-03-01 12:09:55,2024,3
"Paycell hediye puanlarım sürekli eksiliyor, harcamama rağmen. Ne yapmam lazım?",3,2024-03-01 00:57:09,2024,3
Arkadaş ım 100 puan veriyonuz onada zaten bişe gelmiyor ve onuda geri alıyonuz ne biriktirip bişe alma şansımız bile yok düzeltirseniz sevinirim,1,2024-02-29 19:50:29,2024,2
Hiç memnun değilim giriş yapıyorum olmuyor 10 defa müşteri hizmetlerini aradım şifre almak için kimse yardımcı olmuyor bu ne ya müşteri memnuniyeti 0000000000 😏😏😏,1,2024-02-29 19:16:50,2024,2
Cokmukemmel,5,2024-02-29 10:57:15,2024,2
Berbat ötesi çok reklam veriyor bıktım yaa,1,2024-02-29 10:46:52,2024,2
1 Yıldız bile haketmiyor yasal dolandırıcılar,1,2024-02-29 00:34:36,2024,2
Sizi şidetle kınıyorum bukadar reklamlar ney lan sizin ben...,1,2024-02-28 20:40:45,2024,2
İdare eden sadece oyuna yükleme yapmak için kolaniyorum,4,2024-02-28 20:12:00,2024,2
Çok,5,2024-02-28 18:30:45,2024,2
Kotu bir uygulama ne olduğu belli değil habire faturama yük getiriyor kaldırmak istiyorum ancak jir türlü olmuyor Şifre gönderdik deniyor hotmsil hesabımda yok berbat,1,2024-02-28 09:29:09,2024,2
cok iyi bir uygulama tavsiue ederim,5,2024-02-28 01:09:00,2024,2
Çok kötü berbat,1,2024-02-28 00:20:15,2024,2
Hiç bilmediğim bir uygulamayı beni üye yapmışlar birde uyu olmuşsunuz diyorlar benim haberim bile yok kafalarına göre işlem yapıyorlar,1,2024-02-27 19:40:24,2024,2
neden yüklemem gerekiyor gereksiz Kendikendine açılark beni rahatsız ediyor,1,2024-02-27 19:13:35,2024,2
Uygulamaya bu yorumu yazarken bile reklamı çıktı reklam yüzünden oynadığım oyunları bırakıumyorum,1,2024-02-27 17:21:36,2024,2
Para transferlerinde hangi banka yada uygulama bu kadar işlem ücreti kesiyor,1,2024-02-27 16:44:11,2024,2
Türkcel in en berbat işi şu paycel giriş yapamıyom güncelledim şifreyi yine aynı yıllardır giriş yapamıyorum,1,2024-02-27 15:27:47,2024,2
Telefona mesaj atıyorsunuz şifre yenile bu kadar puan sizi kazan sizi insan yerine koyup inanıyoruz sonra yok burayı arayın yok hesabınız dondurulmuş size güzel küfür beddua ederdim ama siz şikayet edersiniz başka bir işe yaramaz sınız,1,2024-02-27 14:16:05,2024,2
Süper,5,2024-02-26 19:36:30,2024,2
Uygulama aynı bookkk Gibi,1,2024-02-26 19:06:47,2024,2
Merhaba uzun zamandır paycell kullanıcısıyım fakat yıl başından sonra nedense fatura ödemelerinde işlem ücreti alınmaya başlanıldı turcell fatura ödemesinde bile alınıyor zirrat bankasından para aktarsam yine kesinti oluyor zaten anlaşmalı banka müşteri temsilcileriniz hiç yardımcı olmuyor çünkü onlarda bilmiyor,1,2024-02-26 16:45:57,2024,2
he,5,2024-02-26 16:21:49,2024,2
Otomatik ödeme de 9 TL'lik aboneliğe 18 TL hizmet bedeli kesen saçma sistem. kullanmayın,1,2024-02-26 15:59:10,2024,2
Bu nasıl bir uygulama 2 3 aydır çözemiyorsunuz insanlarla dalga geçer gibi ayıp size faturaya yansıtmayı biliyosunuz...,1,2024-02-26 14:05:40,2024,2
Hızlı ve güvenilir,5,2024-02-26 12:41:36,2024,2
Hiç bir şekilde kredi kartı bilgilerimi giremiyorum.Email adresimi yazdıktan sonra devam ettiriyor.Size sinir oldum.Tukcell'e gectigime de pişman oldum,1,2024-02-26 10:27:07,2024,2
Çok güzel,5,2024-02-26 00:55:37,2024,2
Beni yükle beni yükle diye iki saniyde bir reklam veriyor telefon kullanamaz oldum delureceğim,1,2024-02-25 16:26:48,2024,2
Yok,5,2024-02-25 14:43:58,2024,2
Hayatımda bu kadar sikindirik bir uygulama görmedim ABV,1,2024-02-25 13:40:32,2024,2
Hiç tavsiye etmiyorum bunun yerine papara veya tosla vb. Kullanırsanız daha iyi olur,1,2024-02-25 13:04:25,2024,2
ما هو عجيب,5,2024-02-25 12:31:48,2024,2
Limiti kullandirmiyo herdefasinda sıkıntı cikartiyo,1,2024-02-25 09:00:11,2024,2
Masrafsız bankacılık uygulamalarını kullanın. Son derece gereksiz bir uygulama,1,2024-02-25 01:32:06,2024,2
Çok kötü tavsiye etmiyorum!!,1,2024-02-24 22:14:18,2024,2
Teknik ekip hiçbir şekilde yardımcı olmuyor. Sürekli hatayı başkalarına yüklüyor. Uygulama hatalarla dolu,1,2024-02-24 20:59:52,2024,2
Her ay 2800 TL ÖDÜYORUM. KUAR KOD COK MASUR OLDUM 5 KEZ ALIS VERİSTE ÖDEME YAPILDI GÖRÜNUYOR HESABA. YATMADI SÜREKLİ MUSTERİ HİZMERİNİ ARAMAK. ZORUNDA KALDIM ÇÖZDÜLER COK GEC OLDU ALDIĞIM EŞYALARI GERİ BIRAKMA ZORUNDA KALDIM DEĞERLİ PAYCELL YAZILIMCI ARKADAŞLAR DUZELTİN BU YAZILIM HATASINI SAYANİZDEN TURKCELL AYRİLİYOM BUNUN YÜZDENDEN,1,2024-02-24 20:57:50,2024,2
Şifre değişikliği yapayım dedim yalandan oraya arayın burayı arayın diye insanlarj oyalıyosunuz hiç gelişemediniz yıllardır.,1,2024-02-24 09:06:53,2024,2
Merhaba ben üyelik iptali istiyorum lütfen yardımcı olun. Hiç bir işe yaradığını görmedim ve her ay kesinti yapıyor bu ne ? Lütfen üyeliğimi iptal edin.,1,2024-02-24 06:52:21,2024,2
Ful reklam içeriyor sakın yüklemeyin,1,2024-02-23 23:51:47,2024,2
paycell hesabındaki paycell kartımdan qr kod/kare kod kullanarak bankamatikten nasıl para çekebilirim.,4,2024-02-23 22:51:45,2024,2
Bi şifremi unuttum tekrar alamadım. Turkcell şubelerine gitmem gerekiyormuş hayatımda böyle saçma bir akış görmedim,1,2024-02-23 22:08:09,2024,2
Böyle uygulama yok uygulama şifremi unuttum epostamıda kaybetmiştim uygulamada eposta değiştirmek için bu numarayı arayın arıyorum diyor şifrenizi girin ben zaten şifremi unutmuşum nasıl gireyim rezalet,1,2024-02-23 21:19:49,2024,2
Devamlı önüme geliyor bu reklam yeter artık,1,2024-02-23 20:55:14,2024,2
reklamlardan bıktımmmmm,1,2024-02-23 19:32:06,2024,2
Paycell hesabı kurarken e postayı yanlış girmişim bu yüzden şifre yenileme başka bir e postaya gidiyor paycelli arıyorum şifre istiyor zaten şifreyi yapsam niye sizi arıyım yardımcı olmuyorlar bir çözüm bulunması gerek güvenlik açısından bu güvenli değil şifre e postaya geliceğine telefona gelmesi gerek bence yardımcı olun lütfen.,4,2024-02-23 18:08:34,2024,2
Yardım açılmıyor,5,2024-02-23 17:50:11,2024,2
Neden hediye dünyasında GB stoğu yok ay bitecek puanlarimiz martda gidiyor ve bu yüzden yapıldığını düşünüyorum,1,2024-02-23 16:34:00,2024,2
Kart yapmayı bilmiyosanız neden yapıyorsunuz limitleri çok az illahi kimlik okutması istiyor çok saçma papara sizden 100 katbdaha iyi papara kullanacam yatırdım paralarıda haram zıkkıl ediyorum ihrenç bir uygulama. 🤮🤮🤮🤮🤮🤮🤮,1,2024-02-23 15:35:24,2024,2
Çok fazla reklam,1,2024-02-23 14:40:17,2024,2
5-6 defa kasada kaldım. Cebimden para harcadım. Tam bir fiyasko. Ödeme yapılacak yerler ya kart ister ya qr okumaz. Rezalet. Üzerine karttan aktar yapıp bir de faiz ödedim. Global işe alırken asgari ücret ama yan hakları var. Dediler gördük. Akşam 8den sonra destek yok ben globalde ya 20de ya da 21 de işten çıkıyorum. Çok bilinmeyen zincir markete dünya yol kat edip gidiyorsun. Cebinden para ödüyorsun. Paye paycell nefret ettiğiniz personele alabilirsiniz. Qr ile ödeme kesinlikle olmuyorkart,1,2024-02-23 13:31:45,2024,2
Çok memnun oldum iyi ki varsiniz,5,2024-02-23 12:33:06,2024,2
Normalde çok güzel bir uygulama ama bir kere simkart dehisikli yaptım müşteri hizmetleri aramam için uyarı geldi ekrana. Arıyorum sim kartiniz bloke olduğu için şifre dehisikli yapın sinyali çıkıyor. Yeni şifre alayım diyorum sim kart blokeli oldigundan şifre degisikligi yaoamazsiniz anonsunu alıyorum. Ya i böyle bir kısır döngü içinde kullanmak isteyp de kullanamıyorum malesef...,5,2024-02-23 11:53:24,2024,2
Bu yıldızı dahi hak etmiyor bu uygulama ilk başlarda iyidi fakat sonradan çok bozdu ne hesabıma giriş yapabiliyom yaptğımdada para aktarma kısmından hesabıma para aktaramiyorum ben 3 senelik türkcell müşterisiyim ama sim kartımı yeni aldım uyarısı alıp duruyorum /verdiğiniz yanıta karşı cevaben ÇÖZEMİYORSUNUZ kardeşim türkcellin ne kadar num. Epostası varsa hepsini denedim sözde ülkenin en iyi çeken mobil ağ firmasısınız ama bu kadar basit bir olayı dahi ÇÖZEMİYORSUNUZ,1,2024-02-23 11:51:38,2024,2
❤❤❤,5,2024-02-23 11:34:03,2024,2
Dünyamızı kolaylaştıran bir yöntem diyor paycell bu kelime tamamen eski paycell daha iyiydi dedim ama pişman oldum,5,2024-02-23 04:19:20,2024,2
Çok iyi olur benim için çok güzel yapan lar elleri ne sağlık,4,2024-02-22 15:41:19,2024,2
tek kelimeyle:BERBAT,5,2024-02-22 13:20:05,2024,2
Çok saçma bişey niye ikide bir reklam veriyorsunuz,1,2024-02-22 12:02:52,2024,2
Neden böyle yapıyolar kartlarımı giremiyorum çok fazla kart aştınız diyo hergün kart giriminin yenilenmesi gerek,1,2024-02-22 07:34:18,2024,2
Müşteri hizmetlerini arıyorum açıpta ilgilenen yok şifre yenilemek meil adres degişikligi için arıyorum ilgi alaka yok,1,2024-02-22 04:14:47,2024,2
Çok masraf,1,2024-02-22 01:43:35,2024,2
Sürekli reklam,1,2024-02-21 23:42:01,2024,2
Son güncellemeden sonra hala aynı şekilde giriş den sonra mesela İstanbul kart yükle dediğimizde hata vermeye devam ediyor kaldikii kaç gündür bu sorun çözülemedi peki ne zaman çözülecek acaba,2,2024-02-21 23:27:06,2024,2
Giriş yapmayı deniyorum başka bir e postaya şifre gidiyo bunun düzeltilmesini isterim,2,2024-02-21 17:52:24,2024,2
Boş,1,2024-02-21 13:59:39,2024,2
Allah belanızı versin çabuk paramı geri verin sakın bu dolandırıcı uygulamayi indirmeyinnnnnnnnnn,1,2024-02-21 13:59:31,2024,2
Geçmişte payceli kullanıyordum lakin yeni bir telefona geçtim ve şifreyide unuttum Yeni telefonda şifremi unuttum seçeneğini deniyorum lakin kayıtlı e postayada giriş yapamıyorum ve koduda bu yüzden alamıyorum yardımcı olursanız sevinirim.,1,2024-02-21 11:55:12,2024,2
İstediğim çipi alamıyorum,1,2024-02-21 08:08:09,2024,2
Kotu,5,2024-02-20 21:19:48,2024,2
çok iyi,5,2024-02-20 19:41:50,2024,2
Şifre unuttugumda şifre yenile bölümünde yeni şifre yerine unuttugum şifremi istiyor hem başlık şifre yenileme hemde eski şifremi istiyor zaten eski şifremi bilmedigim için şifre yenile veya şifre al butonuna basıyorum bunu düzeltin...,1,2024-02-20 17:46:05,2024,2
Çok güzel,5,2024-02-19 20:39:43,2024,2
yapmak istedigim hicbirseyi yapamiyorum uyelik iptali istiyorum benim hic istemedigim birseye uye olmusum nasil oluyorsa anlamadim,1,2024-02-19 18:33:38,2024,2
Arkadaşlar yükleme limit 750 TL' boşa yüklemeyin,1,2024-02-19 16:39:00,2024,2
👎👎👎👎👎👎🤮🤮🤢🤢🤢,1,2024-02-19 15:08:14,2024,2
Fatura ödenmiyor neden acaba,4,2024-02-19 11:30:17,2024,2
Berbat bir program,1,2024-02-19 09:51:18,2024,2
Çok fena,1,2024-02-19 07:27:45,2024,2
Çok kötü ve dolandırıcı bir uygulama,1,2024-02-19 00:33:52,2024,2
Berbat,1,2024-02-19 00:22:09,2024,2
Ben e postamı silmişim bir türlü giriş yapamıyom inşallah yaparsınız,4,2024-02-18 22:51:32,2024,2
Her taksit odemede 47 tl islem ucreti almaya utanilmiyormu acaba..bu kadar fahis fiyatlarla musteri kitlesini genisletmeyimi düşünüyorsunuz?,5,2024-02-18 20:27:02,2024,2
çalişmiyor,1,2024-02-18 15:57:56,2024,2
Bu Uygulamayı Kullanan İnsanların Gerçekten Akıl Sağlığından Şüphe Ederim NET İnsanları Resmen Tefecilerden Farksız Bir Şekilde Dolandırıyor Bu Uygulama Uzak Durun.,1,2024-02-18 14:28:37,2024,2
En büyük dolandırıcılık TC NO üzerinden fatura yatırmaya kalktım 65 TL işlem ücreti istedi,1,2024-02-18 13:55:53,2024,2
puan toplamak sıkıntı düzenmeli,1,2024-02-18 12:45:15,2024,2
Bis ubara yukuyom ama harciyamiyom,1,2024-02-18 11:17:06,2024,2
Bu ne ya durmadan reklam geliyor durduk yere videoya girmeden bile sürekli reklam geliyor virüs mu girdi ne oldu,1,2024-02-17 21:22:29,2024,2
Ya neden faturama yansittiniz sizden şikayetçi olacağım ben onay falan vermedim,1,2024-02-17 20:43:09,2024,2
Rezalet bir uygulama. Sıfır müşteri desteği.. Yıllar önce açtığım hesabımın şifresini unuttum. Sim blokesi de gelmiş. Kaldırmaya çalışıyorum yok olmuyor. Şifre sıfırlama linkinden telefona sms kodu gelmiyor. Kaç defa uğraştım yok. Kullandırmamak için elinizden geleni yapıyorsunuz sanki. Az insanların şikayetlerini dikkate alın. Turkcell den mamnunum ama paycellden asla..,1,2024-02-17 18:24:15,2024,2
Güzel,5,2024-02-17 14:59:17,2024,2
Hata veriyor atıyor uygulamadan dışarı geribildirim de gonderdim,2,2024-02-17 13:47:47,2024,2
Trendyol dan sipariş vercektim bu kartla işlemde hata oldu fakat para çekildi ortada bir sipariş yok ama param gitti 3 gündür daha para hesabıma aktatılmadı.. Boğazınızda kalsın inşallah,1,2024-02-17 10:25:46,2024,2
"Paycell iyi bir yontem,ama cok faiz aliyor..",5,2024-02-16 22:26:15,2024,2
Dünyadaki en kötü uygulama nfc özeliginden kimlik kartını dogruyorum sorun cıktı sonra deneyin diyor çakmak bir uygulama paycell benim yorumumu gor senin gibi uygulamanın ta cok kötü üstüne kimlik bile doğru lamıyor öne cıksın diye 5 verdim 0.5 i bile haketmiyor,5,2024-02-16 16:11:20,2024,2
Beş para etmez,1,2024-02-16 11:26:11,2024,2
Ömrü hayatimda böyle bi mal uygulama görmedim.Şifremi unuuttum uygulamadan e maileme sifirlama linki geliyo.Gelen linkde paycel şifresini istiyo.bilsem zaten sifirlamaya calişmam.bu ne rezil bu uygulama,1,2024-02-16 00:25:18,2024,2
Arkadaş davetiyle haftalık 2gb değerinde 2500 puan kazandım ama ödüller kısmında haftalık 2gb 7500 puan. Bu nası saçmalık!!!,1,2024-02-15 19:44:58,2024,2
Uygulama neden çalışmıyor,5,2024-02-15 18:59:23,2024,2
"Ne şifreyi kabul ediyor ne yeni şifre belirliyor ne eposta gönderiyor, 1 saat uğraştım sonunda uygulamayı sildim",1,2024-02-15 09:56:34,2024,2
Şifremı unuttum epostamı da aynı şekilde nasıl şifremi degiştirebilirim,2,2024-02-15 01:00:53,2024,2
Müşteri hizmetlerine baglatmiyor eski e posta üzerine olduğu için hesabımı silip tekrar açmam gerekiyordu ve kimse yardımcı olmuyor buna bı el atın..........,1,2024-02-15 00:06:36,2024,2
Paramla paket almak istememe rağmen olmuyor 30 kez denedim olmadı rezalet,1,2024-02-14 23:14:23,2024,2
Aks,5,2024-02-14 22:30:17,2024,2
Ben haytımda internetten alışveriş yaparken bu kadar rezil bir ekran görmedim rezilsiniz,1,2024-02-14 19:17:57,2024,2
Paycel her kese terci ederim,5,2024-02-14 17:39:53,2024,2
Bu saçma uygulama benim onayım alınmadan harcama limiti bilgi verilmeden belirlendi ciddi güvenlik açığı var 1580 TL harcama yapıldı itiraz ettim bir sonuç alamadım insanları dolandırıyorlar.,1,2024-02-14 17:24:54,2024,2
Sizi nasıl engelleye bilirim,1,2024-02-14 17:08:00,2024,2
Arkadaş davet etmeme rağmen uygulama paycell puan vermiyor neden ???,5,2024-02-14 16:10:48,2024,2
Tam bir palavra uygulaması...,1,2024-02-14 13:46:48,2024,2
Uygulama Çok Güzel Fakat Arayüzü Çok Zor Papara Gibi Olmalı 2 Puan Kırdım,3,2024-02-13 21:43:34,2024,2
Peycel hesabımı silmek istiyorum bunu nasıl yapacağım bilmiyorum bana yardımcı olursanız sevinirim,1,2024-02-13 18:57:51,2024,2
Harika,5,2024-02-13 15:49:16,2024,2
Berbat,1,2024-02-13 14:49:53,2024,2
Oraya faturaya ek kredi koymuşsunuz ama kullanamıyoruz. Wifiyi kapat dyo kapatıyorum ama algılamıyor tekrar soruyor.,1,2024-02-13 09:01:57,2024,2
Uygulamanın içerisinde bulunan colendi borsasında hisse alım satım işlemi yapıyorum ancak işlem ekranına sermaye piyasası faaliyetleri çerçevesi diye bi belge gelıyor ekrana belgeye onay verdıgımde sureklı hata alıyorum ne uygulamanın ana ekranına dönebiliyorum nede işlem yapabılıyorum müşteri temsılcısı ile telefon ve mail üzerinden görüşmem de ise sadece uygulamayı silin tekrar yükleyin yanıtı alıyorum colendi firması ile irtibata benim gecmemi istiyorlar hiç bir şekilde hata düzeltilmedi,1,2024-02-12 20:01:06,2024,2
Çok verimli,5,2024-02-12 17:41:51,2024,2
Uygulamayı açarken cihazınız root lu olduğu için engellenmiştir devam etmek istiyor musunuz diyor evet dememe rağmen uygulamayı yine de açmıyor. Düzeltebilir misiniz ?,5,2024-02-12 17:28:51,2024,2
Veri ile devametmek wifi ile işlem yapamamak dünyanın en saçma önlemi onun haricinde gayet iyi,5,2024-02-12 14:02:26,2024,2
Google ADS karşı hesabınıza koruyabiliyor malum Bilginiz dışında hesabınızdan Google ADS para çekebiliyor,5,2024-02-11 21:00:49,2024,2
Troy kart neden sizde yok???,1,2024-02-11 20:12:08,2024,2
Amk kodumun uygulaaması bi işe yaramaz puan vermemin sebebi bunları yazmaktı puan topluyosun aniden yok oluyo indirmemenizi tavsiye ederim,1,2024-02-11 17:39:25,2024,2
Kendi faturasını bile öderken tek işletim ücreti reti alan uygulam sildim kullanmicam,5,2024-02-10 22:25:21,2024,2
Pek bir işe yaramıyor gereksiz,1,2024-02-10 15:48:06,2024,2
Müşteri temsilcisi işlem yapmayı bilmiyor,1,2024-02-10 15:40:09,2024,2
4 gündür mail atıyorum bir tanesine dönüş yapmadınız ne kadar ciddiyetten kurumsunuz,1,2024-02-10 14:32:05,2024,2
"Paycell den Memnunum. Limitim Çok Düşük. Düzenli Ödememe Rağmen, bir anlayış Bekliyorum Lütfen. Limitim yükseltilmesi İyi Olur. Ben Hiç bir Kart Kullanmıyorum Paycell in dışında . Anlayış ve Tölerans bekliyor ve İnanıyorum. 1998 beri Turkcell 'iyim.Tşk.Ederim.🙏",5,2024-02-10 13:38:58,2024,2
Uygulamanız nezaman düzgün şekilde çalışcak ki 🤣 sürekli meyil yorulduk hani oyüzden soruyorum yatırım hesabından talimat verdim daha alçak 🤣🤣🤣🤣paycelden buz gibi soğuduk hayırlı olsun dalga geçer gibi uygulama yapmışsiniz Fas eft ücreti bnkadan daha yüksek .kattan çektimiz para kullanılmıyor . Faturana yansıt kullanilmiyor peki neden var sizin uygulamanız ki yatırım hesabında kullanilmiyorsa affederseniz uygulamayı . Süs diye mi yaptiniz .meill atmiycam atmadan düzeltecek siniz .üye kaybet,5,2024-02-10 02:17:51,2024,2
Yatırım hesabında emita alınmıyor hazır limit kullanilmiyor diyor bıktım çekip atmaktan uygulamayı kaldırıp mobil ödemeye de kapattım sizin olsun uygulamaniz,5,2024-02-10 01:29:38,2024,2
Çok güzel bir uygulama,5,2024-02-09 22:26:23,2024,2
Fetih doğa,5,2024-02-09 20:19:12,2024,2
Gördüğüm en kötü kart herşeyi çöp gidin papara alın daha iyi,1,2024-02-09 19:35:09,2024,2
Çok kötü Bi uygulama,1,2024-02-09 19:18:00,2024,2
İyi kazı kazan ile 5000 puan kazanabilirsiniz haftada bir kere,5,2024-02-09 18:26:10,2024,2
Hediye para kullanamıyorum lütfen yardımcı olun,1,2024-02-09 14:16:52,2024,2
Paycell programında kazı kazan gözükmüyor internete puana ihatiyac var yok lütfen bu surunu kısa sürede çözün,5,2024-02-09 12:14:51,2024,2
Banka hesabımdan paycell e para aktardım 1 saat i gecmesine rağmen para hesaba gecmedi.ve ulaşabileceğim kimse yok..,2,2024-02-09 03:56:41,2024,2
Son güncelleme sonrası uygulama sürekli kapanıyor. Kimlik doğrulama yaparken maalesef son aşamada sorun çıkarıp kimlik doğrulama işlemi başarısız oldu uyarısı veriyor.,2,2024-02-08 23:41:30,2024,2
Çok güzel Bi uygulama ben ilk denemede oldu öğrenciler almak isterse bunu alabilir bence,5,2024-02-08 19:54:34,2024,2
Berbat bir uygulama,1,2024-02-08 17:54:40,2024,2
Paycell puan biriktiriyorum ama hediye dünyama gelmiyor hep aynı puan oluyor lütfen bunu düzeltin bu yüzden hiç beğenmedim,1,2024-02-08 17:08:02,2024,2
0 yıldız olsa verirdim 0 puan 300 yükledim 154 aldı haram zıkkım olsun,1,2024-02-08 16:55:06,2024,2
Çok güzel bir uygulama tavsiye ediyorum,5,2024-02-08 16:42:46,2024,2
Veli izin ekranında girdik ve hala işlem yapamıyorum 1 bile fazla 0 olsa 0 veririm,1,2024-02-08 14:45:08,2024,2
👍👍,5,2024-02-08 00:19:01,2024,2
Arkadaşlar ben bu uygulama üzerinden kredi kartımdan para çekip dolandırıldım .,2,2024-02-07 21:50:15,2024,2
2 aydır hiçbir sıkıntı olmamasına rağmen karta para yüklerken devamlı sistemsel sorun nedeniyle diye sorunla karşılıyorum bir türlü çözülmüyor. Bu soruna karşı bir çözüm bulunması şart oldu ki para yüklemesi yapamayacaksam niye kullanayım uygulamayı.,3,2024-02-07 21:20:15,2024,2
Ödemelere tıklıyorum hata veriyor hiçbir şekilde girmiyor Samsung a34,1,2024-02-07 20:32:34,2024,2
Kötö,5,2024-02-07 19:10:18,2024,2
IBAN numarasına para gönderirken kimlik doğrulaması istiyor?,4,2024-02-07 11:54:53,2024,2
merhaba ben nezriye Bozma paycll i iptal etmek istiyorum,1,2024-02-07 10:47:29,2024,2
ABİ YANİ İNSAN AYİP OLMASİN DİYE AYDA Bİ BEDAVA İNTERNET VERİR SÖYLESEN HER ŞEY PARAMI YANİ,5,2024-02-06 19:36:38,2024,2
"Hepsi pay bakiye yüklemesine 75 TL hediye kampanyasına katıldım, bakiyeyi yükledim fakat 75 TL hediye henüz gelmedi",3,2024-02-06 15:02:44,2024,2
Çok iy,1,2024-02-06 03:58:20,2024,2
Artık biktim sizden her gece saat 02.32 de gunduz 2.32de mj atiyorsunuz 2kere aradim musteri hizmetlerini hala mj atiyorsunuz biktim ya,1,2024-02-06 02:35:47,2024,2
kartımı aldım daha pakedini yeni açıp girmeye çalıştığımda geçersiz kart diyor saçma bir durum veli onayida abiminkini giriyorum onuda onaylamiyor saçmalık,3,2024-02-05 16:54:59,2024,2
"3d doğrulama hatası verir kullanamazsın, habersiz kart aidatı çeker göremezsin, güncel bakiyeni görmen için uygulamadan çıkış yapıp tekrar girmen gerekir. Zaten menülerde gezmek ayrı işkence, yarım saat p logosu seyret dur. Para gönder çarşıya çık gez dolaş, 1 saat sonra hesaba geçer. Çocuklar yazsa daha düzgün bir app olurdu. Kısaca sinir harbi isteyen, kanser olmak isteyen kullansın. Ben bakiyemi kurtarıp defedip gidicem bu çöp uygulamayı.. Hata bende zaten firma ne ki uygulaması ne olsun",1,2024-02-05 14:23:10,2024,2
Bana.olan ne kadar nakit bakiye çıkıyor kullanabileceğim,2,2024-02-04 19:07:03,2024,2
Çok kötü her işlemde para kesiyor,1,2024-02-04 18:25:35,2024,2
Uygulamadan altın 150 tl yatırım yaptım Ama ben bunu alımını yaptım satımını yapamıyorum yardım merkezinden sizlere ulaşmaya çalıştım olmadı rica etsem bana yardım edebilirmisiniz,1,2024-02-04 15:02:08,2024,2
Türkcel dikmeyeceği eşeği yemlemez.,1,2024-02-04 13:48:48,2024,2
Ben böyle ön ödemeli kartın a....,1,2024-02-03 21:18:23,2024,2
Arkadaşımı davet ettim ama davet kodu gir kısmı yok ve geçen puanım gelmedi arkadaşıma geldi ama,3,2024-02-03 20:06:05,2024,2
Uygulamanın sağladığı avantajlar çok fazla fakat kimlik doğrulamasız çok bir avantajı yok. Online kimlik doğrulama sistemi maalesef sorunlu. Son video çek aşamasına bir türlü geçilmiyor ve hata veriyor. Bir sonraki güncelleme de bu sorunun çözülmesi konusunda desteğinizi bekliyorum.,3,2024-02-03 14:37:45,2024,2
Böyle haram bir uygulama hayatımda görmedim 11.000 puanım vardı ve hepsini mahsustan sildiler. Puanlarımın acil Vermelerini istiyorum,1,2024-02-03 13:12:39,2024,2
Şifre hatasından dolayı hesabım askıya alındı. Gelen linkten şifreyi yenilemeye çalışıyorum hata veriyor. Muhattap yok yardımcı olur musunuz. Şifre yenileme mesajı geliyor tıklıyorum cep telefonu doğrulama ekranına yönlendiriyor ama doğrulama kodu gelmiyor.,1,2024-02-03 12:40:48,2024,2
Güncellemeden önce daha iyiydi.hediyelerin hepsi aktif gibi görünüyor.komisyonlar çok yüksek.,1,2024-02-03 10:15:09,2024,2
Akıllı yatırım tamamen kazançlı,5,2024-02-03 07:30:18,2024,2
Çok gereksiz bir uygulama paramla aldığım interneti bile yüklemiyor sikayet edebilcegim herhangi bir sayfa vb bişey yok Arman dışında!!!!!,1,2024-02-02 21:34:07,2024,2
Kazı kazanı artık kaldırmayın bir hafta var bir sonraki hafta yok ayrıca Salla Topladan hep 100 puan çıkıp duruyor düzeltin şunu 1 yıldır Salla topladan hep 100 puan çıkıyor. (Yararlıya basın da öne çıksın arkadaşlar),1,2024-02-02 21:29:56,2024,2
Mükkemel bir uygulamaydı berbat bi hale geldi hesabımı kendi kafanıza göre dondurmuşsunuz ve geri açmak için önce eposta sonra site sonra link sonra müşteri hizmetleri sonra mağazaya uğrayın vs diyosunuz hesabı yeniden aktif edene kadar ömrümün yarısı gidecek galiba,1,2024-02-02 20:01:33,2024,2
Ya gmailimi yanliş girdim duzeltemiorum da nasi yapcam gmaile mesaj gidiyo diyo gelmio cunku gmaili yanlis girdim,1,2024-02-02 19:24:38,2024,2
Uygulama çok kötü her hafta yapmıyorum 100 puan veriyor verdi puanı geri alıyor kazı kazan var onda aynı 100 puan Veriyor cok kötü,1,2024-02-02 18:34:37,2024,2
Gıyabında abonelik yapılmış iptalini rica ediyorum.,1,2024-02-02 12:47:41,2024,2
Kartı tanımla dediğimde kabul etmiyor hakk7m haram olsun,1,2024-02-02 12:11:40,2024,2
artık şu ibana transfer olayını güncelleyip düzeltin git gide uygulamayu yok ediyorsunuz resmen,1,2024-02-02 03:24:19,2024,2
Paycell kimlik doğrulamada hiç bir şekilde yüzümü tanımıyor lütfen bir çözüm gelsin mağduruz,1,2024-02-01 22:09:48,2024,2
İnsani yormaktan başka hiçbir şeye yaramıyor,1,2024-02-01 20:27:25,2024,2
Bu root meselesini çözün,1,2024-02-01 18:43:41,2024,2
Arkadaşıma davet kodu gönderiyorum Geçersiz diyor yeni kod göndermek istediğimde de zaten Paycelli diyor böyle saçma lık görmedim kimlik doğrulama yapmıyor tamamen kandırma için yapılmış hediye diye verdiği puanlarla alacak bir şey bulamayınca biriksin diye beklerken 10 günde siliyor.,1,2024-02-01 14:50:33,2024,2
"Her işlemde hata veriyor, çok fazla para kesiyor tamamen para tuzağı...",1,2024-02-01 14:34:40,2024,2
Kampanya kosullarina göre işlem yaptık geri iademiz yansımadı mail attık dönüş olmadı. Siparişi iptal ettik para iadesi yapıldı hesap hareketlerinde gözüküyor ama bakiye de gözükmüyor saçma sapan uygulama,1,2024-02-01 12:53:49,2024,2
Merhaba uygulama güzel fakat turktelekom ve vodafone paketleri tele yükleme bölümü eklenmeli sadece turkcell paketleri var Bu büyükbir sorun,3,2024-02-01 12:01:10,2024,2
Hiçbir şey yapılmıyor borsa İstanbul hesabı açmaya çalışıyorum hep hata veriyor birşeyler ters gitti diyor,1,2024-02-01 11:11:00,2024,2
Her perşembe gelince zaten otomatikman 1 puanım eksiliyor,1,2024-02-01 09:42:04,2024,2
Herkesə 300 puan salla kaza veriyor bana ise 100 puan bende 500 puan olmasını istiyorumm .....!,2,2024-02-01 01:30:35,2024,2
Ben kart nereden ekleyeceğim kart ekleyi kaldırdığınız için cüzdanımdan šmdi bilmiyorum yardımcı olurmusunuz,1,2024-01-31 23:25:19,2024,1
Cokiyi,5,2024-01-31 20:32:29,2024,1
Cak iyi,5,2024-01-31 19:46:31,2024,1
Hadi aç oraya,5,2024-01-31 18:29:20,2024,1
Yeter artık hesabı açtım kart ekle diyorum fakat kart eklenmiyo sınır var diyo fakat hiç kart eklemedim bile neyin kafasını yaşıyo bu uygulama?,1,2024-01-31 16:32:23,2024,1
Paycelli 2 senedir kullanıyorum son zamanlarda para yüklemek istediğimde hata veriyor kartımda para olmasına rağmen paycelli kullanamıyorum.,1,2024-01-31 14:33:01,2024,1
Uygulama Sim kartiniz bloke olmuştur şu numarayı arayarak blokeyi kaldırabilirsiniz diyor Numarayı arıyorum bu şifre güncel değildir uygulamaya giderek güncelleyebilirsiniz diyor Kısır bir döngüye girmiş,1,2024-01-31 11:26:45,2024,1
Hiç bir işe yaramaz uygulama 2500 puanım var şifremi giriyorum olmuyor yeni şifre istiyom vermiyor rezalet,1,2024-01-30 22:35:17,2024,1
Cok guzel,1,2024-01-30 18:15:23,2024,1
İnanılmaz kötü bir uygulama bune böyle hesap doğruluyacagim olmuyor kart okutuyorum olmuyor düzeltin içindeki paramı verin yada,1,2024-01-30 17:33:08,2024,1
Çok iyi uygulama tavsiye ederim,5,2024-01-30 17:14:09,2024,1
Ben paycelimi coks seviyorum 5 yıldızı hakediyorsunuz görüşürüzz,5,2024-01-30 15:18:24,2024,1
Kullanamadım daha zamanım yoktu güzel bir uygulama sanki gibi kullanacagım tabikide,4,2024-01-30 13:49:34,2024,1
Bişeyleri eksik yapıyosunuz muhtemelen. Sanal paycell kullanıyorum. Herşey çok normal. Gayet iyi.,5,2024-01-30 13:33:13,2024,1
Çok güzel,5,2024-01-30 12:18:26,2024,1
Paycall son getirdi güncelleme berbat böyle giderse kimse bu uygulama kullanmıycak hesabım giriş yapamıyorum bu ney yardımcı oluyorsunuz bide yardımcı olursaniz çok sevinirim,1,2024-01-30 11:18:01,2024,1
Ya kardeşim durmadan Veli beyanı istiyorsunuz dolduruyoruz hatalı no girdiniz diyor 15 senelik numaram nasıl yanlış,1,2024-01-30 09:57:50,2024,1
İyi pubg mobile üç geliyor siz sevgili geymir arkadaşlarim arkadaşınızı davet edin ve üç kazanın,5,2024-01-30 03:31:21,2024,1
Cidden çok güzel,2,2024-01-29 20:56:49,2024,1
Çok kötü oldu uygulama eskiden çok puan veriyordu şimdi ise yok,1,2024-01-29 16:14:30,2024,1
Harika bir uygulama herkese tavsiye ederim,5,2024-01-29 15:03:41,2024,1
Kartı kullanmama rağmen 1775 tl işlem yapılmış nereye gittiği belli değil sakın kartı alıp uygulamayı yüklemeyin,1,2024-01-29 12:36:17,2024,1
Bu güncellemeden sonra veli beyan mı ne birşey çıkmış benim paycelden 20tl kupon aldım ama kullanamıyorum 18 yaş altında olduğum için bana veli onayını istiyor fakat hat babam ın üzerine aldım buna rağmen 18 yaş altı diyor veli beyan a girdim veli bilgilerini doldurdum sms geldi sms de diyor ki 2255 e KARTONAY 05********10 YAZDIM sonra bir mesaj geldi ve hata verdi bir türlü olmadı lütfen bunu düzeltin onun dışında uygulama iyi.,3,2024-01-29 09:33:50,2024,1
Emtiayı azaltiniz Demem o ki 3.000 çekince geriye 3.375 ödemeyelim geriye,1,2024-01-29 00:29:36,2024,1
İyi çok güzel çok iyi ne diğeceğimi şaşırdım uygulama denmez buna buna banka denir BANKA ALTINI ÇİZİ YORUM BANNKKAAA PAYCEL PARA ÇEK NASIL... ŞEY PAYCELL UYGULAMASI BU YORUMUMA KARŞILIKLI NE DİYECEK BAKAYIM,5,2024-01-29 00:20:38,2024,1
kartım 3D değil nasıl yapabilirim,3,2024-01-28 15:51:48,2024,1
"Rezalet ve güvenilmez bir uygulama, paycell bana özel iban numarasına FAST ile para gönderdim, para kartıma yatmadı üstelik paycell SMS ile para *** numaralı kartınıza aktarılmıştır diye SMS göndermesine rağmen FAST ile paycell karta gönderilen para buhar oldu uçtu sanki 2 gün oldu para ortalarda yok! Normalde anında paycell karta geçmesi gereken para 2 gündür kartıma aktarılmadı dolandırıcı mısınız nesiniz ya paramızı almak için illa ki hukuki yollara mı başvuralım!?",1,2024-01-28 06:46:55,2024,1
Çok süper bir kart öğrenciler için çok kullanışlı👌👌👌👌👌,5,2024-01-28 03:13:44,2024,1
ممتاز,5,2024-01-27 21:18:26,2024,1
Uygulamaya giriş yapamıyorum3 telefondan deniyorum olmuyor çok kötü bir uygulama kullanilmayacaksa neden yapıldı saçma sapan birsey vakit kaybetmeye değmez,1,2024-01-27 20:47:59,2024,1
Bugün hesabımdan çıkan bakiye için 1 saat boyunca uygulamaya giriş yapmaya çalıştım başaramadım. Parola sıfırlama yapıyorum hesap donduruldu diyor. Arıyorum herhangi bloke yok diyor avantajlarından bahsediyor vesselam. Şüpheli işlemlerden bağlanıyorum ordan yine ana menüye sabahtan akşama kadar maval okuyor. Rica etsem adam akıllı irtibata geçebilir misiniz?,1,2024-01-27 18:43:23,2024,1
Güncelleme Gelmeden Önde Güzel Bir Şekilde Fatura Ödemelerini Yapabiliyordum. Şuan 3D Güvenli Ödeme Ekranına Geliyor Başarılı Diyor Ama Siyah Ekran Olarak Duruyor Ve Ödeme Yapılmıyor .,5,2024-01-27 13:10:30,2024,1
Gönderilen linkten şifre oluşturdum tekrar telfon açtım şifre istendi yazdım yanliş şifre deyip bloke edildi .her seferde aynı tekrarimi yaşayacağız.,1,2024-01-27 12:22:39,2024,1
Muktedir,4,2024-01-27 01:26:55,2024,1
Uygulamaya giriş yapamıyorum kullanmadığım e postaya gidiyor şifre e postayı degistremk için bir numara var ama arıyorum ama yardım cı olmuyorlar bu konuda lütfen yardımcı olurmusunuz,1,2024-01-26 23:44:52,2024,1
Ya bu nasıl bir uygulama çok fazla reklam çıkıyor o kadar reklam çıkıyor ki telefonu kırdım sinirden baya kötü,1,2024-01-26 22:54:07,2024,1
Uygulamaniz bir yıldızı bile haketmiyor neden çünkü ben şifremi birden unutum ve şifremi unutuma bastim ve bir numara uzerinden link gönderilecek dedi ve link üzerinden şifremi yeniledim sonra giriş yaptim hayla yanliş dedi saçma sapan yalandan yere yapiyonuz sonra gnç yada hediye havuzundan hep paycell puani vermek için ezê kuzê diyâ tennim kurê kehpe az önce numaram donduruldu kesin çatlat kazanda hep paycell puani vericek çünkü abiminde öyle oldu bak şu uygullamayi adam akilli yapin rezalet💩,1,2024-01-26 22:14:24,2024,1
"Çok saçma 3,4 ay girmedim baktım hesabım dondurulmuş bu ne saçmalık ?",1,2024-01-26 21:50:01,2024,1
Şifremi unuttum diyorum mail gönderip eski şifremi istiyor. Ne saçma bi şey bu,1,2024-01-26 21:30:24,2024,1
Sakin yuklemeyin para tuzagi,1,2024-01-26 14:05:10,2024,1
Vey vey vey vey vey vey namılamı ay ay ayy Babam kryzfan geldi saat 13.05 elif de byrada,5,2024-01-26 13:05:40,2024,1
Mobil ödeme yapamıyorum Sizi Yüce Allah'a havele ettim derhal çıkcam bu lanet operatörden!,1,2024-01-26 11:54:14,2024,1
Mükemmel,5,2024-01-26 05:37:40,2024,1
2 senedir şu salla toplayı yapıyorum daha 100 puandan fazla vermedi,1,2024-01-26 01:16:36,2024,1
"Uygulamaya giremiyorum daha ben,SMS gelmiyor",1,2024-01-26 01:03:01,2024,1
"Eskiden çok severek kullanıyordum fakat bu son güncellemede sürekli paycell yanıt vermiyor diyor hadi onu geçtim kampanyalar çok azaldı sürekli bir şekilde harcama yapmamızı istiyor. Ayrıca puanım olmasına rağmen stokta ürün bulunmuyor diyor, puan süreli zaten belli bir süreye kadar kullanabiliyoruz eski haline getirin lütfen.",1,2024-01-25 23:19:15,2024,1
Allah kahretmesin ya kaç aydlr her ay 500tl telefona yanslyo nedir bu ya iptal ettim halde nasıl olurda benden para kesilir parayl coptenmi topluyoruz insanları ayakta dolandlrlyosunuz,5,2024-01-25 22:48:32,2024,1
Bu nedir ya kardeşim. 1-Puanlar yüksek. 2- her salı verdiğiniz kazımada hediye puan hep 100 değerinde. Hiç 5000 puan verdiğini görmedim bu saçmalık. 3-Demek istediğim ne kadar hediye puan varsa numaraya göre ayarlanmış. 4- açıkcası beğenmiyorum uygulamayı. 5- Bu saçmalıkları düzeltin. 6-hepte 100 puan 500 puan verilmez ayıp ayıp. 7- üstelik puanlarla İstanbul kart yükleme 2.500 puan bu nedir ya.verdiğide 10 TL karşığılığında. gülünç birşey yani gülmemek elde değil 😆😆😁,2,2024-01-25 21:31:24,2024,1
Günlük 1gb hediyenizi aldınızmı diye mesaj geliyor iki gündür hediye falan yok tekrar vadafona geçecem hiç uygun tarifede yok 80 TL'den aşağı uygun paket yok oda 1gb750kd vs milletin alım gücü kalmadı şu salla kazanı biraz hassas yapsanız olmazmı salla salla açılmıyor,1,2024-01-25 21:25:32,2024,1
Puanımi harcamadigim halde harcamış gösteriyor lütfen bunu düzeltin,1,2024-01-25 20:53:29,2024,1
şifremi unuttum giriş yapamıyorum e postadan gobderecez diyor ama herhangi bir gönderme yok lütfen yardimci olunuz,1,2024-01-25 20:09:20,2024,1
Yani bir yıldız çok bile bu uygulamaya. Daha kötüsü yapılana kadar en kötüsü bu.,1,2024-01-25 18:01:39,2024,1
Bu kadar kötü bir uygulama görmedim,1,2024-01-25 17:40:49,2024,1
Kimlik doğrulama adımında en son video çekiminde uygulama kapanıyor,1,2024-01-25 17:03:32,2024,1
"Önceden paycel hedabımdaki parayı banka hesabıma aktarabiliyordum son 3, aydır aktaramıyorum sürekli saçma sapan bilgiler veriyor diyolar ya herşey eskiden güzeldi şuan rezalat müşteri hizmeti diye birşey var ama bu uygulamada ne müşteri desteği ne hizmet tam bir rezalet ya bu sorunları düzeltin yada hep beraber bu uygulamayı silelim kullanmayalım arkadaşlar",1,2024-01-25 16:51:45,2024,1
"PAYE Kart ile olan anlaşmanız rezalet, üye iş yerleri rezalet parayı nakit olarak alamamamız dahada rezalet, ben markette sadece gıda almak zorundamıyım? Arayüz desen berbat zorlaştırılmış gibi. Kısacası bu gidişle ömrünüz pek uzun değil gibi. Bir çok üye işyerini de kaldırdınız, diyecek söz yok umarım şirket sizden vazgeçip nakite geçer.",1,2024-01-25 09:09:56,2024,1
Şifremi unuttum linke tıklıyorum hiç bir şey gelmiyor,1,2024-01-25 02:35:21,2024,1
Yıldıza bile gerek yoktu aslında bilgi sıfır haber vermek sıfır başka bankalara transfer iptal olmuş haber vermek bile yok,1,2024-01-25 02:28:19,2024,1
💯✍️,5,2024-01-25 01:20:35,2024,1
Güzel bir uygulama,5,2024-01-25 00:57:28,2024,1
Rezalet ötesi para yatıyoruz cekemiyoruz geri sakın indirmeyin arkadaşlar,1,2024-01-25 00:31:41,2024,1
hiç sorun olmayan paycell ne zaman karta aktarılabilen bakiye yüklense çalışmıyor asla bakiye yi karta aktaramıyorsun,1,2024-01-25 00:13:11,2024,1
Benimki giriş yapmıyo direk ana ekrana atiyo,1,2024-01-24 23:37:38,2024,1
Çok hata veriyor ve hazır limit de çok az ve keyifleri nasıl isterse öyle belirliyorlar.,2,2024-01-24 18:00:10,2024,1
Arkadaşlar daha avantajlı ve daha net kuralları olan uygulamalar mevcut. Paycell uygulaması bir kampanya yapıyor ama eğer kampanya detayını çok detaylı incelemezseniz aaa ama siz şöyle yapmamışsınız diyerek iadeleri ya da puanları vermiyorlar. Kampanya detaylarında bu kadar fazla Ali Cengiz oyunlarına gerek yok bence. Devamlı böyle mağduriyet oluşturacaksanız yapmayın bu işi. Bu yorumu okuyan kişiler direk Nays uygulamasını tercih edebilir herşey net ve tık diye iadeniz geliyor.,1,2024-01-24 11:39:43,2024,1
İptal ediniz nefret ediyorum,1,2024-01-24 09:39:23,2024,1
Bu uygulama nedense çok kötü ben 13 yaşındayım ve kartı okuyamıyorum dedim aile bayan delinen şey varmış ben annemin kimliği yazdım ama mesaj gelmesi gerekiyordu gelmedi ama 5 saate geldi ben türkcell değilim Vodafoneluyum diğer operatör numarası KARTONAY kendim telefon numara yazıp atıyorum ama mesaj yollanmiyor bu uygulama düzeltin,1,2024-01-24 09:05:23,2024,1
Idare eder,3,2024-01-24 05:32:50,2024,1
ok,5,2024-01-23 23:58:13,2024,1
Ben böyle uygulamanın olm ikide bir reklamı çıkıp duruyo herhangi bir uygulamada değilken,1,2024-01-23 23:56:20,2024,1
Şifremi unuttum paycelle kayıtlı olan hesabim yok telefon numarasına neden kod gelmiyor epostaya gidiyo şifremi alamıyorum hesap dondurulmuştur diyo şifreyi yenile diyorum bende olmayan epostaya kod gidiyor yardımcı olabilir misiniz,5,2024-01-23 22:45:03,2024,1
Ay kız ne yapıyon bana 50 gb atabilirmin 2 saat eglendirim seni ❤❤,4,2024-01-23 22:12:48,2024,1
Bu uygulamayı size tafsiye etmem internet getirmek istiyoruz hep 100 puan veriyor böyle bir uygulama görmedim😡😡,1,2024-01-23 18:01:03,2024,1
Nasıl girilir arkadaşlar soyleyin,5,2024-01-23 16:58:39,2024,1
Çok kötü bir uygulama sakın indirmeyin,1,2024-01-23 12:04:04,2024,1
Limitler çok saçma ve az,1,2024-01-23 11:38:58,2024,1
Bir kere tivibu ödemesi yaptım yaparken kontrol ettim her ay ödeme olmasın diye ama 3 aydır faturaya ödeme yansıyormus. Türk telekomun haberi yok Tivibuyu da kullanmıyorum üstelik. Bu çekilen para nereye ödeniyor acaba ? Ne paycell de ne de Turkcell uygulamalarında bunları kapatma yolu illa müşteri hizmetlerini aramak gerekiyor. Taahhüt için bile uygulama işe yaramıyor bu uygulamalar niye var. Gavuru boykot edelim de yerli firmaların bu guvensizliklerini ne yapacaz ?,1,2024-01-23 01:03:25,2024,1
"Bıktım vallahi bıktım ,kufredecek hale geldim . Bu neya",1,2024-01-23 00:40:34,2024,1
Pubg uc aldım ama nasıl kullanılır hiç bilmiyorum kendisi lütfen yardım edin,1,2024-01-22 18:48:28,2024,1
Ben payccel uygulamsina giremiyorum şifre unutum diyorum benim e posta ma kod geliyor ama yenileme olmuyor lütfen yardımcı olurmusunuz size zahmet,1,2024-01-22 16:36:50,2024,1
uygulama bilgisiyarda açılmıyor lütfen bu sorunu düzeltin yok engellendim yazıyor rezalet,2,2024-01-22 13:14:48,2024,1
Evet çok hoş,5,2024-01-22 12:24:47,2024,1
Kesinlikle memnun dglim Turkcell den geri ödeme paycelle e aktarılmış paramı alamıyorum yazıklar olsun,1,2024-01-22 12:05:33,2024,1
"Sakın kullanmayın alısveris yaparken iyi iade almaya gelince asla bakiyeye geri yansitmiyorlar, 2 aydır mail ustune mail atıyorum dekontlari yolluyorum ama yine iade etmiyorlar, BDDK ya bildiricem artik yapacak birsey kalmadi,",1,2024-01-22 11:11:27,2024,1
Paycell kendini çok bozdu .ilk ciktigi dönem çok güzel bir uygulamaydi şimdi bir yıldız bile hak etmiyor,1,2024-01-22 09:25:58,2024,1
Supet,5,2024-01-22 05:04:48,2024,1
Hesap şifremi unuttuğum için hatali denemeler üzerine hesabım bloke oldu. Numarayı arıyorum fakat bi çözüme ulaşamadım aynı şeyler başa sarıp durdu. Gmaile gelen yenileme de olmuyor şifre istiyor yenilemek için zaten şifrem yok bloke oldu nasıl giriş yapacağım. Gerçekten yardımcı olunmuyor kaç kez aradım müşteri temsilcisine bile bağlanamadım o derece ilgisiz kalındı. Yardımcı olacaksanız dönüşünüzü bekliyorum.,1,2024-01-22 00:35:44,2024,1
Her türlü bilginizin herkesle paylaşıldığı uygulama,1,2024-01-21 21:56:35,2024,1
Kesinlikle bulaşmayın deneme amaçlı 50 TL yükledim geri çekeceğim çekemiyorum para kesiyor asla yüklemelin,1,2024-01-21 21:15:57,2024,1
Yatırım hesapi açılmıyor duzletmesini istiyorum,1,2024-01-21 19:49:57,2024,1
Hesabim donduruldu yetkili kimseye ulaşamıyorum,5,2024-01-21 19:44:50,2024,1
Faturama para yansiti hiçbiriyle ĺ,1,2024-01-21 18:52:31,2024,1
Veli onayı sms gitmiyor!,5,2024-01-21 14:49:19,2024,1
Çok güzel bir uygulama bir sürü kampanya ve indirimler var her konudada yardımcı oluyorlar.,5,2024-01-21 14:15:13,2024,1
Paycel arkadaş davet et puan kazan nasıl oluyor davet kodu nerden çıkıyor?,2,2024-01-21 12:52:05,2024,1
Neden 50 TL üzeri TL yukleyemiyom 200 TL . Yüklendiğinde isleminize devam edemiyoruz diyo bide uyguomadaki 200 TL mi harcayamiyim kartımı playstoreye kaydetigimde isleminize devam ediyoruz yada pakat yüklendiğinde gene aynısı,5,2024-01-21 10:07:28,2024,1
Sakın hazır limit kullanmayın bugun dolandırıcılar adıma bir sanal paycell kart açmışlar ve müşteri hizmetlerini aradım bana 10 tl karşılığında bu kartı bayiden alabileceğmi söyledi 2000 tl hazır limiti bana açtıkları sanal karta aktardım daha sonra görüştüğümde bana sadece sanal kart olarak kullanacağımı söylüyolar hemen gidip savcılığa şikayette bulundum sakın kimse böyle bir hataya düşmesin parayı karta aktardıktan sonra sadece internet alışverişinde kullanabiliyorsunuz çok dikkat edin,1,2024-01-21 01:52:16,2024,1
Cöp uygulama,1,2024-01-20 20:42:11,2024,1
Bence uygulama mükemel muhteşem,5,2024-01-20 17:32:15,2024,1
Sorunlu Aplikasyon Böyle Bir Kurumsal Hizmete Yakışmaz Geri Dönüslere Değervermeyen Kurumlar Çökmeye Mahkum Administrator Advisor #HakanTüre26,1,2024-01-20 15:14:57,2024,1
Hesabıma giremiyorum,1,2024-01-20 12:05:36,2024,1
2500 olan limit kimlik teyit yapıldiktan sonra 1250 TL düşmüş sakamısınız neye göre belirlediniz saçma sapan işlemler yapıyorsunuz silin hesabımı kredi kartı kullanırım daha iyi ..,1,2024-01-20 08:09:31,2024,1
Baya bir geliştirilmiş maşallah çok memnunum,5,2024-01-20 02:04:18,2024,1
Giris bile yapamiyorum paycell amblemiyle basbasa dakikalardir bakisiyoruz,1,2024-01-19 21:11:57,2024,1
Bence hiç kotu değil on numara,5,2024-01-19 16:57:25,2024,1
Allah belanızı versin dakikada 1 kez reklam geliyor,1,2024-01-19 16:08:17,2024,1
Teşekkürler paycell,5,2024-01-19 15:12:55,2024,1
Harika,5,2024-01-19 07:51:17,2024,1
Hattımı Türktelekomdan Turkcell taşıdım paycell hesabım silindi gitti. Siz şimdi böyle bir sisteme nasıl para emanet edersiniz. Müşteri hizmetlerini arıyorum uygulamayı silin yükleyin düzelir diyorlar 😅😅 aç kapa kendine gelir verdikleri destek bu 😅 rezillik diz boyu,1,2024-01-18 21:33:34,2024,1
Merhabalar uygulama ile ilğili bir çok defa sizlere ulaşmak zorunda kalıyoruz. Uygulama da para transferi yaparken sürekli işleminize devam edemiyoruz hatası veriyor. Ayrıca kart ekleme yapmak istediğimiz de özellikle troy kartlar sisteminize eklenmiyor. İBAN numaraları geçersiz olarak gözüküyor diğer bankalarda. Ama malesef bunları çözecek destek olcak adam akıllı birimleriniz yok. İsimli kart başvurusu yaptım 28 talep oldu 8 kart ücüreti ödedim ama malesef onu bile beceremediniz Gönderemediniz,1,2024-01-18 13:46:15,2024,1
"Uygulama son zamanlarda çok bozuldu daha öncesinde kredi kartından %1 işlem ücreti alırken şimdi %3,5 alıyor faturanın yansıtma işlemlerinde %2 işlem ücreti alırken şimdi %8,5 alıyor fatura ödeme işlemleri ücretsiz Kent şimdi 2 liraya yakın ücret alınıyor bir hediye kuponu aldıktan sonra aynı kuponları almak için 30 gün bekleme şartı var bu tür engellerden dolayı artık bu uygulamayı kullanmayacağım",1,2024-01-18 13:34:19,2024,1
Cok saçma bir uygulama nasil olsa turcel zaten ne hayir beklersiniz k8msenin indirmesini tavsiye bille etmem sifre istiyin e postaya gidip baska numaralari aramami istiyorlar,1,2024-01-18 10:40:23,2024,1
Paycell uygulmasi ile yatırım eski sürümü daha iyi di güncelleme den sonra verimli değil,3,2024-01-18 05:36:58,2024,1
Bu parayı ibanıma atamiyacaksam neden veriyorsunuz nerede kullanacak bu parayı lanet olsun pisi pisine faturamı şisiriyorum kullanamıyorum bu parayi,1,2024-01-17 23:18:21,2024,1
Fatura ödenmiyor.Para tramseferi yapilmiyor.Çok kötü...Sim bloke kaldırmaya çalışıyorum müşteri hizmetleri arıyorum muhatap bulamıyorum.Herkese anlattım artık kullanmayacağım.Cok kötü...,1,2024-01-17 22:16:28,2024,1
Çok iyi,5,2024-01-17 20:59:24,2024,1
Bir halta yaradığı yok puan topluyorsun siliniyor resmen dolandırıcılık,1,2024-01-17 20:38:36,2024,1
çok gözel bı uygulam 5 puanı hakediyo,5,2024-01-17 15:07:52,2024,1
İğrenç hesabım dondurulmuş sakın yüklemeyin başınıza bela alırsız,1,2024-01-17 08:39:53,2024,1
Sakın indirmeyin hiç tavsiye etmiyorum hiç bir işinize yaramıyor bom boş uygulama zarar ediyorsunuz,1,2024-01-17 07:34:22,2024,1
Neden payceli yuklemedigim halde sürekli reklam geliyor ya telefonumu kullanamıyorum,1,2024-01-16 22:20:43,2024,1
👍,5,2024-01-16 21:56:23,2024,1
iyi günler Türkcell ailesi bugün paycell e girip fatura ödemek istedim paycell benden faturamı ödemem için benden 200 TL lik fatura için 1.50 TL işlem ücreti taleb edildi bende ödemedim böyle yaparak ödeyecek kimseyi bulamazsınız herşeyden para alır hale geldiniz istanbulkart yüklüyoroz 3.38 TL para istiyorsunuz 3 aylık paycell premium olarak bizden 21.99 TL alıyorsunuz Hepsiburada hepsipay a para yüklüyoruz 6 tl kesiyorsunuz Türkcell e yakışmayan hareketler yapıyorsunuz,1,2024-01-16 21:11:41,2024,1
Hiç beyen 🐈🐈,1,2024-01-16 14:01:18,2024,1
Merhaba faturana yansıt limitini karta aktaramiyorum faturamı bile odeyemedim kapandı telefonum böyle saçmalık olamaz hala çözülmedi sistemde gözüken şey uygulamada olmuyor,1,2024-01-16 00:23:19,2024,1
Çok iyiii,5,2024-01-15 21:58:06,2024,1
"2 yıldır aktif kullanıyorum uygulamayı, hep sorun yaşıyordum! Ama artık paycell'li olmaktan yoruldum bu yüzden papara'yı seçiyorum kusura bakmayın 🖐️",2,2024-01-15 21:11:51,2024,1
bu uygulama 1 yıldızı bile hak etmiyor bence çok kötü bir uygulam bana katılan var mı,1,2024-01-15 20:25:49,2024,1
Paycell den gelen mesaj Colin yapay zeka arkadaşım benim ne halakam olur Colin yapay zeka nedir turkcel musteri hizmetlerini arıyorum bana telefon numarası veriyor bu firma ile görüşün diyor benim bütün bilgilerim turkcell firmasında ben niye bilmediğim firmayı arayıpta bilgi almak için ugrasicam ayrıca paycell musterj temsilcisi niye net bir bilgi vermiyor tamam cekilen bir ödeme olmadığını söylediler fakat Colin yapay zeka nedir benim onayim olmayan birsey için paycelden nie böyle msj geliyor,1,2024-01-15 19:59:09,2024,1
"Ne saçam uygulama böyle, şifremi unuttum diyorum link veriyor verdiği linkte şifremi sıfırlamak için mevcut şifremi istiyor be amk unuttuğum şeyi bilsem neden şifremi unuttum kısmından link isteyeyim",1,2024-01-15 19:55:50,2024,1
Çok güzel uygulama,5,2024-01-15 15:52:35,2024,1
Emtia bölümünden gümüş alış butonu yok hemen düzeltilmeli bide döviz. Hesapları gelmeli,1,2024-01-15 10:52:25,2024,1
Uygulamaya giremiyorum numaramı yazıyorum şifre geliyor şifreyi giriyorum güvenlik nedeni ile oturumunuz sonlandırılmıştır diyor 10tane meil attım ekran fotosu attım 20sefer aradım sonuçlanan hiçbir şey yok 72saat dendi bir hafta oldu ne dönüş yapılıyor nede arıyor lar ilgi alaka sıfır meillere otomatik cevaplar veriyorlar müşteri hizmetleri de otomatik cevaplar veriyorsunuz çok saçma napalm silelim mi bu uygulamayı,1,2024-01-15 07:42:49,2024,1
Kullanmadığım halde telefon numarama hoş geldin mesajları geliyor . Ben kullanmıyorum. SMS doğrulaması istense daha iyi olmaz mı,1,2024-01-14 22:32:34,2024,1
Berbat bi uygulama saçma sapan olmuyor şifre giriş hiçbişey,1,2024-01-14 20:02:08,2024,1
Sim kart blokemin kaşildırılması için 1 aydır uğraştım paycell müşteri hizmetlerinde tanyel bey gi iş bilen çözüm odaklı ve müşteri memnuniyetini ön planda tutan bir personel var ve sorunum nihayet çözüldü teşekkürler,5,2024-01-14 17:51:02,2024,1
İyi,5,2024-01-14 17:28:07,2024,1
Galiba değil kesin amatör bile olmayan yazılımcılar için deney uygulaması. Kendi anlaşmalı bankalarının IBAN numarasını tanıyamıyor. Birde 7/24 anlaşması bankalara para transferi diyorlar. Bakalım daha neler neler göreceğiz...,2,2024-01-14 17:00:45,2024,1
Lanet olsun paycell,5,2024-01-14 14:44:25,2024,1
hiç gereksiz terk etalmayim,1,2024-01-14 14:19:58,2024,1
Karta aktarılabilir limiti kullanmaya çalışırken sürekli mobil ödeme işleminizi gerçeklestiremiyoruz hatası alıyorum ilgilenen de yok çağrı merkezi zaten sıfır bilgiye sahip ilgilenin artık yeter da,2,2024-01-14 12:45:16,2024,1
Silin indirmeyin saçma sapan bir uygulama giriyorum atıyor direk indir meyin,1,2024-01-14 11:20:19,2024,1
"Yeter artık mesaj almak istemiyorum kardeşim ''faturana yansıt bakiyeniz yetersiz"" mesajı almak istemiyorum",1,2024-01-14 10:05:38,2024,1
Aradım kötü muamele gördüm müşteri temsilcisinden şikayetçiyim,5,2024-01-13 23:39:20,2024,1
Hep bir problem çözümsüz hizmet,1,2024-01-13 21:36:56,2024,1
Uygulamanın Allah belasını versin 310 TLem hesapta kaldı bişey demiyorum sizin gibi uygulamalar olduğu sürece Allah belanızı verir inşallah 1 puanı bile hak etmiyorsunuz.,1,2024-01-13 21:18:27,2024,1
Selam paycell yapanlar çok güzel ve efsane bir uygulama çok kişi davet ettim binlerece puan kazandım günlük 1 GB tan tam haftalık 10 GB ta kadar kazandım helal olsun yapanlara ama tek bir sorun var dondurulma sistemi çok zor .ne yaptık ettiysek diğer arkadaşlarımın uygulamalarını açamadik Tabi mecburen bazıları sildi 😔tek önerim dondurulma yı lütfen kaldırın🙃🙃🙃😊😊,5,2024-01-13 18:42:34,2024,1
Arkadaşlar uygulama berbat bas baya vallah ben paycel müşterlerine decem sudur vallah 2021. Gibi yapın sala kazanda 1000. Puvan versin ee herşey ücretsiz olsun ee katlım da 7000 puvan versin bu sizlere decem şu,1,2024-01-13 17:43:24,2024,1
Yapacağınız uygulamanın ....... Sürekli atıp duruyor. Mecbur kalmasam paycell kullanmam ama mecburum.,1,2024-01-13 16:02:28,2024,1
Yorum yazmaya bile değmeyen kullanışsız bir uygulama aslında.,1,2024-01-13 13:42:38,2024,1
Uygulama güvenlik nedeniyle sonlandiriliyor hiçbir zaman kullanmadım ama dolandırıcılar kullandi,1,2024-01-13 11:33:28,2024,1
Sana diyorum ki şifremi unuttum bana şifremi değiştirmek için bı e posta gönderdiğini söylüyorsun ve o e postada şifremi istiyorsun ulan az önce sana dedim ki şifremi unuttum amk,1,2024-01-13 01:03:15,2024,1
Haftalık kazı kazan ve salla kazan kampanyalarında sürekli aynı şeyler çıkıyor ondan bir yıldız veriyorum.,1,2024-01-12 23:21:30,2024,1
Bu buygulama üzerinden dolandırıldım hesabım kopyalanmış benim gibi kaç kişi var adalet istiyorum kullanmayin,1,2024-01-12 20:51:58,2024,1
Bu dört haneli kod olmamış abi onlar olmasa biraz güzel olacak. Lütfen,5,2024-01-12 20:45:56,2024,1
Turkcellin bir başka sömürü uygulaması. Üyeliği oluştururken bir tıkla sizin haberiniz dahi olmadan düzgün bir bilgilendirme bile yapılmadan üyelik oluşturuyorlar. İptal için ise prosedürleri bitmiyor 👎👎👎,1,2024-01-12 18:04:07,2024,1
Paycel kullanmama rağmen faturama nasıl 150 tl yansıtılıyor nedenini öğrenebilrmiyim..,1,2024-01-12 16:45:51,2024,1
Hiç yorum yok,1,2024-01-12 16:35:58,2024,1
Çok iyi paycell,5,2024-01-12 11:56:08,2024,1
Çok saçma sapan uygulama olmuş turkcell ile ilgili herseyi kapatacağım kullanmayacağım artık,1,2024-01-12 06:50:32,2024,1
"Ben ilk defa bu uygulamayı görüyorum. Hiçbir şekilde ne yükleme ne para transfer işlemleri şu paycell denen şeyle işimi görmezken , birden telefon faturanın 2188 TL olduğunu gördüm. Bunun neden kaynaklandığını asla bilmiyorum. Bunun acilen çözülmesini istiyorum yoksa cidden yasal yollara başvuracağım. Benim normal faturam 120 TL. Bu ne demek benden habersiz 680 ,680 TL yüklenmiş oyun kodu birsey olmuş. Premium üyelik 21 TL yapılmış bu ne demek oluyor. Acil bilgilendirme yapılmasını istiyorum.",1,2024-01-12 02:16:52,2024,1
Berbat,1,2024-01-11 20:32:30,2024,1
Berbat bı uygulama kimseye bulamıyorsun muhattap olamıyorsun,1,2024-01-11 19:40:22,2024,1
Arkadaslar kazi kazandan sürekli 100 puan salla kazan dan 100 puan cikiyor sürekli.Milleti enayi yerine koyuyorlar.1000 puan bile birikmeden puanların günü doluyor siliniyor.hediye diye verdikleri tamamen kandirmaca.koskoca şirketler millete ali cengiz oyunlari yapiyor.yaziklar olsun sizlere .tez zamansa ülkemizin başindan yok olun gidin tarihe gömülün.,1,2024-01-11 15:09:10,2024,1
Neden tekrar tekrar şifre istiyor.,1,2024-01-11 14:28:28,2024,1
Puanlarım her defasında siliniyor,1,2024-01-11 09:13:56,2024,1
"Hiçbir işe yaramaz bomboş çözümsüz bir uygulama, yapmışlar öylece bırakmışlar hata çözmek vs yok.",1,2024-01-10 19:10:45,2024,1
işleminize devam edemiyoruz hatası bukadar berbat uygulama olamaz,1,2024-01-10 16:40:40,2024,1
Puan bile vermek istemiyom çok berbat bı uygulama,1,2024-01-10 13:33:17,2024,1
Çok güzel bir uygulama ama kapanmaya bakımında çok düşük kalıyor biraz daha ve güzel kampanyalar getirse çok daha iyi olur ama yinede elinize emeğinize sağlık,5,2024-01-10 09:19:14,2024,1
Birsuru rezillik cektiriyorsunuz keyfi davraniyorsunuz zaten muhatap olanlarinda ne cozum üretecek ne yetkisi nede hevesi var,5,2024-01-10 00:41:20,2024,1
"Siliyorum. Silmeden yazmak istedim yüklemek isteyen, düşünen falan var ise bir 100 kere daha düşünsün ve vazgeçsin bu düşüncesinden. Para kesip puan yüklemiyorlar. Bildiriyorsun 1 hafta sürüyor yüklüyor ama kullanamıyorsun kullanım hakkın dolmuş oluyor vs vs bir sürü ıvır zıvır ı var her şey de paralı parasız salla kazan var o da 100 veya 300 falan veriyor ve iş görmüyor. Diğerine kadar zamanı doluyor siliniyor falan",1,2024-01-10 00:21:51,2024,1
Hattım değiştiği için güvenlik nedeniyle hesabim dondurulmuş numarayi arayarak şifre alın diyolar şifreyi almak için gönderdigimiz linke tıklayın diyolar link uygulamaya atiyor hoopp sarbaşa saçma sapan işler,1,2024-01-10 00:09:35,2024,1
Uygulama kendi kendine paycell puanları belirliyor.1000 paycell puanım olması gerekirken 700 palcell puanım var. Düzeltin lütfen şu uygulamayı.,2,2024-01-09 22:34:22,2024,1
Kart bilgilerime ulaşımıyorum ne zaman aktif olacak,1,2024-01-09 21:56:44,2024,1
Çok kötü bir uygulama 😡😡😡😡😡,1,2024-01-09 18:08:59,2024,1
Çok güzel çalışıyor daha bu zamana kadar hiç sorun yaşamadım,5,2024-01-09 17:42:03,2024,1
berbat kartı tanımlamiyor sakın almayın aldırmayın,1,2024-01-09 17:06:04,2024,1
paycell şifremi unutmuşum şifreyi nasıl alacağım bir türlü müşteri hizmetine ulaşamıyorum,1,2024-01-09 15:35:03,2024,1
Ben boylw sacma bi sistem gormedim ulan hesqbim bloke yemis mailime gonderiyorlqr sozde ama gelmiyor ise bak,1,2024-01-09 15:11:02,2024,1
salla topla yapmaya çalışıyorum ancak bir sorun oldu vs diyor internetim flnda var yardımcı olursanız sevinirim,1,2024-01-09 14:42:25,2024,1
Çöp işe yaramıyor boşuna iniderek internetini gitmesin,1,2024-01-09 13:39:12,2024,1
Merhaba ben şifremi yenilemek istiyorum fakat e postama kod geldi ama süresi doldu,1,2024-01-09 10:58:53,2024,1
Uygulamaya giremiyorum,1,2024-01-09 10:02:06,2024,1
Arkadaşlar yüklemeyin benim faturam 130 tl geliyordu bunu yükledim paycel yüzünden 300 tl fatura ödedim sakın ve sakın yüklemeyin,1,2024-01-09 09:11:33,2024,1
Turkcell in yeni dolandırıcılık sistemi,1,2024-01-09 08:59:22,2024,1
"Şifremi unuttum diyorum e-postaya link atıyor linke tıklayınca şifrenizi sıfırlamak için önceki şifrenizi girin diyor, ulan şifremi unutmasam niye şifremi unuttum diyim mal mıyım ben. Şifreyi sıfırlamak için bile önce ki şifreyi hatırlamamız gerekiyor saçmalığa bak.",1,2024-01-09 02:14:30,2024,1
Lütfen güncelleme yapamayın hesabıma bile giriş yapamıyorum,1,2024-01-08 20:14:41,2024,1
Aylar önce turkcell i aradım paycell i kapatmak için ve müşteri temsilcisi kapandığını söylemesine rağmen hala bana fatuana yansıt bakiyeniz yetersiz diye mesaj geliyor. Sizi dava edicem ve tüm ses kayıtlarını dinletip gerekeni yaptiricam. İnsanları ne hakla hala rahatsız edersiniz,1,2024-01-08 19:40:45,2024,1
Çok iyi numarası 532,5,2024-01-08 19:31:55,2024,1
Ben hediye verilen puanları kulanamıyorum,4,2024-01-08 15:28:17,2024,1
Gerçekten berbat bir uygulama hesabımı donduruyorlar şifre yenilime olmuyo mail adresime bir numara atıyorlar o numarayı aramam gerek şifre yenileme için baya bozdu paycel eskiden ise mail adresimizin şifresini girerek şifre yenileniyodu 1 yıldız bile çok yani eskisi gibi olmalı bence berbat.Cidden paycel bozdu.,1,2024-01-08 13:12:12,2024,1
Gün geçtikçe iyice cıvıdılar kampanyaları harcamadan sonra katılmamış gibi tekrar katıl butonu açılıyor ve doğal olarak bir kazanım sağlayamıyoruz Turkcell faturasız da dahil bütün faturalardan bir buçuk lira da işlem ücreti almaya başlamışlar Bu da ayrı saçmalık uygulamayı kullanmamız için üste para vermeniz gerekiyor bizim üstte para vermemiz değil salla toplada kazı kazanda veriyor 100 puan 1 haftaya silinio zaten yavaştan by by,1,2024-01-08 09:07:07,2024,1
Arkadaşlar bu uygulamayı kullanmayın benim hesabımdan yolaadığım paramı paycell hesabıma 2 gündür yatırmadılar defalarca mail attım aradım fakat bir sonuca ulaşamadım lütfen sizde mağdur olmayın ve derhal silin yazık paranıza bunların hizmet anlayışı maalesef bukadar,1,2024-01-08 01:04:37,2024,1
Baska bankaya para aktarımı yok sadece post cihazında kare kodla ödeme yapılıyor anlaşmalı yerlerde,1,2024-01-07 23:44:44,2024,1
Hmuh,5,2024-01-07 20:46:21,2024,1
uygulama tam aradığım bir uygulama 5 üzerinden 5 veriyorummm:) :) :),5,2024-01-07 19:58:56,2024,1
Merhaba ben 2 sene önce açtım hesabı ve şifremi unuttum ve e posta istedi ve e postayı silmiştim lütfen yardım edin paycell ekibi,4,2024-01-07 14:54:55,2024,1
Güzel,4,2024-01-07 13:59:01,2024,1
Beş kuruş etmez şifreleri bilmiyorum şifre yenileme yapamıyorum müşteri hizmetlerini arıyorum şifre istiyor şifre olmadan işlem yapamam diyor,1,2024-01-07 11:32:07,2024,1
Kimlik doğrulama midir nedir cok zor ya kimligin her tarafini okuttum bu sefer nfc yok diyo baska bi secenek de koymamislar yaa insanlarin kotu telefonu olamaz mi neden herseyi zorlastirmak icin elinizden geleni yaptiniz param hesap da kaldi ne cekebiliyom ne biyere atabiliyom,1,2024-01-07 11:22:02,2024,1
En kötü anda yanımızda,5,2024-01-07 09:54:34,2024,1
bu kadar gereksiz bi uygulama yok gerçekten salla kazn 2 yıldır denerim ne çıkacak ya 100 puan nedir ya nide sıfır faizli kredi dedi ne sıfırı sıfırı silip tüm rakamlara basmışlar,1,2024-01-07 07:49:15,2024,1
Cihazınıza root işlemi uygulandığı tespit edildi.güvenlik nedeniyle oturum açma işlemi yapılamıyor falan yazıyor...ben yurt dışı kayıtlı cihazı kullanıyorum diye beni engelliyor...bütün internetten alışveriş sitelerini banka ve borsa uygulamalarını kullanabiliyorken bunların beni dışlaması tuhafff.yazık...kullanmam.kimseyede tavsiye etmemmm...çok kötüüü,1,2024-01-06 21:45:22,2024,1
Çok güzel,5,2024-01-06 20:17:04,2024,1
Başka bir bankadan para transferi geldi hesabıma kaç saattir geçmedi teknik bir sorun var diyorlar söylemiyorlar mağdur ettiniz turkcell,1,2024-01-06 19:13:34,2024,1
babadan oğula nesil,1,2024-01-06 18:58:49,2024,1
Çok iyi bankadan daha iyi indir anlarsınız,5,2024-01-06 15:12:15,2024,1
"Her gün mesaj atılmazki bıktırdınız yeter sms ,SMS yetti valla",1,2024-01-06 12:41:51,2024,1
"Para gönderiyorum bekle ki gelsin... Müşteri Hizmetleri desen Rezalet,Banka Hesabımdan Paycell e para gönderiyorum bekle bekle yok,bekle bekle yok..Fast İptal Talebi oluşturuyorum sorgu numarası ile sorgulayacak yer yok..Bu nedir Allah aşkına..",1,2024-01-06 11:06:40,2024,1
Uygulama berbat hic bir ödeme yapılmıyor müşteri hizmetleri başarısız problem çözümü yok,1,2024-01-06 10:53:45,2024,1
Güzel bir imkan ve kolaylık,5,2024-01-06 01:18:31,2024,1
Sipariş aldigim ürünü iptal ettim para ne zaman geri iade edilir,5,2024-01-05 23:55:51,2024,1
Şifremi unuttum ve blok oldu yenlemek istiyorum olmuyor,1,2024-01-05 23:30:02,2024,1
Çok boş,1,2024-01-05 21:24:38,2024,1
Uygulama da hata var uygulama içerisinde paycell kartım var buna bağlı yazan bir kartım var ama Bağlı yazan kartdan diğerine para gönderdim fakat kartım numarsı tam görünmediĞi için ve Bir ayar yada kayıt yeri olmadıĞı için parayı geri transfer de yapamıyorum para o kartda kaldı çözüm bulamadım ..Yapanlara sesleniyorum sorunu çözün kartların hepsini göremiyorum işlemde yapamıyorum kartların hepsi sanal..,2,2024-01-05 20:41:42,2024,1
Harika,5,2024-01-05 20:16:01,2024,1
Uygulama da kimlik dogrulan mıyo lütfen düzeltin,1,2024-01-05 13:02:53,2024,1
Uygulamaya giremiyorum root işlemi uygulandı diyo lütfen yardımcı olun kullanmak istiyorum uygulamayı,1,2024-01-05 13:01:34,2024,1
"Hesabımı dondurmuş şifre yenilememi istiyor. Bunun için eposta gönderiyor ama oradan da yenilemek için bir numarayı aramam gerekiyor, neden bu kadar saçma şeyler yapıyorsunuz? Gönderdiğiniz epostayla yenilesek çok mu zor? Sırf bu yüzden uzun zamandır kullanmıyorum.",1,2024-01-05 11:32:16,2024,1
"Aç mı kaldınız , kendi hattınızın fatura ödemesine de işlem ücreti alıyorsunuz REZİLLİK",5,2024-01-05 10:01:11,2024,1
Tosla daha iyi,2,2024-01-04 21:47:06,2024,1
Güzelim uygulamanın içine ettiler,1,2024-01-04 21:21:01,2024,1
Yapacanız guncellemenin varya,1,2024-01-04 21:13:59,2024,1
4 ay fizy üyelik bedava dediniz 2 aydır paycell hesabına yansıtıyorsunuz. Paycell uygulamasını sildim ve hesap ayarlarının ve bu hesapta ki kart bilgilerinin silinmesini istiyorum,1,2024-01-04 18:58:58,2024,1
Paycell kart aldım aktif edemiyorum,1,2024-01-04 15:58:57,2024,1
Bir puan verdigime sükret cok bile verdim hadi by uygulamayı siliyorum herkezinde silmesini istiyorum 🙏,1,2024-01-03 22:10:05,2024,1
berbat arayuzlu berbat bir sey. turkcellden sogudum sunun yuzunden. ne iptal ediliyo ne baska bir sey yapilabiliyo,1,2024-01-03 22:02:18,2024,1
Mesaj atıyor Turkcell haftalık 1 GB paycell den hediye diye ama indir kur hiç bir şey yok kandırmaca tüketici hakem heyetlik tamda!!!!,1,2024-01-03 15:20:18,2024,1
İbana para transferi yapılamıyor ayrıca yardım merkezinde kullanılamıyor dönüş yaparsanız sevinirim,1,2024-01-03 14:56:08,2024,1
Önce iyiydi şimdi kötü sanal karmış hiç bir işe yaramıyor,1,2024-01-03 09:21:46,2024,1
Azərbaycan numarası almıyor.. gelişdirilmesi lazım,1,2024-01-03 06:38:06,2024,1
Paycell kartta nasıl onay verebilirim,1,2024-01-03 04:42:03,2024,1
Alışveriş sitesi bildirim yolluyor onay için . Bildirim telefona gelmiyor. Uygulamaya da gelmiyor,5,2024-01-02 23:34:21,2024,1
arkadaşlar ben aldım bana 400 TL borç yazdı bir bunun sahibi lütfen sorunumu çözün,1,2024-01-02 18:05:51,2024,1
Kart aldim kartımı aktiflestirmiyo habire maksimum işlem sayısına ulaştınız diyor böyle uygulamaları neden yaparsınız düzeltin şu uygulamayı,1,2024-01-02 17:33:28,2024,1
Berbat bi uygulama kullanmanızı tavsiye etmem Geçen ay telefon faturamı ödedim bu ay faturama faturana yansıt üyelik eklenmiş(19tl) hiç bir bilgilendirme bi uyarı olmadan böyle kafalarına göre para kesiyorlar.,1,2024-01-02 17:13:55,2024,1
Hiç bu kadar dolandırıcı bir şirket görmedim. Kazan kazanda en az 5000 puan kazandım hiçbirini vermedi ve üstelik faturama yansıtıldı. 41 TL zarardayım!! Bu uygulamayı şikayette bulunun ben bulundum. Ve avukatım gereken işlemleri yapacaktır.! Bu dolandırıcılara güvenmeyin!,1,2024-01-02 13:11:13,2024,1
"Goldmaster bakım seti almak istedim.ekranda indirimli satış yazıyordu, 399 tl yi kesti ve oyun başladı! Direk satış gibi yansıtılan olay ""kupon"" olayına döndü.Sonra kuponlarım kısmında ""kupon süresi doldu"" ibaresi çıktı.Bu ibare satış sonrası hemen çıktı. Onlarca kez aradım çözüm yok.Tek yol kaldı ""tüketici mahkemesine"" gidip EMSAL KARAR çıkartıp bu ahlaksızca ticarete hak ettiği dersi vermek. 2014 ün ilk dolandırıcılığı paycell den geldi. Daha önce de ""karta aktar"" olayında haksızlıklar var!",1,2024-01-02 13:05:59,2024,1
Eskiden güzeldi yüksek limit veriyordunuz ister taksitle telefon istersekte parayı hesaba çekip ihtiyaçlarımızı karşılayabiliyorduk. Şimdi cihazlar için 1500 lira limit veriyorsunuz saçma sapan telefon mu kaldı 1500 e? Sanki 20 bin lira limit verseniz tek seferde cihaz alabileceğiz? Yine 12 ay taksitle ödeyeceğiz. Asgari ücret 17 bin TL olmuşken 2 bin lira taksit mi ödemeyeceğiz?? Tavsiye etmem ve ilk fırsatta başka operatöre geçeceğim,1,2024-01-02 11:56:23,2024,1
çok güzel olmuş,5,2024-01-02 11:04:17,2024,1
Mükemmel kalite li,5,2024-01-02 10:48:04,2024,1
Kafayı yicem 3 gündür 146 TL para var kartın içinde hiç bir harcama yapamiodun sebebini belirtmiş nerde olursa olsun red verio ve 146 TL orda boşa kaldı,1,2024-01-02 06:18:49,2024,1
Sorunumu çözdüğünüz icin tskler,5,2024-01-02 00:55:53,2024,1
Hiç bir şekilde ödeme yapamiyorum sakın kullanmayın tavsiye etmiyorum,1,2024-01-02 00:14:32,2024,1
Iyi değil,5,2024-01-02 00:09:28,2024,1
Benim bilgim yok paycell hesabı üzerinden play store uygulamasından 2 adet satın alım oldu iptal etmek istiyorum gereğinin yapılmasını istiyorum yoksa savcılık üzerinden halledeceğim mağdur oldum lütfen destek ekibi tarafından tarafıma bilgi verilmesini rica ediyorum.,1,2024-01-01 23:04:05,2024,1
Hiçbir zaman kredi vermiyor sakin indirmeyin boşa uğraşmayın bir işe yaramıyor yazilanlarla alakasi olmayan uygulama,1,2024-01-01 21:46:32,2024,1
Kötü,1,2024-01-01 19:58:32,2024,1
Bugün 50 TL tutarında para yükledim o para ile 4000 Paycell puan kazandım ama hediye puan hesabıma gönderilmedi güzel bir uygulama olabilir ama bu hata size gölge düşürüyor ya paramı verin ya da hediye mi verin arz ederim,1,2024-01-01 15:24:25,2024,1
Hic iyi değil bos uygulama,1,2024-01-01 13:33:59,2024,1
"Kimlik doğrulaması yapılmıyor hata veriyor, ibanı tek tek elle yazıyoruz. Para yüklerken kimlik doğrulaması istemiyor geri başka yere yollarken istiyor. Parayı harcayıp kurtulucam daha da bu iğrenç uygulamayı kullanmayacağım.",1,2024-01-01 12:42:09,2024,1
